[0.000000] (-) TimerEvent: {}
[0.000514] (common) JobQueued: {'identifier': 'common', 'dependencies': OrderedDict()}
[0.001180] (interfaces) JobQueued: {'identifier': 'interfaces', 'dependencies': OrderedDict()}
[0.001348] (system_services) JobQueued: {'identifier': 'system_services', 'dependencies': OrderedDict()}
[0.001471] (dri_interfaces) JobQueued: {'identifier': 'dri_interfaces', 'dependencies': OrderedDict([('interfaces', '/ros2_ws/install/interfaces')])}
[0.001676] (drivers) JobQueued: {'identifier': 'drivers', 'dependencies': OrderedDict([('common', '/ros2_ws/install/common')])}
[0.001984] (bringup) JobQueued: {'identifier': 'bringup', 'dependencies': OrderedDict([('interfaces', '/ros2_ws/install/interfaces'), ('dri_interfaces', '/ros2_ws/install/dri_interfaces')])}
[0.002157] (interfaces) JobStarted: {'identifier': 'interfaces'}
[0.043516] (common) JobStarted: {'identifier': 'common'}
[0.063987] (system_services) JobStarted: {'identifier': 'system_services'}
[0.098220] (-) TimerEvent: {}
[0.107132] (interfaces) JobProgress: {'identifier': 'interfaces', 'progress': 'cmake'}
[0.143437] (interfaces) Command: {'cmd': ['/usr/bin/cmake', '/ros2_ws/src/interfaces', '-DCMAKE_INSTALL_PREFIX=/ros2_ws/install/interfaces'], 'cwd': '/ros2_ws/build/interfaces', 'env': OrderedDict([('LESSOPEN', '| /usr/bin/lesspipe %s'), ('HOSTNAME', '86cfe8a43a6c'), ('GIT_ASKPASS', '/root/.vscode-server/bin/8b3775030ed1a69b13e4f4c628c612102e30a681/extensions/git/dist/askpass.sh'), ('SHLVL', '2'), ('LD_LIBRARY_PATH', '/ros2_ws/install/cerebellum_hardware/lib:/ros2_ws/install/interfaces/lib:/ros2_ws/install/drivers/lib:/ros2_ws/install/common/lib:/opt/ros/humble/opt/rviz_ogre_vendor/lib:/opt/ros/humble/lib/aarch64-linux-gnu:/opt/ros/humble/lib'), ('BROWSER', '/root/.vscode-server/bin/8b3775030ed1a69b13e4f4c628c612102e30a681/bin/helpers/browser.sh'), ('HOME', '/root'), ('TERM_PROGRAM_VERSION', '1.85.2'), ('VSCODE_IPC_HOOK_CLI', '/tmp/vscode-ipc-f103cb1c-6280-4c09-a958-fd01fce72c9e.sock'), ('ROS_PYTHON_VERSION', '3'), ('VSCODE_GIT_ASKPASS_MAIN', '/root/.vscode-server/bin/8b3775030ed1a69b13e4f4c628c612102e30a681/extensions/git/dist/askpass-main.js'), ('PS1', '\\[\x1b]633;A\x07\\]\\u@\\h\\[\\033[01;34m\\](cerebellum)\\[\\033[00m\\]:\\w$ \\[\x1b]633;B\x07\\]'), ('VSCODE_GIT_ASKPASS_NODE', '/root/.vscode-server/bin/8b3775030ed1a69b13e4f4c628c612102e30a681/node'), ('ROS_IP', '10.10.0.3'), ('COLORTERM', 'truecolor'), ('REMOTE_CONTAINERS', 'true'), ('COLCON_PREFIX_PATH', '/ros2_ws/install'), ('ROS_DISTRO', 'humble'), ('REMOTE_CONTAINERS_IPC', '/tmp/vscode-remote-containers-ipc-f6ce5d14-800a-4890-9f54-f78d1b815457.sock'), ('_', '/usr/bin/colcon'), ('ROS_VERSION', '2'), ('TERM', 'xterm-256color'), ('ROS_LOCALHOST_ONLY', '0'), ('PATH', '/root/.vscode-server/bin/8b3775030ed1a69b13e4f4c628c612102e30a681/bin/remote-cli:/opt/ros/humble/bin:/usr/local/sbin:/usr/local/bin:/usr/sbin:/usr/bin:/sbin:/bin'), ('REMOTE_CONTAINERS_SOCKETS', '["/tmp/vscode-ssh-auth-f6ce5d14-800a-4890-9f54-f78d1b815457.sock","/root/.gnupg/S.gpg-agent"]'), ('LANG', 'en_US.UTF-8'), ('RMW_IMPLEMENTATION', 'rmw_fastrtps_cpp'), ('LS_COLORS', 'rs=0:di=01;34:ln=01;36:mh=00:pi=40;33:so=01;35:do=01;35:bd=40;33;01:cd=40;33;01:or=40;31;01:mi=00:su=37;41:sg=30;43:ca=30;41:tw=30;42:ow=34;42:st=37;44:ex=01;32:*.tar=01;31:*.tgz=01;31:*.arc=01;31:*.arj=01;31:*.taz=01;31:*.lha=01;31:*.lz4=01;31:*.lzh=01;31:*.lzma=01;31:*.tlz=01;31:*.txz=01;31:*.tzo=01;31:*.t7z=01;31:*.zip=01;31:*.z=01;31:*.dz=01;31:*.gz=01;31:*.lrz=01;31:*.lz=01;31:*.lzo=01;31:*.xz=01;31:*.zst=01;31:*.tzst=01;31:*.bz2=01;31:*.bz=01;31:*.tbz=01;31:*.tbz2=01;31:*.tz=01;31:*.deb=01;31:*.rpm=01;31:*.jar=01;31:*.war=01;31:*.ear=01;31:*.sar=01;31:*.rar=01;31:*.alz=01;31:*.ace=01;31:*.zoo=01;31:*.cpio=01;31:*.7z=01;31:*.rz=01;31:*.cab=01;31:*.wim=01;31:*.swm=01;31:*.dwm=01;31:*.esd=01;31:*.jpg=01;35:*.jpeg=01;35:*.mjpg=01;35:*.mjpeg=01;35:*.gif=01;35:*.bmp=01;35:*.pbm=01;35:*.pgm=01;35:*.ppm=01;35:*.tga=01;35:*.xbm=01;35:*.xpm=01;35:*.tif=01;35:*.tiff=01;35:*.png=01;35:*.svg=01;35:*.svgz=01;35:*.mng=01;35:*.pcx=01;35:*.mov=01;35:*.mpg=01;35:*.mpeg=01;35:*.m2v=01;35:*.mkv=01;35:*.webm=01;35:*.webp=01;35:*.ogm=01;35:*.mp4=01;35:*.m4v=01;35:*.mp4v=01;35:*.vob=01;35:*.qt=01;35:*.nuv=01;35:*.wmv=01;35:*.asf=01;35:*.rm=01;35:*.rmvb=01;35:*.flc=01;35:*.avi=01;35:*.fli=01;35:*.flv=01;35:*.gl=01;35:*.dl=01;35:*.xcf=01;35:*.xwd=01;35:*.yuv=01;35:*.cgm=01;35:*.emf=01;35:*.ogv=01;35:*.ogx=01;35:*.aac=00;36:*.au=00;36:*.flac=00;36:*.m4a=00;36:*.mid=00;36:*.midi=00;36:*.mka=00;36:*.mp3=00;36:*.mpc=00;36:*.ogg=00;36:*.ra=00;36:*.wav=00;36:*.oga=00;36:*.opus=00;36:*.spx=00;36:*.xspf=00;36:'), ('VSCODE_GIT_IPC_HANDLE', '/tmp/vscode-git-827e2e94fd.sock'), ('TERM_PROGRAM', 'vscode'), ('SSH_AUTH_SOCK', '/tmp/vscode-ssh-auth-f6ce5d14-800a-4890-9f54-f78d1b815457.sock'), ('ROS_DOMAIN_ID', '42'), ('AMENT_PREFIX_PATH', '/ros2_ws/install/system_services:/ros2_ws/install/bringup:/ros2_ws/install/dri_interfaces:/ros2_ws/install/cerebellum_description:/ros2_ws/install/cerebellum_hardware:/ros2_ws/install/interfaces:/ros2_ws/install/drivers:/ros2_ws/install/common:/opt/ros/humble'), ('SHELL', '/bin/bash'), ('LESSCLOSE', '/usr/bin/lesspipe %s %s'), ('VSCODE_GIT_ASKPASS_EXTRA_ARGS', ''), ('PWD', '/ros2_ws/build/interfaces'), ('PYTHONPATH', '/ros2_ws/build/system_services:/ros2_ws/install/system_services/lib/python3.10/site-packages:/ros2_ws/install/interfaces/local/lib/python3.10/dist-packages:/opt/ros/humble/lib/python3.10/site-packages:/opt/ros/humble/local/lib/python3.10/dist-packages'), ('ROS_HOSTNAME', '10.10.0.3'), ('COLCON', '1'), ('CMAKE_PREFIX_PATH', '/ros2_ws/install/bringup:/ros2_ws/install/dri_interfaces:/ros2_ws/install/cerebellum_description:/ros2_ws/install/cerebellum_hardware:/ros2_ws/install/interfaces:/ros2_ws/install/drivers:/ros2_ws/install/common:/ros2_ws/install/system_services:/opt/ros/humble')]), 'shell': False}
[0.154257] (common) JobProgress: {'identifier': 'common', 'progress': 'cmake'}
[0.198212] (-) TimerEvent: {}
[0.215205] (common) Command: {'cmd': ['/usr/bin/cmake', '/ros2_ws/src/common', '-DCMAKE_INSTALL_PREFIX=/ros2_ws/install/common'], 'cwd': '/ros2_ws/build/common', 'env': OrderedDict([('LESSOPEN', '| /usr/bin/lesspipe %s'), ('HOSTNAME', '86cfe8a43a6c'), ('GIT_ASKPASS', '/root/.vscode-server/bin/8b3775030ed1a69b13e4f4c628c612102e30a681/extensions/git/dist/askpass.sh'), ('SHLVL', '2'), ('LD_LIBRARY_PATH', '/ros2_ws/install/cerebellum_hardware/lib:/ros2_ws/install/interfaces/lib:/ros2_ws/install/drivers/lib:/ros2_ws/install/common/lib:/opt/ros/humble/opt/rviz_ogre_vendor/lib:/opt/ros/humble/lib/aarch64-linux-gnu:/opt/ros/humble/lib'), ('BROWSER', '/root/.vscode-server/bin/8b3775030ed1a69b13e4f4c628c612102e30a681/bin/helpers/browser.sh'), ('HOME', '/root'), ('TERM_PROGRAM_VERSION', '1.85.2'), ('VSCODE_IPC_HOOK_CLI', '/tmp/vscode-ipc-f103cb1c-6280-4c09-a958-fd01fce72c9e.sock'), ('ROS_PYTHON_VERSION', '3'), ('VSCODE_GIT_ASKPASS_MAIN', '/root/.vscode-server/bin/8b3775030ed1a69b13e4f4c628c612102e30a681/extensions/git/dist/askpass-main.js'), ('PS1', '\\[\x1b]633;A\x07\\]\\u@\\h\\[\\033[01;34m\\](cerebellum)\\[\\033[00m\\]:\\w$ \\[\x1b]633;B\x07\\]'), ('VSCODE_GIT_ASKPASS_NODE', '/root/.vscode-server/bin/8b3775030ed1a69b13e4f4c628c612102e30a681/node'), ('ROS_IP', '10.10.0.3'), ('COLORTERM', 'truecolor'), ('REMOTE_CONTAINERS', 'true'), ('COLCON_PREFIX_PATH', '/ros2_ws/install'), ('ROS_DISTRO', 'humble'), ('REMOTE_CONTAINERS_IPC', '/tmp/vscode-remote-containers-ipc-f6ce5d14-800a-4890-9f54-f78d1b815457.sock'), ('_', '/usr/bin/colcon'), ('ROS_VERSION', '2'), ('TERM', 'xterm-256color'), ('ROS_LOCALHOST_ONLY', '0'), ('PATH', '/root/.vscode-server/bin/8b3775030ed1a69b13e4f4c628c612102e30a681/bin/remote-cli:/opt/ros/humble/bin:/usr/local/sbin:/usr/local/bin:/usr/sbin:/usr/bin:/sbin:/bin'), ('REMOTE_CONTAINERS_SOCKETS', '["/tmp/vscode-ssh-auth-f6ce5d14-800a-4890-9f54-f78d1b815457.sock","/root/.gnupg/S.gpg-agent"]'), ('LANG', 'en_US.UTF-8'), ('RMW_IMPLEMENTATION', 'rmw_fastrtps_cpp'), ('LS_COLORS', 'rs=0:di=01;34:ln=01;36:mh=00:pi=40;33:so=01;35:do=01;35:bd=40;33;01:cd=40;33;01:or=40;31;01:mi=00:su=37;41:sg=30;43:ca=30;41:tw=30;42:ow=34;42:st=37;44:ex=01;32:*.tar=01;31:*.tgz=01;31:*.arc=01;31:*.arj=01;31:*.taz=01;31:*.lha=01;31:*.lz4=01;31:*.lzh=01;31:*.lzma=01;31:*.tlz=01;31:*.txz=01;31:*.tzo=01;31:*.t7z=01;31:*.zip=01;31:*.z=01;31:*.dz=01;31:*.gz=01;31:*.lrz=01;31:*.lz=01;31:*.lzo=01;31:*.xz=01;31:*.zst=01;31:*.tzst=01;31:*.bz2=01;31:*.bz=01;31:*.tbz=01;31:*.tbz2=01;31:*.tz=01;31:*.deb=01;31:*.rpm=01;31:*.jar=01;31:*.war=01;31:*.ear=01;31:*.sar=01;31:*.rar=01;31:*.alz=01;31:*.ace=01;31:*.zoo=01;31:*.cpio=01;31:*.7z=01;31:*.rz=01;31:*.cab=01;31:*.wim=01;31:*.swm=01;31:*.dwm=01;31:*.esd=01;31:*.jpg=01;35:*.jpeg=01;35:*.mjpg=01;35:*.mjpeg=01;35:*.gif=01;35:*.bmp=01;35:*.pbm=01;35:*.pgm=01;35:*.ppm=01;35:*.tga=01;35:*.xbm=01;35:*.xpm=01;35:*.tif=01;35:*.tiff=01;35:*.png=01;35:*.svg=01;35:*.svgz=01;35:*.mng=01;35:*.pcx=01;35:*.mov=01;35:*.mpg=01;35:*.mpeg=01;35:*.m2v=01;35:*.mkv=01;35:*.webm=01;35:*.webp=01;35:*.ogm=01;35:*.mp4=01;35:*.m4v=01;35:*.mp4v=01;35:*.vob=01;35:*.qt=01;35:*.nuv=01;35:*.wmv=01;35:*.asf=01;35:*.rm=01;35:*.rmvb=01;35:*.flc=01;35:*.avi=01;35:*.fli=01;35:*.flv=01;35:*.gl=01;35:*.dl=01;35:*.xcf=01;35:*.xwd=01;35:*.yuv=01;35:*.cgm=01;35:*.emf=01;35:*.ogv=01;35:*.ogx=01;35:*.aac=00;36:*.au=00;36:*.flac=00;36:*.m4a=00;36:*.mid=00;36:*.midi=00;36:*.mka=00;36:*.mp3=00;36:*.mpc=00;36:*.ogg=00;36:*.ra=00;36:*.wav=00;36:*.oga=00;36:*.opus=00;36:*.spx=00;36:*.xspf=00;36:'), ('VSCODE_GIT_IPC_HANDLE', '/tmp/vscode-git-827e2e94fd.sock'), ('TERM_PROGRAM', 'vscode'), ('SSH_AUTH_SOCK', '/tmp/vscode-ssh-auth-f6ce5d14-800a-4890-9f54-f78d1b815457.sock'), ('ROS_DOMAIN_ID', '42'), ('AMENT_PREFIX_PATH', '/ros2_ws/install/system_services:/ros2_ws/install/bringup:/ros2_ws/install/dri_interfaces:/ros2_ws/install/cerebellum_description:/ros2_ws/install/cerebellum_hardware:/ros2_ws/install/interfaces:/ros2_ws/install/drivers:/ros2_ws/install/common:/opt/ros/humble'), ('SHELL', '/bin/bash'), ('LESSCLOSE', '/usr/bin/lesspipe %s %s'), ('VSCODE_GIT_ASKPASS_EXTRA_ARGS', ''), ('PWD', '/ros2_ws/build/common'), ('PYTHONPATH', '/ros2_ws/build/system_services:/ros2_ws/install/system_services/lib/python3.10/site-packages:/ros2_ws/install/interfaces/local/lib/python3.10/dist-packages:/opt/ros/humble/lib/python3.10/site-packages:/opt/ros/humble/local/lib/python3.10/dist-packages'), ('ROS_HOSTNAME', '10.10.0.3'), ('COLCON', '1'), ('CMAKE_PREFIX_PATH', '/ros2_ws/install/bringup:/ros2_ws/install/dri_interfaces:/ros2_ws/install/cerebellum_description:/ros2_ws/install/cerebellum_hardware:/ros2_ws/install/interfaces:/ros2_ws/install/drivers:/ros2_ws/install/common:/ros2_ws/install/system_services:/opt/ros/humble')]), 'shell': False}
[0.298375] (-) TimerEvent: {}
[0.399133] (-) TimerEvent: {}
[0.495950] (common) StdoutLine: {'line': b'-- Found ament_cmake: 1.3.14 (/opt/ros/humble/share/ament_cmake/cmake)\n'}
[0.497386] (interfaces) StdoutLine: {'line': b'-- Found ament_cmake: 1.3.14 (/opt/ros/humble/share/ament_cmake/cmake)\n'}
[0.499256] (-) TimerEvent: {}
[0.600898] (-) TimerEvent: {}
[0.702506] (-) TimerEvent: {}
[0.804205] (-) TimerEvent: {}
[0.904877] (-) TimerEvent: {}
[1.005634] (-) TimerEvent: {}
[1.107160] (-) TimerEvent: {}
[1.128854] (common) StdoutLine: {'line': b'-- Override CMake install command with custom implementation using symlinks instead of copying resources\n'}
[1.136242] (interfaces) StdoutLine: {'line': b'-- Override CMake install command with custom implementation using symlinks instead of copying resources\n'}
[1.207326] (-) TimerEvent: {}
[1.210248] (interfaces) StdoutLine: {'line': b'-- Found rosidl_default_generators: 1.2.1 (/opt/ros/humble/share/rosidl_default_generators/cmake)\n'}
[1.243545] (interfaces) StdoutLine: {'line': b'-- Using all available rosidl_typesupport_c: rosidl_typesupport_fastrtps_c;rosidl_typesupport_introspection_c\n'}
[1.260307] (common) StdoutLine: {'line': b'-- Found ament_lint_auto: 0.12.15 (/opt/ros/humble/share/ament_lint_auto/cmake)\n'}
[1.269408] (interfaces) StdoutLine: {'line': b'-- Found rosidl_adapter: 3.1.9 (/opt/ros/humble/share/rosidl_adapter/cmake)\n'}
[1.308391] (-) TimerEvent: {}
[1.411184] (-) TimerEvent: {}
[1.491439] (interfaces) StdoutLine: {'line': b'-- Using all available rosidl_typesupport_cpp: rosidl_typesupport_fastrtps_cpp;rosidl_typesupport_introspection_cpp\n'}
[1.511358] (-) TimerEvent: {}
[1.613455] (-) TimerEvent: {}
[1.683708] (common) StdoutLine: {'line': b"-- Added test 'copyright' to check source files copyright and LICENSE\n"}
[1.697773] (common) StdoutLine: {'line': b"-- Added test 'cppcheck' to perform static code analysis on C / C++ code\n"}
[1.698670] (common) StdoutLine: {'line': b'-- Configured cppcheck include dirs: $<BUILD_INTERFACE:/ros2_ws/src/common/include>;/ros2_ws/src/common/include\n'}
[1.699141] (common) StdoutLine: {'line': b'-- Configured cppcheck exclude dirs and/or files: \n'}
[1.705499] (common) StdoutLine: {'line': b"-- Added test 'cpplint' to check C / C++ code against the Google style\n"}
[1.707210] (common) StdoutLine: {'line': b'-- Configured cpplint exclude dirs and/or files: \n'}
[1.711167] (common) StdoutLine: {'line': b"-- Added test 'lint_cmake' to check CMake code style\n"}
[1.713689] (-) TimerEvent: {}
[1.719067] (common) StdoutLine: {'line': b"-- Added test 'uncrustify' to check C / C++ code style\n"}
[1.719719] (common) StdoutLine: {'line': b'-- Configured uncrustify additional arguments: \n'}
[1.722018] (common) StdoutLine: {'line': b"-- Added test 'xmllint' to check XML markup files\n"}
[1.738002] (common) StdoutLine: {'line': b'-- Configuring done\n'}
[1.813794] (-) TimerEvent: {}
[1.825472] (common) StdoutLine: {'line': b'-- Generating done\n'}
[1.841684] (common) StdoutLine: {'line': b'-- Build files have been written to: /ros2_ws/build/common\n'}
[1.856458] (common) CommandEnded: {'returncode': 0}
[1.862988] (common) JobProgress: {'identifier': 'common', 'progress': 'build'}
[1.863165] (common) Command: {'cmd': ['/usr/bin/cmake', '--build', '/ros2_ws/build/common', '--', '-j4', '-l4'], 'cwd': '/ros2_ws/build/common', 'env': OrderedDict([('LESSOPEN', '| /usr/bin/lesspipe %s'), ('HOSTNAME', '86cfe8a43a6c'), ('GIT_ASKPASS', '/root/.vscode-server/bin/8b3775030ed1a69b13e4f4c628c612102e30a681/extensions/git/dist/askpass.sh'), ('SHLVL', '2'), ('LD_LIBRARY_PATH', '/ros2_ws/install/cerebellum_hardware/lib:/ros2_ws/install/interfaces/lib:/ros2_ws/install/drivers/lib:/ros2_ws/install/common/lib:/opt/ros/humble/opt/rviz_ogre_vendor/lib:/opt/ros/humble/lib/aarch64-linux-gnu:/opt/ros/humble/lib'), ('BROWSER', '/root/.vscode-server/bin/8b3775030ed1a69b13e4f4c628c612102e30a681/bin/helpers/browser.sh'), ('HOME', '/root'), ('TERM_PROGRAM_VERSION', '1.85.2'), ('VSCODE_IPC_HOOK_CLI', '/tmp/vscode-ipc-f103cb1c-6280-4c09-a958-fd01fce72c9e.sock'), ('ROS_PYTHON_VERSION', '3'), ('VSCODE_GIT_ASKPASS_MAIN', '/root/.vscode-server/bin/8b3775030ed1a69b13e4f4c628c612102e30a681/extensions/git/dist/askpass-main.js'), ('PS1', '\\[\x1b]633;A\x07\\]\\u@\\h\\[\\033[01;34m\\](cerebellum)\\[\\033[00m\\]:\\w$ \\[\x1b]633;B\x07\\]'), ('VSCODE_GIT_ASKPASS_NODE', '/root/.vscode-server/bin/8b3775030ed1a69b13e4f4c628c612102e30a681/node'), ('ROS_IP', '10.10.0.3'), ('COLORTERM', 'truecolor'), ('REMOTE_CONTAINERS', 'true'), ('COLCON_PREFIX_PATH', '/ros2_ws/install'), ('ROS_DISTRO', 'humble'), ('REMOTE_CONTAINERS_IPC', '/tmp/vscode-remote-containers-ipc-f6ce5d14-800a-4890-9f54-f78d1b815457.sock'), ('_', '/usr/bin/colcon'), ('ROS_VERSION', '2'), ('TERM', 'xterm-256color'), ('ROS_LOCALHOST_ONLY', '0'), ('PATH', '/root/.vscode-server/bin/8b3775030ed1a69b13e4f4c628c612102e30a681/bin/remote-cli:/opt/ros/humble/bin:/usr/local/sbin:/usr/local/bin:/usr/sbin:/usr/bin:/sbin:/bin'), ('REMOTE_CONTAINERS_SOCKETS', '["/tmp/vscode-ssh-auth-f6ce5d14-800a-4890-9f54-f78d1b815457.sock","/root/.gnupg/S.gpg-agent"]'), ('LANG', 'en_US.UTF-8'), ('RMW_IMPLEMENTATION', 'rmw_fastrtps_cpp'), ('LS_COLORS', 'rs=0:di=01;34:ln=01;36:mh=00:pi=40;33:so=01;35:do=01;35:bd=40;33;01:cd=40;33;01:or=40;31;01:mi=00:su=37;41:sg=30;43:ca=30;41:tw=30;42:ow=34;42:st=37;44:ex=01;32:*.tar=01;31:*.tgz=01;31:*.arc=01;31:*.arj=01;31:*.taz=01;31:*.lha=01;31:*.lz4=01;31:*.lzh=01;31:*.lzma=01;31:*.tlz=01;31:*.txz=01;31:*.tzo=01;31:*.t7z=01;31:*.zip=01;31:*.z=01;31:*.dz=01;31:*.gz=01;31:*.lrz=01;31:*.lz=01;31:*.lzo=01;31:*.xz=01;31:*.zst=01;31:*.tzst=01;31:*.bz2=01;31:*.bz=01;31:*.tbz=01;31:*.tbz2=01;31:*.tz=01;31:*.deb=01;31:*.rpm=01;31:*.jar=01;31:*.war=01;31:*.ear=01;31:*.sar=01;31:*.rar=01;31:*.alz=01;31:*.ace=01;31:*.zoo=01;31:*.cpio=01;31:*.7z=01;31:*.rz=01;31:*.cab=01;31:*.wim=01;31:*.swm=01;31:*.dwm=01;31:*.esd=01;31:*.jpg=01;35:*.jpeg=01;35:*.mjpg=01;35:*.mjpeg=01;35:*.gif=01;35:*.bmp=01;35:*.pbm=01;35:*.pgm=01;35:*.ppm=01;35:*.tga=01;35:*.xbm=01;35:*.xpm=01;35:*.tif=01;35:*.tiff=01;35:*.png=01;35:*.svg=01;35:*.svgz=01;35:*.mng=01;35:*.pcx=01;35:*.mov=01;35:*.mpg=01;35:*.mpeg=01;35:*.m2v=01;35:*.mkv=01;35:*.webm=01;35:*.webp=01;35:*.ogm=01;35:*.mp4=01;35:*.m4v=01;35:*.mp4v=01;35:*.vob=01;35:*.qt=01;35:*.nuv=01;35:*.wmv=01;35:*.asf=01;35:*.rm=01;35:*.rmvb=01;35:*.flc=01;35:*.avi=01;35:*.fli=01;35:*.flv=01;35:*.gl=01;35:*.dl=01;35:*.xcf=01;35:*.xwd=01;35:*.yuv=01;35:*.cgm=01;35:*.emf=01;35:*.ogv=01;35:*.ogx=01;35:*.aac=00;36:*.au=00;36:*.flac=00;36:*.m4a=00;36:*.mid=00;36:*.midi=00;36:*.mka=00;36:*.mp3=00;36:*.mpc=00;36:*.ogg=00;36:*.ra=00;36:*.wav=00;36:*.oga=00;36:*.opus=00;36:*.spx=00;36:*.xspf=00;36:'), ('VSCODE_GIT_IPC_HANDLE', '/tmp/vscode-git-827e2e94fd.sock'), ('TERM_PROGRAM', 'vscode'), ('SSH_AUTH_SOCK', '/tmp/vscode-ssh-auth-f6ce5d14-800a-4890-9f54-f78d1b815457.sock'), ('ROS_DOMAIN_ID', '42'), ('AMENT_PREFIX_PATH', '/ros2_ws/install/system_services:/ros2_ws/install/bringup:/ros2_ws/install/dri_interfaces:/ros2_ws/install/cerebellum_description:/ros2_ws/install/cerebellum_hardware:/ros2_ws/install/interfaces:/ros2_ws/install/drivers:/ros2_ws/install/common:/opt/ros/humble'), ('SHELL', '/bin/bash'), ('LESSCLOSE', '/usr/bin/lesspipe %s %s'), ('VSCODE_GIT_ASKPASS_EXTRA_ARGS', ''), ('PWD', '/ros2_ws/build/common'), ('PYTHONPATH', '/ros2_ws/build/system_services:/ros2_ws/install/system_services/lib/python3.10/site-packages:/ros2_ws/install/interfaces/local/lib/python3.10/dist-packages:/opt/ros/humble/lib/python3.10/site-packages:/opt/ros/humble/local/lib/python3.10/dist-packages'), ('ROS_HOSTNAME', '10.10.0.3'), ('COLCON', '1'), ('CMAKE_PREFIX_PATH', '/ros2_ws/install/bringup:/ros2_ws/install/dri_interfaces:/ros2_ws/install/cerebellum_description:/ros2_ws/install/cerebellum_hardware:/ros2_ws/install/interfaces:/ros2_ws/install/drivers:/ros2_ws/install/common:/ros2_ws/install/system_services:/opt/ros/humble')]), 'shell': False}
[1.913960] (-) TimerEvent: {}
[2.001746] (common) StdoutLine: {'line': b'\x1b[35m\x1b[1mConsolidate compiler generated dependencies of target common_config\x1b[0m\n'}
[2.014120] (-) TimerEvent: {}
[2.085361] (common) StdoutLine: {'line': b'[ 60%] Built target common_config\n'}
[2.114294] (-) TimerEvent: {}
[2.120535] (common) StdoutLine: {'line': b'\x1b[35m\x1b[1mConsolidate compiler generated dependencies of target test_common\x1b[0m\n'}
[2.195505] (common) StdoutLine: {'line': b'[100%] Built target test_common\n'}
[2.214482] (-) TimerEvent: {}
[2.237133] (common) CommandEnded: {'returncode': 0}
[2.241691] (common) JobProgress: {'identifier': 'common', 'progress': 'install'}
[2.271413] (common) Command: {'cmd': ['/usr/bin/cmake', '--install', '/ros2_ws/build/common'], 'cwd': '/ros2_ws/build/common', 'env': OrderedDict([('LESSOPEN', '| /usr/bin/lesspipe %s'), ('HOSTNAME', '86cfe8a43a6c'), ('GIT_ASKPASS', '/root/.vscode-server/bin/8b3775030ed1a69b13e4f4c628c612102e30a681/extensions/git/dist/askpass.sh'), ('SHLVL', '2'), ('LD_LIBRARY_PATH', '/ros2_ws/install/cerebellum_hardware/lib:/ros2_ws/install/interfaces/lib:/ros2_ws/install/drivers/lib:/ros2_ws/install/common/lib:/opt/ros/humble/opt/rviz_ogre_vendor/lib:/opt/ros/humble/lib/aarch64-linux-gnu:/opt/ros/humble/lib'), ('BROWSER', '/root/.vscode-server/bin/8b3775030ed1a69b13e4f4c628c612102e30a681/bin/helpers/browser.sh'), ('HOME', '/root'), ('TERM_PROGRAM_VERSION', '1.85.2'), ('VSCODE_IPC_HOOK_CLI', '/tmp/vscode-ipc-f103cb1c-6280-4c09-a958-fd01fce72c9e.sock'), ('ROS_PYTHON_VERSION', '3'), ('VSCODE_GIT_ASKPASS_MAIN', '/root/.vscode-server/bin/8b3775030ed1a69b13e4f4c628c612102e30a681/extensions/git/dist/askpass-main.js'), ('PS1', '\\[\x1b]633;A\x07\\]\\u@\\h\\[\\033[01;34m\\](cerebellum)\\[\\033[00m\\]:\\w$ \\[\x1b]633;B\x07\\]'), ('VSCODE_GIT_ASKPASS_NODE', '/root/.vscode-server/bin/8b3775030ed1a69b13e4f4c628c612102e30a681/node'), ('ROS_IP', '10.10.0.3'), ('COLORTERM', 'truecolor'), ('REMOTE_CONTAINERS', 'true'), ('COLCON_PREFIX_PATH', '/ros2_ws/install'), ('ROS_DISTRO', 'humble'), ('REMOTE_CONTAINERS_IPC', '/tmp/vscode-remote-containers-ipc-f6ce5d14-800a-4890-9f54-f78d1b815457.sock'), ('_', '/usr/bin/colcon'), ('ROS_VERSION', '2'), ('TERM', 'xterm-256color'), ('ROS_LOCALHOST_ONLY', '0'), ('PATH', '/root/.vscode-server/bin/8b3775030ed1a69b13e4f4c628c612102e30a681/bin/remote-cli:/opt/ros/humble/bin:/usr/local/sbin:/usr/local/bin:/usr/sbin:/usr/bin:/sbin:/bin'), ('REMOTE_CONTAINERS_SOCKETS', '["/tmp/vscode-ssh-auth-f6ce5d14-800a-4890-9f54-f78d1b815457.sock","/root/.gnupg/S.gpg-agent"]'), ('LANG', 'en_US.UTF-8'), ('RMW_IMPLEMENTATION', 'rmw_fastrtps_cpp'), ('LS_COLORS', 'rs=0:di=01;34:ln=01;36:mh=00:pi=40;33:so=01;35:do=01;35:bd=40;33;01:cd=40;33;01:or=40;31;01:mi=00:su=37;41:sg=30;43:ca=30;41:tw=30;42:ow=34;42:st=37;44:ex=01;32:*.tar=01;31:*.tgz=01;31:*.arc=01;31:*.arj=01;31:*.taz=01;31:*.lha=01;31:*.lz4=01;31:*.lzh=01;31:*.lzma=01;31:*.tlz=01;31:*.txz=01;31:*.tzo=01;31:*.t7z=01;31:*.zip=01;31:*.z=01;31:*.dz=01;31:*.gz=01;31:*.lrz=01;31:*.lz=01;31:*.lzo=01;31:*.xz=01;31:*.zst=01;31:*.tzst=01;31:*.bz2=01;31:*.bz=01;31:*.tbz=01;31:*.tbz2=01;31:*.tz=01;31:*.deb=01;31:*.rpm=01;31:*.jar=01;31:*.war=01;31:*.ear=01;31:*.sar=01;31:*.rar=01;31:*.alz=01;31:*.ace=01;31:*.zoo=01;31:*.cpio=01;31:*.7z=01;31:*.rz=01;31:*.cab=01;31:*.wim=01;31:*.swm=01;31:*.dwm=01;31:*.esd=01;31:*.jpg=01;35:*.jpeg=01;35:*.mjpg=01;35:*.mjpeg=01;35:*.gif=01;35:*.bmp=01;35:*.pbm=01;35:*.pgm=01;35:*.ppm=01;35:*.tga=01;35:*.xbm=01;35:*.xpm=01;35:*.tif=01;35:*.tiff=01;35:*.png=01;35:*.svg=01;35:*.svgz=01;35:*.mng=01;35:*.pcx=01;35:*.mov=01;35:*.mpg=01;35:*.mpeg=01;35:*.m2v=01;35:*.mkv=01;35:*.webm=01;35:*.webp=01;35:*.ogm=01;35:*.mp4=01;35:*.m4v=01;35:*.mp4v=01;35:*.vob=01;35:*.qt=01;35:*.nuv=01;35:*.wmv=01;35:*.asf=01;35:*.rm=01;35:*.rmvb=01;35:*.flc=01;35:*.avi=01;35:*.fli=01;35:*.flv=01;35:*.gl=01;35:*.dl=01;35:*.xcf=01;35:*.xwd=01;35:*.yuv=01;35:*.cgm=01;35:*.emf=01;35:*.ogv=01;35:*.ogx=01;35:*.aac=00;36:*.au=00;36:*.flac=00;36:*.m4a=00;36:*.mid=00;36:*.midi=00;36:*.mka=00;36:*.mp3=00;36:*.mpc=00;36:*.ogg=00;36:*.ra=00;36:*.wav=00;36:*.oga=00;36:*.opus=00;36:*.spx=00;36:*.xspf=00;36:'), ('VSCODE_GIT_IPC_HANDLE', '/tmp/vscode-git-827e2e94fd.sock'), ('TERM_PROGRAM', 'vscode'), ('SSH_AUTH_SOCK', '/tmp/vscode-ssh-auth-f6ce5d14-800a-4890-9f54-f78d1b815457.sock'), ('ROS_DOMAIN_ID', '42'), ('AMENT_PREFIX_PATH', '/ros2_ws/install/system_services:/ros2_ws/install/bringup:/ros2_ws/install/dri_interfaces:/ros2_ws/install/cerebellum_description:/ros2_ws/install/cerebellum_hardware:/ros2_ws/install/interfaces:/ros2_ws/install/drivers:/ros2_ws/install/common:/opt/ros/humble'), ('SHELL', '/bin/bash'), ('LESSCLOSE', '/usr/bin/lesspipe %s %s'), ('VSCODE_GIT_ASKPASS_EXTRA_ARGS', ''), ('PWD', '/ros2_ws/build/common'), ('PYTHONPATH', '/ros2_ws/build/system_services:/ros2_ws/install/system_services/lib/python3.10/site-packages:/ros2_ws/install/interfaces/local/lib/python3.10/dist-packages:/opt/ros/humble/lib/python3.10/site-packages:/opt/ros/humble/local/lib/python3.10/dist-packages'), ('ROS_HOSTNAME', '10.10.0.3'), ('COLCON', '1'), ('CMAKE_PREFIX_PATH', '/ros2_ws/install/bringup:/ros2_ws/install/dri_interfaces:/ros2_ws/install/cerebellum_description:/ros2_ws/install/cerebellum_hardware:/ros2_ws/install/interfaces:/ros2_ws/install/drivers:/ros2_ws/install/common:/ros2_ws/install/system_services:/opt/ros/humble')]), 'shell': False}
[2.301714] (common) StdoutLine: {'line': b'-- Install configuration: ""\n'}
[2.303372] (common) StdoutLine: {'line': b'-- Execute custom install script\n'}
[2.307541] (common) StdoutLine: {'line': b'-- Up-to-date symlink: /ros2_ws/install/common/include/common/config_loader/config_loader.hpp\n'}
[2.309336] (common) StdoutLine: {'line': b'-- Up-to-date symlink: /ros2_ws/install/common/include/common/logger/logger.hpp\n'}
[2.311304] (common) StdoutLine: {'line': b'-- Up-to-date symlink: /ros2_ws/install/common/share/common/config/config.yaml\n'}
[2.312734] (common) StdoutLine: {'line': b'-- Up-to-date symlink: /ros2_ws/install/common/share/common/environment/library_path.sh\n'}
[2.313496] (common) StdoutLine: {'line': b'-- Up-to-date symlink: /ros2_ws/install/common/share/common/environment/library_path.dsv\n'}
[2.314209] (common) StdoutLine: {'line': b'-- Up-to-date symlink: /ros2_ws/install/common/share/ament_index/resource_index/package_run_dependencies/common\n'}
[2.314741] (-) TimerEvent: {}
[2.316204] (common) StdoutLine: {'line': b'-- Up-to-date symlink: /ros2_ws/install/common/share/ament_index/resource_index/parent_prefix_path/common\n'}
[2.317632] (common) StdoutLine: {'line': b'-- Up-to-date symlink: /ros2_ws/install/common/share/common/environment/ament_prefix_path.sh\n'}
[2.319710] (common) StdoutLine: {'line': b'-- Up-to-date symlink: /ros2_ws/install/common/share/common/environment/ament_prefix_path.dsv\n'}
[2.320623] (common) StdoutLine: {'line': b'-- Up-to-date symlink: /ros2_ws/install/common/share/common/environment/path.sh\n'}
[2.327082] (common) StdoutLine: {'line': b'-- Up-to-date symlink: /ros2_ws/install/common/share/common/environment/path.dsv\n'}
[2.327615] (common) StdoutLine: {'line': b'-- Up-to-date symlink: /ros2_ws/install/common/share/common/local_setup.bash\n'}
[2.328046] (common) StdoutLine: {'line': b'-- Up-to-date symlink: /ros2_ws/install/common/share/common/local_setup.sh\n'}
[2.328526] (common) StdoutLine: {'line': b'-- Up-to-date symlink: /ros2_ws/install/common/share/common/local_setup.zsh\n'}
[2.328936] (common) StdoutLine: {'line': b'-- Up-to-date symlink: /ros2_ws/install/common/share/common/local_setup.dsv\n'}
[2.329331] (common) StdoutLine: {'line': b'-- Symlinking: /ros2_ws/install/common/share/common/package.dsv\n'}
[2.365204] (common) StdoutLine: {'line': b'-- Up-to-date symlink: /ros2_ws/install/common/share/ament_index/resource_index/packages/common\n'}
[2.366702] (common) StdoutLine: {'line': b'-- Up-to-date symlink: /ros2_ws/install/common/share/common/cmake/ament_cmake_export_include_directories-extras.cmake\n'}
[2.367847] (common) StdoutLine: {'line': b'-- Up-to-date symlink: /ros2_ws/install/common/share/common/cmake/ament_cmake_export_libraries-extras.cmake\n'}
[2.369986] (common) StdoutLine: {'line': b'-- Up-to-date symlink: /ros2_ws/install/common/share/common/cmake/ament_cmake_export_dependencies-extras.cmake\n'}
[2.370717] (common) StdoutLine: {'line': b'-- Up-to-date symlink: /ros2_ws/install/common/share/common/cmake/commonConfig.cmake\n'}
[2.371765] (common) StdoutLine: {'line': b'-- Up-to-date symlink: /ros2_ws/install/common/share/common/cmake/commonConfig-version.cmake\n'}
[2.373475] (common) StdoutLine: {'line': b'-- Up-to-date symlink: /ros2_ws/install/common/share/common/package.xml\n'}
[2.374212] (common) StdoutLine: {'line': b'-- Up-to-date: /ros2_ws/install/common/lib/libcommon_config.a\n'}
[2.380916] (common) CommandEnded: {'returncode': 0}
[2.414998] (-) TimerEvent: {}
[2.516423] (common) JobEnded: {'identifier': 'common', 'rc': 0}
[2.518728] (-) TimerEvent: {}
[2.519772] (drivers) JobStarted: {'identifier': 'drivers'}
[2.590542] (drivers) JobProgress: {'identifier': 'drivers', 'progress': 'cmake'}
[2.613284] (drivers) Command: {'cmd': ['/usr/bin/cmake', '/ros2_ws/src/drivers', '-DCMAKE_INSTALL_PREFIX=/ros2_ws/install/drivers'], 'cwd': '/ros2_ws/build/drivers', 'env': OrderedDict([('LESSOPEN', '| /usr/bin/lesspipe %s'), ('HOSTNAME', '86cfe8a43a6c'), ('GIT_ASKPASS', '/root/.vscode-server/bin/8b3775030ed1a69b13e4f4c628c612102e30a681/extensions/git/dist/askpass.sh'), ('SHLVL', '2'), ('LD_LIBRARY_PATH', '/ros2_ws/install/cerebellum_hardware/lib:/ros2_ws/install/interfaces/lib:/ros2_ws/install/drivers/lib:/ros2_ws/install/common/lib:/opt/ros/humble/opt/rviz_ogre_vendor/lib:/opt/ros/humble/lib/aarch64-linux-gnu:/opt/ros/humble/lib'), ('BROWSER', '/root/.vscode-server/bin/8b3775030ed1a69b13e4f4c628c612102e30a681/bin/helpers/browser.sh'), ('HOME', '/root'), ('TERM_PROGRAM_VERSION', '1.85.2'), ('VSCODE_IPC_HOOK_CLI', '/tmp/vscode-ipc-f103cb1c-6280-4c09-a958-fd01fce72c9e.sock'), ('ROS_PYTHON_VERSION', '3'), ('VSCODE_GIT_ASKPASS_MAIN', '/root/.vscode-server/bin/8b3775030ed1a69b13e4f4c628c612102e30a681/extensions/git/dist/askpass-main.js'), ('PS1', '\\[\x1b]633;A\x07\\]\\u@\\h\\[\\033[01;34m\\](cerebellum)\\[\\033[00m\\]:\\w$ \\[\x1b]633;B\x07\\]'), ('VSCODE_GIT_ASKPASS_NODE', '/root/.vscode-server/bin/8b3775030ed1a69b13e4f4c628c612102e30a681/node'), ('ROS_IP', '10.10.0.3'), ('COLORTERM', 'truecolor'), ('REMOTE_CONTAINERS', 'true'), ('COLCON_PREFIX_PATH', '/ros2_ws/install'), ('ROS_DISTRO', 'humble'), ('REMOTE_CONTAINERS_IPC', '/tmp/vscode-remote-containers-ipc-f6ce5d14-800a-4890-9f54-f78d1b815457.sock'), ('_', '/usr/bin/colcon'), ('ROS_VERSION', '2'), ('TERM', 'xterm-256color'), ('ROS_LOCALHOST_ONLY', '0'), ('PATH', '/root/.vscode-server/bin/8b3775030ed1a69b13e4f4c628c612102e30a681/bin/remote-cli:/opt/ros/humble/bin:/usr/local/sbin:/usr/local/bin:/usr/sbin:/usr/bin:/sbin:/bin'), ('REMOTE_CONTAINERS_SOCKETS', '["/tmp/vscode-ssh-auth-f6ce5d14-800a-4890-9f54-f78d1b815457.sock","/root/.gnupg/S.gpg-agent"]'), ('LANG', 'en_US.UTF-8'), ('RMW_IMPLEMENTATION', 'rmw_fastrtps_cpp'), ('LS_COLORS', 'rs=0:di=01;34:ln=01;36:mh=00:pi=40;33:so=01;35:do=01;35:bd=40;33;01:cd=40;33;01:or=40;31;01:mi=00:su=37;41:sg=30;43:ca=30;41:tw=30;42:ow=34;42:st=37;44:ex=01;32:*.tar=01;31:*.tgz=01;31:*.arc=01;31:*.arj=01;31:*.taz=01;31:*.lha=01;31:*.lz4=01;31:*.lzh=01;31:*.lzma=01;31:*.tlz=01;31:*.txz=01;31:*.tzo=01;31:*.t7z=01;31:*.zip=01;31:*.z=01;31:*.dz=01;31:*.gz=01;31:*.lrz=01;31:*.lz=01;31:*.lzo=01;31:*.xz=01;31:*.zst=01;31:*.tzst=01;31:*.bz2=01;31:*.bz=01;31:*.tbz=01;31:*.tbz2=01;31:*.tz=01;31:*.deb=01;31:*.rpm=01;31:*.jar=01;31:*.war=01;31:*.ear=01;31:*.sar=01;31:*.rar=01;31:*.alz=01;31:*.ace=01;31:*.zoo=01;31:*.cpio=01;31:*.7z=01;31:*.rz=01;31:*.cab=01;31:*.wim=01;31:*.swm=01;31:*.dwm=01;31:*.esd=01;31:*.jpg=01;35:*.jpeg=01;35:*.mjpg=01;35:*.mjpeg=01;35:*.gif=01;35:*.bmp=01;35:*.pbm=01;35:*.pgm=01;35:*.ppm=01;35:*.tga=01;35:*.xbm=01;35:*.xpm=01;35:*.tif=01;35:*.tiff=01;35:*.png=01;35:*.svg=01;35:*.svgz=01;35:*.mng=01;35:*.pcx=01;35:*.mov=01;35:*.mpg=01;35:*.mpeg=01;35:*.m2v=01;35:*.mkv=01;35:*.webm=01;35:*.webp=01;35:*.ogm=01;35:*.mp4=01;35:*.m4v=01;35:*.mp4v=01;35:*.vob=01;35:*.qt=01;35:*.nuv=01;35:*.wmv=01;35:*.asf=01;35:*.rm=01;35:*.rmvb=01;35:*.flc=01;35:*.avi=01;35:*.fli=01;35:*.flv=01;35:*.gl=01;35:*.dl=01;35:*.xcf=01;35:*.xwd=01;35:*.yuv=01;35:*.cgm=01;35:*.emf=01;35:*.ogv=01;35:*.ogx=01;35:*.aac=00;36:*.au=00;36:*.flac=00;36:*.m4a=00;36:*.mid=00;36:*.midi=00;36:*.mka=00;36:*.mp3=00;36:*.mpc=00;36:*.ogg=00;36:*.ra=00;36:*.wav=00;36:*.oga=00;36:*.opus=00;36:*.spx=00;36:*.xspf=00;36:'), ('VSCODE_GIT_IPC_HANDLE', '/tmp/vscode-git-827e2e94fd.sock'), ('TERM_PROGRAM', 'vscode'), ('SSH_AUTH_SOCK', '/tmp/vscode-ssh-auth-f6ce5d14-800a-4890-9f54-f78d1b815457.sock'), ('ROS_DOMAIN_ID', '42'), ('AMENT_PREFIX_PATH', '/ros2_ws/install/system_services:/ros2_ws/install/bringup:/ros2_ws/install/dri_interfaces:/ros2_ws/install/cerebellum_description:/ros2_ws/install/cerebellum_hardware:/ros2_ws/install/interfaces:/ros2_ws/install/drivers:/ros2_ws/install/common:/opt/ros/humble'), ('SHELL', '/bin/bash'), ('LESSCLOSE', '/usr/bin/lesspipe %s %s'), ('VSCODE_GIT_ASKPASS_EXTRA_ARGS', ''), ('PWD', '/ros2_ws/build/drivers'), ('PYTHONPATH', '/ros2_ws/build/system_services:/ros2_ws/install/system_services/lib/python3.10/site-packages:/ros2_ws/install/interfaces/local/lib/python3.10/dist-packages:/opt/ros/humble/lib/python3.10/site-packages:/opt/ros/humble/local/lib/python3.10/dist-packages'), ('ROS_HOSTNAME', '10.10.0.3'), ('COLCON', '1'), ('CMAKE_PREFIX_PATH', '/ros2_ws/install/common:/ros2_ws/install/bringup:/ros2_ws/install/dri_interfaces:/ros2_ws/install/cerebellum_description:/ros2_ws/install/cerebellum_hardware:/ros2_ws/install/interfaces:/ros2_ws/install/drivers:/ros2_ws/install/system_services:/opt/ros/humble')]), 'shell': False}
[2.619287] (-) TimerEvent: {}
[2.665603] (drivers) StdoutLine: {'line': b'-- Found ament_cmake: 1.3.14 (/opt/ros/humble/share/ament_cmake/cmake)\n'}
[2.719518] (-) TimerEvent: {}
[2.821228] (-) TimerEvent: {}
[2.921990] (-) TimerEvent: {}
[2.935442] (interfaces) StdoutLine: {'line': b'-- Found ament_cmake_ros: 0.10.0 (/opt/ros/humble/share/ament_cmake_ros/cmake)\n'}
[3.022156] (-) TimerEvent: {}
[3.124006] (-) TimerEvent: {}
[3.225800] (-) TimerEvent: {}
[3.265649] (drivers) StdoutLine: {'line': b'-- Override CMake install command with custom implementation using symlinks instead of copying resources\n'}
[3.325966] (-) TimerEvent: {}
[3.340340] (drivers) StdoutLine: {'line': b'-- Found common: 0.0.0 (/ros2_ws/install/common/share/common/cmake)\n'}
[3.377898] (drivers) StdoutLine: {'line': b'-- Found ament_lint_auto: 0.12.15 (/opt/ros/humble/share/ament_lint_auto/cmake)\n'}
[3.426160] (-) TimerEvent: {}
[3.527725] (-) TimerEvent: {}
[3.629116] (-) TimerEvent: {}
[3.730467] (-) TimerEvent: {}
[3.780112] (drivers) StdoutLine: {'line': b"-- Added test 'copyright' to check source files copyright and LICENSE\n"}
[3.797542] (drivers) StdoutLine: {'line': b"-- Added test 'cppcheck' to perform static code analysis on C / C++ code\n"}
[3.799449] (drivers) StdoutLine: {'line': b'-- Configured cppcheck include dirs: $<BUILD_INTERFACE:/ros2_ws/src/drivers/include>;/ros2_ws/src/drivers/include\n'}
[3.803156] (drivers) StdoutLine: {'line': b'-- Configured cppcheck exclude dirs and/or files: \n'}
[3.813278] (drivers) StdoutLine: {'line': b"-- Added test 'cpplint' to check C / C++ code against the Google style\n"}
[3.814278] (drivers) StdoutLine: {'line': b'-- Configured cpplint exclude dirs and/or files: \n'}
[3.818228] (drivers) StdoutLine: {'line': b"-- Added test 'lint_cmake' to check CMake code style\n"}
[3.829466] (drivers) StdoutLine: {'line': b"-- Added test 'uncrustify' to check C / C++ code style\n"}
[3.830433] (drivers) StdoutLine: {'line': b'-- Configured uncrustify additional arguments: \n'}
[3.830916] (-) TimerEvent: {}
[3.831907] (drivers) StdoutLine: {'line': b"-- Added test 'xmllint' to check XML markup files\n"}
[3.845279] (drivers) StdoutLine: {'line': b'-- Configuring done\n'}
[3.906234] (drivers) StdoutLine: {'line': b'-- Generating done\n'}
[3.921773] (drivers) StdoutLine: {'line': b'-- Build files have been written to: /ros2_ws/build/drivers\n'}
[3.932286] (system_services) Command: {'cmd': ['/usr/bin/python3', '-W', 'ignore:setup.py install is deprecated', '-W', 'ignore:easy_install command is deprecated', 'setup.py', 'develop', '--uninstall', '--editable', '--build-directory', '/ros2_ws/build/system_services/build'], 'cwd': '/ros2_ws/build/system_services', 'env': {'LESSOPEN': '| /usr/bin/lesspipe %s', 'HOSTNAME': '86cfe8a43a6c', 'GIT_ASKPASS': '/root/.vscode-server/bin/8b3775030ed1a69b13e4f4c628c612102e30a681/extensions/git/dist/askpass.sh', 'SHLVL': '2', 'LD_LIBRARY_PATH': '/ros2_ws/install/cerebellum_hardware/lib:/ros2_ws/install/interfaces/lib:/ros2_ws/install/drivers/lib:/ros2_ws/install/common/lib:/opt/ros/humble/opt/rviz_ogre_vendor/lib:/opt/ros/humble/lib/aarch64-linux-gnu:/opt/ros/humble/lib', 'BROWSER': '/root/.vscode-server/bin/8b3775030ed1a69b13e4f4c628c612102e30a681/bin/helpers/browser.sh', 'HOME': '/root', 'TERM_PROGRAM_VERSION': '1.85.2', 'VSCODE_IPC_HOOK_CLI': '/tmp/vscode-ipc-f103cb1c-6280-4c09-a958-fd01fce72c9e.sock', 'ROS_PYTHON_VERSION': '3', 'VSCODE_GIT_ASKPASS_MAIN': '/root/.vscode-server/bin/8b3775030ed1a69b13e4f4c628c612102e30a681/extensions/git/dist/askpass-main.js', 'PS1': '\\[\x1b]633;A\x07\\]\\u@\\h\\[\\033[01;34m\\](cerebellum)\\[\\033[00m\\]:\\w$ \\[\x1b]633;B\x07\\]', 'VSCODE_GIT_ASKPASS_NODE': '/root/.vscode-server/bin/8b3775030ed1a69b13e4f4c628c612102e30a681/node', 'ROS_IP': '10.10.0.3', 'COLORTERM': 'truecolor', 'REMOTE_CONTAINERS': 'true', 'COLCON_PREFIX_PATH': '/ros2_ws/install', 'ROS_DISTRO': 'humble', 'REMOTE_CONTAINERS_IPC': '/tmp/vscode-remote-containers-ipc-f6ce5d14-800a-4890-9f54-f78d1b815457.sock', '_': '/usr/bin/colcon', 'ROS_VERSION': '2', 'TERM': 'xterm-256color', 'ROS_LOCALHOST_ONLY': '0', 'PATH': '/root/.vscode-server/bin/8b3775030ed1a69b13e4f4c628c612102e30a681/bin/remote-cli:/opt/ros/humble/bin:/usr/local/sbin:/usr/local/bin:/usr/sbin:/usr/bin:/sbin:/bin', 'REMOTE_CONTAINERS_SOCKETS': '["/tmp/vscode-ssh-auth-f6ce5d14-800a-4890-9f54-f78d1b815457.sock","/root/.gnupg/S.gpg-agent"]', 'LANG': 'en_US.UTF-8', 'RMW_IMPLEMENTATION': 'rmw_fastrtps_cpp', 'LS_COLORS': 'rs=0:di=01;34:ln=01;36:mh=00:pi=40;33:so=01;35:do=01;35:bd=40;33;01:cd=40;33;01:or=40;31;01:mi=00:su=37;41:sg=30;43:ca=30;41:tw=30;42:ow=34;42:st=37;44:ex=01;32:*.tar=01;31:*.tgz=01;31:*.arc=01;31:*.arj=01;31:*.taz=01;31:*.lha=01;31:*.lz4=01;31:*.lzh=01;31:*.lzma=01;31:*.tlz=01;31:*.txz=01;31:*.tzo=01;31:*.t7z=01;31:*.zip=01;31:*.z=01;31:*.dz=01;31:*.gz=01;31:*.lrz=01;31:*.lz=01;31:*.lzo=01;31:*.xz=01;31:*.zst=01;31:*.tzst=01;31:*.bz2=01;31:*.bz=01;31:*.tbz=01;31:*.tbz2=01;31:*.tz=01;31:*.deb=01;31:*.rpm=01;31:*.jar=01;31:*.war=01;31:*.ear=01;31:*.sar=01;31:*.rar=01;31:*.alz=01;31:*.ace=01;31:*.zoo=01;31:*.cpio=01;31:*.7z=01;31:*.rz=01;31:*.cab=01;31:*.wim=01;31:*.swm=01;31:*.dwm=01;31:*.esd=01;31:*.jpg=01;35:*.jpeg=01;35:*.mjpg=01;35:*.mjpeg=01;35:*.gif=01;35:*.bmp=01;35:*.pbm=01;35:*.pgm=01;35:*.ppm=01;35:*.tga=01;35:*.xbm=01;35:*.xpm=01;35:*.tif=01;35:*.tiff=01;35:*.png=01;35:*.svg=01;35:*.svgz=01;35:*.mng=01;35:*.pcx=01;35:*.mov=01;35:*.mpg=01;35:*.mpeg=01;35:*.m2v=01;35:*.mkv=01;35:*.webm=01;35:*.webp=01;35:*.ogm=01;35:*.mp4=01;35:*.m4v=01;35:*.mp4v=01;35:*.vob=01;35:*.qt=01;35:*.nuv=01;35:*.wmv=01;35:*.asf=01;35:*.rm=01;35:*.rmvb=01;35:*.flc=01;35:*.avi=01;35:*.fli=01;35:*.flv=01;35:*.gl=01;35:*.dl=01;35:*.xcf=01;35:*.xwd=01;35:*.yuv=01;35:*.cgm=01;35:*.emf=01;35:*.ogv=01;35:*.ogx=01;35:*.aac=00;36:*.au=00;36:*.flac=00;36:*.m4a=00;36:*.mid=00;36:*.midi=00;36:*.mka=00;36:*.mp3=00;36:*.mpc=00;36:*.ogg=00;36:*.ra=00;36:*.wav=00;36:*.oga=00;36:*.opus=00;36:*.spx=00;36:*.xspf=00;36:', 'VSCODE_GIT_IPC_HANDLE': '/tmp/vscode-git-827e2e94fd.sock', 'TERM_PROGRAM': 'vscode', 'SSH_AUTH_SOCK': '/tmp/vscode-ssh-auth-f6ce5d14-800a-4890-9f54-f78d1b815457.sock', 'ROS_DOMAIN_ID': '42', 'AMENT_PREFIX_PATH': '/ros2_ws/install/system_services:/ros2_ws/install/bringup:/ros2_ws/install/dri_interfaces:/ros2_ws/install/cerebellum_description:/ros2_ws/install/cerebellum_hardware:/ros2_ws/install/interfaces:/ros2_ws/install/drivers:/ros2_ws/install/common:/opt/ros/humble', 'SHELL': '/bin/bash', 'LESSCLOSE': '/usr/bin/lesspipe %s %s', 'VSCODE_GIT_ASKPASS_EXTRA_ARGS': '', 'PWD': '/ros2_ws/build/system_services', 'PYTHONPATH': '/ros2_ws/build/system_services/prefix_override:/usr/lib/python3/dist-packages/colcon_core/task/python/colcon_distutils_commands:/ros2_ws/install/system_services/lib/python3.10/site-packages:/ros2_ws/build/system_services:/ros2_ws/install/system_services/lib/python3.10/site-packages:/ros2_ws/install/interfaces/local/lib/python3.10/dist-packages:/opt/ros/humble/lib/python3.10/site-packages:/opt/ros/humble/local/lib/python3.10/dist-packages', 'ROS_HOSTNAME': '10.10.0.3', 'COLCON': '1', 'CMAKE_PREFIX_PATH': '/ros2_ws/install/bringup:/ros2_ws/install/dri_interfaces:/ros2_ws/install/cerebellum_description:/ros2_ws/install/cerebellum_hardware:/ros2_ws/install/interfaces:/ros2_ws/install/drivers:/ros2_ws/install/common'}, 'shell': False}
[3.937592] (-) TimerEvent: {}
[3.943229] (drivers) CommandEnded: {'returncode': 0}
[3.955088] (drivers) JobProgress: {'identifier': 'drivers', 'progress': 'build'}
[3.960671] (drivers) Command: {'cmd': ['/usr/bin/cmake', '--build', '/ros2_ws/build/drivers', '--', '-j4', '-l4'], 'cwd': '/ros2_ws/build/drivers', 'env': OrderedDict([('LESSOPEN', '| /usr/bin/lesspipe %s'), ('HOSTNAME', '86cfe8a43a6c'), ('GIT_ASKPASS', '/root/.vscode-server/bin/8b3775030ed1a69b13e4f4c628c612102e30a681/extensions/git/dist/askpass.sh'), ('SHLVL', '2'), ('LD_LIBRARY_PATH', '/ros2_ws/install/cerebellum_hardware/lib:/ros2_ws/install/interfaces/lib:/ros2_ws/install/drivers/lib:/ros2_ws/install/common/lib:/opt/ros/humble/opt/rviz_ogre_vendor/lib:/opt/ros/humble/lib/aarch64-linux-gnu:/opt/ros/humble/lib'), ('BROWSER', '/root/.vscode-server/bin/8b3775030ed1a69b13e4f4c628c612102e30a681/bin/helpers/browser.sh'), ('HOME', '/root'), ('TERM_PROGRAM_VERSION', '1.85.2'), ('VSCODE_IPC_HOOK_CLI', '/tmp/vscode-ipc-f103cb1c-6280-4c09-a958-fd01fce72c9e.sock'), ('ROS_PYTHON_VERSION', '3'), ('VSCODE_GIT_ASKPASS_MAIN', '/root/.vscode-server/bin/8b3775030ed1a69b13e4f4c628c612102e30a681/extensions/git/dist/askpass-main.js'), ('PS1', '\\[\x1b]633;A\x07\\]\\u@\\h\\[\\033[01;34m\\](cerebellum)\\[\\033[00m\\]:\\w$ \\[\x1b]633;B\x07\\]'), ('VSCODE_GIT_ASKPASS_NODE', '/root/.vscode-server/bin/8b3775030ed1a69b13e4f4c628c612102e30a681/node'), ('ROS_IP', '10.10.0.3'), ('COLORTERM', 'truecolor'), ('REMOTE_CONTAINERS', 'true'), ('COLCON_PREFIX_PATH', '/ros2_ws/install'), ('ROS_DISTRO', 'humble'), ('REMOTE_CONTAINERS_IPC', '/tmp/vscode-remote-containers-ipc-f6ce5d14-800a-4890-9f54-f78d1b815457.sock'), ('_', '/usr/bin/colcon'), ('ROS_VERSION', '2'), ('TERM', 'xterm-256color'), ('ROS_LOCALHOST_ONLY', '0'), ('PATH', '/root/.vscode-server/bin/8b3775030ed1a69b13e4f4c628c612102e30a681/bin/remote-cli:/opt/ros/humble/bin:/usr/local/sbin:/usr/local/bin:/usr/sbin:/usr/bin:/sbin:/bin'), ('REMOTE_CONTAINERS_SOCKETS', '["/tmp/vscode-ssh-auth-f6ce5d14-800a-4890-9f54-f78d1b815457.sock","/root/.gnupg/S.gpg-agent"]'), ('LANG', 'en_US.UTF-8'), ('RMW_IMPLEMENTATION', 'rmw_fastrtps_cpp'), ('LS_COLORS', 'rs=0:di=01;34:ln=01;36:mh=00:pi=40;33:so=01;35:do=01;35:bd=40;33;01:cd=40;33;01:or=40;31;01:mi=00:su=37;41:sg=30;43:ca=30;41:tw=30;42:ow=34;42:st=37;44:ex=01;32:*.tar=01;31:*.tgz=01;31:*.arc=01;31:*.arj=01;31:*.taz=01;31:*.lha=01;31:*.lz4=01;31:*.lzh=01;31:*.lzma=01;31:*.tlz=01;31:*.txz=01;31:*.tzo=01;31:*.t7z=01;31:*.zip=01;31:*.z=01;31:*.dz=01;31:*.gz=01;31:*.lrz=01;31:*.lz=01;31:*.lzo=01;31:*.xz=01;31:*.zst=01;31:*.tzst=01;31:*.bz2=01;31:*.bz=01;31:*.tbz=01;31:*.tbz2=01;31:*.tz=01;31:*.deb=01;31:*.rpm=01;31:*.jar=01;31:*.war=01;31:*.ear=01;31:*.sar=01;31:*.rar=01;31:*.alz=01;31:*.ace=01;31:*.zoo=01;31:*.cpio=01;31:*.7z=01;31:*.rz=01;31:*.cab=01;31:*.wim=01;31:*.swm=01;31:*.dwm=01;31:*.esd=01;31:*.jpg=01;35:*.jpeg=01;35:*.mjpg=01;35:*.mjpeg=01;35:*.gif=01;35:*.bmp=01;35:*.pbm=01;35:*.pgm=01;35:*.ppm=01;35:*.tga=01;35:*.xbm=01;35:*.xpm=01;35:*.tif=01;35:*.tiff=01;35:*.png=01;35:*.svg=01;35:*.svgz=01;35:*.mng=01;35:*.pcx=01;35:*.mov=01;35:*.mpg=01;35:*.mpeg=01;35:*.m2v=01;35:*.mkv=01;35:*.webm=01;35:*.webp=01;35:*.ogm=01;35:*.mp4=01;35:*.m4v=01;35:*.mp4v=01;35:*.vob=01;35:*.qt=01;35:*.nuv=01;35:*.wmv=01;35:*.asf=01;35:*.rm=01;35:*.rmvb=01;35:*.flc=01;35:*.avi=01;35:*.fli=01;35:*.flv=01;35:*.gl=01;35:*.dl=01;35:*.xcf=01;35:*.xwd=01;35:*.yuv=01;35:*.cgm=01;35:*.emf=01;35:*.ogv=01;35:*.ogx=01;35:*.aac=00;36:*.au=00;36:*.flac=00;36:*.m4a=00;36:*.mid=00;36:*.midi=00;36:*.mka=00;36:*.mp3=00;36:*.mpc=00;36:*.ogg=00;36:*.ra=00;36:*.wav=00;36:*.oga=00;36:*.opus=00;36:*.spx=00;36:*.xspf=00;36:'), ('VSCODE_GIT_IPC_HANDLE', '/tmp/vscode-git-827e2e94fd.sock'), ('TERM_PROGRAM', 'vscode'), ('SSH_AUTH_SOCK', '/tmp/vscode-ssh-auth-f6ce5d14-800a-4890-9f54-f78d1b815457.sock'), ('ROS_DOMAIN_ID', '42'), ('AMENT_PREFIX_PATH', '/ros2_ws/install/system_services:/ros2_ws/install/bringup:/ros2_ws/install/dri_interfaces:/ros2_ws/install/cerebellum_description:/ros2_ws/install/cerebellum_hardware:/ros2_ws/install/interfaces:/ros2_ws/install/drivers:/ros2_ws/install/common:/opt/ros/humble'), ('SHELL', '/bin/bash'), ('LESSCLOSE', '/usr/bin/lesspipe %s %s'), ('VSCODE_GIT_ASKPASS_EXTRA_ARGS', ''), ('PWD', '/ros2_ws/build/drivers'), ('PYTHONPATH', '/ros2_ws/build/system_services:/ros2_ws/install/system_services/lib/python3.10/site-packages:/ros2_ws/install/interfaces/local/lib/python3.10/dist-packages:/opt/ros/humble/lib/python3.10/site-packages:/opt/ros/humble/local/lib/python3.10/dist-packages'), ('ROS_HOSTNAME', '10.10.0.3'), ('COLCON', '1'), ('CMAKE_PREFIX_PATH', '/ros2_ws/install/common:/ros2_ws/install/bringup:/ros2_ws/install/dri_interfaces:/ros2_ws/install/cerebellum_description:/ros2_ws/install/cerebellum_hardware:/ros2_ws/install/interfaces:/ros2_ws/install/drivers:/ros2_ws/install/system_services:/opt/ros/humble')]), 'shell': False}
[3.962247] (interfaces) StdoutLine: {'line': b'-- Using all available rosidl_typesupport_c: rosidl_typesupport_fastrtps_c;rosidl_typesupport_introspection_c\n'}
[4.037762] (-) TimerEvent: {}
[4.091267] (drivers) StdoutLine: {'line': b'\x1b[35m\x1b[1mConsolidate compiler generated dependencies of target drivers_core\x1b[0m\n'}
[4.137920] (-) TimerEvent: {}
[4.184454] (drivers) StdoutLine: {'line': b'[ 75%] Built target drivers_core\n'}
[4.229087] (drivers) StdoutLine: {'line': b'\x1b[35m\x1b[1mConsolidate compiler generated dependencies of target test_controller\x1b[0m\n'}
[4.238099] (-) TimerEvent: {}
[4.276462] (drivers) StdoutLine: {'line': b'[100%] Built target test_controller\n'}
[4.313100] (drivers) CommandEnded: {'returncode': 0}
[4.315918] (drivers) JobProgress: {'identifier': 'drivers', 'progress': 'install'}
[4.318207] (drivers) Command: {'cmd': ['/usr/bin/cmake', '--install', '/ros2_ws/build/drivers'], 'cwd': '/ros2_ws/build/drivers', 'env': OrderedDict([('LESSOPEN', '| /usr/bin/lesspipe %s'), ('HOSTNAME', '86cfe8a43a6c'), ('GIT_ASKPASS', '/root/.vscode-server/bin/8b3775030ed1a69b13e4f4c628c612102e30a681/extensions/git/dist/askpass.sh'), ('SHLVL', '2'), ('LD_LIBRARY_PATH', '/ros2_ws/install/cerebellum_hardware/lib:/ros2_ws/install/interfaces/lib:/ros2_ws/install/drivers/lib:/ros2_ws/install/common/lib:/opt/ros/humble/opt/rviz_ogre_vendor/lib:/opt/ros/humble/lib/aarch64-linux-gnu:/opt/ros/humble/lib'), ('BROWSER', '/root/.vscode-server/bin/8b3775030ed1a69b13e4f4c628c612102e30a681/bin/helpers/browser.sh'), ('HOME', '/root'), ('TERM_PROGRAM_VERSION', '1.85.2'), ('VSCODE_IPC_HOOK_CLI', '/tmp/vscode-ipc-f103cb1c-6280-4c09-a958-fd01fce72c9e.sock'), ('ROS_PYTHON_VERSION', '3'), ('VSCODE_GIT_ASKPASS_MAIN', '/root/.vscode-server/bin/8b3775030ed1a69b13e4f4c628c612102e30a681/extensions/git/dist/askpass-main.js'), ('PS1', '\\[\x1b]633;A\x07\\]\\u@\\h\\[\\033[01;34m\\](cerebellum)\\[\\033[00m\\]:\\w$ \\[\x1b]633;B\x07\\]'), ('VSCODE_GIT_ASKPASS_NODE', '/root/.vscode-server/bin/8b3775030ed1a69b13e4f4c628c612102e30a681/node'), ('ROS_IP', '10.10.0.3'), ('COLORTERM', 'truecolor'), ('REMOTE_CONTAINERS', 'true'), ('COLCON_PREFIX_PATH', '/ros2_ws/install'), ('ROS_DISTRO', 'humble'), ('REMOTE_CONTAINERS_IPC', '/tmp/vscode-remote-containers-ipc-f6ce5d14-800a-4890-9f54-f78d1b815457.sock'), ('_', '/usr/bin/colcon'), ('ROS_VERSION', '2'), ('TERM', 'xterm-256color'), ('ROS_LOCALHOST_ONLY', '0'), ('PATH', '/root/.vscode-server/bin/8b3775030ed1a69b13e4f4c628c612102e30a681/bin/remote-cli:/opt/ros/humble/bin:/usr/local/sbin:/usr/local/bin:/usr/sbin:/usr/bin:/sbin:/bin'), ('REMOTE_CONTAINERS_SOCKETS', '["/tmp/vscode-ssh-auth-f6ce5d14-800a-4890-9f54-f78d1b815457.sock","/root/.gnupg/S.gpg-agent"]'), ('LANG', 'en_US.UTF-8'), ('RMW_IMPLEMENTATION', 'rmw_fastrtps_cpp'), ('LS_COLORS', 'rs=0:di=01;34:ln=01;36:mh=00:pi=40;33:so=01;35:do=01;35:bd=40;33;01:cd=40;33;01:or=40;31;01:mi=00:su=37;41:sg=30;43:ca=30;41:tw=30;42:ow=34;42:st=37;44:ex=01;32:*.tar=01;31:*.tgz=01;31:*.arc=01;31:*.arj=01;31:*.taz=01;31:*.lha=01;31:*.lz4=01;31:*.lzh=01;31:*.lzma=01;31:*.tlz=01;31:*.txz=01;31:*.tzo=01;31:*.t7z=01;31:*.zip=01;31:*.z=01;31:*.dz=01;31:*.gz=01;31:*.lrz=01;31:*.lz=01;31:*.lzo=01;31:*.xz=01;31:*.zst=01;31:*.tzst=01;31:*.bz2=01;31:*.bz=01;31:*.tbz=01;31:*.tbz2=01;31:*.tz=01;31:*.deb=01;31:*.rpm=01;31:*.jar=01;31:*.war=01;31:*.ear=01;31:*.sar=01;31:*.rar=01;31:*.alz=01;31:*.ace=01;31:*.zoo=01;31:*.cpio=01;31:*.7z=01;31:*.rz=01;31:*.cab=01;31:*.wim=01;31:*.swm=01;31:*.dwm=01;31:*.esd=01;31:*.jpg=01;35:*.jpeg=01;35:*.mjpg=01;35:*.mjpeg=01;35:*.gif=01;35:*.bmp=01;35:*.pbm=01;35:*.pgm=01;35:*.ppm=01;35:*.tga=01;35:*.xbm=01;35:*.xpm=01;35:*.tif=01;35:*.tiff=01;35:*.png=01;35:*.svg=01;35:*.svgz=01;35:*.mng=01;35:*.pcx=01;35:*.mov=01;35:*.mpg=01;35:*.mpeg=01;35:*.m2v=01;35:*.mkv=01;35:*.webm=01;35:*.webp=01;35:*.ogm=01;35:*.mp4=01;35:*.m4v=01;35:*.mp4v=01;35:*.vob=01;35:*.qt=01;35:*.nuv=01;35:*.wmv=01;35:*.asf=01;35:*.rm=01;35:*.rmvb=01;35:*.flc=01;35:*.avi=01;35:*.fli=01;35:*.flv=01;35:*.gl=01;35:*.dl=01;35:*.xcf=01;35:*.xwd=01;35:*.yuv=01;35:*.cgm=01;35:*.emf=01;35:*.ogv=01;35:*.ogx=01;35:*.aac=00;36:*.au=00;36:*.flac=00;36:*.m4a=00;36:*.mid=00;36:*.midi=00;36:*.mka=00;36:*.mp3=00;36:*.mpc=00;36:*.ogg=00;36:*.ra=00;36:*.wav=00;36:*.oga=00;36:*.opus=00;36:*.spx=00;36:*.xspf=00;36:'), ('VSCODE_GIT_IPC_HANDLE', '/tmp/vscode-git-827e2e94fd.sock'), ('TERM_PROGRAM', 'vscode'), ('SSH_AUTH_SOCK', '/tmp/vscode-ssh-auth-f6ce5d14-800a-4890-9f54-f78d1b815457.sock'), ('ROS_DOMAIN_ID', '42'), ('AMENT_PREFIX_PATH', '/ros2_ws/install/system_services:/ros2_ws/install/bringup:/ros2_ws/install/dri_interfaces:/ros2_ws/install/cerebellum_description:/ros2_ws/install/cerebellum_hardware:/ros2_ws/install/interfaces:/ros2_ws/install/drivers:/ros2_ws/install/common:/opt/ros/humble'), ('SHELL', '/bin/bash'), ('LESSCLOSE', '/usr/bin/lesspipe %s %s'), ('VSCODE_GIT_ASKPASS_EXTRA_ARGS', ''), ('PWD', '/ros2_ws/build/drivers'), ('PYTHONPATH', '/ros2_ws/build/system_services:/ros2_ws/install/system_services/lib/python3.10/site-packages:/ros2_ws/install/interfaces/local/lib/python3.10/dist-packages:/opt/ros/humble/lib/python3.10/site-packages:/opt/ros/humble/local/lib/python3.10/dist-packages'), ('ROS_HOSTNAME', '10.10.0.3'), ('COLCON', '1'), ('CMAKE_PREFIX_PATH', '/ros2_ws/install/common:/ros2_ws/install/bringup:/ros2_ws/install/dri_interfaces:/ros2_ws/install/cerebellum_description:/ros2_ws/install/cerebellum_hardware:/ros2_ws/install/interfaces:/ros2_ws/install/drivers:/ros2_ws/install/system_services:/opt/ros/humble')]), 'shell': False}
[4.338271] (-) TimerEvent: {}
[4.348137] (drivers) StdoutLine: {'line': b'-- Install configuration: ""\n'}
[4.349899] (drivers) StdoutLine: {'line': b'-- Execute custom install script\n'}
[4.355110] (drivers) StdoutLine: {'line': b'-- Up-to-date symlink: /ros2_ws/install/drivers/include/drivers/bms/bms.h\n'}
[4.356513] (drivers) StdoutLine: {'line': b'-- Up-to-date symlink: /ros2_ws/install/drivers/include/drivers/controller_board/controller_board.h\n'}
[4.358319] (drivers) StdoutLine: {'line': b'-- Up-to-date symlink: /ros2_ws/install/drivers/include/drivers/controller_board/controller_comm.h\n'}
[4.359925] (drivers) StdoutLine: {'line': b'-- Up-to-date symlink: /ros2_ws/install/drivers/include/drivers/controller_board/protocol.h\n'}
[4.361659] (drivers) StdoutLine: {'line': b'-- Up-to-date symlink: /ros2_ws/install/drivers/include/drivers/imu/imu.h\n'}
[4.363286] (drivers) StdoutLine: {'line': b'-- Up-to-date symlink: /ros2_ws/install/drivers/include/drivers/motor/motor.h\n'}
[4.365484] (drivers) StdoutLine: {'line': b'-- Up-to-date symlink: /ros2_ws/install/drivers/share/drivers/environment/library_path.sh\n'}
[4.366926] (drivers) StdoutLine: {'line': b'-- Up-to-date symlink: /ros2_ws/install/drivers/share/drivers/environment/library_path.dsv\n'}
[4.368530] (drivers) StdoutLine: {'line': b'-- Up-to-date symlink: /ros2_ws/install/drivers/share/ament_index/resource_index/package_run_dependencies/drivers\n'}
[4.371096] (drivers) StdoutLine: {'line': b'-- Up-to-date symlink: /ros2_ws/install/drivers/share/ament_index/resource_index/parent_prefix_path/drivers\n'}
[4.373132] (drivers) StdoutLine: {'line': b'-- Up-to-date symlink: /ros2_ws/install/drivers/share/drivers/environment/ament_prefix_path.sh\n'}
[4.374721] (drivers) StdoutLine: {'line': b'-- Up-to-date symlink: /ros2_ws/install/drivers/share/drivers/environment/ament_prefix_path.dsv\n'}
[4.376694] (drivers) StdoutLine: {'line': b'-- Up-to-date symlink: /ros2_ws/install/drivers/share/drivers/environment/path.sh\n'}
[4.378136] (drivers) StdoutLine: {'line': b'-- Up-to-date symlink: /ros2_ws/install/drivers/share/drivers/environment/path.dsv\n'}
[4.380193] (drivers) StdoutLine: {'line': b'-- Up-to-date symlink: /ros2_ws/install/drivers/share/drivers/local_setup.bash\n'}
[4.382054] (drivers) StdoutLine: {'line': b'-- Up-to-date symlink: /ros2_ws/install/drivers/share/drivers/local_setup.sh\n'}
[4.384946] (drivers) StdoutLine: {'line': b'-- Up-to-date symlink: /ros2_ws/install/drivers/share/drivers/local_setup.zsh\n'}
[4.386459] (drivers) StdoutLine: {'line': b'-- Up-to-date symlink: /ros2_ws/install/drivers/share/drivers/local_setup.dsv\n'}
[4.387660] (drivers) StdoutLine: {'line': b'-- Symlinking: /ros2_ws/install/drivers/share/drivers/package.dsv\n'}
[4.417424] (drivers) StdoutLine: {'line': b'-- Up-to-date symlink: /ros2_ws/install/drivers/share/ament_index/resource_index/packages/drivers\n'}
[4.419707] (drivers) StdoutLine: {'line': b'-- Up-to-date symlink: /ros2_ws/install/drivers/share/drivers/cmake/ament_cmake_export_include_directories-extras.cmake\n'}
[4.420873] (drivers) StdoutLine: {'line': b'-- Up-to-date symlink: /ros2_ws/install/drivers/share/drivers/cmake/ament_cmake_export_libraries-extras.cmake\n'}
[4.422694] (drivers) StdoutLine: {'line': b'-- Up-to-date symlink: /ros2_ws/install/drivers/share/drivers/cmake/ament_cmake_export_dependencies-extras.cmake\n'}
[4.423389] (drivers) StdoutLine: {'line': b'-- Up-to-date symlink: /ros2_ws/install/drivers/share/drivers/cmake/driversConfig.cmake\n'}
[4.425150] (drivers) StdoutLine: {'line': b'-- Up-to-date symlink: /ros2_ws/install/drivers/share/drivers/cmake/driversConfig-version.cmake\n'}
[4.425819] (drivers) StdoutLine: {'line': b'-- Up-to-date symlink: /ros2_ws/install/drivers/share/drivers/package.xml\n'}
[4.426864] (drivers) StdoutLine: {'line': b'-- Up-to-date: /ros2_ws/install/drivers/lib/libdrivers_core.a\n'}
[4.433626] (drivers) CommandEnded: {'returncode': 0}
[4.438533] (-) TimerEvent: {}
[4.511583] (drivers) JobEnded: {'identifier': 'drivers', 'rc': 0}
[4.538759] (-) TimerEvent: {}
[4.639538] (-) TimerEvent: {}
[4.748291] (-) TimerEvent: {}
[4.848954] (-) TimerEvent: {}
[4.950125] (-) TimerEvent: {}
[5.050841] (-) TimerEvent: {}
[5.072128] (interfaces) StdoutLine: {'line': b'-- Using all available rosidl_typesupport_cpp: rosidl_typesupport_fastrtps_cpp;rosidl_typesupport_introspection_cpp\n'}
[5.151085] (-) TimerEvent: {}
[5.171948] (interfaces) StdoutLine: {'line': b'-- Found python_cmake_module: 0.10.0 (/opt/ros/humble/share/python_cmake_module/cmake)\n'}
[5.223701] (system_services) StdoutLine: {'line': b'running develop\n'}
[5.251244] (-) TimerEvent: {}
[5.280419] (interfaces) StdoutLine: {'line': b'-- Using PYTHON_EXECUTABLE: /usr/bin/python3\n'}
[5.281163] (interfaces) StdoutLine: {'line': b'-- Using PYTHON_INCLUDE_DIRS: /usr/include/python3.10\n'}
[5.281567] (interfaces) StdoutLine: {'line': b'-- Using PYTHON_LIBRARIES: /usr/lib/aarch64-linux-gnu/libpython3.10.so\n'}
[5.351518] (-) TimerEvent: {}
[5.452278] (-) TimerEvent: {}
[5.553352] (-) TimerEvent: {}
[5.628529] (interfaces) StdoutLine: {'line': b'-- Found ament_lint_auto: 0.12.15 (/opt/ros/humble/share/ament_lint_auto/cmake)\n'}
[5.653503] (-) TimerEvent: {}
[5.688279] (interfaces) StdoutLine: {'line': b"-- Added test 'copyright' to check source files copyright and LICENSE\n"}
[5.695724] (interfaces) StdoutLine: {'line': b"-- Added test 'lint_cmake' to check CMake code style\n"}
[5.700505] (interfaces) StdoutLine: {'line': b"-- Added test 'xmllint' to check XML markup files\n"}
[5.719112] (interfaces) StdoutLine: {'line': b'-- Configuring done\n'}
[5.753706] (-) TimerEvent: {}
[5.854673] (-) TimerEvent: {}
[5.955365] (-) TimerEvent: {}
[5.985818] (system_services) StdoutLine: {'line': b'Removing /ros2_ws/install/system_services/lib/python3.10/site-packages/system-services.egg-link (link to .)\n'}
[6.031893] (interfaces) StdoutLine: {'line': b'-- Generating done\n'}
[6.055543] (-) TimerEvent: {}
[6.110792] (interfaces) StdoutLine: {'line': b'-- Build files have been written to: /ros2_ws/build/interfaces\n'}
[6.135112] (system_services) CommandEnded: {'returncode': 0}
[6.138847] (system_services) Command: {'cmd': ['/usr/bin/python3', '-W', 'ignore:setup.py install is deprecated', '-W', 'ignore:easy_install command is deprecated', 'setup.py', 'egg_info', '--egg-base', '../../build/system_services', 'build', '--build-base', '/ros2_ws/build/system_services/build', 'install', '--record', '/ros2_ws/build/system_services/install.log', '--install-scripts', '$base/lib/system_services', '--single-version-externally-managed', 'install_data', '--force'], 'cwd': '/ros2_ws/src/system_services', 'env': {'LESSOPEN': '| /usr/bin/lesspipe %s', 'HOSTNAME': '86cfe8a43a6c', 'GIT_ASKPASS': '/root/.vscode-server/bin/8b3775030ed1a69b13e4f4c628c612102e30a681/extensions/git/dist/askpass.sh', 'SHLVL': '2', 'LD_LIBRARY_PATH': '/ros2_ws/install/cerebellum_hardware/lib:/ros2_ws/install/interfaces/lib:/ros2_ws/install/drivers/lib:/ros2_ws/install/common/lib:/opt/ros/humble/opt/rviz_ogre_vendor/lib:/opt/ros/humble/lib/aarch64-linux-gnu:/opt/ros/humble/lib', 'BROWSER': '/root/.vscode-server/bin/8b3775030ed1a69b13e4f4c628c612102e30a681/bin/helpers/browser.sh', 'HOME': '/root', 'TERM_PROGRAM_VERSION': '1.85.2', 'VSCODE_IPC_HOOK_CLI': '/tmp/vscode-ipc-f103cb1c-6280-4c09-a958-fd01fce72c9e.sock', 'ROS_PYTHON_VERSION': '3', 'VSCODE_GIT_ASKPASS_MAIN': '/root/.vscode-server/bin/8b3775030ed1a69b13e4f4c628c612102e30a681/extensions/git/dist/askpass-main.js', 'PS1': '\\[\x1b]633;A\x07\\]\\u@\\h\\[\\033[01;34m\\](cerebellum)\\[\\033[00m\\]:\\w$ \\[\x1b]633;B\x07\\]', 'VSCODE_GIT_ASKPASS_NODE': '/root/.vscode-server/bin/8b3775030ed1a69b13e4f4c628c612102e30a681/node', 'ROS_IP': '10.10.0.3', 'COLORTERM': 'truecolor', 'REMOTE_CONTAINERS': 'true', 'COLCON_PREFIX_PATH': '/ros2_ws/install', 'ROS_DISTRO': 'humble', 'REMOTE_CONTAINERS_IPC': '/tmp/vscode-remote-containers-ipc-f6ce5d14-800a-4890-9f54-f78d1b815457.sock', '_': '/usr/bin/colcon', 'ROS_VERSION': '2', 'TERM': 'xterm-256color', 'ROS_LOCALHOST_ONLY': '0', 'PATH': '/root/.vscode-server/bin/8b3775030ed1a69b13e4f4c628c612102e30a681/bin/remote-cli:/opt/ros/humble/bin:/usr/local/sbin:/usr/local/bin:/usr/sbin:/usr/bin:/sbin:/bin', 'REMOTE_CONTAINERS_SOCKETS': '["/tmp/vscode-ssh-auth-f6ce5d14-800a-4890-9f54-f78d1b815457.sock","/root/.gnupg/S.gpg-agent"]', 'LANG': 'en_US.UTF-8', 'RMW_IMPLEMENTATION': 'rmw_fastrtps_cpp', 'LS_COLORS': 'rs=0:di=01;34:ln=01;36:mh=00:pi=40;33:so=01;35:do=01;35:bd=40;33;01:cd=40;33;01:or=40;31;01:mi=00:su=37;41:sg=30;43:ca=30;41:tw=30;42:ow=34;42:st=37;44:ex=01;32:*.tar=01;31:*.tgz=01;31:*.arc=01;31:*.arj=01;31:*.taz=01;31:*.lha=01;31:*.lz4=01;31:*.lzh=01;31:*.lzma=01;31:*.tlz=01;31:*.txz=01;31:*.tzo=01;31:*.t7z=01;31:*.zip=01;31:*.z=01;31:*.dz=01;31:*.gz=01;31:*.lrz=01;31:*.lz=01;31:*.lzo=01;31:*.xz=01;31:*.zst=01;31:*.tzst=01;31:*.bz2=01;31:*.bz=01;31:*.tbz=01;31:*.tbz2=01;31:*.tz=01;31:*.deb=01;31:*.rpm=01;31:*.jar=01;31:*.war=01;31:*.ear=01;31:*.sar=01;31:*.rar=01;31:*.alz=01;31:*.ace=01;31:*.zoo=01;31:*.cpio=01;31:*.7z=01;31:*.rz=01;31:*.cab=01;31:*.wim=01;31:*.swm=01;31:*.dwm=01;31:*.esd=01;31:*.jpg=01;35:*.jpeg=01;35:*.mjpg=01;35:*.mjpeg=01;35:*.gif=01;35:*.bmp=01;35:*.pbm=01;35:*.pgm=01;35:*.ppm=01;35:*.tga=01;35:*.xbm=01;35:*.xpm=01;35:*.tif=01;35:*.tiff=01;35:*.png=01;35:*.svg=01;35:*.svgz=01;35:*.mng=01;35:*.pcx=01;35:*.mov=01;35:*.mpg=01;35:*.mpeg=01;35:*.m2v=01;35:*.mkv=01;35:*.webm=01;35:*.webp=01;35:*.ogm=01;35:*.mp4=01;35:*.m4v=01;35:*.mp4v=01;35:*.vob=01;35:*.qt=01;35:*.nuv=01;35:*.wmv=01;35:*.asf=01;35:*.rm=01;35:*.rmvb=01;35:*.flc=01;35:*.avi=01;35:*.fli=01;35:*.flv=01;35:*.gl=01;35:*.dl=01;35:*.xcf=01;35:*.xwd=01;35:*.yuv=01;35:*.cgm=01;35:*.emf=01;35:*.ogv=01;35:*.ogx=01;35:*.aac=00;36:*.au=00;36:*.flac=00;36:*.m4a=00;36:*.mid=00;36:*.midi=00;36:*.mka=00;36:*.mp3=00;36:*.mpc=00;36:*.ogg=00;36:*.ra=00;36:*.wav=00;36:*.oga=00;36:*.opus=00;36:*.spx=00;36:*.xspf=00;36:', 'VSCODE_GIT_IPC_HANDLE': '/tmp/vscode-git-827e2e94fd.sock', 'TERM_PROGRAM': 'vscode', 'SSH_AUTH_SOCK': '/tmp/vscode-ssh-auth-f6ce5d14-800a-4890-9f54-f78d1b815457.sock', 'ROS_DOMAIN_ID': '42', 'AMENT_PREFIX_PATH': '/ros2_ws/install/system_services:/ros2_ws/install/bringup:/ros2_ws/install/dri_interfaces:/ros2_ws/install/cerebellum_description:/ros2_ws/install/cerebellum_hardware:/ros2_ws/install/interfaces:/ros2_ws/install/drivers:/ros2_ws/install/common:/opt/ros/humble', 'SHELL': '/bin/bash', 'LESSCLOSE': '/usr/bin/lesspipe %s %s', 'VSCODE_GIT_ASKPASS_EXTRA_ARGS': '', 'PWD': '/ros2_ws/build/system_services', 'PYTHONPATH': '/ros2_ws/build/system_services/prefix_override:/usr/lib/python3/dist-packages/colcon_core/task/python/colcon_distutils_commands:/ros2_ws/install/system_services/lib/python3.10/site-packages:/ros2_ws/build/system_services:/ros2_ws/install/system_services/lib/python3.10/site-packages:/ros2_ws/install/interfaces/local/lib/python3.10/dist-packages:/opt/ros/humble/lib/python3.10/site-packages:/opt/ros/humble/local/lib/python3.10/dist-packages', 'ROS_HOSTNAME': '10.10.0.3', 'COLCON': '1', 'CMAKE_PREFIX_PATH': '/ros2_ws/install/bringup:/ros2_ws/install/dri_interfaces:/ros2_ws/install/cerebellum_description:/ros2_ws/install/cerebellum_hardware:/ros2_ws/install/interfaces:/ros2_ws/install/drivers:/ros2_ws/install/common'}, 'shell': False}
[6.154216] (interfaces) CommandEnded: {'returncode': 0}
[6.174019] (-) TimerEvent: {}
[6.174489] (interfaces) JobProgress: {'identifier': 'interfaces', 'progress': 'build'}
[6.174667] (interfaces) Command: {'cmd': ['/usr/bin/cmake', '--build', '/ros2_ws/build/interfaces', '--', '-j4', '-l4'], 'cwd': '/ros2_ws/build/interfaces', 'env': OrderedDict([('LESSOPEN', '| /usr/bin/lesspipe %s'), ('HOSTNAME', '86cfe8a43a6c'), ('GIT_ASKPASS', '/root/.vscode-server/bin/8b3775030ed1a69b13e4f4c628c612102e30a681/extensions/git/dist/askpass.sh'), ('SHLVL', '2'), ('LD_LIBRARY_PATH', '/ros2_ws/install/cerebellum_hardware/lib:/ros2_ws/install/interfaces/lib:/ros2_ws/install/drivers/lib:/ros2_ws/install/common/lib:/opt/ros/humble/opt/rviz_ogre_vendor/lib:/opt/ros/humble/lib/aarch64-linux-gnu:/opt/ros/humble/lib'), ('BROWSER', '/root/.vscode-server/bin/8b3775030ed1a69b13e4f4c628c612102e30a681/bin/helpers/browser.sh'), ('HOME', '/root'), ('TERM_PROGRAM_VERSION', '1.85.2'), ('VSCODE_IPC_HOOK_CLI', '/tmp/vscode-ipc-f103cb1c-6280-4c09-a958-fd01fce72c9e.sock'), ('ROS_PYTHON_VERSION', '3'), ('VSCODE_GIT_ASKPASS_MAIN', '/root/.vscode-server/bin/8b3775030ed1a69b13e4f4c628c612102e30a681/extensions/git/dist/askpass-main.js'), ('PS1', '\\[\x1b]633;A\x07\\]\\u@\\h\\[\\033[01;34m\\](cerebellum)\\[\\033[00m\\]:\\w$ \\[\x1b]633;B\x07\\]'), ('VSCODE_GIT_ASKPASS_NODE', '/root/.vscode-server/bin/8b3775030ed1a69b13e4f4c628c612102e30a681/node'), ('ROS_IP', '10.10.0.3'), ('COLORTERM', 'truecolor'), ('REMOTE_CONTAINERS', 'true'), ('COLCON_PREFIX_PATH', '/ros2_ws/install'), ('ROS_DISTRO', 'humble'), ('REMOTE_CONTAINERS_IPC', '/tmp/vscode-remote-containers-ipc-f6ce5d14-800a-4890-9f54-f78d1b815457.sock'), ('_', '/usr/bin/colcon'), ('ROS_VERSION', '2'), ('TERM', 'xterm-256color'), ('ROS_LOCALHOST_ONLY', '0'), ('PATH', '/root/.vscode-server/bin/8b3775030ed1a69b13e4f4c628c612102e30a681/bin/remote-cli:/opt/ros/humble/bin:/usr/local/sbin:/usr/local/bin:/usr/sbin:/usr/bin:/sbin:/bin'), ('REMOTE_CONTAINERS_SOCKETS', '["/tmp/vscode-ssh-auth-f6ce5d14-800a-4890-9f54-f78d1b815457.sock","/root/.gnupg/S.gpg-agent"]'), ('LANG', 'en_US.UTF-8'), ('RMW_IMPLEMENTATION', 'rmw_fastrtps_cpp'), ('LS_COLORS', 'rs=0:di=01;34:ln=01;36:mh=00:pi=40;33:so=01;35:do=01;35:bd=40;33;01:cd=40;33;01:or=40;31;01:mi=00:su=37;41:sg=30;43:ca=30;41:tw=30;42:ow=34;42:st=37;44:ex=01;32:*.tar=01;31:*.tgz=01;31:*.arc=01;31:*.arj=01;31:*.taz=01;31:*.lha=01;31:*.lz4=01;31:*.lzh=01;31:*.lzma=01;31:*.tlz=01;31:*.txz=01;31:*.tzo=01;31:*.t7z=01;31:*.zip=01;31:*.z=01;31:*.dz=01;31:*.gz=01;31:*.lrz=01;31:*.lz=01;31:*.lzo=01;31:*.xz=01;31:*.zst=01;31:*.tzst=01;31:*.bz2=01;31:*.bz=01;31:*.tbz=01;31:*.tbz2=01;31:*.tz=01;31:*.deb=01;31:*.rpm=01;31:*.jar=01;31:*.war=01;31:*.ear=01;31:*.sar=01;31:*.rar=01;31:*.alz=01;31:*.ace=01;31:*.zoo=01;31:*.cpio=01;31:*.7z=01;31:*.rz=01;31:*.cab=01;31:*.wim=01;31:*.swm=01;31:*.dwm=01;31:*.esd=01;31:*.jpg=01;35:*.jpeg=01;35:*.mjpg=01;35:*.mjpeg=01;35:*.gif=01;35:*.bmp=01;35:*.pbm=01;35:*.pgm=01;35:*.ppm=01;35:*.tga=01;35:*.xbm=01;35:*.xpm=01;35:*.tif=01;35:*.tiff=01;35:*.png=01;35:*.svg=01;35:*.svgz=01;35:*.mng=01;35:*.pcx=01;35:*.mov=01;35:*.mpg=01;35:*.mpeg=01;35:*.m2v=01;35:*.mkv=01;35:*.webm=01;35:*.webp=01;35:*.ogm=01;35:*.mp4=01;35:*.m4v=01;35:*.mp4v=01;35:*.vob=01;35:*.qt=01;35:*.nuv=01;35:*.wmv=01;35:*.asf=01;35:*.rm=01;35:*.rmvb=01;35:*.flc=01;35:*.avi=01;35:*.fli=01;35:*.flv=01;35:*.gl=01;35:*.dl=01;35:*.xcf=01;35:*.xwd=01;35:*.yuv=01;35:*.cgm=01;35:*.emf=01;35:*.ogv=01;35:*.ogx=01;35:*.aac=00;36:*.au=00;36:*.flac=00;36:*.m4a=00;36:*.mid=00;36:*.midi=00;36:*.mka=00;36:*.mp3=00;36:*.mpc=00;36:*.ogg=00;36:*.ra=00;36:*.wav=00;36:*.oga=00;36:*.opus=00;36:*.spx=00;36:*.xspf=00;36:'), ('VSCODE_GIT_IPC_HANDLE', '/tmp/vscode-git-827e2e94fd.sock'), ('TERM_PROGRAM', 'vscode'), ('SSH_AUTH_SOCK', '/tmp/vscode-ssh-auth-f6ce5d14-800a-4890-9f54-f78d1b815457.sock'), ('ROS_DOMAIN_ID', '42'), ('AMENT_PREFIX_PATH', '/ros2_ws/install/system_services:/ros2_ws/install/bringup:/ros2_ws/install/dri_interfaces:/ros2_ws/install/cerebellum_description:/ros2_ws/install/cerebellum_hardware:/ros2_ws/install/interfaces:/ros2_ws/install/drivers:/ros2_ws/install/common:/opt/ros/humble'), ('SHELL', '/bin/bash'), ('LESSCLOSE', '/usr/bin/lesspipe %s %s'), ('VSCODE_GIT_ASKPASS_EXTRA_ARGS', ''), ('PWD', '/ros2_ws/build/interfaces'), ('PYTHONPATH', '/ros2_ws/build/system_services:/ros2_ws/install/system_services/lib/python3.10/site-packages:/ros2_ws/install/interfaces/local/lib/python3.10/dist-packages:/opt/ros/humble/lib/python3.10/site-packages:/opt/ros/humble/local/lib/python3.10/dist-packages'), ('ROS_HOSTNAME', '10.10.0.3'), ('COLCON', '1'), ('CMAKE_PREFIX_PATH', '/ros2_ws/install/bringup:/ros2_ws/install/dri_interfaces:/ros2_ws/install/cerebellum_description:/ros2_ws/install/cerebellum_hardware:/ros2_ws/install/interfaces:/ros2_ws/install/drivers:/ros2_ws/install/common:/ros2_ws/install/system_services:/opt/ros/humble')]), 'shell': False}
[6.274248] (-) TimerEvent: {}
[6.375872] (-) TimerEvent: {}
[6.380038] (interfaces) StdoutLine: {'line': b'\x1b[35m\x1b[1mConsolidate compiler generated dependencies of target interfaces__rosidl_generator_c\x1b[0m\n'}
[6.468466] (interfaces) StdoutLine: {'line': b'[  2%] Built target interfaces__rs\n'}
[6.470770] (interfaces) StdoutLine: {'line': b'[  5%] Built target interfaces__cpp\n'}
[6.476197] (-) TimerEvent: {}
[6.482523] (interfaces) StdoutLine: {'line': b'[ 15%] Built target interfaces__rosidl_generator_c\n'}
[6.507764] (interfaces) StdoutLine: {'line': b'[ 15%] Built target ament_cmake_python_symlink_interfaces\n'}
[6.547370] (interfaces) StdoutLine: {'line': b'\x1b[35m\x1b[1mConsolidate compiler generated dependencies of target interfaces__rosidl_typesupport_cpp\x1b[0m\n'}
[6.552984] (interfaces) StdoutLine: {'line': b'\x1b[35m\x1b[1mConsolidate compiler generated dependencies of target interfaces__rosidl_typesupport_introspection_cpp\x1b[0m\n'}
[6.553711] (interfaces) StdoutLine: {'line': b'\x1b[35m\x1b[1mConsolidate compiler generated dependencies of target interfaces__rosidl_typesupport_fastrtps_c\x1b[0m\n'}
[6.567681] (interfaces) StdoutLine: {'line': b'\x1b[35m\x1b[1mConsolidate compiler generated dependencies of target interfaces__rosidl_typesupport_fastrtps_cpp\x1b[0m\n'}
[6.576305] (-) TimerEvent: {}
[6.629259] (interfaces) StdoutLine: {'line': b'[ 35%] Built target interfaces__rosidl_typesupport_introspection_cpp\n'}
[6.632453] (interfaces) StdoutLine: {'line': b'[ 35%] Built target interfaces__rosidl_typesupport_fastrtps_c\n'}
[6.655216] (interfaces) StdoutLine: {'line': b'[ 45%] Built target interfaces__rosidl_typesupport_fastrtps_cpp\n'}
[6.662898] (interfaces) StdoutLine: {'line': b'[ 55%] Built target interfaces__rosidl_typesupport_cpp\n'}
[6.676468] (-) TimerEvent: {}
[6.715154] (interfaces) StdoutLine: {'line': b'\x1b[35m\x1b[1mConsolidate compiler generated dependencies of target interfaces__rosidl_typesupport_introspection_c\x1b[0m\n'}
[6.726829] (interfaces) StdoutLine: {'line': b'\x1b[35m\x1b[1mConsolidate compiler generated dependencies of target interfaces__rosidl_typesupport_c\x1b[0m\n'}
[6.762918] (interfaces) StdoutLine: {'line': b'[ 65%] Built target interfaces__rosidl_typesupport_introspection_c\n'}
[6.776622] (-) TimerEvent: {}
[6.792522] (interfaces) StdoutLine: {'line': b'[ 75%] Built target interfaces__rosidl_typesupport_c\n'}
[6.865473] (interfaces) StdoutLine: {'line': b'[ 75%] Built target interfaces\n'}
[6.881162] (-) TimerEvent: {}
[6.946120] (interfaces) StdoutLine: {'line': b'[ 77%] Built target interfaces__py\n'}
[6.981330] (-) TimerEvent: {}
[6.991819] (interfaces) StdoutLine: {'line': b'\x1b[35m\x1b[1mConsolidate compiler generated dependencies of target interfaces__rosidl_generator_py\x1b[0m\n'}
[7.058042] (interfaces) StdoutLine: {'line': b'[ 85%] Built target interfaces__rosidl_generator_py\n'}
[7.081498] (-) TimerEvent: {}
[7.111922] (interfaces) StdoutLine: {'line': b'\x1b[35m\x1b[1mConsolidate compiler generated dependencies of target interfaces__rosidl_typesupport_fastrtps_c__pyext\x1b[0m\n'}
[7.181666] (-) TimerEvent: {}
[7.203927] (interfaces) StdoutLine: {'line': b'\x1b[35m\x1b[1mConsolidate compiler generated dependencies of target interfaces__rosidl_typesupport_introspection_c__pyext\x1b[0m\n'}
[7.208638] (interfaces) StdoutLine: {'line': b'\x1b[35m\x1b[1mConsolidate compiler generated dependencies of target interfaces__rosidl_typesupport_c__pyext\x1b[0m\n'}
[7.254774] (interfaces) StdoutLine: {'line': b'[ 90%] Built target interfaces__rosidl_typesupport_fastrtps_c__pyext\n'}
[7.281837] (-) TimerEvent: {}
[7.286509] (interfaces) StdoutLine: {'line': b'[ 95%] Built target interfaces__rosidl_typesupport_introspection_c__pyext\n'}
[7.315842] (interfaces) StdoutLine: {'line': b'[100%] Built target interfaces__rosidl_typesupport_c__pyext\n'}
[7.382065] (-) TimerEvent: {}
[7.432489] (system_services) StdoutLine: {'line': b'running egg_info\n'}
[7.435703] (system_services) StdoutLine: {'line': b'writing ../../build/system_services/system_services.egg-info/PKG-INFO\n'}
[7.436438] (system_services) StdoutLine: {'line': b'writing dependency_links to ../../build/system_services/system_services.egg-info/dependency_links.txt\n'}
[7.437038] (system_services) StdoutLine: {'line': b'writing entry points to ../../build/system_services/system_services.egg-info/entry_points.txt\n'}
[7.438236] (system_services) StdoutLine: {'line': b'writing requirements to ../../build/system_services/system_services.egg-info/requires.txt\n'}
[7.439195] (system_services) StdoutLine: {'line': b'writing top-level names to ../../build/system_services/system_services.egg-info/top_level.txt\n'}
[7.446402] (system_services) StdoutLine: {'line': b"reading manifest file '../../build/system_services/system_services.egg-info/SOURCES.txt'\n"}
[7.450741] (system_services) StdoutLine: {'line': b"writing manifest file '../../build/system_services/system_services.egg-info/SOURCES.txt'\n"}
[7.451366] (system_services) StdoutLine: {'line': b'running build\n'}
[7.452063] (system_services) StdoutLine: {'line': b'running build_py\n'}
[7.452738] (system_services) StdoutLine: {'line': b'creating /ros2_ws/build/system_services/build\n'}
[7.453216] (system_services) StdoutLine: {'line': b'creating /ros2_ws/build/system_services/build/lib\n'}
[7.453584] (system_services) StdoutLine: {'line': b'creating /ros2_ws/build/system_services/build/lib/system_services\n'}
[7.453952] (system_services) StdoutLine: {'line': b'copying system_services/__init__.py -> /ros2_ws/build/system_services/build/lib/system_services\n'}
[7.454574] (system_services) StdoutLine: {'line': b'running install\n'}
[7.455002] (system_services) StdoutLine: {'line': b'running install_lib\n'}
[7.457288] (system_services) StdoutLine: {'line': b'creating /ros2_ws/install/system_services/lib/python3.10/site-packages/system_services\n'}
[7.457943] (system_services) StdoutLine: {'line': b'copying /ros2_ws/build/system_services/build/lib/system_services/__init__.py -> /ros2_ws/install/system_services/lib/python3.10/site-packages/system_services\n'}
[7.459687] (system_services) StdoutLine: {'line': b'byte-compiling /ros2_ws/install/system_services/lib/python3.10/site-packages/system_services/__init__.py to __init__.cpython-310.pyc\n'}
[7.460465] (system_services) StdoutLine: {'line': b'running install_data\n'}
[7.461040] (system_services) StdoutLine: {'line': b'copying resource/system_services -> /ros2_ws/install/system_services/share/ament_index/resource_index/packages\n'}
[7.461557] (system_services) StdoutLine: {'line': b'copying package.xml -> /ros2_ws/install/system_services/share/system_services\n'}
[7.462481] (system_services) StdoutLine: {'line': b'copying system_services/scripts/imu_calibrator.py -> /ros2_ws/install/system_services/share/system_services/scripts\n'}
[7.464106] (system_services) StdoutLine: {'line': b'running install_egg_info\n'}
[7.475266] (system_services) StdoutLine: {'line': b'Copying ../../build/system_services/system_services.egg-info to /ros2_ws/install/system_services/lib/python3.10/site-packages/system_services-0.0.0-py3.10.egg-info\n'}
[7.478739] (system_services) StdoutLine: {'line': b'running install_scripts\n'}
[7.482261] (-) TimerEvent: {}
[7.565061] (system_services) StdoutLine: {'line': b'Installing imu_calibrator script to /ros2_ws/install/system_services/lib/system_services\n'}
[7.590935] (-) TimerEvent: {}
[7.595430] (system_services) StdoutLine: {'line': b"writing list of installed files to '/ros2_ws/build/system_services/install.log'\n"}
[7.691174] (-) TimerEvent: {}
[7.746716] (system_services) CommandEnded: {'returncode': 0}
[7.782643] (system_services) JobEnded: {'identifier': 'system_services', 'rc': 0}
[7.791349] (-) TimerEvent: {}
[7.892084] (-) TimerEvent: {}
[7.901364] (interfaces) StdoutLine: {'line': b'running egg_info\n'}
[7.904344] (interfaces) StdoutLine: {'line': b'writing interfaces.egg-info/PKG-INFO\n'}
[7.906344] (interfaces) StdoutLine: {'line': b'writing dependency_links to interfaces.egg-info/dependency_links.txt\n'}
[7.907628] (interfaces) StdoutLine: {'line': b'writing top-level names to interfaces.egg-info/top_level.txt\n'}
[7.916834] (interfaces) StdoutLine: {'line': b"reading manifest file 'interfaces.egg-info/SOURCES.txt'\n"}
[7.920515] (interfaces) StdoutLine: {'line': b"writing manifest file 'interfaces.egg-info/SOURCES.txt'\n"}
[7.992340] (-) TimerEvent: {}
[8.039511] (interfaces) StdoutLine: {'line': b'[100%] Built target ament_cmake_python_build_interfaces_egg\n'}
[8.074426] (interfaces) CommandEnded: {'returncode': 0}
[8.078700] (interfaces) JobProgress: {'identifier': 'interfaces', 'progress': 'install'}
[8.079579] (interfaces) Command: {'cmd': ['/usr/bin/cmake', '--install', '/ros2_ws/build/interfaces'], 'cwd': '/ros2_ws/build/interfaces', 'env': OrderedDict([('LESSOPEN', '| /usr/bin/lesspipe %s'), ('HOSTNAME', '86cfe8a43a6c'), ('GIT_ASKPASS', '/root/.vscode-server/bin/8b3775030ed1a69b13e4f4c628c612102e30a681/extensions/git/dist/askpass.sh'), ('SHLVL', '2'), ('LD_LIBRARY_PATH', '/ros2_ws/install/cerebellum_hardware/lib:/ros2_ws/install/interfaces/lib:/ros2_ws/install/drivers/lib:/ros2_ws/install/common/lib:/opt/ros/humble/opt/rviz_ogre_vendor/lib:/opt/ros/humble/lib/aarch64-linux-gnu:/opt/ros/humble/lib'), ('BROWSER', '/root/.vscode-server/bin/8b3775030ed1a69b13e4f4c628c612102e30a681/bin/helpers/browser.sh'), ('HOME', '/root'), ('TERM_PROGRAM_VERSION', '1.85.2'), ('VSCODE_IPC_HOOK_CLI', '/tmp/vscode-ipc-f103cb1c-6280-4c09-a958-fd01fce72c9e.sock'), ('ROS_PYTHON_VERSION', '3'), ('VSCODE_GIT_ASKPASS_MAIN', '/root/.vscode-server/bin/8b3775030ed1a69b13e4f4c628c612102e30a681/extensions/git/dist/askpass-main.js'), ('PS1', '\\[\x1b]633;A\x07\\]\\u@\\h\\[\\033[01;34m\\](cerebellum)\\[\\033[00m\\]:\\w$ \\[\x1b]633;B\x07\\]'), ('VSCODE_GIT_ASKPASS_NODE', '/root/.vscode-server/bin/8b3775030ed1a69b13e4f4c628c612102e30a681/node'), ('ROS_IP', '10.10.0.3'), ('COLORTERM', 'truecolor'), ('REMOTE_CONTAINERS', 'true'), ('COLCON_PREFIX_PATH', '/ros2_ws/install'), ('ROS_DISTRO', 'humble'), ('REMOTE_CONTAINERS_IPC', '/tmp/vscode-remote-containers-ipc-f6ce5d14-800a-4890-9f54-f78d1b815457.sock'), ('_', '/usr/bin/colcon'), ('ROS_VERSION', '2'), ('TERM', 'xterm-256color'), ('ROS_LOCALHOST_ONLY', '0'), ('PATH', '/root/.vscode-server/bin/8b3775030ed1a69b13e4f4c628c612102e30a681/bin/remote-cli:/opt/ros/humble/bin:/usr/local/sbin:/usr/local/bin:/usr/sbin:/usr/bin:/sbin:/bin'), ('REMOTE_CONTAINERS_SOCKETS', '["/tmp/vscode-ssh-auth-f6ce5d14-800a-4890-9f54-f78d1b815457.sock","/root/.gnupg/S.gpg-agent"]'), ('LANG', 'en_US.UTF-8'), ('RMW_IMPLEMENTATION', 'rmw_fastrtps_cpp'), ('LS_COLORS', 'rs=0:di=01;34:ln=01;36:mh=00:pi=40;33:so=01;35:do=01;35:bd=40;33;01:cd=40;33;01:or=40;31;01:mi=00:su=37;41:sg=30;43:ca=30;41:tw=30;42:ow=34;42:st=37;44:ex=01;32:*.tar=01;31:*.tgz=01;31:*.arc=01;31:*.arj=01;31:*.taz=01;31:*.lha=01;31:*.lz4=01;31:*.lzh=01;31:*.lzma=01;31:*.tlz=01;31:*.txz=01;31:*.tzo=01;31:*.t7z=01;31:*.zip=01;31:*.z=01;31:*.dz=01;31:*.gz=01;31:*.lrz=01;31:*.lz=01;31:*.lzo=01;31:*.xz=01;31:*.zst=01;31:*.tzst=01;31:*.bz2=01;31:*.bz=01;31:*.tbz=01;31:*.tbz2=01;31:*.tz=01;31:*.deb=01;31:*.rpm=01;31:*.jar=01;31:*.war=01;31:*.ear=01;31:*.sar=01;31:*.rar=01;31:*.alz=01;31:*.ace=01;31:*.zoo=01;31:*.cpio=01;31:*.7z=01;31:*.rz=01;31:*.cab=01;31:*.wim=01;31:*.swm=01;31:*.dwm=01;31:*.esd=01;31:*.jpg=01;35:*.jpeg=01;35:*.mjpg=01;35:*.mjpeg=01;35:*.gif=01;35:*.bmp=01;35:*.pbm=01;35:*.pgm=01;35:*.ppm=01;35:*.tga=01;35:*.xbm=01;35:*.xpm=01;35:*.tif=01;35:*.tiff=01;35:*.png=01;35:*.svg=01;35:*.svgz=01;35:*.mng=01;35:*.pcx=01;35:*.mov=01;35:*.mpg=01;35:*.mpeg=01;35:*.m2v=01;35:*.mkv=01;35:*.webm=01;35:*.webp=01;35:*.ogm=01;35:*.mp4=01;35:*.m4v=01;35:*.mp4v=01;35:*.vob=01;35:*.qt=01;35:*.nuv=01;35:*.wmv=01;35:*.asf=01;35:*.rm=01;35:*.rmvb=01;35:*.flc=01;35:*.avi=01;35:*.fli=01;35:*.flv=01;35:*.gl=01;35:*.dl=01;35:*.xcf=01;35:*.xwd=01;35:*.yuv=01;35:*.cgm=01;35:*.emf=01;35:*.ogv=01;35:*.ogx=01;35:*.aac=00;36:*.au=00;36:*.flac=00;36:*.m4a=00;36:*.mid=00;36:*.midi=00;36:*.mka=00;36:*.mp3=00;36:*.mpc=00;36:*.ogg=00;36:*.ra=00;36:*.wav=00;36:*.oga=00;36:*.opus=00;36:*.spx=00;36:*.xspf=00;36:'), ('VSCODE_GIT_IPC_HANDLE', '/tmp/vscode-git-827e2e94fd.sock'), ('TERM_PROGRAM', 'vscode'), ('SSH_AUTH_SOCK', '/tmp/vscode-ssh-auth-f6ce5d14-800a-4890-9f54-f78d1b815457.sock'), ('ROS_DOMAIN_ID', '42'), ('AMENT_PREFIX_PATH', '/ros2_ws/install/system_services:/ros2_ws/install/bringup:/ros2_ws/install/dri_interfaces:/ros2_ws/install/cerebellum_description:/ros2_ws/install/cerebellum_hardware:/ros2_ws/install/interfaces:/ros2_ws/install/drivers:/ros2_ws/install/common:/opt/ros/humble'), ('SHELL', '/bin/bash'), ('LESSCLOSE', '/usr/bin/lesspipe %s %s'), ('VSCODE_GIT_ASKPASS_EXTRA_ARGS', ''), ('PWD', '/ros2_ws/build/interfaces'), ('PYTHONPATH', '/ros2_ws/build/system_services:/ros2_ws/install/system_services/lib/python3.10/site-packages:/ros2_ws/install/interfaces/local/lib/python3.10/dist-packages:/opt/ros/humble/lib/python3.10/site-packages:/opt/ros/humble/local/lib/python3.10/dist-packages'), ('ROS_HOSTNAME', '10.10.0.3'), ('COLCON', '1'), ('CMAKE_PREFIX_PATH', '/ros2_ws/install/bringup:/ros2_ws/install/dri_interfaces:/ros2_ws/install/cerebellum_description:/ros2_ws/install/cerebellum_hardware:/ros2_ws/install/interfaces:/ros2_ws/install/drivers:/ros2_ws/install/common:/ros2_ws/install/system_services:/opt/ros/humble')]), 'shell': False}
[8.092482] (-) TimerEvent: {}
[8.105227] (interfaces) StdoutLine: {'line': b'-- Install configuration: ""\n'}
[8.106904] (interfaces) StdoutLine: {'line': b'-- Execute custom install script\n'}
[8.108890] (interfaces) StdoutLine: {'line': b'-- Up-to-date symlink: /ros2_ws/install/interfaces/share/ament_index/resource_index/rosidl_interfaces/interfaces\n'}
[8.113345] (interfaces) StdoutLine: {'line': b'-- Up-to-date symlink: /ros2_ws/install/interfaces/include/interfaces/interfaces/msg/detail/motor_cmd__functions.h\n'}
[8.114341] (interfaces) StdoutLine: {'line': b'-- Up-to-date symlink: /ros2_ws/install/interfaces/include/interfaces/interfaces/msg/detail/motor_cmd__struct.h\n'}
[8.115410] (interfaces) StdoutLine: {'line': b'-- Up-to-date symlink: /ros2_ws/install/interfaces/include/interfaces/interfaces/msg/detail/motor_cmd__type_support.h\n'}
[8.116520] (interfaces) StdoutLine: {'line': b'-- Up-to-date symlink: /ros2_ws/install/interfaces/include/interfaces/interfaces/msg/detail/motor_states__functions.h\n'}
[8.117481] (interfaces) StdoutLine: {'line': b'-- Up-to-date symlink: /ros2_ws/install/interfaces/include/interfaces/interfaces/msg/detail/motor_states__struct.h\n'}
[8.118226] (interfaces) StdoutLine: {'line': b'-- Up-to-date symlink: /ros2_ws/install/interfaces/include/interfaces/interfaces/msg/detail/motor_states__type_support.h\n'}
[8.118911] (interfaces) StdoutLine: {'line': b'-- Up-to-date symlink: /ros2_ws/install/interfaces/include/interfaces/interfaces/msg/motor_cmd.h\n'}
[8.119663] (interfaces) StdoutLine: {'line': b'-- Up-to-date symlink: /ros2_ws/install/interfaces/include/interfaces/interfaces/msg/motor_states.h\n'}
[8.120555] (interfaces) StdoutLine: {'line': b'-- Up-to-date symlink: /ros2_ws/install/interfaces/include/interfaces/interfaces/msg/rosidl_generator_c__visibility_control.h\n'}
[8.121620] (interfaces) StdoutLine: {'line': b'-- Up-to-date symlink: /ros2_ws/install/interfaces/share/interfaces/environment/library_path.sh\n'}
[8.122117] (interfaces) StdoutLine: {'line': b'-- Up-to-date symlink: /ros2_ws/install/interfaces/share/interfaces/environment/library_path.dsv\n'}
[8.124275] (interfaces) StdoutLine: {'line': b'-- Up-to-date symlink: /ros2_ws/install/interfaces/include/interfaces/interfaces/msg/detail/motor_cmd__rosidl_typesupport_fastrtps_c.h\n'}
[8.125166] (interfaces) StdoutLine: {'line': b'-- Up-to-date symlink: /ros2_ws/install/interfaces/include/interfaces/interfaces/msg/detail/motor_states__rosidl_typesupport_fastrtps_c.h\n'}
[8.125970] (interfaces) StdoutLine: {'line': b'-- Up-to-date symlink: /ros2_ws/install/interfaces/include/interfaces/interfaces/msg/rosidl_typesupport_fastrtps_c__visibility_control.h\n'}
[8.127605] (interfaces) StdoutLine: {'line': b'-- Up-to-date symlink: /ros2_ws/install/interfaces/include/interfaces/interfaces/msg/detail/motor_cmd__rosidl_typesupport_introspection_c.h\n'}
[8.128530] (interfaces) StdoutLine: {'line': b'-- Up-to-date symlink: /ros2_ws/install/interfaces/include/interfaces/interfaces/msg/detail/motor_states__rosidl_typesupport_introspection_c.h\n'}
[8.129371] (interfaces) StdoutLine: {'line': b'-- Up-to-date symlink: /ros2_ws/install/interfaces/include/interfaces/interfaces/msg/rosidl_typesupport_introspection_c__visibility_control.h\n'}
[8.131411] (interfaces) StdoutLine: {'line': b'-- Up-to-date symlink: /ros2_ws/install/interfaces/include/interfaces/interfaces/msg/detail/motor_cmd__builder.hpp\n'}
[8.132272] (interfaces) StdoutLine: {'line': b'-- Up-to-date symlink: /ros2_ws/install/interfaces/include/interfaces/interfaces/msg/detail/motor_cmd__struct.hpp\n'}
[8.133204] (interfaces) StdoutLine: {'line': b'-- Up-to-date symlink: /ros2_ws/install/interfaces/include/interfaces/interfaces/msg/detail/motor_cmd__traits.hpp\n'}
[8.134050] (interfaces) StdoutLine: {'line': b'-- Up-to-date symlink: /ros2_ws/install/interfaces/include/interfaces/interfaces/msg/detail/motor_cmd__type_support.hpp\n'}
[8.134795] (interfaces) StdoutLine: {'line': b'-- Up-to-date symlink: /ros2_ws/install/interfaces/include/interfaces/interfaces/msg/detail/motor_states__builder.hpp\n'}
[8.135590] (interfaces) StdoutLine: {'line': b'-- Up-to-date symlink: /ros2_ws/install/interfaces/include/interfaces/interfaces/msg/detail/motor_states__struct.hpp\n'}
[8.136484] (interfaces) StdoutLine: {'line': b'-- Up-to-date symlink: /ros2_ws/install/interfaces/include/interfaces/interfaces/msg/detail/motor_states__traits.hpp\n'}
[8.137289] (interfaces) StdoutLine: {'line': b'-- Up-to-date symlink: /ros2_ws/install/interfaces/include/interfaces/interfaces/msg/detail/motor_states__type_support.hpp\n'}
[8.138230] (interfaces) StdoutLine: {'line': b'-- Up-to-date symlink: /ros2_ws/install/interfaces/include/interfaces/interfaces/msg/motor_cmd.hpp\n'}
[8.139023] (interfaces) StdoutLine: {'line': b'-- Up-to-date symlink: /ros2_ws/install/interfaces/include/interfaces/interfaces/msg/motor_states.hpp\n'}
[8.139800] (interfaces) StdoutLine: {'line': b'-- Up-to-date symlink: /ros2_ws/install/interfaces/include/interfaces/interfaces/msg/rosidl_generator_cpp__visibility_control.hpp\n'}
[8.142105] (interfaces) StdoutLine: {'line': b'-- Up-to-date symlink: /ros2_ws/install/interfaces/include/interfaces/interfaces/msg/detail/motor_cmd__rosidl_typesupport_fastrtps_cpp.hpp\n'}
[8.142934] (interfaces) StdoutLine: {'line': b'-- Up-to-date symlink: /ros2_ws/install/interfaces/include/interfaces/interfaces/msg/detail/motor_states__rosidl_typesupport_fastrtps_cpp.hpp\n'}
[8.143724] (interfaces) StdoutLine: {'line': b'-- Up-to-date symlink: /ros2_ws/install/interfaces/include/interfaces/interfaces/msg/rosidl_typesupport_fastrtps_cpp__visibility_control.h\n'}
[8.145401] (interfaces) StdoutLine: {'line': b'-- Up-to-date symlink: /ros2_ws/install/interfaces/include/interfaces/interfaces/msg/detail/motor_cmd__rosidl_typesupport_introspection_cpp.hpp\n'}
[8.146173] (interfaces) StdoutLine: {'line': b'-- Up-to-date symlink: /ros2_ws/install/interfaces/include/interfaces/interfaces/msg/detail/motor_states__rosidl_typesupport_introspection_cpp.hpp\n'}
[8.147116] (interfaces) StdoutLine: {'line': b'-- Up-to-date symlink: /ros2_ws/install/interfaces/share/interfaces/environment/pythonpath.sh\n'}
[8.147729] (interfaces) StdoutLine: {'line': b'-- Up-to-date symlink: /ros2_ws/install/interfaces/share/interfaces/environment/pythonpath.dsv\n'}
[8.148901] (interfaces) StdoutLine: {'line': b'-- Up-to-date symlink: /ros2_ws/install/interfaces/local/lib/python3.10/dist-packages/interfaces-0.0.0-py3.10.egg-info/PKG-INFO\n'}
[8.149711] (interfaces) StdoutLine: {'line': b'-- Up-to-date symlink: /ros2_ws/install/interfaces/local/lib/python3.10/dist-packages/interfaces-0.0.0-py3.10.egg-info/SOURCES.txt\n'}
[8.150525] (interfaces) StdoutLine: {'line': b'-- Up-to-date symlink: /ros2_ws/install/interfaces/local/lib/python3.10/dist-packages/interfaces-0.0.0-py3.10.egg-info/dependency_links.txt\n'}
[8.151333] (interfaces) StdoutLine: {'line': b'-- Up-to-date symlink: /ros2_ws/install/interfaces/local/lib/python3.10/dist-packages/interfaces-0.0.0-py3.10.egg-info/top_level.txt\n'}
[8.154408] (interfaces) StdoutLine: {'line': b'-- Up-to-date symlink: /ros2_ws/install/interfaces/local/lib/python3.10/dist-packages/interfaces/__init__.py\n'}
[8.155185] (interfaces) StdoutLine: {'line': b'-- Up-to-date symlink: /ros2_ws/install/interfaces/local/lib/python3.10/dist-packages/interfaces/_interfaces_s.ep.rosidl_typesupport_c.c\n'}
[8.155909] (interfaces) StdoutLine: {'line': b'-- Up-to-date symlink: /ros2_ws/install/interfaces/local/lib/python3.10/dist-packages/interfaces/_interfaces_s.ep.rosidl_typesupport_fastrtps_c.c\n'}
[8.156718] (interfaces) StdoutLine: {'line': b'-- Up-to-date symlink: /ros2_ws/install/interfaces/local/lib/python3.10/dist-packages/interfaces/_interfaces_s.ep.rosidl_typesupport_introspection_c.c\n'}
[8.157518] (interfaces) StdoutLine: {'line': b'-- Up-to-date symlink: /ros2_ws/install/interfaces/local/lib/python3.10/dist-packages/interfaces/interfaces_s__rosidl_typesupport_c.cpython-310-aarch64-linux-gnu.so\n'}
[8.158303] (interfaces) StdoutLine: {'line': b'-- Up-to-date symlink: /ros2_ws/install/interfaces/local/lib/python3.10/dist-packages/interfaces/interfaces_s__rosidl_typesupport_fastrtps_c.cpython-310-aarch64-linux-gnu.so\n'}
[8.159175] (interfaces) StdoutLine: {'line': b'-- Up-to-date symlink: /ros2_ws/install/interfaces/local/lib/python3.10/dist-packages/interfaces/interfaces_s__rosidl_typesupport_introspection_c.cpython-310-aarch64-linux-gnu.so\n'}
[8.159877] (interfaces) StdoutLine: {'line': b'-- Up-to-date symlink: /ros2_ws/install/interfaces/local/lib/python3.10/dist-packages/interfaces/libinterfaces__rosidl_generator_py.so\n'}
[8.161024] (interfaces) StdoutLine: {'line': b'-- Up-to-date symlink: /ros2_ws/install/interfaces/local/lib/python3.10/dist-packages/interfaces/msg/__init__.py\n'}
[8.161806] (interfaces) StdoutLine: {'line': b'-- Up-to-date symlink: /ros2_ws/install/interfaces/local/lib/python3.10/dist-packages/interfaces/msg/_motor_cmd.py\n'}
[8.162594] (interfaces) StdoutLine: {'line': b'-- Up-to-date symlink: /ros2_ws/install/interfaces/local/lib/python3.10/dist-packages/interfaces/msg/_motor_cmd_s.c\n'}
[8.163383] (interfaces) StdoutLine: {'line': b'-- Up-to-date symlink: /ros2_ws/install/interfaces/local/lib/python3.10/dist-packages/interfaces/msg/_motor_states.py\n'}
[8.164204] (interfaces) StdoutLine: {'line': b'-- Up-to-date symlink: /ros2_ws/install/interfaces/local/lib/python3.10/dist-packages/interfaces/msg/_motor_states_s.c\n'}
[8.165265] (interfaces) StdoutLine: {'line': b'-- Up-to-date symlink: /ros2_ws/install/interfaces/local/lib/python3.10/dist-packages/interfaces/interfaces_s__rosidl_typesupport_fastrtps_c.cpython-310-aarch64-linux-gnu.so\n'}
[8.166146] (interfaces) StdoutLine: {'line': b'-- Up-to-date symlink: /ros2_ws/install/interfaces/local/lib/python3.10/dist-packages/interfaces/interfaces_s__rosidl_typesupport_introspection_c.cpython-310-aarch64-linux-gnu.so\n'}
[8.167020] (interfaces) StdoutLine: {'line': b'-- Up-to-date symlink: /ros2_ws/install/interfaces/local/lib/python3.10/dist-packages/interfaces/interfaces_s__rosidl_typesupport_c.cpython-310-aarch64-linux-gnu.so\n'}
[8.168369] (interfaces) StdoutLine: {'line': b'-- Up-to-date symlink: /ros2_ws/install/interfaces/share/ament_index/resource_index/rust_packages/interfaces\n'}
[8.170316] (interfaces) StdoutLine: {'line': b'-- Up-to-date symlink: /ros2_ws/install/interfaces/share/interfaces/rust/Cargo.toml\n'}
[8.171071] (interfaces) StdoutLine: {'line': b'-- Up-to-date symlink: /ros2_ws/install/interfaces/share/interfaces/rust/build.rs\n'}
[8.172221] (interfaces) StdoutLine: {'line': b'-- Up-to-date symlink: /ros2_ws/install/interfaces/share/interfaces/rust/src/lib.rs\n'}
[8.173002] (interfaces) StdoutLine: {'line': b'-- Up-to-date symlink: /ros2_ws/install/interfaces/share/interfaces/rust/src/msg.rs\n'}
[8.174112] (interfaces) StdoutLine: {'line': b'-- Up-to-date symlink: /ros2_ws/install/interfaces/share/interfaces/rust/src/msg/rmw.rs\n'}
[8.175435] (interfaces) StdoutLine: {'line': b'-- Up-to-date symlink: /ros2_ws/install/interfaces/share/interfaces/msg/MotorCmd.idl\n'}
[8.176449] (interfaces) StdoutLine: {'line': b'-- Up-to-date symlink: /ros2_ws/install/interfaces/share/interfaces/msg/MotorStates.idl\n'}
[8.177016] (interfaces) StdoutLine: {'line': b'-- Up-to-date symlink: /ros2_ws/install/interfaces/share/interfaces/msg/MotorCmd.msg\n'}
[8.177563] (interfaces) StdoutLine: {'line': b'-- Up-to-date symlink: /ros2_ws/install/interfaces/share/interfaces/msg/MotorStates.msg\n'}
[8.178201] (interfaces) StdoutLine: {'line': b'-- Up-to-date symlink: /ros2_ws/install/interfaces/share/ament_index/resource_index/package_run_dependencies/interfaces\n'}
[8.179560] (interfaces) StdoutLine: {'line': b'-- Up-to-date symlink: /ros2_ws/install/interfaces/share/ament_index/resource_index/parent_prefix_path/interfaces\n'}
[8.180579] (interfaces) StdoutLine: {'line': b'-- Up-to-date symlink: /ros2_ws/install/interfaces/share/interfaces/environment/ament_prefix_path.sh\n'}
[8.181140] (interfaces) StdoutLine: {'line': b'-- Up-to-date symlink: /ros2_ws/install/interfaces/share/interfaces/environment/ament_prefix_path.dsv\n'}
[8.182131] (interfaces) StdoutLine: {'line': b'-- Up-to-date symlink: /ros2_ws/install/interfaces/share/interfaces/environment/path.sh\n'}
[8.182674] (interfaces) StdoutLine: {'line': b'-- Up-to-date symlink: /ros2_ws/install/interfaces/share/interfaces/environment/path.dsv\n'}
[8.183566] (interfaces) StdoutLine: {'line': b'-- Up-to-date symlink: /ros2_ws/install/interfaces/share/interfaces/local_setup.bash\n'}
[8.184538] (interfaces) StdoutLine: {'line': b'-- Up-to-date symlink: /ros2_ws/install/interfaces/share/interfaces/local_setup.sh\n'}
[8.185418] (interfaces) StdoutLine: {'line': b'-- Up-to-date symlink: /ros2_ws/install/interfaces/share/interfaces/local_setup.zsh\n'}
[8.185951] (interfaces) StdoutLine: {'line': b'-- Up-to-date symlink: /ros2_ws/install/interfaces/share/interfaces/local_setup.dsv\n'}
[8.186368] (interfaces) StdoutLine: {'line': b'-- Symlinking: /ros2_ws/install/interfaces/share/interfaces/package.dsv\n'}
[8.192611] (-) TimerEvent: {}
[8.215020] (interfaces) StdoutLine: {'line': b'-- Up-to-date symlink: /ros2_ws/install/interfaces/share/ament_index/resource_index/packages/interfaces\n'}
[8.216435] (interfaces) StdoutLine: {'line': b'-- Up-to-date symlink: /ros2_ws/install/interfaces/share/interfaces/cmake/rosidl_cmake-extras.cmake\n'}
[8.217558] (interfaces) StdoutLine: {'line': b'-- Up-to-date symlink: /ros2_ws/install/interfaces/share/interfaces/cmake/ament_cmake_export_include_directories-extras.cmake\n'}
[8.218393] (interfaces) StdoutLine: {'line': b'-- Up-to-date symlink: /ros2_ws/install/interfaces/share/interfaces/cmake/ament_cmake_export_libraries-extras.cmake\n'}
[8.219329] (interfaces) StdoutLine: {'line': b'-- Up-to-date symlink: /ros2_ws/install/interfaces/share/interfaces/cmake/ament_cmake_export_targets-extras.cmake\n'}
[8.220383] (interfaces) StdoutLine: {'line': b'-- Up-to-date symlink: /ros2_ws/install/interfaces/share/interfaces/cmake/rosidl_cmake_export_typesupport_targets-extras.cmake\n'}
[8.221308] (interfaces) StdoutLine: {'line': b'-- Up-to-date symlink: /ros2_ws/install/interfaces/share/interfaces/cmake/ament_cmake_export_dependencies-extras.cmake\n'}
[8.222158] (interfaces) StdoutLine: {'line': b'-- Up-to-date symlink: /ros2_ws/install/interfaces/share/interfaces/cmake/rosidl_cmake_export_typesupport_libraries-extras.cmake\n'}
[8.223055] (interfaces) StdoutLine: {'line': b'-- Up-to-date symlink: /ros2_ws/install/interfaces/share/interfaces/cmake/rosidl_cmake_aggregate_target-extras.cmake\n'}
[8.223986] (interfaces) StdoutLine: {'line': b'-- Up-to-date symlink: /ros2_ws/install/interfaces/share/interfaces/cmake/interfacesConfig.cmake\n'}
[8.224770] (interfaces) StdoutLine: {'line': b'-- Up-to-date symlink: /ros2_ws/install/interfaces/share/interfaces/cmake/interfacesConfig-version.cmake\n'}
[8.225314] (interfaces) StdoutLine: {'line': b'-- Up-to-date symlink: /ros2_ws/install/interfaces/share/interfaces/package.xml\n'}
[8.227114] (interfaces) StdoutLine: {'line': b'-- Up-to-date: /ros2_ws/install/interfaces/lib/libinterfaces__rosidl_generator_c.so\n'}
[8.229060] (interfaces) StdoutLine: {'line': b'-- Up-to-date: /ros2_ws/install/interfaces/lib/libinterfaces__rosidl_typesupport_fastrtps_c.so\n'}
[8.231306] (interfaces) StdoutLine: {'line': b'-- Up-to-date: /ros2_ws/install/interfaces/lib/libinterfaces__rosidl_typesupport_introspection_c.so\n'}
[8.232590] (interfaces) StdoutLine: {'line': b'-- Up-to-date: /ros2_ws/install/interfaces/lib/libinterfaces__rosidl_typesupport_c.so\n'}
[8.234755] (interfaces) StdoutLine: {'line': b'-- Up-to-date: /ros2_ws/install/interfaces/lib/libinterfaces__rosidl_typesupport_fastrtps_cpp.so\n'}
[8.238062] (interfaces) StdoutLine: {'line': b'-- Up-to-date: /ros2_ws/install/interfaces/lib/libinterfaces__rosidl_typesupport_introspection_cpp.so\n'}
[8.238834] (interfaces) StdoutLine: {'line': b'-- Up-to-date: /ros2_ws/install/interfaces/lib/libinterfaces__rosidl_typesupport_cpp.so\n'}
[8.292773] (-) TimerEvent: {}
[8.389413] (interfaces) StdoutLine: {'line': b"Listing '/ros2_ws/install/interfaces/local/lib/python3.10/dist-packages/interfaces'...\n"}
[8.391317] (interfaces) StdoutLine: {'line': b"Compiling '/ros2_ws/install/interfaces/local/lib/python3.10/dist-packages/interfaces/__init__.py'...\n"}
[8.391832] (interfaces) StdoutLine: {'line': b"Listing '/ros2_ws/install/interfaces/local/lib/python3.10/dist-packages/interfaces/msg'...\n"}
[8.392985] (-) TimerEvent: {}
[8.417337] (interfaces) StdoutLine: {'line': b'-- Up-to-date: /ros2_ws/install/interfaces/lib/libinterfaces__rosidl_generator_py.so\n'}
[8.418790] (interfaces) StdoutLine: {'line': b'-- Up-to-date: /ros2_ws/install/interfaces/share/interfaces/cmake/export_interfaces__rosidl_generator_cExport.cmake\n'}
[8.419418] (interfaces) StdoutLine: {'line': b'-- Up-to-date: /ros2_ws/install/interfaces/share/interfaces/cmake/export_interfaces__rosidl_generator_cExport-noconfig.cmake\n'}
[8.419966] (interfaces) StdoutLine: {'line': b'-- Up-to-date: /ros2_ws/install/interfaces/share/interfaces/cmake/export_interfaces__rosidl_typesupport_fastrtps_cExport.cmake\n'}
[8.420567] (interfaces) StdoutLine: {'line': b'-- Up-to-date: /ros2_ws/install/interfaces/share/interfaces/cmake/export_interfaces__rosidl_typesupport_fastrtps_cExport-noconfig.cmake\n'}
[8.421347] (interfaces) StdoutLine: {'line': b'-- Up-to-date: /ros2_ws/install/interfaces/share/interfaces/cmake/interfaces__rosidl_typesupport_introspection_cExport.cmake\n'}
[8.421863] (interfaces) StdoutLine: {'line': b'-- Up-to-date: /ros2_ws/install/interfaces/share/interfaces/cmake/interfaces__rosidl_typesupport_introspection_cExport-noconfig.cmake\n'}
[8.422433] (interfaces) StdoutLine: {'line': b'-- Up-to-date: /ros2_ws/install/interfaces/share/interfaces/cmake/interfaces__rosidl_typesupport_cExport.cmake\n'}
[8.422969] (interfaces) StdoutLine: {'line': b'-- Up-to-date: /ros2_ws/install/interfaces/share/interfaces/cmake/interfaces__rosidl_typesupport_cExport-noconfig.cmake\n'}
[8.423484] (interfaces) StdoutLine: {'line': b'-- Up-to-date: /ros2_ws/install/interfaces/share/interfaces/cmake/export_interfaces__rosidl_generator_cppExport.cmake\n'}
[8.424268] (interfaces) StdoutLine: {'line': b'-- Up-to-date: /ros2_ws/install/interfaces/share/interfaces/cmake/export_interfaces__rosidl_typesupport_fastrtps_cppExport.cmake\n'}
[8.424818] (interfaces) StdoutLine: {'line': b'-- Up-to-date: /ros2_ws/install/interfaces/share/interfaces/cmake/export_interfaces__rosidl_typesupport_fastrtps_cppExport-noconfig.cmake\n'}
[8.425361] (interfaces) StdoutLine: {'line': b'-- Up-to-date: /ros2_ws/install/interfaces/share/interfaces/cmake/interfaces__rosidl_typesupport_introspection_cppExport.cmake\n'}
[8.425900] (interfaces) StdoutLine: {'line': b'-- Up-to-date: /ros2_ws/install/interfaces/share/interfaces/cmake/interfaces__rosidl_typesupport_introspection_cppExport-noconfig.cmake\n'}
[8.426396] (interfaces) StdoutLine: {'line': b'-- Up-to-date: /ros2_ws/install/interfaces/share/interfaces/cmake/interfaces__rosidl_typesupport_cppExport.cmake\n'}
[8.426947] (interfaces) StdoutLine: {'line': b'-- Up-to-date: /ros2_ws/install/interfaces/share/interfaces/cmake/interfaces__rosidl_typesupport_cppExport-noconfig.cmake\n'}
[8.427515] (interfaces) StdoutLine: {'line': b'-- Up-to-date: /ros2_ws/install/interfaces/share/interfaces/cmake/export_interfaces__rosidl_generator_pyExport.cmake\n'}
[8.428051] (interfaces) StdoutLine: {'line': b'-- Up-to-date: /ros2_ws/install/interfaces/share/interfaces/cmake/export_interfaces__rosidl_generator_pyExport-noconfig.cmake\n'}
[8.434863] (interfaces) CommandEnded: {'returncode': 0}
[8.494355] (-) TimerEvent: {}
[8.525765] (interfaces) JobEnded: {'identifier': 'interfaces', 'rc': 0}
[8.529499] (dri_interfaces) JobStarted: {'identifier': 'dri_interfaces'}
[8.557856] (dri_interfaces) JobProgress: {'identifier': 'dri_interfaces', 'progress': 'cmake'}
[8.566410] (dri_interfaces) Command: {'cmd': ['/usr/bin/cmake', '/ros2_ws/src/dri_interfaces', '-DCMAKE_INSTALL_PREFIX=/ros2_ws/install/dri_interfaces'], 'cwd': '/ros2_ws/build/dri_interfaces', 'env': OrderedDict([('LESSOPEN', '| /usr/bin/lesspipe %s'), ('HOSTNAME', '86cfe8a43a6c'), ('GIT_ASKPASS', '/root/.vscode-server/bin/8b3775030ed1a69b13e4f4c628c612102e30a681/extensions/git/dist/askpass.sh'), ('SHLVL', '2'), ('LD_LIBRARY_PATH', '/ros2_ws/install/interfaces/lib:/ros2_ws/install/cerebellum_hardware/lib:/ros2_ws/install/drivers/lib:/ros2_ws/install/common/lib:/opt/ros/humble/opt/rviz_ogre_vendor/lib:/opt/ros/humble/lib/aarch64-linux-gnu:/opt/ros/humble/lib'), ('BROWSER', '/root/.vscode-server/bin/8b3775030ed1a69b13e4f4c628c612102e30a681/bin/helpers/browser.sh'), ('HOME', '/root'), ('TERM_PROGRAM_VERSION', '1.85.2'), ('VSCODE_IPC_HOOK_CLI', '/tmp/vscode-ipc-f103cb1c-6280-4c09-a958-fd01fce72c9e.sock'), ('ROS_PYTHON_VERSION', '3'), ('VSCODE_GIT_ASKPASS_MAIN', '/root/.vscode-server/bin/8b3775030ed1a69b13e4f4c628c612102e30a681/extensions/git/dist/askpass-main.js'), ('PS1', '\\[\x1b]633;A\x07\\]\\u@\\h\\[\\033[01;34m\\](cerebellum)\\[\\033[00m\\]:\\w$ \\[\x1b]633;B\x07\\]'), ('VSCODE_GIT_ASKPASS_NODE', '/root/.vscode-server/bin/8b3775030ed1a69b13e4f4c628c612102e30a681/node'), ('ROS_IP', '10.10.0.3'), ('COLORTERM', 'truecolor'), ('REMOTE_CONTAINERS', 'true'), ('COLCON_PREFIX_PATH', '/ros2_ws/install'), ('ROS_DISTRO', 'humble'), ('REMOTE_CONTAINERS_IPC', '/tmp/vscode-remote-containers-ipc-f6ce5d14-800a-4890-9f54-f78d1b815457.sock'), ('_', '/usr/bin/colcon'), ('ROS_VERSION', '2'), ('TERM', 'xterm-256color'), ('ROS_LOCALHOST_ONLY', '0'), ('PATH', '/root/.vscode-server/bin/8b3775030ed1a69b13e4f4c628c612102e30a681/bin/remote-cli:/opt/ros/humble/bin:/usr/local/sbin:/usr/local/bin:/usr/sbin:/usr/bin:/sbin:/bin'), ('REMOTE_CONTAINERS_SOCKETS', '["/tmp/vscode-ssh-auth-f6ce5d14-800a-4890-9f54-f78d1b815457.sock","/root/.gnupg/S.gpg-agent"]'), ('LANG', 'en_US.UTF-8'), ('RMW_IMPLEMENTATION', 'rmw_fastrtps_cpp'), ('LS_COLORS', 'rs=0:di=01;34:ln=01;36:mh=00:pi=40;33:so=01;35:do=01;35:bd=40;33;01:cd=40;33;01:or=40;31;01:mi=00:su=37;41:sg=30;43:ca=30;41:tw=30;42:ow=34;42:st=37;44:ex=01;32:*.tar=01;31:*.tgz=01;31:*.arc=01;31:*.arj=01;31:*.taz=01;31:*.lha=01;31:*.lz4=01;31:*.lzh=01;31:*.lzma=01;31:*.tlz=01;31:*.txz=01;31:*.tzo=01;31:*.t7z=01;31:*.zip=01;31:*.z=01;31:*.dz=01;31:*.gz=01;31:*.lrz=01;31:*.lz=01;31:*.lzo=01;31:*.xz=01;31:*.zst=01;31:*.tzst=01;31:*.bz2=01;31:*.bz=01;31:*.tbz=01;31:*.tbz2=01;31:*.tz=01;31:*.deb=01;31:*.rpm=01;31:*.jar=01;31:*.war=01;31:*.ear=01;31:*.sar=01;31:*.rar=01;31:*.alz=01;31:*.ace=01;31:*.zoo=01;31:*.cpio=01;31:*.7z=01;31:*.rz=01;31:*.cab=01;31:*.wim=01;31:*.swm=01;31:*.dwm=01;31:*.esd=01;31:*.jpg=01;35:*.jpeg=01;35:*.mjpg=01;35:*.mjpeg=01;35:*.gif=01;35:*.bmp=01;35:*.pbm=01;35:*.pgm=01;35:*.ppm=01;35:*.tga=01;35:*.xbm=01;35:*.xpm=01;35:*.tif=01;35:*.tiff=01;35:*.png=01;35:*.svg=01;35:*.svgz=01;35:*.mng=01;35:*.pcx=01;35:*.mov=01;35:*.mpg=01;35:*.mpeg=01;35:*.m2v=01;35:*.mkv=01;35:*.webm=01;35:*.webp=01;35:*.ogm=01;35:*.mp4=01;35:*.m4v=01;35:*.mp4v=01;35:*.vob=01;35:*.qt=01;35:*.nuv=01;35:*.wmv=01;35:*.asf=01;35:*.rm=01;35:*.rmvb=01;35:*.flc=01;35:*.avi=01;35:*.fli=01;35:*.flv=01;35:*.gl=01;35:*.dl=01;35:*.xcf=01;35:*.xwd=01;35:*.yuv=01;35:*.cgm=01;35:*.emf=01;35:*.ogv=01;35:*.ogx=01;35:*.aac=00;36:*.au=00;36:*.flac=00;36:*.m4a=00;36:*.mid=00;36:*.midi=00;36:*.mka=00;36:*.mp3=00;36:*.mpc=00;36:*.ogg=00;36:*.ra=00;36:*.wav=00;36:*.oga=00;36:*.opus=00;36:*.spx=00;36:*.xspf=00;36:'), ('VSCODE_GIT_IPC_HANDLE', '/tmp/vscode-git-827e2e94fd.sock'), ('TERM_PROGRAM', 'vscode'), ('SSH_AUTH_SOCK', '/tmp/vscode-ssh-auth-f6ce5d14-800a-4890-9f54-f78d1b815457.sock'), ('ROS_DOMAIN_ID', '42'), ('AMENT_PREFIX_PATH', '/ros2_ws/install/system_services:/ros2_ws/install/bringup:/ros2_ws/install/dri_interfaces:/ros2_ws/install/cerebellum_description:/ros2_ws/install/cerebellum_hardware:/ros2_ws/install/interfaces:/ros2_ws/install/drivers:/ros2_ws/install/common:/opt/ros/humble'), ('SHELL', '/bin/bash'), ('LESSCLOSE', '/usr/bin/lesspipe %s %s'), ('VSCODE_GIT_ASKPASS_EXTRA_ARGS', ''), ('PWD', '/ros2_ws/build/dri_interfaces'), ('PYTHONPATH', '/ros2_ws/build/system_services:/ros2_ws/install/system_services/lib/python3.10/site-packages:/ros2_ws/install/interfaces/local/lib/python3.10/dist-packages:/opt/ros/humble/lib/python3.10/site-packages:/opt/ros/humble/local/lib/python3.10/dist-packages'), ('ROS_HOSTNAME', '10.10.0.3'), ('COLCON', '1'), ('CMAKE_PREFIX_PATH', '/ros2_ws/install/interfaces:/ros2_ws/install/bringup:/ros2_ws/install/dri_interfaces:/ros2_ws/install/cerebellum_description:/ros2_ws/install/cerebellum_hardware:/ros2_ws/install/drivers:/ros2_ws/install/common:/ros2_ws/install/system_services:/opt/ros/humble')]), 'shell': False}
[8.594702] (-) TimerEvent: {}
[8.613712] (dri_interfaces) StdoutLine: {'line': b'-- Found ament_cmake: 1.3.14 (/opt/ros/humble/share/ament_cmake/cmake)\n'}
[8.694905] (-) TimerEvent: {}
[8.795551] (-) TimerEvent: {}
[8.896655] (-) TimerEvent: {}
[8.997272] (-) TimerEvent: {}
[9.097946] (-) TimerEvent: {}
[9.151754] (dri_interfaces) StdoutLine: {'line': b'-- Override CMake install command with custom implementation using symlinks instead of copying resources\n'}
[9.182758] (dri_interfaces) StdoutLine: {'line': b'-- Found rclcpp: 16.0.19 (/opt/ros/humble/share/rclcpp/cmake)\n'}
[9.198142] (-) TimerEvent: {}
[9.298802] (-) TimerEvent: {}
[9.333303] (dri_interfaces) StdoutLine: {'line': b'-- Found rosidl_generator_c: 3.1.9 (/opt/ros/humble/share/rosidl_generator_c/cmake)\n'}
[9.346413] (dri_interfaces) StdoutLine: {'line': b'-- Found rosidl_adapter: 3.1.9 (/opt/ros/humble/share/rosidl_adapter/cmake)\n'}
[9.371112] (dri_interfaces) StdoutLine: {'line': b'-- Found rosidl_generator_cpp: 3.1.9 (/opt/ros/humble/share/rosidl_generator_cpp/cmake)\n'}
[9.398998] (-) TimerEvent: {}
[9.415154] (dri_interfaces) StdoutLine: {'line': b'-- Using all available rosidl_typesupport_c: rosidl_typesupport_fastrtps_c;rosidl_typesupport_introspection_c\n'}
[9.467410] (dri_interfaces) StdoutLine: {'line': b'-- Using all available rosidl_typesupport_cpp: rosidl_typesupport_fastrtps_cpp;rosidl_typesupport_introspection_cpp\n'}
[9.499170] (-) TimerEvent: {}
[9.599864] (-) TimerEvent: {}
[9.655579] (dri_interfaces) StdoutLine: {'line': b'-- Found rmw_implementation_cmake: 6.1.2 (/opt/ros/humble/share/rmw_implementation_cmake/cmake)\n'}
[9.665903] (dri_interfaces) StdoutLine: {'line': b'-- Found rmw_fastrtps_cpp: 6.2.10 (/opt/ros/humble/share/rmw_fastrtps_cpp/cmake)\n'}
[9.700057] (-) TimerEvent: {}
[9.800779] (-) TimerEvent: {}
[9.901452] (-) TimerEvent: {}
[10.002175] (-) TimerEvent: {}
[10.102862] (-) TimerEvent: {}
[10.203598] (-) TimerEvent: {}
[10.268478] (dri_interfaces) StdoutLine: {'line': b"-- Using RMW implementation 'rmw_fastrtps_cpp' as default\n"}
[10.303751] (-) TimerEvent: {}
[10.404655] (-) TimerEvent: {}
[10.506386] (-) TimerEvent: {}
[10.607067] (-) TimerEvent: {}
[10.608795] (dri_interfaces) StdoutLine: {'line': b'-- Found sensor_msgs: 4.9.1 (/opt/ros/humble/share/sensor_msgs/cmake)\n'}
[10.707273] (-) TimerEvent: {}
[10.761097] (dri_interfaces) StdoutLine: {'line': b'-- Found interfaces: 0.0.0 (/ros2_ws/install/interfaces/share/interfaces/cmake)\n'}
[10.807440] (-) TimerEvent: {}
[10.908254] (-) TimerEvent: {}
[11.008864] (-) TimerEvent: {}
[11.109533] (-) TimerEvent: {}
[11.128815] (dri_interfaces) StdoutLine: {'line': b'-- Configuring done\n'}
[11.209753] (-) TimerEvent: {}
[11.217814] (dri_interfaces) StdoutLine: {'line': b'-- Generating done\n'}
[11.234389] (dri_interfaces) StdoutLine: {'line': b'-- Build files have been written to: /ros2_ws/build/dri_interfaces\n'}
[11.258572] (dri_interfaces) CommandEnded: {'returncode': 0}
[11.263291] (dri_interfaces) JobProgress: {'identifier': 'dri_interfaces', 'progress': 'build'}
[11.263722] (dri_interfaces) Command: {'cmd': ['/usr/bin/cmake', '--build', '/ros2_ws/build/dri_interfaces', '--', '-j4', '-l4'], 'cwd': '/ros2_ws/build/dri_interfaces', 'env': OrderedDict([('LESSOPEN', '| /usr/bin/lesspipe %s'), ('HOSTNAME', '86cfe8a43a6c'), ('GIT_ASKPASS', '/root/.vscode-server/bin/8b3775030ed1a69b13e4f4c628c612102e30a681/extensions/git/dist/askpass.sh'), ('SHLVL', '2'), ('LD_LIBRARY_PATH', '/ros2_ws/install/interfaces/lib:/ros2_ws/install/cerebellum_hardware/lib:/ros2_ws/install/drivers/lib:/ros2_ws/install/common/lib:/opt/ros/humble/opt/rviz_ogre_vendor/lib:/opt/ros/humble/lib/aarch64-linux-gnu:/opt/ros/humble/lib'), ('BROWSER', '/root/.vscode-server/bin/8b3775030ed1a69b13e4f4c628c612102e30a681/bin/helpers/browser.sh'), ('HOME', '/root'), ('TERM_PROGRAM_VERSION', '1.85.2'), ('VSCODE_IPC_HOOK_CLI', '/tmp/vscode-ipc-f103cb1c-6280-4c09-a958-fd01fce72c9e.sock'), ('ROS_PYTHON_VERSION', '3'), ('VSCODE_GIT_ASKPASS_MAIN', '/root/.vscode-server/bin/8b3775030ed1a69b13e4f4c628c612102e30a681/extensions/git/dist/askpass-main.js'), ('PS1', '\\[\x1b]633;A\x07\\]\\u@\\h\\[\\033[01;34m\\](cerebellum)\\[\\033[00m\\]:\\w$ \\[\x1b]633;B\x07\\]'), ('VSCODE_GIT_ASKPASS_NODE', '/root/.vscode-server/bin/8b3775030ed1a69b13e4f4c628c612102e30a681/node'), ('ROS_IP', '10.10.0.3'), ('COLORTERM', 'truecolor'), ('REMOTE_CONTAINERS', 'true'), ('COLCON_PREFIX_PATH', '/ros2_ws/install'), ('ROS_DISTRO', 'humble'), ('REMOTE_CONTAINERS_IPC', '/tmp/vscode-remote-containers-ipc-f6ce5d14-800a-4890-9f54-f78d1b815457.sock'), ('_', '/usr/bin/colcon'), ('ROS_VERSION', '2'), ('TERM', 'xterm-256color'), ('ROS_LOCALHOST_ONLY', '0'), ('PATH', '/root/.vscode-server/bin/8b3775030ed1a69b13e4f4c628c612102e30a681/bin/remote-cli:/opt/ros/humble/bin:/usr/local/sbin:/usr/local/bin:/usr/sbin:/usr/bin:/sbin:/bin'), ('REMOTE_CONTAINERS_SOCKETS', '["/tmp/vscode-ssh-auth-f6ce5d14-800a-4890-9f54-f78d1b815457.sock","/root/.gnupg/S.gpg-agent"]'), ('LANG', 'en_US.UTF-8'), ('RMW_IMPLEMENTATION', 'rmw_fastrtps_cpp'), ('LS_COLORS', 'rs=0:di=01;34:ln=01;36:mh=00:pi=40;33:so=01;35:do=01;35:bd=40;33;01:cd=40;33;01:or=40;31;01:mi=00:su=37;41:sg=30;43:ca=30;41:tw=30;42:ow=34;42:st=37;44:ex=01;32:*.tar=01;31:*.tgz=01;31:*.arc=01;31:*.arj=01;31:*.taz=01;31:*.lha=01;31:*.lz4=01;31:*.lzh=01;31:*.lzma=01;31:*.tlz=01;31:*.txz=01;31:*.tzo=01;31:*.t7z=01;31:*.zip=01;31:*.z=01;31:*.dz=01;31:*.gz=01;31:*.lrz=01;31:*.lz=01;31:*.lzo=01;31:*.xz=01;31:*.zst=01;31:*.tzst=01;31:*.bz2=01;31:*.bz=01;31:*.tbz=01;31:*.tbz2=01;31:*.tz=01;31:*.deb=01;31:*.rpm=01;31:*.jar=01;31:*.war=01;31:*.ear=01;31:*.sar=01;31:*.rar=01;31:*.alz=01;31:*.ace=01;31:*.zoo=01;31:*.cpio=01;31:*.7z=01;31:*.rz=01;31:*.cab=01;31:*.wim=01;31:*.swm=01;31:*.dwm=01;31:*.esd=01;31:*.jpg=01;35:*.jpeg=01;35:*.mjpg=01;35:*.mjpeg=01;35:*.gif=01;35:*.bmp=01;35:*.pbm=01;35:*.pgm=01;35:*.ppm=01;35:*.tga=01;35:*.xbm=01;35:*.xpm=01;35:*.tif=01;35:*.tiff=01;35:*.png=01;35:*.svg=01;35:*.svgz=01;35:*.mng=01;35:*.pcx=01;35:*.mov=01;35:*.mpg=01;35:*.mpeg=01;35:*.m2v=01;35:*.mkv=01;35:*.webm=01;35:*.webp=01;35:*.ogm=01;35:*.mp4=01;35:*.m4v=01;35:*.mp4v=01;35:*.vob=01;35:*.qt=01;35:*.nuv=01;35:*.wmv=01;35:*.asf=01;35:*.rm=01;35:*.rmvb=01;35:*.flc=01;35:*.avi=01;35:*.fli=01;35:*.flv=01;35:*.gl=01;35:*.dl=01;35:*.xcf=01;35:*.xwd=01;35:*.yuv=01;35:*.cgm=01;35:*.emf=01;35:*.ogv=01;35:*.ogx=01;35:*.aac=00;36:*.au=00;36:*.flac=00;36:*.m4a=00;36:*.mid=00;36:*.midi=00;36:*.mka=00;36:*.mp3=00;36:*.mpc=00;36:*.ogg=00;36:*.ra=00;36:*.wav=00;36:*.oga=00;36:*.opus=00;36:*.spx=00;36:*.xspf=00;36:'), ('VSCODE_GIT_IPC_HANDLE', '/tmp/vscode-git-827e2e94fd.sock'), ('TERM_PROGRAM', 'vscode'), ('SSH_AUTH_SOCK', '/tmp/vscode-ssh-auth-f6ce5d14-800a-4890-9f54-f78d1b815457.sock'), ('ROS_DOMAIN_ID', '42'), ('AMENT_PREFIX_PATH', '/ros2_ws/install/system_services:/ros2_ws/install/bringup:/ros2_ws/install/dri_interfaces:/ros2_ws/install/cerebellum_description:/ros2_ws/install/cerebellum_hardware:/ros2_ws/install/interfaces:/ros2_ws/install/drivers:/ros2_ws/install/common:/opt/ros/humble'), ('SHELL', '/bin/bash'), ('LESSCLOSE', '/usr/bin/lesspipe %s %s'), ('VSCODE_GIT_ASKPASS_EXTRA_ARGS', ''), ('PWD', '/ros2_ws/build/dri_interfaces'), ('PYTHONPATH', '/ros2_ws/build/system_services:/ros2_ws/install/system_services/lib/python3.10/site-packages:/ros2_ws/install/interfaces/local/lib/python3.10/dist-packages:/opt/ros/humble/lib/python3.10/site-packages:/opt/ros/humble/local/lib/python3.10/dist-packages'), ('ROS_HOSTNAME', '10.10.0.3'), ('COLCON', '1'), ('CMAKE_PREFIX_PATH', '/ros2_ws/install/interfaces:/ros2_ws/install/bringup:/ros2_ws/install/dri_interfaces:/ros2_ws/install/cerebellum_description:/ros2_ws/install/cerebellum_hardware:/ros2_ws/install/drivers:/ros2_ws/install/common:/ros2_ws/install/system_services:/opt/ros/humble')]), 'shell': False}
[11.309929] (-) TimerEvent: {}
[11.408205] (dri_interfaces) StdoutLine: {'line': b'\x1b[35m\x1b[1mConsolidate compiler generated dependencies of target cerebellum_dri\x1b[0m\n'}
[11.410037] (-) TimerEvent: {}
[11.510676] (-) TimerEvent: {}
[11.566527] (dri_interfaces) StdoutLine: {'line': b'[100%] Built target cerebellum_dri\n'}
[11.601947] (dri_interfaces) CommandEnded: {'returncode': 0}
[11.607129] (dri_interfaces) JobProgress: {'identifier': 'dri_interfaces', 'progress': 'install'}
[11.608877] (dri_interfaces) Command: {'cmd': ['/usr/bin/cmake', '--install', '/ros2_ws/build/dri_interfaces'], 'cwd': '/ros2_ws/build/dri_interfaces', 'env': OrderedDict([('LESSOPEN', '| /usr/bin/lesspipe %s'), ('HOSTNAME', '86cfe8a43a6c'), ('GIT_ASKPASS', '/root/.vscode-server/bin/8b3775030ed1a69b13e4f4c628c612102e30a681/extensions/git/dist/askpass.sh'), ('SHLVL', '2'), ('LD_LIBRARY_PATH', '/ros2_ws/install/interfaces/lib:/ros2_ws/install/cerebellum_hardware/lib:/ros2_ws/install/drivers/lib:/ros2_ws/install/common/lib:/opt/ros/humble/opt/rviz_ogre_vendor/lib:/opt/ros/humble/lib/aarch64-linux-gnu:/opt/ros/humble/lib'), ('BROWSER', '/root/.vscode-server/bin/8b3775030ed1a69b13e4f4c628c612102e30a681/bin/helpers/browser.sh'), ('HOME', '/root'), ('TERM_PROGRAM_VERSION', '1.85.2'), ('VSCODE_IPC_HOOK_CLI', '/tmp/vscode-ipc-f103cb1c-6280-4c09-a958-fd01fce72c9e.sock'), ('ROS_PYTHON_VERSION', '3'), ('VSCODE_GIT_ASKPASS_MAIN', '/root/.vscode-server/bin/8b3775030ed1a69b13e4f4c628c612102e30a681/extensions/git/dist/askpass-main.js'), ('PS1', '\\[\x1b]633;A\x07\\]\\u@\\h\\[\\033[01;34m\\](cerebellum)\\[\\033[00m\\]:\\w$ \\[\x1b]633;B\x07\\]'), ('VSCODE_GIT_ASKPASS_NODE', '/root/.vscode-server/bin/8b3775030ed1a69b13e4f4c628c612102e30a681/node'), ('ROS_IP', '10.10.0.3'), ('COLORTERM', 'truecolor'), ('REMOTE_CONTAINERS', 'true'), ('COLCON_PREFIX_PATH', '/ros2_ws/install'), ('ROS_DISTRO', 'humble'), ('REMOTE_CONTAINERS_IPC', '/tmp/vscode-remote-containers-ipc-f6ce5d14-800a-4890-9f54-f78d1b815457.sock'), ('_', '/usr/bin/colcon'), ('ROS_VERSION', '2'), ('TERM', 'xterm-256color'), ('ROS_LOCALHOST_ONLY', '0'), ('PATH', '/root/.vscode-server/bin/8b3775030ed1a69b13e4f4c628c612102e30a681/bin/remote-cli:/opt/ros/humble/bin:/usr/local/sbin:/usr/local/bin:/usr/sbin:/usr/bin:/sbin:/bin'), ('REMOTE_CONTAINERS_SOCKETS', '["/tmp/vscode-ssh-auth-f6ce5d14-800a-4890-9f54-f78d1b815457.sock","/root/.gnupg/S.gpg-agent"]'), ('LANG', 'en_US.UTF-8'), ('RMW_IMPLEMENTATION', 'rmw_fastrtps_cpp'), ('LS_COLORS', 'rs=0:di=01;34:ln=01;36:mh=00:pi=40;33:so=01;35:do=01;35:bd=40;33;01:cd=40;33;01:or=40;31;01:mi=00:su=37;41:sg=30;43:ca=30;41:tw=30;42:ow=34;42:st=37;44:ex=01;32:*.tar=01;31:*.tgz=01;31:*.arc=01;31:*.arj=01;31:*.taz=01;31:*.lha=01;31:*.lz4=01;31:*.lzh=01;31:*.lzma=01;31:*.tlz=01;31:*.txz=01;31:*.tzo=01;31:*.t7z=01;31:*.zip=01;31:*.z=01;31:*.dz=01;31:*.gz=01;31:*.lrz=01;31:*.lz=01;31:*.lzo=01;31:*.xz=01;31:*.zst=01;31:*.tzst=01;31:*.bz2=01;31:*.bz=01;31:*.tbz=01;31:*.tbz2=01;31:*.tz=01;31:*.deb=01;31:*.rpm=01;31:*.jar=01;31:*.war=01;31:*.ear=01;31:*.sar=01;31:*.rar=01;31:*.alz=01;31:*.ace=01;31:*.zoo=01;31:*.cpio=01;31:*.7z=01;31:*.rz=01;31:*.cab=01;31:*.wim=01;31:*.swm=01;31:*.dwm=01;31:*.esd=01;31:*.jpg=01;35:*.jpeg=01;35:*.mjpg=01;35:*.mjpeg=01;35:*.gif=01;35:*.bmp=01;35:*.pbm=01;35:*.pgm=01;35:*.ppm=01;35:*.tga=01;35:*.xbm=01;35:*.xpm=01;35:*.tif=01;35:*.tiff=01;35:*.png=01;35:*.svg=01;35:*.svgz=01;35:*.mng=01;35:*.pcx=01;35:*.mov=01;35:*.mpg=01;35:*.mpeg=01;35:*.m2v=01;35:*.mkv=01;35:*.webm=01;35:*.webp=01;35:*.ogm=01;35:*.mp4=01;35:*.m4v=01;35:*.mp4v=01;35:*.vob=01;35:*.qt=01;35:*.nuv=01;35:*.wmv=01;35:*.asf=01;35:*.rm=01;35:*.rmvb=01;35:*.flc=01;35:*.avi=01;35:*.fli=01;35:*.flv=01;35:*.gl=01;35:*.dl=01;35:*.xcf=01;35:*.xwd=01;35:*.yuv=01;35:*.cgm=01;35:*.emf=01;35:*.ogv=01;35:*.ogx=01;35:*.aac=00;36:*.au=00;36:*.flac=00;36:*.m4a=00;36:*.mid=00;36:*.midi=00;36:*.mka=00;36:*.mp3=00;36:*.mpc=00;36:*.ogg=00;36:*.ra=00;36:*.wav=00;36:*.oga=00;36:*.opus=00;36:*.spx=00;36:*.xspf=00;36:'), ('VSCODE_GIT_IPC_HANDLE', '/tmp/vscode-git-827e2e94fd.sock'), ('TERM_PROGRAM', 'vscode'), ('SSH_AUTH_SOCK', '/tmp/vscode-ssh-auth-f6ce5d14-800a-4890-9f54-f78d1b815457.sock'), ('ROS_DOMAIN_ID', '42'), ('AMENT_PREFIX_PATH', '/ros2_ws/install/system_services:/ros2_ws/install/bringup:/ros2_ws/install/dri_interfaces:/ros2_ws/install/cerebellum_description:/ros2_ws/install/cerebellum_hardware:/ros2_ws/install/interfaces:/ros2_ws/install/drivers:/ros2_ws/install/common:/opt/ros/humble'), ('SHELL', '/bin/bash'), ('LESSCLOSE', '/usr/bin/lesspipe %s %s'), ('VSCODE_GIT_ASKPASS_EXTRA_ARGS', ''), ('PWD', '/ros2_ws/build/dri_interfaces'), ('PYTHONPATH', '/ros2_ws/build/system_services:/ros2_ws/install/system_services/lib/python3.10/site-packages:/ros2_ws/install/interfaces/local/lib/python3.10/dist-packages:/opt/ros/humble/lib/python3.10/site-packages:/opt/ros/humble/local/lib/python3.10/dist-packages'), ('ROS_HOSTNAME', '10.10.0.3'), ('COLCON', '1'), ('CMAKE_PREFIX_PATH', '/ros2_ws/install/interfaces:/ros2_ws/install/bringup:/ros2_ws/install/dri_interfaces:/ros2_ws/install/cerebellum_description:/ros2_ws/install/cerebellum_hardware:/ros2_ws/install/drivers:/ros2_ws/install/common:/ros2_ws/install/system_services:/opt/ros/humble')]), 'shell': False}
[11.612988] (-) TimerEvent: {}
[11.635240] (dri_interfaces) StdoutLine: {'line': b'-- Install configuration: ""\n'}
[11.636861] (dri_interfaces) StdoutLine: {'line': b'-- Execute custom install script\n'}
[11.637909] (dri_interfaces) StdoutLine: {'line': b'-- Up-to-date symlink: /ros2_ws/install/dri_interfaces/lib/dri_interfaces/cerebellum_dri\n'}
[11.638727] (dri_interfaces) StdoutLine: {'line': b'-- Up-to-date symlink: /ros2_ws/install/dri_interfaces/share/ament_index/resource_index/package_run_dependencies/dri_interfaces\n'}
[11.640961] (dri_interfaces) StdoutLine: {'line': b'-- Up-to-date symlink: /ros2_ws/install/dri_interfaces/share/ament_index/resource_index/parent_prefix_path/dri_interfaces\n'}
[11.642223] (dri_interfaces) StdoutLine: {'line': b'-- Up-to-date symlink: /ros2_ws/install/dri_interfaces/share/dri_interfaces/environment/ament_prefix_path.sh\n'}
[11.642978] (dri_interfaces) StdoutLine: {'line': b'-- Up-to-date symlink: /ros2_ws/install/dri_interfaces/share/dri_interfaces/environment/ament_prefix_path.dsv\n'}
[11.644479] (dri_interfaces) StdoutLine: {'line': b'-- Up-to-date symlink: /ros2_ws/install/dri_interfaces/share/dri_interfaces/environment/path.sh\n'}
[11.651231] (dri_interfaces) StdoutLine: {'line': b'-- Up-to-date symlink: /ros2_ws/install/dri_interfaces/share/dri_interfaces/environment/path.dsv\n'}
[11.651779] (dri_interfaces) StdoutLine: {'line': b'-- Up-to-date symlink: /ros2_ws/install/dri_interfaces/share/dri_interfaces/local_setup.bash\n'}
[11.652231] (dri_interfaces) StdoutLine: {'line': b'-- Up-to-date symlink: /ros2_ws/install/dri_interfaces/share/dri_interfaces/local_setup.sh\n'}
[11.652655] (dri_interfaces) StdoutLine: {'line': b'-- Up-to-date symlink: /ros2_ws/install/dri_interfaces/share/dri_interfaces/local_setup.zsh\n'}
[11.653009] (dri_interfaces) StdoutLine: {'line': b'-- Up-to-date symlink: /ros2_ws/install/dri_interfaces/share/dri_interfaces/local_setup.dsv\n'}
[11.653349] (dri_interfaces) StdoutLine: {'line': b'-- Symlinking: /ros2_ws/install/dri_interfaces/share/dri_interfaces/package.dsv\n'}
[11.677643] (dri_interfaces) StdoutLine: {'line': b'-- Up-to-date symlink: /ros2_ws/install/dri_interfaces/share/ament_index/resource_index/packages/dri_interfaces\n'}
[11.679024] (dri_interfaces) StdoutLine: {'line': b'-- Up-to-date symlink: /ros2_ws/install/dri_interfaces/share/dri_interfaces/cmake/dri_interfacesConfig.cmake\n'}
[11.679773] (dri_interfaces) StdoutLine: {'line': b'-- Up-to-date symlink: /ros2_ws/install/dri_interfaces/share/dri_interfaces/cmake/dri_interfacesConfig-version.cmake\n'}
[11.680457] (dri_interfaces) StdoutLine: {'line': b'-- Up-to-date symlink: /ros2_ws/install/dri_interfaces/share/dri_interfaces/package.xml\n'}
[11.685758] (dri_interfaces) CommandEnded: {'returncode': 0}
[11.713615] (-) TimerEvent: {}
[11.745999] (dri_interfaces) JobEnded: {'identifier': 'dri_interfaces', 'rc': 0}
[11.750034] (bringup) JobStarted: {'identifier': 'bringup'}
[11.780616] (bringup) JobProgress: {'identifier': 'bringup', 'progress': 'cmake'}
[11.787137] (bringup) Command: {'cmd': ['/usr/bin/cmake', '/ros2_ws/src/bringup', '-DCMAKE_INSTALL_PREFIX=/ros2_ws/install/bringup'], 'cwd': '/ros2_ws/build/bringup', 'env': OrderedDict([('LESSOPEN', '| /usr/bin/lesspipe %s'), ('HOSTNAME', '86cfe8a43a6c'), ('GIT_ASKPASS', '/root/.vscode-server/bin/8b3775030ed1a69b13e4f4c628c612102e30a681/extensions/git/dist/askpass.sh'), ('SHLVL', '2'), ('LD_LIBRARY_PATH', '/ros2_ws/install/interfaces/lib:/ros2_ws/install/cerebellum_hardware/lib:/ros2_ws/install/drivers/lib:/ros2_ws/install/common/lib:/opt/ros/humble/opt/rviz_ogre_vendor/lib:/opt/ros/humble/lib/aarch64-linux-gnu:/opt/ros/humble/lib'), ('BROWSER', '/root/.vscode-server/bin/8b3775030ed1a69b13e4f4c628c612102e30a681/bin/helpers/browser.sh'), ('HOME', '/root'), ('TERM_PROGRAM_VERSION', '1.85.2'), ('VSCODE_IPC_HOOK_CLI', '/tmp/vscode-ipc-f103cb1c-6280-4c09-a958-fd01fce72c9e.sock'), ('ROS_PYTHON_VERSION', '3'), ('VSCODE_GIT_ASKPASS_MAIN', '/root/.vscode-server/bin/8b3775030ed1a69b13e4f4c628c612102e30a681/extensions/git/dist/askpass-main.js'), ('PS1', '\\[\x1b]633;A\x07\\]\\u@\\h\\[\\033[01;34m\\](cerebellum)\\[\\033[00m\\]:\\w$ \\[\x1b]633;B\x07\\]'), ('VSCODE_GIT_ASKPASS_NODE', '/root/.vscode-server/bin/8b3775030ed1a69b13e4f4c628c612102e30a681/node'), ('ROS_IP', '10.10.0.3'), ('COLORTERM', 'truecolor'), ('REMOTE_CONTAINERS', 'true'), ('COLCON_PREFIX_PATH', '/ros2_ws/install'), ('ROS_DISTRO', 'humble'), ('REMOTE_CONTAINERS_IPC', '/tmp/vscode-remote-containers-ipc-f6ce5d14-800a-4890-9f54-f78d1b815457.sock'), ('_', '/usr/bin/colcon'), ('ROS_VERSION', '2'), ('TERM', 'xterm-256color'), ('ROS_LOCALHOST_ONLY', '0'), ('PATH', '/root/.vscode-server/bin/8b3775030ed1a69b13e4f4c628c612102e30a681/bin/remote-cli:/opt/ros/humble/bin:/usr/local/sbin:/usr/local/bin:/usr/sbin:/usr/bin:/sbin:/bin'), ('REMOTE_CONTAINERS_SOCKETS', '["/tmp/vscode-ssh-auth-f6ce5d14-800a-4890-9f54-f78d1b815457.sock","/root/.gnupg/S.gpg-agent"]'), ('LANG', 'en_US.UTF-8'), ('RMW_IMPLEMENTATION', 'rmw_fastrtps_cpp'), ('LS_COLORS', 'rs=0:di=01;34:ln=01;36:mh=00:pi=40;33:so=01;35:do=01;35:bd=40;33;01:cd=40;33;01:or=40;31;01:mi=00:su=37;41:sg=30;43:ca=30;41:tw=30;42:ow=34;42:st=37;44:ex=01;32:*.tar=01;31:*.tgz=01;31:*.arc=01;31:*.arj=01;31:*.taz=01;31:*.lha=01;31:*.lz4=01;31:*.lzh=01;31:*.lzma=01;31:*.tlz=01;31:*.txz=01;31:*.tzo=01;31:*.t7z=01;31:*.zip=01;31:*.z=01;31:*.dz=01;31:*.gz=01;31:*.lrz=01;31:*.lz=01;31:*.lzo=01;31:*.xz=01;31:*.zst=01;31:*.tzst=01;31:*.bz2=01;31:*.bz=01;31:*.tbz=01;31:*.tbz2=01;31:*.tz=01;31:*.deb=01;31:*.rpm=01;31:*.jar=01;31:*.war=01;31:*.ear=01;31:*.sar=01;31:*.rar=01;31:*.alz=01;31:*.ace=01;31:*.zoo=01;31:*.cpio=01;31:*.7z=01;31:*.rz=01;31:*.cab=01;31:*.wim=01;31:*.swm=01;31:*.dwm=01;31:*.esd=01;31:*.jpg=01;35:*.jpeg=01;35:*.mjpg=01;35:*.mjpeg=01;35:*.gif=01;35:*.bmp=01;35:*.pbm=01;35:*.pgm=01;35:*.ppm=01;35:*.tga=01;35:*.xbm=01;35:*.xpm=01;35:*.tif=01;35:*.tiff=01;35:*.png=01;35:*.svg=01;35:*.svgz=01;35:*.mng=01;35:*.pcx=01;35:*.mov=01;35:*.mpg=01;35:*.mpeg=01;35:*.m2v=01;35:*.mkv=01;35:*.webm=01;35:*.webp=01;35:*.ogm=01;35:*.mp4=01;35:*.m4v=01;35:*.mp4v=01;35:*.vob=01;35:*.qt=01;35:*.nuv=01;35:*.wmv=01;35:*.asf=01;35:*.rm=01;35:*.rmvb=01;35:*.flc=01;35:*.avi=01;35:*.fli=01;35:*.flv=01;35:*.gl=01;35:*.dl=01;35:*.xcf=01;35:*.xwd=01;35:*.yuv=01;35:*.cgm=01;35:*.emf=01;35:*.ogv=01;35:*.ogx=01;35:*.aac=00;36:*.au=00;36:*.flac=00;36:*.m4a=00;36:*.mid=00;36:*.midi=00;36:*.mka=00;36:*.mp3=00;36:*.mpc=00;36:*.ogg=00;36:*.ra=00;36:*.wav=00;36:*.oga=00;36:*.opus=00;36:*.spx=00;36:*.xspf=00;36:'), ('VSCODE_GIT_IPC_HANDLE', '/tmp/vscode-git-827e2e94fd.sock'), ('TERM_PROGRAM', 'vscode'), ('SSH_AUTH_SOCK', '/tmp/vscode-ssh-auth-f6ce5d14-800a-4890-9f54-f78d1b815457.sock'), ('ROS_DOMAIN_ID', '42'), ('AMENT_PREFIX_PATH', '/ros2_ws/install/system_services:/ros2_ws/install/bringup:/ros2_ws/install/dri_interfaces:/ros2_ws/install/cerebellum_description:/ros2_ws/install/cerebellum_hardware:/ros2_ws/install/interfaces:/ros2_ws/install/drivers:/ros2_ws/install/common:/opt/ros/humble'), ('SHELL', '/bin/bash'), ('LESSCLOSE', '/usr/bin/lesspipe %s %s'), ('VSCODE_GIT_ASKPASS_EXTRA_ARGS', ''), ('PWD', '/ros2_ws/build/bringup'), ('PYTHONPATH', '/ros2_ws/build/system_services:/ros2_ws/install/system_services/lib/python3.10/site-packages:/ros2_ws/install/interfaces/local/lib/python3.10/dist-packages:/opt/ros/humble/lib/python3.10/site-packages:/opt/ros/humble/local/lib/python3.10/dist-packages'), ('ROS_HOSTNAME', '10.10.0.3'), ('COLCON', '1'), ('CMAKE_PREFIX_PATH', '/ros2_ws/install/dri_interfaces:/ros2_ws/install/interfaces:/ros2_ws/install/bringup:/ros2_ws/install/cerebellum_description:/ros2_ws/install/cerebellum_hardware:/ros2_ws/install/drivers:/ros2_ws/install/common:/ros2_ws/install/system_services:/opt/ros/humble')]), 'shell': False}
[11.813797] (-) TimerEvent: {}
[11.834370] (bringup) StdoutLine: {'line': b'-- Found ament_cmake: 1.3.14 (/opt/ros/humble/share/ament_cmake/cmake)\n'}
[11.913980] (-) TimerEvent: {}
[12.014639] (-) TimerEvent: {}
[12.115661] (-) TimerEvent: {}
[12.216345] (-) TimerEvent: {}
[12.317018] (-) TimerEvent: {}
[12.346429] (bringup) StdoutLine: {'line': b'-- Override CMake install command with custom implementation using symlinks instead of copying resources\n'}
[12.417220] (-) TimerEvent: {}
[12.517828] (-) TimerEvent: {}
[12.618590] (-) TimerEvent: {}
[12.670132] (bringup) StdoutLine: {'line': b'-- Configuring done\n'}
[12.691282] (bringup) StdoutLine: {'line': b'-- Generating done\n'}
[12.718826] (-) TimerEvent: {}
[12.723542] (bringup) StdoutLine: {'line': b'-- Build files have been written to: /ros2_ws/build/bringup\n'}
[12.735510] (bringup) CommandEnded: {'returncode': 0}
[12.737673] (bringup) JobProgress: {'identifier': 'bringup', 'progress': 'build'}
[12.738522] (bringup) Command: {'cmd': ['/usr/bin/cmake', '--build', '/ros2_ws/build/bringup', '--', '-j4', '-l4'], 'cwd': '/ros2_ws/build/bringup', 'env': OrderedDict([('LESSOPEN', '| /usr/bin/lesspipe %s'), ('HOSTNAME', '86cfe8a43a6c'), ('GIT_ASKPASS', '/root/.vscode-server/bin/8b3775030ed1a69b13e4f4c628c612102e30a681/extensions/git/dist/askpass.sh'), ('SHLVL', '2'), ('LD_LIBRARY_PATH', '/ros2_ws/install/interfaces/lib:/ros2_ws/install/cerebellum_hardware/lib:/ros2_ws/install/drivers/lib:/ros2_ws/install/common/lib:/opt/ros/humble/opt/rviz_ogre_vendor/lib:/opt/ros/humble/lib/aarch64-linux-gnu:/opt/ros/humble/lib'), ('BROWSER', '/root/.vscode-server/bin/8b3775030ed1a69b13e4f4c628c612102e30a681/bin/helpers/browser.sh'), ('HOME', '/root'), ('TERM_PROGRAM_VERSION', '1.85.2'), ('VSCODE_IPC_HOOK_CLI', '/tmp/vscode-ipc-f103cb1c-6280-4c09-a958-fd01fce72c9e.sock'), ('ROS_PYTHON_VERSION', '3'), ('VSCODE_GIT_ASKPASS_MAIN', '/root/.vscode-server/bin/8b3775030ed1a69b13e4f4c628c612102e30a681/extensions/git/dist/askpass-main.js'), ('PS1', '\\[\x1b]633;A\x07\\]\\u@\\h\\[\\033[01;34m\\](cerebellum)\\[\\033[00m\\]:\\w$ \\[\x1b]633;B\x07\\]'), ('VSCODE_GIT_ASKPASS_NODE', '/root/.vscode-server/bin/8b3775030ed1a69b13e4f4c628c612102e30a681/node'), ('ROS_IP', '10.10.0.3'), ('COLORTERM', 'truecolor'), ('REMOTE_CONTAINERS', 'true'), ('COLCON_PREFIX_PATH', '/ros2_ws/install'), ('ROS_DISTRO', 'humble'), ('REMOTE_CONTAINERS_IPC', '/tmp/vscode-remote-containers-ipc-f6ce5d14-800a-4890-9f54-f78d1b815457.sock'), ('_', '/usr/bin/colcon'), ('ROS_VERSION', '2'), ('TERM', 'xterm-256color'), ('ROS_LOCALHOST_ONLY', '0'), ('PATH', '/root/.vscode-server/bin/8b3775030ed1a69b13e4f4c628c612102e30a681/bin/remote-cli:/opt/ros/humble/bin:/usr/local/sbin:/usr/local/bin:/usr/sbin:/usr/bin:/sbin:/bin'), ('REMOTE_CONTAINERS_SOCKETS', '["/tmp/vscode-ssh-auth-f6ce5d14-800a-4890-9f54-f78d1b815457.sock","/root/.gnupg/S.gpg-agent"]'), ('LANG', 'en_US.UTF-8'), ('RMW_IMPLEMENTATION', 'rmw_fastrtps_cpp'), ('LS_COLORS', 'rs=0:di=01;34:ln=01;36:mh=00:pi=40;33:so=01;35:do=01;35:bd=40;33;01:cd=40;33;01:or=40;31;01:mi=00:su=37;41:sg=30;43:ca=30;41:tw=30;42:ow=34;42:st=37;44:ex=01;32:*.tar=01;31:*.tgz=01;31:*.arc=01;31:*.arj=01;31:*.taz=01;31:*.lha=01;31:*.lz4=01;31:*.lzh=01;31:*.lzma=01;31:*.tlz=01;31:*.txz=01;31:*.tzo=01;31:*.t7z=01;31:*.zip=01;31:*.z=01;31:*.dz=01;31:*.gz=01;31:*.lrz=01;31:*.lz=01;31:*.lzo=01;31:*.xz=01;31:*.zst=01;31:*.tzst=01;31:*.bz2=01;31:*.bz=01;31:*.tbz=01;31:*.tbz2=01;31:*.tz=01;31:*.deb=01;31:*.rpm=01;31:*.jar=01;31:*.war=01;31:*.ear=01;31:*.sar=01;31:*.rar=01;31:*.alz=01;31:*.ace=01;31:*.zoo=01;31:*.cpio=01;31:*.7z=01;31:*.rz=01;31:*.cab=01;31:*.wim=01;31:*.swm=01;31:*.dwm=01;31:*.esd=01;31:*.jpg=01;35:*.jpeg=01;35:*.mjpg=01;35:*.mjpeg=01;35:*.gif=01;35:*.bmp=01;35:*.pbm=01;35:*.pgm=01;35:*.ppm=01;35:*.tga=01;35:*.xbm=01;35:*.xpm=01;35:*.tif=01;35:*.tiff=01;35:*.png=01;35:*.svg=01;35:*.svgz=01;35:*.mng=01;35:*.pcx=01;35:*.mov=01;35:*.mpg=01;35:*.mpeg=01;35:*.m2v=01;35:*.mkv=01;35:*.webm=01;35:*.webp=01;35:*.ogm=01;35:*.mp4=01;35:*.m4v=01;35:*.mp4v=01;35:*.vob=01;35:*.qt=01;35:*.nuv=01;35:*.wmv=01;35:*.asf=01;35:*.rm=01;35:*.rmvb=01;35:*.flc=01;35:*.avi=01;35:*.fli=01;35:*.flv=01;35:*.gl=01;35:*.dl=01;35:*.xcf=01;35:*.xwd=01;35:*.yuv=01;35:*.cgm=01;35:*.emf=01;35:*.ogv=01;35:*.ogx=01;35:*.aac=00;36:*.au=00;36:*.flac=00;36:*.m4a=00;36:*.mid=00;36:*.midi=00;36:*.mka=00;36:*.mp3=00;36:*.mpc=00;36:*.ogg=00;36:*.ra=00;36:*.wav=00;36:*.oga=00;36:*.opus=00;36:*.spx=00;36:*.xspf=00;36:'), ('VSCODE_GIT_IPC_HANDLE', '/tmp/vscode-git-827e2e94fd.sock'), ('TERM_PROGRAM', 'vscode'), ('SSH_AUTH_SOCK', '/tmp/vscode-ssh-auth-f6ce5d14-800a-4890-9f54-f78d1b815457.sock'), ('ROS_DOMAIN_ID', '42'), ('AMENT_PREFIX_PATH', '/ros2_ws/install/system_services:/ros2_ws/install/bringup:/ros2_ws/install/dri_interfaces:/ros2_ws/install/cerebellum_description:/ros2_ws/install/cerebellum_hardware:/ros2_ws/install/interfaces:/ros2_ws/install/drivers:/ros2_ws/install/common:/opt/ros/humble'), ('SHELL', '/bin/bash'), ('LESSCLOSE', '/usr/bin/lesspipe %s %s'), ('VSCODE_GIT_ASKPASS_EXTRA_ARGS', ''), ('PWD', '/ros2_ws/build/bringup'), ('PYTHONPATH', '/ros2_ws/build/system_services:/ros2_ws/install/system_services/lib/python3.10/site-packages:/ros2_ws/install/interfaces/local/lib/python3.10/dist-packages:/opt/ros/humble/lib/python3.10/site-packages:/opt/ros/humble/local/lib/python3.10/dist-packages'), ('ROS_HOSTNAME', '10.10.0.3'), ('COLCON', '1'), ('CMAKE_PREFIX_PATH', '/ros2_ws/install/dri_interfaces:/ros2_ws/install/interfaces:/ros2_ws/install/bringup:/ros2_ws/install/cerebellum_description:/ros2_ws/install/cerebellum_hardware:/ros2_ws/install/drivers:/ros2_ws/install/common:/ros2_ws/install/system_services:/opt/ros/humble')]), 'shell': False}
[12.819052] (-) TimerEvent: {}
[12.853879] (bringup) CommandEnded: {'returncode': 0}
[12.857954] (bringup) JobProgress: {'identifier': 'bringup', 'progress': 'install'}
[12.859166] (bringup) Command: {'cmd': ['/usr/bin/cmake', '--install', '/ros2_ws/build/bringup'], 'cwd': '/ros2_ws/build/bringup', 'env': OrderedDict([('LESSOPEN', '| /usr/bin/lesspipe %s'), ('HOSTNAME', '86cfe8a43a6c'), ('GIT_ASKPASS', '/root/.vscode-server/bin/8b3775030ed1a69b13e4f4c628c612102e30a681/extensions/git/dist/askpass.sh'), ('SHLVL', '2'), ('LD_LIBRARY_PATH', '/ros2_ws/install/interfaces/lib:/ros2_ws/install/cerebellum_hardware/lib:/ros2_ws/install/drivers/lib:/ros2_ws/install/common/lib:/opt/ros/humble/opt/rviz_ogre_vendor/lib:/opt/ros/humble/lib/aarch64-linux-gnu:/opt/ros/humble/lib'), ('BROWSER', '/root/.vscode-server/bin/8b3775030ed1a69b13e4f4c628c612102e30a681/bin/helpers/browser.sh'), ('HOME', '/root'), ('TERM_PROGRAM_VERSION', '1.85.2'), ('VSCODE_IPC_HOOK_CLI', '/tmp/vscode-ipc-f103cb1c-6280-4c09-a958-fd01fce72c9e.sock'), ('ROS_PYTHON_VERSION', '3'), ('VSCODE_GIT_ASKPASS_MAIN', '/root/.vscode-server/bin/8b3775030ed1a69b13e4f4c628c612102e30a681/extensions/git/dist/askpass-main.js'), ('PS1', '\\[\x1b]633;A\x07\\]\\u@\\h\\[\\033[01;34m\\](cerebellum)\\[\\033[00m\\]:\\w$ \\[\x1b]633;B\x07\\]'), ('VSCODE_GIT_ASKPASS_NODE', '/root/.vscode-server/bin/8b3775030ed1a69b13e4f4c628c612102e30a681/node'), ('ROS_IP', '10.10.0.3'), ('COLORTERM', 'truecolor'), ('REMOTE_CONTAINERS', 'true'), ('COLCON_PREFIX_PATH', '/ros2_ws/install'), ('ROS_DISTRO', 'humble'), ('REMOTE_CONTAINERS_IPC', '/tmp/vscode-remote-containers-ipc-f6ce5d14-800a-4890-9f54-f78d1b815457.sock'), ('_', '/usr/bin/colcon'), ('ROS_VERSION', '2'), ('TERM', 'xterm-256color'), ('ROS_LOCALHOST_ONLY', '0'), ('PATH', '/root/.vscode-server/bin/8b3775030ed1a69b13e4f4c628c612102e30a681/bin/remote-cli:/opt/ros/humble/bin:/usr/local/sbin:/usr/local/bin:/usr/sbin:/usr/bin:/sbin:/bin'), ('REMOTE_CONTAINERS_SOCKETS', '["/tmp/vscode-ssh-auth-f6ce5d14-800a-4890-9f54-f78d1b815457.sock","/root/.gnupg/S.gpg-agent"]'), ('LANG', 'en_US.UTF-8'), ('RMW_IMPLEMENTATION', 'rmw_fastrtps_cpp'), ('LS_COLORS', 'rs=0:di=01;34:ln=01;36:mh=00:pi=40;33:so=01;35:do=01;35:bd=40;33;01:cd=40;33;01:or=40;31;01:mi=00:su=37;41:sg=30;43:ca=30;41:tw=30;42:ow=34;42:st=37;44:ex=01;32:*.tar=01;31:*.tgz=01;31:*.arc=01;31:*.arj=01;31:*.taz=01;31:*.lha=01;31:*.lz4=01;31:*.lzh=01;31:*.lzma=01;31:*.tlz=01;31:*.txz=01;31:*.tzo=01;31:*.t7z=01;31:*.zip=01;31:*.z=01;31:*.dz=01;31:*.gz=01;31:*.lrz=01;31:*.lz=01;31:*.lzo=01;31:*.xz=01;31:*.zst=01;31:*.tzst=01;31:*.bz2=01;31:*.bz=01;31:*.tbz=01;31:*.tbz2=01;31:*.tz=01;31:*.deb=01;31:*.rpm=01;31:*.jar=01;31:*.war=01;31:*.ear=01;31:*.sar=01;31:*.rar=01;31:*.alz=01;31:*.ace=01;31:*.zoo=01;31:*.cpio=01;31:*.7z=01;31:*.rz=01;31:*.cab=01;31:*.wim=01;31:*.swm=01;31:*.dwm=01;31:*.esd=01;31:*.jpg=01;35:*.jpeg=01;35:*.mjpg=01;35:*.mjpeg=01;35:*.gif=01;35:*.bmp=01;35:*.pbm=01;35:*.pgm=01;35:*.ppm=01;35:*.tga=01;35:*.xbm=01;35:*.xpm=01;35:*.tif=01;35:*.tiff=01;35:*.png=01;35:*.svg=01;35:*.svgz=01;35:*.mng=01;35:*.pcx=01;35:*.mov=01;35:*.mpg=01;35:*.mpeg=01;35:*.m2v=01;35:*.mkv=01;35:*.webm=01;35:*.webp=01;35:*.ogm=01;35:*.mp4=01;35:*.m4v=01;35:*.mp4v=01;35:*.vob=01;35:*.qt=01;35:*.nuv=01;35:*.wmv=01;35:*.asf=01;35:*.rm=01;35:*.rmvb=01;35:*.flc=01;35:*.avi=01;35:*.fli=01;35:*.flv=01;35:*.gl=01;35:*.dl=01;35:*.xcf=01;35:*.xwd=01;35:*.yuv=01;35:*.cgm=01;35:*.emf=01;35:*.ogv=01;35:*.ogx=01;35:*.aac=00;36:*.au=00;36:*.flac=00;36:*.m4a=00;36:*.mid=00;36:*.midi=00;36:*.mka=00;36:*.mp3=00;36:*.mpc=00;36:*.ogg=00;36:*.ra=00;36:*.wav=00;36:*.oga=00;36:*.opus=00;36:*.spx=00;36:*.xspf=00;36:'), ('VSCODE_GIT_IPC_HANDLE', '/tmp/vscode-git-827e2e94fd.sock'), ('TERM_PROGRAM', 'vscode'), ('SSH_AUTH_SOCK', '/tmp/vscode-ssh-auth-f6ce5d14-800a-4890-9f54-f78d1b815457.sock'), ('ROS_DOMAIN_ID', '42'), ('AMENT_PREFIX_PATH', '/ros2_ws/install/system_services:/ros2_ws/install/bringup:/ros2_ws/install/dri_interfaces:/ros2_ws/install/cerebellum_description:/ros2_ws/install/cerebellum_hardware:/ros2_ws/install/interfaces:/ros2_ws/install/drivers:/ros2_ws/install/common:/opt/ros/humble'), ('SHELL', '/bin/bash'), ('LESSCLOSE', '/usr/bin/lesspipe %s %s'), ('VSCODE_GIT_ASKPASS_EXTRA_ARGS', ''), ('PWD', '/ros2_ws/build/bringup'), ('PYTHONPATH', '/ros2_ws/build/system_services:/ros2_ws/install/system_services/lib/python3.10/site-packages:/ros2_ws/install/interfaces/local/lib/python3.10/dist-packages:/opt/ros/humble/lib/python3.10/site-packages:/opt/ros/humble/local/lib/python3.10/dist-packages'), ('ROS_HOSTNAME', '10.10.0.3'), ('COLCON', '1'), ('CMAKE_PREFIX_PATH', '/ros2_ws/install/dri_interfaces:/ros2_ws/install/interfaces:/ros2_ws/install/bringup:/ros2_ws/install/cerebellum_description:/ros2_ws/install/cerebellum_hardware:/ros2_ws/install/drivers:/ros2_ws/install/common:/ros2_ws/install/system_services:/opt/ros/humble')]), 'shell': False}
[12.884206] (bringup) StdoutLine: {'line': b'-- Install configuration: ""\n'}
[12.885625] (bringup) StdoutLine: {'line': b'-- Execute custom install script\n'}
[12.886760] (bringup) StdoutLine: {'line': b'-- Up-to-date symlink: /ros2_ws/install/bringup/share/bringup/launch/cerebellum_bringup.launch.py\n'}
[12.887428] (bringup) StdoutLine: {'line': b'-- Up-to-date symlink: /ros2_ws/install/bringup/share/ament_index/resource_index/package_run_dependencies/bringup\n'}
[12.889365] (bringup) StdoutLine: {'line': b'-- Up-to-date symlink: /ros2_ws/install/bringup/share/ament_index/resource_index/parent_prefix_path/bringup\n'}
[12.890071] (bringup) StdoutLine: {'line': b'-- Up-to-date symlink: /ros2_ws/install/bringup/share/bringup/environment/ament_prefix_path.sh\n'}
[12.892074] (bringup) StdoutLine: {'line': b'-- Up-to-date symlink: /ros2_ws/install/bringup/share/bringup/environment/ament_prefix_path.dsv\n'}
[12.892890] (bringup) StdoutLine: {'line': b'-- Up-to-date symlink: /ros2_ws/install/bringup/share/bringup/environment/path.sh\n'}
[12.893469] (bringup) StdoutLine: {'line': b'-- Up-to-date symlink: /ros2_ws/install/bringup/share/bringup/environment/path.dsv\n'}
[12.894008] (bringup) StdoutLine: {'line': b'-- Up-to-date symlink: /ros2_ws/install/bringup/share/bringup/local_setup.bash\n'}
[12.899824] (bringup) StdoutLine: {'line': b'-- Up-to-date symlink: /ros2_ws/install/bringup/share/bringup/local_setup.sh\n'}
[12.900338] (bringup) StdoutLine: {'line': b'-- Up-to-date symlink: /ros2_ws/install/bringup/share/bringup/local_setup.zsh\n'}
[12.900781] (bringup) StdoutLine: {'line': b'-- Up-to-date symlink: /ros2_ws/install/bringup/share/bringup/local_setup.dsv\n'}
[12.901212] (bringup) StdoutLine: {'line': b'-- Symlinking: /ros2_ws/install/bringup/share/bringup/package.dsv\n'}
[12.919226] (-) TimerEvent: {}
[12.929104] (bringup) StdoutLine: {'line': b'-- Up-to-date symlink: /ros2_ws/install/bringup/share/ament_index/resource_index/packages/bringup\n'}
[12.930660] (bringup) StdoutLine: {'line': b'-- Up-to-date symlink: /ros2_ws/install/bringup/share/bringup/cmake/bringupConfig.cmake\n'}
[12.931098] (bringup) StdoutLine: {'line': b'-- Up-to-date symlink: /ros2_ws/install/bringup/share/bringup/cmake/bringupConfig-version.cmake\n'}
[12.931488] (bringup) StdoutLine: {'line': b'-- Up-to-date symlink: /ros2_ws/install/bringup/share/bringup/package.xml\n'}
[12.935991] (bringup) CommandEnded: {'returncode': 0}
[12.992463] (bringup) JobEnded: {'identifier': 'bringup', 'rc': 0}
[12.995134] (-) EventReactorShutdown: {}
