[0.562s] [34mcolcon[0m [1;30mDEBUG[0m [32mCommand line arguments: ['/usr/bin/colcon', 'build'][0m
[0.562s] [34mcolcon[0m [1;30mDEBUG[0m [32mParsed command line arguments: Namespace(log_base=None, log_level=None, verb_name='build', build_base='build', install_base='install', merge_install=False, symlink_install=False, test_result_base=None, continue_on_error=False, executor='parallel', parallel_workers=4, event_handlers=None, ignore_user_meta=False, metas=['./colcon.meta'], base_paths=['.'], packages_ignore=None, packages_ignore_regex=None, paths=None, packages_up_to=None, packages_up_to_regex=None, packages_above=None, packages_above_and_dependencies=None, packages_above_depth=None, packages_select_by_dep=None, packages_skip_by_dep=None, packages_skip_up_to=None, packages_select_build_failed=False, packages_skip_build_finished=False, packages_select_test_failures=False, packages_skip_test_passed=False, packages_select=None, packages_skip=None, packages_select_regex=None, packages_skip_regex=None, packages_start=None, packages_end=None, allow_overriding=[], cmake_args=None, cmake_target=None, cmake_target_skip_unavailable=False, cmake_clean_cache=False, cmake_clean_first=False, cmake_force_configure=False, ament_cmake_args=None, catkin_cmake_args=None, catkin_skip_building_tests=False, verb_parser=<colcon_defaults.argument_parser.defaults.DefaultArgumentsDecorator object at 0x7f780ca050>, verb_extension=<colcon_core.verb.build.BuildVerb object at 0x7f7826b670>, main=<bound method BuildVerb.main of <colcon_core.verb.build.BuildVerb object at 0x7f7826b670>>)[0m
[1.547s] [34mcolcon.colcon_core.package_discovery[0m [1;30mLevel 1[0m discover_packages(colcon_meta) check parameters
[1.547s] [34mcolcon.colcon_core.package_discovery[0m [1;30mLevel 1[0m discover_packages(recursive) check parameters
[1.548s] [34mcolcon.colcon_core.package_discovery[0m [1;30mLevel 1[0m discover_packages(ignore) check parameters
[1.548s] [34mcolcon.colcon_core.package_discovery[0m [1;30mLevel 1[0m discover_packages(path) check parameters
[1.548s] [34mcolcon.colcon_core.package_discovery[0m [1;30mLevel 1[0m discover_packages(colcon_meta) discover
[1.548s] [34mcolcon.colcon_core.package_discovery[0m [1;30mLevel 1[0m discover_packages(recursive) discover
[1.548s] [34mcolcon.colcon_core.package_discovery[0m [1;30mINFO[0m Crawling recursively for packages in '/ros2_ws'
[1.549s] [34mcolcon.colcon_core.package_identification[0m [1;30mLevel 1[0m _identify(.) by extensions ['ignore', 'ignore_ament_install']
[1.549s] [34mcolcon.colcon_core.package_identification[0m [1;30mLevel 1[0m _identify(.) by extension 'ignore'
[1.550s] [34mcolcon.colcon_core.package_identification[0m [1;30mLevel 1[0m _identify(.) by extension 'ignore_ament_install'
[1.550s] [34mcolcon.colcon_core.package_identification[0m [1;30mLevel 1[0m _identify(.) by extensions ['colcon_pkg']
[1.550s] [34mcolcon.colcon_core.package_identification[0m [1;30mLevel 1[0m _identify(.) by extension 'colcon_pkg'
[1.551s] [34mcolcon.colcon_core.package_identification[0m [1;30mLevel 1[0m _identify(.) by extensions ['colcon_meta']
[1.551s] [34mcolcon.colcon_core.package_identification[0m [1;30mLevel 1[0m _identify(.) by extension 'colcon_meta'
[1.551s] [34mcolcon.colcon_core.package_identification[0m [1;30mLevel 1[0m _identify(.) by extensions ['ros']
[1.551s] [34mcolcon.colcon_core.package_identification[0m [1;30mLevel 1[0m _identify(.) by extension 'ros'
[1.608s] [34mcolcon.colcon_core.package_identification[0m [1;30mLevel 1[0m _identify(.) by extensions ['cmake', 'python']
[1.608s] [34mcolcon.colcon_core.package_identification[0m [1;30mLevel 1[0m _identify(.) by extension 'cmake'
[1.608s] [34mcolcon.colcon_core.package_identification[0m [1;30mLevel 1[0m _identify(.) by extension 'python'
[1.609s] [34mcolcon.colcon_core.package_identification[0m [1;30mLevel 1[0m _identify(.) by extensions ['python_setup_py']
[1.609s] [34mcolcon.colcon_core.package_identification[0m [1;30mLevel 1[0m _identify(.) by extension 'python_setup_py'
[1.610s] [34mcolcon.colcon_core.package_identification[0m [1;30mLevel 1[0m _identify(build) by extensions ['ignore', 'ignore_ament_install']
[1.610s] [34mcolcon.colcon_core.package_identification[0m [1;30mLevel 1[0m _identify(build) by extension 'ignore'
[1.610s] [34mcolcon.colcon_core.package_identification[0m [1;30mLevel 1[0m _identify(build) ignored
[1.611s] [34mcolcon.colcon_core.package_identification[0m [1;30mLevel 1[0m _identify(debug) by extensions ['ignore', 'ignore_ament_install']
[1.611s] [34mcolcon.colcon_core.package_identification[0m [1;30mLevel 1[0m _identify(debug) by extension 'ignore'
[1.612s] [34mcolcon.colcon_core.package_identification[0m [1;30mLevel 1[0m _identify(debug) by extension 'ignore_ament_install'
[1.612s] [34mcolcon.colcon_core.package_identification[0m [1;30mLevel 1[0m _identify(debug) by extensions ['colcon_pkg']
[1.612s] [34mcolcon.colcon_core.package_identification[0m [1;30mLevel 1[0m _identify(debug) by extension 'colcon_pkg'
[1.613s] [34mcolcon.colcon_core.package_identification[0m [1;30mLevel 1[0m _identify(debug) by extensions ['colcon_meta']
[1.613s] [34mcolcon.colcon_core.package_identification[0m [1;30mLevel 1[0m _identify(debug) by extension 'colcon_meta'
[1.613s] [34mcolcon.colcon_core.package_identification[0m [1;30mLevel 1[0m _identify(debug) by extensions ['ros']
[1.613s] [34mcolcon.colcon_core.package_identification[0m [1;30mLevel 1[0m _identify(debug) by extension 'ros'
[1.614s] [34mcolcon.colcon_core.package_identification[0m [1;30mLevel 1[0m _identify(debug) by extensions ['cmake', 'python']
[1.614s] [34mcolcon.colcon_core.package_identification[0m [1;30mLevel 1[0m _identify(debug) by extension 'cmake'
[1.615s] [34mcolcon.colcon_core.package_identification[0m [1;30mLevel 1[0m _identify(debug) by extension 'python'
[1.615s] [34mcolcon.colcon_core.package_identification[0m [1;30mLevel 1[0m _identify(debug) by extensions ['python_setup_py']
[1.615s] [34mcolcon.colcon_core.package_identification[0m [1;30mLevel 1[0m _identify(debug) by extension 'python_setup_py'
[1.616s] [34mcolcon.colcon_core.package_identification[0m [1;30mLevel 1[0m _identify(install) by extensions ['ignore', 'ignore_ament_install']
[1.616s] [34mcolcon.colcon_core.package_identification[0m [1;30mLevel 1[0m _identify(install) by extension 'ignore'
[1.616s] [34mcolcon.colcon_core.package_identification[0m [1;30mLevel 1[0m _identify(install) ignored
[1.617s] [34mcolcon.colcon_core.package_identification[0m [1;30mLevel 1[0m _identify(log) by extensions ['ignore', 'ignore_ament_install']
[1.618s] [34mcolcon.colcon_core.package_identification[0m [1;30mLevel 1[0m _identify(log) by extension 'ignore'
[1.618s] [34mcolcon.colcon_core.package_identification[0m [1;30mLevel 1[0m _identify(log) ignored
[1.619s] [34mcolcon.colcon_core.package_identification[0m [1;30mLevel 1[0m _identify(src) by extensions ['ignore', 'ignore_ament_install']
[1.619s] [34mcolcon.colcon_core.package_identification[0m [1;30mLevel 1[0m _identify(src) by extension 'ignore'
[1.620s] [34mcolcon.colcon_core.package_identification[0m [1;30mLevel 1[0m _identify(src) by extension 'ignore_ament_install'
[1.620s] [34mcolcon.colcon_core.package_identification[0m [1;30mLevel 1[0m _identify(src) by extensions ['colcon_pkg']
[1.620s] [34mcolcon.colcon_core.package_identification[0m [1;30mLevel 1[0m _identify(src) by extension 'colcon_pkg'
[1.621s] [34mcolcon.colcon_core.package_identification[0m [1;30mLevel 1[0m _identify(src) by extensions ['colcon_meta']
[1.621s] [34mcolcon.colcon_core.package_identification[0m [1;30mLevel 1[0m _identify(src) by extension 'colcon_meta'
[1.621s] [34mcolcon.colcon_core.package_identification[0m [1;30mLevel 1[0m _identify(src) by extensions ['ros']
[1.622s] [34mcolcon.colcon_core.package_identification[0m [1;30mLevel 1[0m _identify(src) by extension 'ros'
[1.623s] [34mcolcon.colcon_core.package_identification[0m [1;30mLevel 1[0m _identify(src) by extensions ['cmake', 'python']
[1.623s] [34mcolcon.colcon_core.package_identification[0m [1;30mLevel 1[0m _identify(src) by extension 'cmake'
[1.624s] [34mcolcon.colcon_core.package_identification[0m [1;30mLevel 1[0m _identify(src) by extension 'python'
[1.624s] [34mcolcon.colcon_core.package_identification[0m [1;30mLevel 1[0m _identify(src) by extensions ['python_setup_py']
[1.624s] [34mcolcon.colcon_core.package_identification[0m [1;30mLevel 1[0m _identify(src) by extension 'python_setup_py'
[1.625s] [34mcolcon.colcon_core.package_identification[0m [1;30mLevel 1[0m _identify(src/aurora) by extensions ['ignore', 'ignore_ament_install']
[1.626s] [34mcolcon.colcon_core.package_identification[0m [1;30mLevel 1[0m _identify(src/aurora) by extension 'ignore'
[1.626s] [34mcolcon.colcon_core.package_identification[0m [1;30mLevel 1[0m _identify(src/aurora) by extension 'ignore_ament_install'
[1.626s] [34mcolcon.colcon_core.package_identification[0m [1;30mLevel 1[0m _identify(src/aurora) by extensions ['colcon_pkg']
[1.626s] [34mcolcon.colcon_core.package_identification[0m [1;30mLevel 1[0m _identify(src/aurora) by extension 'colcon_pkg'
[1.627s] [34mcolcon.colcon_core.package_identification[0m [1;30mLevel 1[0m _identify(src/aurora) by extensions ['colcon_meta']
[1.627s] [34mcolcon.colcon_core.package_identification[0m [1;30mLevel 1[0m _identify(src/aurora) by extension 'colcon_meta'
[1.627s] [34mcolcon.colcon_core.package_identification[0m [1;30mLevel 1[0m _identify(src/aurora) by extensions ['ros']
[1.628s] [34mcolcon.colcon_core.package_identification[0m [1;30mLevel 1[0m _identify(src/aurora) by extension 'ros'
[1.628s] [34mcolcon.colcon_core.package_identification[0m [1;30mLevel 1[0m _identify(src/aurora) by extensions ['cmake', 'python']
[1.628s] [34mcolcon.colcon_core.package_identification[0m [1;30mLevel 1[0m _identify(src/aurora) by extension 'cmake'
[1.629s] [34mcolcon.colcon_core.package_identification[0m [1;30mLevel 1[0m _identify(src/aurora) by extension 'python'
[1.629s] [34mcolcon.colcon_core.package_identification[0m [1;30mLevel 1[0m _identify(src/aurora) by extensions ['python_setup_py']
[1.629s] [34mcolcon.colcon_core.package_identification[0m [1;30mLevel 1[0m _identify(src/aurora) by extension 'python_setup_py'
[1.630s] [34mcolcon.colcon_core.package_identification[0m [1;30mLevel 1[0m _identify(src/aurora/aurora930-ros-driver-humble-aarch64-0.2.4) by extensions ['ignore', 'ignore_ament_install']
[1.631s] [34mcolcon.colcon_core.package_identification[0m [1;30mLevel 1[0m _identify(src/aurora/aurora930-ros-driver-humble-aarch64-0.2.4) by extension 'ignore'
[1.631s] [34mcolcon.colcon_core.package_identification[0m [1;30mLevel 1[0m _identify(src/aurora/aurora930-ros-driver-humble-aarch64-0.2.4) by extension 'ignore_ament_install'
[1.631s] [34mcolcon.colcon_core.package_identification[0m [1;30mLevel 1[0m _identify(src/aurora/aurora930-ros-driver-humble-aarch64-0.2.4) by extensions ['colcon_pkg']
[1.632s] [34mcolcon.colcon_core.package_identification[0m [1;30mLevel 1[0m _identify(src/aurora/aurora930-ros-driver-humble-aarch64-0.2.4) by extension 'colcon_pkg'
[1.632s] [34mcolcon.colcon_core.package_identification[0m [1;30mLevel 1[0m _identify(src/aurora/aurora930-ros-driver-humble-aarch64-0.2.4) by extensions ['colcon_meta']
[1.632s] [34mcolcon.colcon_core.package_identification[0m [1;30mLevel 1[0m _identify(src/aurora/aurora930-ros-driver-humble-aarch64-0.2.4) by extension 'colcon_meta'
[1.633s] [34mcolcon.colcon_core.package_identification[0m [1;30mLevel 1[0m _identify(src/aurora/aurora930-ros-driver-humble-aarch64-0.2.4) by extensions ['ros']
[1.633s] [34mcolcon.colcon_core.package_identification[0m [1;30mLevel 1[0m _identify(src/aurora/aurora930-ros-driver-humble-aarch64-0.2.4) by extension 'ros'
[1.639s] [34mcolcon.colcon_core.package_identification[0m [1;30mLevel 1[0m _identify(src/aurora/aurora930-ros-driver-humble-aarch64-0.2.4) by extensions ['cmake', 'python']
[1.640s] [34mcolcon.colcon_core.package_identification[0m [1;30mLevel 1[0m _identify(src/aurora/aurora930-ros-driver-humble-aarch64-0.2.4) by extension 'cmake'
[1.640s] [34mcolcon.colcon_core.package_identification[0m [1;30mLevel 1[0m _identify(src/aurora/aurora930-ros-driver-humble-aarch64-0.2.4) by extension 'python'
[1.640s] [34mcolcon.colcon_core.package_identification[0m [1;30mLevel 1[0m _identify(src/aurora/aurora930-ros-driver-humble-aarch64-0.2.4) by extensions ['python_setup_py']
[1.641s] [34mcolcon.colcon_core.package_identification[0m [1;30mLevel 1[0m _identify(src/aurora/aurora930-ros-driver-humble-aarch64-0.2.4) by extension 'python_setup_py'
[1.641s] [34mcolcon.colcon_core.package_identification[0m [1;30mLevel 1[0m _identify(src/bringup) by extensions ['ignore', 'ignore_ament_install']
[1.642s] [34mcolcon.colcon_core.package_identification[0m [1;30mLevel 1[0m _identify(src/bringup) by extension 'ignore'
[1.642s] [34mcolcon.colcon_core.package_identification[0m [1;30mLevel 1[0m _identify(src/bringup) by extension 'ignore_ament_install'
[1.643s] [34mcolcon.colcon_core.package_identification[0m [1;30mLevel 1[0m _identify(src/bringup) by extensions ['colcon_pkg']
[1.643s] [34mcolcon.colcon_core.package_identification[0m [1;30mLevel 1[0m _identify(src/bringup) by extension 'colcon_pkg'
[1.643s] [34mcolcon.colcon_core.package_identification[0m [1;30mLevel 1[0m _identify(src/bringup) by extensions ['colcon_meta']
[1.644s] [34mcolcon.colcon_core.package_identification[0m [1;30mLevel 1[0m _identify(src/bringup) by extension 'colcon_meta'
[1.644s] [34mcolcon.colcon_core.package_identification[0m [1;30mLevel 1[0m _identify(src/bringup) by extensions ['ros']
[1.644s] [34mcolcon.colcon_core.package_identification[0m [1;30mLevel 1[0m _identify(src/bringup) by extension 'ros'
[1.658s] [34mcolcon.colcon_core.package_identification[0m [1;30mDEBUG[0m [32mPackage 'src/bringup' with type 'ros.ament_cmake' and name 'bringup'[0m
[1.659s] [34mcolcon.colcon_core.package_identification[0m [1;30mLevel 1[0m _identify(src/collision_avoidance) by extensions ['ignore', 'ignore_ament_install']
[1.660s] [34mcolcon.colcon_core.package_identification[0m [1;30mLevel 1[0m _identify(src/collision_avoidance) by extension 'ignore'
[1.660s] [34mcolcon.colcon_core.package_identification[0m [1;30mLevel 1[0m _identify(src/collision_avoidance) by extension 'ignore_ament_install'
[1.660s] [34mcolcon.colcon_core.package_identification[0m [1;30mLevel 1[0m _identify(src/collision_avoidance) by extensions ['colcon_pkg']
[1.660s] [34mcolcon.colcon_core.package_identification[0m [1;30mLevel 1[0m _identify(src/collision_avoidance) by extension 'colcon_pkg'
[1.661s] [34mcolcon.colcon_core.package_identification[0m [1;30mLevel 1[0m _identify(src/collision_avoidance) by extensions ['colcon_meta']
[1.661s] [34mcolcon.colcon_core.package_identification[0m [1;30mLevel 1[0m _identify(src/collision_avoidance) by extension 'colcon_meta'
[1.661s] [34mcolcon.colcon_core.package_identification[0m [1;30mLevel 1[0m _identify(src/collision_avoidance) by extensions ['ros']
[1.661s] [34mcolcon.colcon_core.package_identification[0m [1;30mLevel 1[0m _identify(src/collision_avoidance) by extension 'ros'
[1.667s] [34mcolcon.colcon_core.package_identification[0m [1;30mDEBUG[0m [32mPackage 'src/collision_avoidance' with type 'ros.ament_cmake' and name 'collision_avoidance'[0m
[1.670s] [34mcolcon.colcon_core.package_identification[0m [1;30mLevel 1[0m _identify(src/description) by extensions ['ignore', 'ignore_ament_install']
[1.670s] [34mcolcon.colcon_core.package_identification[0m [1;30mLevel 1[0m _identify(src/description) by extension 'ignore'
[1.671s] [34mcolcon.colcon_core.package_identification[0m [1;30mLevel 1[0m _identify(src/description) by extension 'ignore_ament_install'
[1.671s] [34mcolcon.colcon_core.package_identification[0m [1;30mLevel 1[0m _identify(src/description) by extensions ['colcon_pkg']
[1.671s] [34mcolcon.colcon_core.package_identification[0m [1;30mLevel 1[0m _identify(src/description) by extension 'colcon_pkg'
[1.672s] [34mcolcon.colcon_core.package_identification[0m [1;30mLevel 1[0m _identify(src/description) by extensions ['colcon_meta']
[1.672s] [34mcolcon.colcon_core.package_identification[0m [1;30mLevel 1[0m _identify(src/description) by extension 'colcon_meta'
[1.672s] [34mcolcon.colcon_core.package_identification[0m [1;30mLevel 1[0m _identify(src/description) by extensions ['ros']
[1.672s] [34mcolcon.colcon_core.package_identification[0m [1;30mLevel 1[0m _identify(src/description) by extension 'ros'
[1.676s] [34mcolcon.colcon_core.package_identification[0m [1;30mDEBUG[0m [32mPackage 'src/description' with type 'ros.ament_cmake' and name 'description'[0m
[1.676s] [34mcolcon.colcon_core.package_identification[0m [1;30mLevel 1[0m _identify(src/interfaces) by extensions ['ignore', 'ignore_ament_install']
[1.677s] [34mcolcon.colcon_core.package_identification[0m [1;30mLevel 1[0m _identify(src/interfaces) by extension 'ignore'
[1.677s] [34mcolcon.colcon_core.package_identification[0m [1;30mLevel 1[0m _identify(src/interfaces) by extension 'ignore_ament_install'
[1.677s] [34mcolcon.colcon_core.package_identification[0m [1;30mLevel 1[0m _identify(src/interfaces) by extensions ['colcon_pkg']
[1.678s] [34mcolcon.colcon_core.package_identification[0m [1;30mLevel 1[0m _identify(src/interfaces) by extension 'colcon_pkg'
[1.678s] [34mcolcon.colcon_core.package_identification[0m [1;30mLevel 1[0m _identify(src/interfaces) by extensions ['colcon_meta']
[1.678s] [34mcolcon.colcon_core.package_identification[0m [1;30mLevel 1[0m _identify(src/interfaces) by extension 'colcon_meta'
[1.678s] [34mcolcon.colcon_core.package_identification[0m [1;30mLevel 1[0m _identify(src/interfaces) by extensions ['ros']
[1.679s] [34mcolcon.colcon_core.package_identification[0m [1;30mLevel 1[0m _identify(src/interfaces) by extension 'ros'
[1.682s] [34mcolcon.colcon_core.package_identification[0m [1;30mDEBUG[0m [32mPackage 'src/interfaces' with type 'ros.ament_cmake' and name 'interfaces'[0m
[1.682s] [34mcolcon.colcon_core.package_identification[0m [1;30mLevel 1[0m _identify(src/map) by extensions ['ignore', 'ignore_ament_install']
[1.683s] [34mcolcon.colcon_core.package_identification[0m [1;30mLevel 1[0m _identify(src/map) by extension 'ignore'
[1.684s] [34mcolcon.colcon_core.package_identification[0m [1;30mLevel 1[0m _identify(src/map) by extension 'ignore_ament_install'
[1.684s] [34mcolcon.colcon_core.package_identification[0m [1;30mLevel 1[0m _identify(src/map) by extensions ['colcon_pkg']
[1.684s] [34mcolcon.colcon_core.package_identification[0m [1;30mLevel 1[0m _identify(src/map) by extension 'colcon_pkg'
[1.684s] [34mcolcon.colcon_core.package_identification[0m [1;30mLevel 1[0m _identify(src/map) by extensions ['colcon_meta']
[1.684s] [34mcolcon.colcon_core.package_identification[0m [1;30mLevel 1[0m _identify(src/map) by extension 'colcon_meta'
[1.685s] [34mcolcon.colcon_core.package_identification[0m [1;30mLevel 1[0m _identify(src/map) by extensions ['ros']
[1.685s] [34mcolcon.colcon_core.package_identification[0m [1;30mLevel 1[0m _identify(src/map) by extension 'ros'
[1.685s] [34mcolcon.colcon_core.package_identification[0m [1;30mLevel 1[0m _identify(src/map) by extensions ['cmake', 'python']
[1.686s] [34mcolcon.colcon_core.package_identification[0m [1;30mLevel 1[0m _identify(src/map) by extension 'cmake'
[1.686s] [34mcolcon.colcon_core.package_identification[0m [1;30mLevel 1[0m _identify(src/map) by extension 'python'
[1.686s] [34mcolcon.colcon_core.package_identification[0m [1;30mLevel 1[0m _identify(src/map) by extensions ['python_setup_py']
[1.686s] [34mcolcon.colcon_core.package_identification[0m [1;30mLevel 1[0m _identify(src/map) by extension 'python_setup_py'
[1.687s] [34mcolcon.colcon_core.package_identification[0m [1;30mLevel 1[0m _identify(src/oradar_lidar) by extensions ['ignore', 'ignore_ament_install']
[1.687s] [34mcolcon.colcon_core.package_identification[0m [1;30mLevel 1[0m _identify(src/oradar_lidar) by extension 'ignore'
[1.688s] [34mcolcon.colcon_core.package_identification[0m [1;30mLevel 1[0m _identify(src/oradar_lidar) by extension 'ignore_ament_install'
[1.688s] [34mcolcon.colcon_core.package_identification[0m [1;30mLevel 1[0m _identify(src/oradar_lidar) by extensions ['colcon_pkg']
[1.688s] [34mcolcon.colcon_core.package_identification[0m [1;30mLevel 1[0m _identify(src/oradar_lidar) by extension 'colcon_pkg'
[1.688s] [34mcolcon.colcon_core.package_identification[0m [1;30mLevel 1[0m _identify(src/oradar_lidar) by extensions ['colcon_meta']
[1.689s] [34mcolcon.colcon_core.package_identification[0m [1;30mLevel 1[0m _identify(src/oradar_lidar) by extension 'colcon_meta'
[1.689s] [34mcolcon.colcon_core.package_identification[0m [1;30mLevel 1[0m _identify(src/oradar_lidar) by extensions ['ros']
[1.689s] [34mcolcon.colcon_core.package_identification[0m [1;30mLevel 1[0m _identify(src/oradar_lidar) by extension 'ros'
[1.694s] [34mcolcon.colcon_core.package_identification[0m [1;30mDEBUG[0m [32mPackage 'src/oradar_lidar' with type 'ros.ament_cmake' and name 'oradar_lidar'[0m
[1.694s] [34mcolcon.colcon_core.package_identification[0m [1;30mLevel 1[0m _identify(src/ros2_control) by extensions ['ignore', 'ignore_ament_install']
[1.695s] [34mcolcon.colcon_core.package_identification[0m [1;30mLevel 1[0m _identify(src/ros2_control) by extension 'ignore'
[1.696s] [34mcolcon.colcon_core.package_identification[0m [1;30mLevel 1[0m _identify(src/ros2_control) by extension 'ignore_ament_install'
[1.697s] [34mcolcon.colcon_core.package_identification[0m [1;30mLevel 1[0m _identify(src/ros2_control) by extensions ['colcon_pkg']
[1.697s] [34mcolcon.colcon_core.package_identification[0m [1;30mLevel 1[0m _identify(src/ros2_control) by extension 'colcon_pkg'
[1.697s] [34mcolcon.colcon_core.package_identification[0m [1;30mLevel 1[0m _identify(src/ros2_control) by extensions ['colcon_meta']
[1.697s] [34mcolcon.colcon_core.package_identification[0m [1;30mLevel 1[0m _identify(src/ros2_control) by extension 'colcon_meta'
[1.698s] [34mcolcon.colcon_core.package_identification[0m [1;30mLevel 1[0m _identify(src/ros2_control) by extensions ['ros']
[1.698s] [34mcolcon.colcon_core.package_identification[0m [1;30mLevel 1[0m _identify(src/ros2_control) by extension 'ros'
[1.699s] [34mcolcon.colcon_core.package_identification[0m [1;30mLevel 1[0m _identify(src/ros2_control) by extensions ['cmake', 'python']
[1.699s] [34mcolcon.colcon_core.package_identification[0m [1;30mLevel 1[0m _identify(src/ros2_control) by extension 'cmake'
[1.699s] [34mcolcon.colcon_core.package_identification[0m [1;30mLevel 1[0m _identify(src/ros2_control) by extension 'python'
[1.699s] [34mcolcon.colcon_core.package_identification[0m [1;30mLevel 1[0m _identify(src/ros2_control) by extensions ['python_setup_py']
[1.699s] [34mcolcon.colcon_core.package_identification[0m [1;30mLevel 1[0m _identify(src/ros2_control) by extension 'python_setup_py'
[1.700s] [34mcolcon.colcon_core.package_identification[0m [1;30mLevel 1[0m _identify(src/ros2_control/brain_controller) by extensions ['ignore', 'ignore_ament_install']
[1.701s] [34mcolcon.colcon_core.package_identification[0m [1;30mLevel 1[0m _identify(src/ros2_control/brain_controller) by extension 'ignore'
[1.701s] [34mcolcon.colcon_core.package_identification[0m [1;30mLevel 1[0m _identify(src/ros2_control/brain_controller) by extension 'ignore_ament_install'
[1.701s] [34mcolcon.colcon_core.package_identification[0m [1;30mLevel 1[0m _identify(src/ros2_control/brain_controller) by extensions ['colcon_pkg']
[1.701s] [34mcolcon.colcon_core.package_identification[0m [1;30mLevel 1[0m _identify(src/ros2_control/brain_controller) by extension 'colcon_pkg'
[1.702s] [34mcolcon.colcon_core.package_identification[0m [1;30mLevel 1[0m _identify(src/ros2_control/brain_controller) by extensions ['colcon_meta']
[1.702s] [34mcolcon.colcon_core.package_identification[0m [1;30mLevel 1[0m _identify(src/ros2_control/brain_controller) by extension 'colcon_meta'
[1.702s] [34mcolcon.colcon_core.package_identification[0m [1;30mLevel 1[0m _identify(src/ros2_control/brain_controller) by extensions ['ros']
[1.702s] [34mcolcon.colcon_core.package_identification[0m [1;30mLevel 1[0m _identify(src/ros2_control/brain_controller) by extension 'ros'
[1.709s] [34mcolcon.colcon_core.package_identification[0m [1;30mDEBUG[0m [32mPackage 'src/ros2_control/brain_controller' with type 'ros.ament_cmake' and name 'brain_controller'[0m
[1.710s] [34mcolcon.colcon_core.package_identification[0m [1;30mLevel 1[0m _identify(src/ros2_control/brain_hardware) by extensions ['ignore', 'ignore_ament_install']
[1.710s] [34mcolcon.colcon_core.package_identification[0m [1;30mLevel 1[0m _identify(src/ros2_control/brain_hardware) by extension 'ignore'
[1.711s] [34mcolcon.colcon_core.package_identification[0m [1;30mLevel 1[0m _identify(src/ros2_control/brain_hardware) by extension 'ignore_ament_install'
[1.711s] [34mcolcon.colcon_core.package_identification[0m [1;30mLevel 1[0m _identify(src/ros2_control/brain_hardware) by extensions ['colcon_pkg']
[1.711s] [34mcolcon.colcon_core.package_identification[0m [1;30mLevel 1[0m _identify(src/ros2_control/brain_hardware) by extension 'colcon_pkg'
[1.711s] [34mcolcon.colcon_core.package_identification[0m [1;30mLevel 1[0m _identify(src/ros2_control/brain_hardware) by extensions ['colcon_meta']
[1.712s] [34mcolcon.colcon_core.package_identification[0m [1;30mLevel 1[0m _identify(src/ros2_control/brain_hardware) by extension 'colcon_meta'
[1.712s] [34mcolcon.colcon_core.package_identification[0m [1;30mLevel 1[0m _identify(src/ros2_control/brain_hardware) by extensions ['ros']
[1.712s] [34mcolcon.colcon_core.package_identification[0m [1;30mLevel 1[0m _identify(src/ros2_control/brain_hardware) by extension 'ros'
[1.717s] [34mcolcon.colcon_core.package_identification[0m [1;30mDEBUG[0m [32mPackage 'src/ros2_control/brain_hardware' with type 'ros.ament_cmake' and name 'brain_hardware'[0m
[1.717s] [34mcolcon.colcon_core.package_discovery[0m [1;30mLevel 1[0m discover_packages(recursive) using defaults
[1.718s] [34mcolcon.colcon_core.package_discovery[0m [1;30mLevel 1[0m discover_packages(ignore) discover
[1.718s] [34mcolcon.colcon_core.package_discovery[0m [1;30mLevel 1[0m discover_packages(ignore) using defaults
[1.718s] [34mcolcon.colcon_core.package_discovery[0m [1;30mLevel 1[0m discover_packages(path) discover
[1.718s] [34mcolcon.colcon_core.package_discovery[0m [1;30mLevel 1[0m discover_packages(path) using defaults
[1.795s] [34mcolcon.colcon_core.package_discovery[0m [1;30mLevel 1[0m discover_packages(prefix_path) check parameters
[1.796s] [34mcolcon.colcon_core.package_discovery[0m [1;30mLevel 1[0m discover_packages(prefix_path) discover
[1.809s] [34mcolcon.colcon_installed_package_information.package_discovery[0m [1;30mDEBUG[0m [32mFound 7 installed packages in /ros2_ws/install[0m
[1.819s] [34mcolcon.colcon_installed_package_information.package_discovery[0m [1;30mDEBUG[0m [32mFound 374 installed packages in /opt/ros/humble[0m
[1.830s] [34mcolcon.colcon_core.package_discovery[0m [1;30mLevel 1[0m discover_packages(prefix_path) using defaults
[2.094s] [34mcolcon.colcon_core.verb[0m [1;30mLevel 5[0m set package 'collision_avoidance' build argument 'cmake_args' from command line to 'None'
[2.094s] [34mcolcon.colcon_core.verb[0m [1;30mLevel 5[0m set package 'collision_avoidance' build argument 'cmake_target' from command line to 'None'
[2.094s] [34mcolcon.colcon_core.verb[0m [1;30mLevel 5[0m set package 'collision_avoidance' build argument 'cmake_target_skip_unavailable' from command line to 'False'
[2.095s] [34mcolcon.colcon_core.verb[0m [1;30mLevel 5[0m set package 'collision_avoidance' build argument 'cmake_clean_cache' from command line to 'False'
[2.095s] [34mcolcon.colcon_core.verb[0m [1;30mLevel 5[0m set package 'collision_avoidance' build argument 'cmake_clean_first' from command line to 'False'
[2.095s] [34mcolcon.colcon_core.verb[0m [1;30mLevel 5[0m set package 'collision_avoidance' build argument 'cmake_force_configure' from command line to 'False'
[2.095s] [34mcolcon.colcon_core.verb[0m [1;30mLevel 5[0m set package 'collision_avoidance' build argument 'ament_cmake_args' from command line to 'None'
[2.095s] [34mcolcon.colcon_core.verb[0m [1;30mLevel 5[0m set package 'collision_avoidance' build argument 'catkin_cmake_args' from command line to 'None'
[2.095s] [34mcolcon.colcon_core.verb[0m [1;30mLevel 5[0m set package 'collision_avoidance' build argument 'catkin_skip_building_tests' from command line to 'False'
[2.095s] [34mcolcon.colcon_core.verb[0m [1;30mDEBUG[0m [32mBuilding package 'collision_avoidance' with the following arguments: {'ament_cmake_args': None, 'build_base': '/ros2_ws/build/collision_avoidance', 'catkin_cmake_args': None, 'catkin_skip_building_tests': False, 'cmake_args': None, 'cmake_clean_cache': False, 'cmake_clean_first': False, 'cmake_force_configure': False, 'cmake_target': None, 'cmake_target_skip_unavailable': False, 'install_base': '/ros2_ws/install/collision_avoidance', 'merge_install': False, 'path': '/ros2_ws/src/collision_avoidance', 'symlink_install': False, 'test_result_base': None}[0m
[2.097s] [34mcolcon.colcon_core.verb[0m [1;30mLevel 5[0m set package 'interfaces' build argument 'cmake_args' from command line to 'None'
[2.098s] [34mcolcon.colcon_core.verb[0m [1;30mLevel 5[0m set package 'interfaces' build argument 'cmake_target' from command line to 'None'
[2.098s] [34mcolcon.colcon_core.verb[0m [1;30mLevel 5[0m set package 'interfaces' build argument 'cmake_target_skip_unavailable' from command line to 'False'
[2.098s] [34mcolcon.colcon_core.verb[0m [1;30mLevel 5[0m set package 'interfaces' build argument 'cmake_clean_cache' from command line to 'False'
[2.098s] [34mcolcon.colcon_core.verb[0m [1;30mLevel 5[0m set package 'interfaces' build argument 'cmake_clean_first' from command line to 'False'
[2.098s] [34mcolcon.colcon_core.verb[0m [1;30mLevel 5[0m set package 'interfaces' build argument 'cmake_force_configure' from command line to 'False'
[2.098s] [34mcolcon.colcon_core.verb[0m [1;30mLevel 5[0m set package 'interfaces' build argument 'ament_cmake_args' from command line to 'None'
[2.098s] [34mcolcon.colcon_core.verb[0m [1;30mLevel 5[0m set package 'interfaces' build argument 'catkin_cmake_args' from command line to 'None'
[2.099s] [34mcolcon.colcon_core.verb[0m [1;30mLevel 5[0m set package 'interfaces' build argument 'catkin_skip_building_tests' from command line to 'False'
[2.099s] [34mcolcon.colcon_core.verb[0m [1;30mDEBUG[0m [32mBuilding package 'interfaces' with the following arguments: {'ament_cmake_args': None, 'build_base': '/ros2_ws/build/interfaces', 'catkin_cmake_args': None, 'catkin_skip_building_tests': False, 'cmake_args': None, 'cmake_clean_cache': False, 'cmake_clean_first': False, 'cmake_force_configure': False, 'cmake_target': None, 'cmake_target_skip_unavailable': False, 'install_base': '/ros2_ws/install/interfaces', 'merge_install': False, 'path': '/ros2_ws/src/interfaces', 'symlink_install': False, 'test_result_base': None}[0m
[2.101s] [34mcolcon.colcon_core.verb[0m [1;30mLevel 5[0m set package 'oradar_lidar' build argument 'cmake_args' from command line to 'None'
[2.101s] [34mcolcon.colcon_core.verb[0m [1;30mLevel 5[0m set package 'oradar_lidar' build argument 'cmake_target' from command line to 'None'
[2.101s] [34mcolcon.colcon_core.verb[0m [1;30mLevel 5[0m set package 'oradar_lidar' build argument 'cmake_target_skip_unavailable' from command line to 'False'
[2.101s] [34mcolcon.colcon_core.verb[0m [1;30mLevel 5[0m set package 'oradar_lidar' build argument 'cmake_clean_cache' from command line to 'False'
[2.101s] [34mcolcon.colcon_core.verb[0m [1;30mLevel 5[0m set package 'oradar_lidar' build argument 'cmake_clean_first' from command line to 'False'
[2.101s] [34mcolcon.colcon_core.verb[0m [1;30mLevel 5[0m set package 'oradar_lidar' build argument 'cmake_force_configure' from command line to 'False'
[2.101s] [34mcolcon.colcon_core.verb[0m [1;30mLevel 5[0m set package 'oradar_lidar' build argument 'ament_cmake_args' from command line to 'None'
[2.102s] [34mcolcon.colcon_core.verb[0m [1;30mLevel 5[0m set package 'oradar_lidar' build argument 'catkin_cmake_args' from command line to 'None'
[2.102s] [34mcolcon.colcon_core.verb[0m [1;30mLevel 5[0m set package 'oradar_lidar' build argument 'catkin_skip_building_tests' from command line to 'False'
[2.102s] [34mcolcon.colcon_core.verb[0m [1;30mDEBUG[0m [32mBuilding package 'oradar_lidar' with the following arguments: {'ament_cmake_args': None, 'build_base': '/ros2_ws/build/oradar_lidar', 'catkin_cmake_args': None, 'catkin_skip_building_tests': False, 'cmake_args': None, 'cmake_clean_cache': False, 'cmake_clean_first': False, 'cmake_force_configure': False, 'cmake_target': None, 'cmake_target_skip_unavailable': False, 'install_base': '/ros2_ws/install/oradar_lidar', 'merge_install': False, 'path': '/ros2_ws/src/oradar_lidar', 'symlink_install': False, 'test_result_base': None}[0m
[2.104s] [34mcolcon.colcon_core.verb[0m [1;30mLevel 5[0m set package 'brain_controller' build argument 'cmake_args' from command line to 'None'
[2.104s] [34mcolcon.colcon_core.verb[0m [1;30mLevel 5[0m set package 'brain_controller' build argument 'cmake_target' from command line to 'None'
[2.104s] [34mcolcon.colcon_core.verb[0m [1;30mLevel 5[0m set package 'brain_controller' build argument 'cmake_target_skip_unavailable' from command line to 'False'
[2.104s] [34mcolcon.colcon_core.verb[0m [1;30mLevel 5[0m set package 'brain_controller' build argument 'cmake_clean_cache' from command line to 'False'
[2.104s] [34mcolcon.colcon_core.verb[0m [1;30mLevel 5[0m set package 'brain_controller' build argument 'cmake_clean_first' from command line to 'False'
[2.104s] [34mcolcon.colcon_core.verb[0m [1;30mLevel 5[0m set package 'brain_controller' build argument 'cmake_force_configure' from command line to 'False'
[2.105s] [34mcolcon.colcon_core.verb[0m [1;30mLevel 5[0m set package 'brain_controller' build argument 'ament_cmake_args' from command line to 'None'
[2.105s] [34mcolcon.colcon_core.verb[0m [1;30mLevel 5[0m set package 'brain_controller' build argument 'catkin_cmake_args' from command line to 'None'
[2.105s] [34mcolcon.colcon_core.verb[0m [1;30mLevel 5[0m set package 'brain_controller' build argument 'catkin_skip_building_tests' from command line to 'False'
[2.105s] [34mcolcon.colcon_core.verb[0m [1;30mDEBUG[0m [32mBuilding package 'brain_controller' with the following arguments: {'ament_cmake_args': None, 'build_base': '/ros2_ws/build/brain_controller', 'catkin_cmake_args': None, 'catkin_skip_building_tests': False, 'cmake_args': None, 'cmake_clean_cache': False, 'cmake_clean_first': False, 'cmake_force_configure': False, 'cmake_target': None, 'cmake_target_skip_unavailable': False, 'install_base': '/ros2_ws/install/brain_controller', 'merge_install': False, 'path': '/ros2_ws/src/ros2_control/brain_controller', 'symlink_install': False, 'test_result_base': None}[0m
[2.107s] [34mcolcon.colcon_core.verb[0m [1;30mLevel 5[0m set package 'brain_hardware' build argument 'cmake_args' from command line to 'None'
[2.107s] [34mcolcon.colcon_core.verb[0m [1;30mLevel 5[0m set package 'brain_hardware' build argument 'cmake_target' from command line to 'None'
[2.107s] [34mcolcon.colcon_core.verb[0m [1;30mLevel 5[0m set package 'brain_hardware' build argument 'cmake_target_skip_unavailable' from command line to 'False'
[2.107s] [34mcolcon.colcon_core.verb[0m [1;30mLevel 5[0m set package 'brain_hardware' build argument 'cmake_clean_cache' from command line to 'False'
[2.107s] [34mcolcon.colcon_core.verb[0m [1;30mLevel 5[0m set package 'brain_hardware' build argument 'cmake_clean_first' from command line to 'False'
[2.108s] [34mcolcon.colcon_core.verb[0m [1;30mLevel 5[0m set package 'brain_hardware' build argument 'cmake_force_configure' from command line to 'False'
[2.108s] [34mcolcon.colcon_core.verb[0m [1;30mLevel 5[0m set package 'brain_hardware' build argument 'ament_cmake_args' from command line to 'None'
[2.108s] [34mcolcon.colcon_core.verb[0m [1;30mLevel 5[0m set package 'brain_hardware' build argument 'catkin_cmake_args' from command line to 'None'
[2.108s] [34mcolcon.colcon_core.verb[0m [1;30mLevel 5[0m set package 'brain_hardware' build argument 'catkin_skip_building_tests' from command line to 'False'
[2.108s] [34mcolcon.colcon_core.verb[0m [1;30mDEBUG[0m [32mBuilding package 'brain_hardware' with the following arguments: {'ament_cmake_args': None, 'build_base': '/ros2_ws/build/brain_hardware', 'catkin_cmake_args': None, 'catkin_skip_building_tests': False, 'cmake_args': None, 'cmake_clean_cache': False, 'cmake_clean_first': False, 'cmake_force_configure': False, 'cmake_target': None, 'cmake_target_skip_unavailable': False, 'install_base': '/ros2_ws/install/brain_hardware', 'merge_install': False, 'path': '/ros2_ws/src/ros2_control/brain_hardware', 'symlink_install': False, 'test_result_base': None}[0m
[2.110s] [34mcolcon.colcon_core.verb[0m [1;30mLevel 5[0m set package 'description' build argument 'cmake_args' from command line to 'None'
[2.110s] [34mcolcon.colcon_core.verb[0m [1;30mLevel 5[0m set package 'description' build argument 'cmake_target' from command line to 'None'
[2.110s] [34mcolcon.colcon_core.verb[0m [1;30mLevel 5[0m set package 'description' build argument 'cmake_target_skip_unavailable' from command line to 'False'
[2.110s] [34mcolcon.colcon_core.verb[0m [1;30mLevel 5[0m set package 'description' build argument 'cmake_clean_cache' from command line to 'False'
[2.111s] [34mcolcon.colcon_core.verb[0m [1;30mLevel 5[0m set package 'description' build argument 'cmake_clean_first' from command line to 'False'
[2.111s] [34mcolcon.colcon_core.verb[0m [1;30mLevel 5[0m set package 'description' build argument 'cmake_force_configure' from command line to 'False'
[2.111s] [34mcolcon.colcon_core.verb[0m [1;30mLevel 5[0m set package 'description' build argument 'ament_cmake_args' from command line to 'None'
[2.111s] [34mcolcon.colcon_core.verb[0m [1;30mLevel 5[0m set package 'description' build argument 'catkin_cmake_args' from command line to 'None'
[2.111s] [34mcolcon.colcon_core.verb[0m [1;30mLevel 5[0m set package 'description' build argument 'catkin_skip_building_tests' from command line to 'False'
[2.111s] [34mcolcon.colcon_core.verb[0m [1;30mDEBUG[0m [32mBuilding package 'description' with the following arguments: {'ament_cmake_args': None, 'build_base': '/ros2_ws/build/description', 'catkin_cmake_args': None, 'catkin_skip_building_tests': False, 'cmake_args': None, 'cmake_clean_cache': False, 'cmake_clean_first': False, 'cmake_force_configure': False, 'cmake_target': None, 'cmake_target_skip_unavailable': False, 'install_base': '/ros2_ws/install/description', 'merge_install': False, 'path': '/ros2_ws/src/description', 'symlink_install': False, 'test_result_base': None}[0m
[2.113s] [34mcolcon.colcon_core.verb[0m [1;30mLevel 5[0m set package 'bringup' build argument 'cmake_args' from command line to 'None'
[2.113s] [34mcolcon.colcon_core.verb[0m [1;30mLevel 5[0m set package 'bringup' build argument 'cmake_target' from command line to 'None'
[2.113s] [34mcolcon.colcon_core.verb[0m [1;30mLevel 5[0m set package 'bringup' build argument 'cmake_target_skip_unavailable' from command line to 'False'
[2.113s] [34mcolcon.colcon_core.verb[0m [1;30mLevel 5[0m set package 'bringup' build argument 'cmake_clean_cache' from command line to 'False'
[2.114s] [34mcolcon.colcon_core.verb[0m [1;30mLevel 5[0m set package 'bringup' build argument 'cmake_clean_first' from command line to 'False'
[2.114s] [34mcolcon.colcon_core.verb[0m [1;30mLevel 5[0m set package 'bringup' build argument 'cmake_force_configure' from command line to 'False'
[2.114s] [34mcolcon.colcon_core.verb[0m [1;30mLevel 5[0m set package 'bringup' build argument 'ament_cmake_args' from command line to 'None'
[2.114s] [34mcolcon.colcon_core.verb[0m [1;30mLevel 5[0m set package 'bringup' build argument 'catkin_cmake_args' from command line to 'None'
[2.114s] [34mcolcon.colcon_core.verb[0m [1;30mLevel 5[0m set package 'bringup' build argument 'catkin_skip_building_tests' from command line to 'False'
[2.114s] [34mcolcon.colcon_core.verb[0m [1;30mDEBUG[0m [32mBuilding package 'bringup' with the following arguments: {'ament_cmake_args': None, 'build_base': '/ros2_ws/build/bringup', 'catkin_cmake_args': None, 'catkin_skip_building_tests': False, 'cmake_args': None, 'cmake_clean_cache': False, 'cmake_clean_first': False, 'cmake_force_configure': False, 'cmake_target': None, 'cmake_target_skip_unavailable': False, 'install_base': '/ros2_ws/install/bringup', 'merge_install': False, 'path': '/ros2_ws/src/bringup', 'symlink_install': False, 'test_result_base': None}[0m
[2.115s] [34mcolcon.colcon_core.executor[0m [1;30mINFO[0m Executing jobs using 'parallel' executor
[2.118s] [34mcolcon.colcon_parallel_executor.executor.parallel[0m [1;30mDEBUG[0m [32mrun_until_complete[0m
[2.119s] [34mcolcon.colcon_ros.task.ament_cmake.build[0m [1;30mINFO[0m Building ROS package in '/ros2_ws/src/interfaces' with build type 'ament_cmake'
[2.120s] [34mcolcon.colcon_cmake.task.cmake.build[0m [1;30mINFO[0m Building CMake package in '/ros2_ws/src/interfaces'
[2.130s] [34mcolcon.colcon_core.plugin_system[0m [1;30mINFO[0m Skipping extension 'colcon_core.shell.bat': Not used on non-Windows systems
[2.131s] [34mcolcon.colcon_core.shell[0m [1;30mINFO[0m Skip shell extension 'powershell' for command environment: Not usable outside of PowerShell
[2.131s] [34mcolcon.colcon_core.shell[0m [1;30mDEBUG[0m [32mSkip shell extension 'dsv' for command environment[0m
[2.152s] [34mcolcon.colcon_ros.task.ament_cmake.build[0m [1;30mINFO[0m Building ROS package in '/ros2_ws/src/collision_avoidance' with build type 'ament_cmake'
[2.154s] [34mcolcon.colcon_cmake.task.cmake.build[0m [1;30mINFO[0m Building CMake package in '/ros2_ws/src/collision_avoidance'
[2.155s] [34mcolcon.colcon_core.shell[0m [1;30mINFO[0m Skip shell extension 'powershell' for command environment: Not usable outside of PowerShell
[2.155s] [34mcolcon.colcon_core.shell[0m [1;30mDEBUG[0m [32mSkip shell extension 'dsv' for command environment[0m
[2.174s] [34mcolcon.colcon_ros.task.ament_cmake.build[0m [1;30mINFO[0m Building ROS package in '/ros2_ws/src/oradar_lidar' with build type 'ament_cmake'
[2.175s] [34mcolcon.colcon_cmake.task.cmake.build[0m [1;30mINFO[0m Building CMake package in '/ros2_ws/src/oradar_lidar'
[2.176s] [34mcolcon.colcon_core.shell[0m [1;30mINFO[0m Skip shell extension 'powershell' for command environment: Not usable outside of PowerShell
[2.177s] [34mcolcon.colcon_core.shell[0m [1;30mDEBUG[0m [32mSkip shell extension 'dsv' for command environment[0m
[2.213s] [34mcolcon.colcon_core.event_handler.log_command[0m [1;30mDEBUG[0m [32mInvoking command in '/ros2_ws/build/interfaces': CMAKE_PREFIX_PATH=${CMAKE_PREFIX_PATH}:/opt/ros/humble /usr/bin/cmake --build /ros2_ws/build/interfaces -- -j4 -l4[0m
[2.243s] [34mcolcon.colcon_core.event_handler.log_command[0m [1;30mDEBUG[0m [32mInvoking command in '/ros2_ws/build/collision_avoidance': CMAKE_PREFIX_PATH=${CMAKE_PREFIX_PATH}:/opt/ros/humble /usr/bin/cmake --build /ros2_ws/build/collision_avoidance -- -j4 -l4[0m
[2.297s] [34mcolcon.colcon_core.event_handler.log_command[0m [1;30mDEBUG[0m [32mInvoking command in '/ros2_ws/build/oradar_lidar': CMAKE_PREFIX_PATH=${CMAKE_PREFIX_PATH}:/opt/ros/humble /usr/bin/cmake --build /ros2_ws/build/oradar_lidar -- -j4 -l4[0m
[2.844s] [34mcolcon.colcon_core.event_handler.log_command[0m [1;30mDEBUG[0m [32mInvoked command in '/ros2_ws/build/oradar_lidar' returned '0': CMAKE_PREFIX_PATH=${CMAKE_PREFIX_PATH}:/opt/ros/humble /usr/bin/cmake --build /ros2_ws/build/oradar_lidar -- -j4 -l4[0m
[2.891s] [34mcolcon.colcon_core.event_handler.log_command[0m [1;30mDEBUG[0m [32mInvoking command in '/ros2_ws/build/oradar_lidar': CMAKE_PREFIX_PATH=${CMAKE_PREFIX_PATH}:/opt/ros/humble /usr/bin/cmake --install /ros2_ws/build/oradar_lidar[0m
[2.902s] [34mcolcon.colcon_core.event_handler.log_command[0m [1;30mDEBUG[0m [32mInvoked command in '/ros2_ws/build/collision_avoidance' returned '0': CMAKE_PREFIX_PATH=${CMAKE_PREFIX_PATH}:/opt/ros/humble /usr/bin/cmake --build /ros2_ws/build/collision_avoidance -- -j4 -l4[0m
[2.913s] [34mcolcon.colcon_core.event_handler.log_command[0m [1;30mDEBUG[0m [32mInvoking command in '/ros2_ws/build/collision_avoidance': CMAKE_PREFIX_PATH=${CMAKE_PREFIX_PATH}:/opt/ros/humble /usr/bin/cmake --install /ros2_ws/build/collision_avoidance[0m
[2.980s] [34mcolcon.colcon_core.environment[0m [1;30mLevel 1[0m create_environment_scripts_only(collision_avoidance)
[2.995s] [34mcolcon.colcon_core.environment[0m [1;30mLevel 1[0m checking '/ros2_ws/install/collision_avoidance' for CMake module files
[2.998s] [34mcolcon.colcon_core.environment[0m [1;30mLevel 1[0m checking '/ros2_ws/install/collision_avoidance' for CMake config files
[2.999s] [34mcolcon.colcon_core.shell[0m [1;30mLevel 1[0m create_environment_hook('collision_avoidance', 'cmake_prefix_path')
[3.000s] [34mcolcon.colcon_core.shell[0m [1;30mINFO[0m Creating environment hook '/ros2_ws/install/collision_avoidance/share/collision_avoidance/hook/cmake_prefix_path.ps1'
[3.015s] [34mcolcon.colcon_core.event_handler.log_command[0m [1;30mDEBUG[0m [32mInvoked command in '/ros2_ws/build/collision_avoidance' returned '0': CMAKE_PREFIX_PATH=${CMAKE_PREFIX_PATH}:/opt/ros/humble /usr/bin/cmake --install /ros2_ws/build/collision_avoidance[0m
[3.016s] [34mcolcon.colcon_core.shell[0m [1;30mINFO[0m Creating environment descriptor '/ros2_ws/install/collision_avoidance/share/collision_avoidance/hook/cmake_prefix_path.dsv'
[3.019s] [34mcolcon.colcon_core.shell[0m [1;30mINFO[0m Creating environment hook '/ros2_ws/install/collision_avoidance/share/collision_avoidance/hook/cmake_prefix_path.sh'
[3.023s] [34mcolcon.colcon_core.environment[0m [1;30mLevel 1[0m checking '/ros2_ws/install/collision_avoidance/lib'
[3.024s] [34mcolcon.colcon_core.shell[0m [1;30mLevel 1[0m create_environment_hook('collision_avoidance', 'ld_library_path_lib')
[3.026s] [34mcolcon.colcon_core.shell[0m [1;30mINFO[0m Creating environment hook '/ros2_ws/install/collision_avoidance/share/collision_avoidance/hook/ld_library_path_lib.ps1'
[3.032s] [34mcolcon.colcon_core.shell[0m [1;30mINFO[0m Creating environment descriptor '/ros2_ws/install/collision_avoidance/share/collision_avoidance/hook/ld_library_path_lib.dsv'
[3.034s] [34mcolcon.colcon_core.shell[0m [1;30mINFO[0m Creating environment hook '/ros2_ws/install/collision_avoidance/share/collision_avoidance/hook/ld_library_path_lib.sh'
[3.041s] [34mcolcon.colcon_core.environment[0m [1;30mLevel 1[0m checking '/ros2_ws/install/collision_avoidance/bin'
[3.041s] [34mcolcon.colcon_core.environment[0m [1;30mLevel 1[0m checking '/ros2_ws/install/collision_avoidance/lib/pkgconfig/collision_avoidance.pc'
[3.043s] [34mcolcon.colcon_core.environment[0m [1;30mLevel 1[0m checking '/ros2_ws/install/collision_avoidance/lib/python3.10/site-packages'
[3.045s] [34mcolcon.colcon_core.environment[0m [1;30mLevel 1[0m checking '/ros2_ws/install/collision_avoidance/bin'
[3.047s] [34mcolcon.colcon_core.shell[0m [1;30mINFO[0m Creating package script '/ros2_ws/install/collision_avoidance/share/collision_avoidance/package.ps1'
[3.055s] [34mcolcon.colcon_core.shell[0m [1;30mINFO[0m Creating package descriptor '/ros2_ws/install/collision_avoidance/share/collision_avoidance/package.dsv'
[3.058s] [34mcolcon.colcon_core.shell[0m [1;30mINFO[0m Creating package script '/ros2_ws/install/collision_avoidance/share/collision_avoidance/package.sh'
[3.062s] [34mcolcon.colcon_core.shell[0m [1;30mINFO[0m Creating package script '/ros2_ws/install/collision_avoidance/share/collision_avoidance/package.bash'
[3.066s] [34mcolcon.colcon_core.shell[0m [1;30mINFO[0m Creating package script '/ros2_ws/install/collision_avoidance/share/collision_avoidance/package.zsh'
[3.080s] [34mcolcon.colcon_core.environment[0m [1;30mLevel 1[0m create_file_with_runtime_dependencies(/ros2_ws/install/collision_avoidance/share/colcon-core/packages/collision_avoidance)
[3.083s] [34mcolcon.colcon_core.environment[0m [1;30mLevel 1[0m create_environment_scripts_only(collision_avoidance)
[3.098s] [34mcolcon.colcon_core.environment[0m [1;30mLevel 1[0m checking '/ros2_ws/install/collision_avoidance' for CMake module files
[3.100s] [34mcolcon.colcon_core.environment[0m [1;30mLevel 1[0m checking '/ros2_ws/install/collision_avoidance' for CMake config files
[3.103s] [34mcolcon.colcon_core.shell[0m [1;30mLevel 1[0m create_environment_hook('collision_avoidance', 'cmake_prefix_path')
[3.104s] [34mcolcon.colcon_core.shell[0m [1;30mINFO[0m Creating environment hook '/ros2_ws/install/collision_avoidance/share/collision_avoidance/hook/cmake_prefix_path.ps1'
[3.107s] [34mcolcon.colcon_core.shell[0m [1;30mINFO[0m Creating environment descriptor '/ros2_ws/install/collision_avoidance/share/collision_avoidance/hook/cmake_prefix_path.dsv'
[3.109s] [34mcolcon.colcon_core.shell[0m [1;30mINFO[0m Creating environment hook '/ros2_ws/install/collision_avoidance/share/collision_avoidance/hook/cmake_prefix_path.sh'
[3.114s] [34mcolcon.colcon_core.environment[0m [1;30mLevel 1[0m checking '/ros2_ws/install/collision_avoidance/lib'
[3.115s] [34mcolcon.colcon_core.shell[0m [1;30mLevel 1[0m create_environment_hook('collision_avoidance', 'ld_library_path_lib')
[3.117s] [34mcolcon.colcon_core.shell[0m [1;30mINFO[0m Creating environment hook '/ros2_ws/install/collision_avoidance/share/collision_avoidance/hook/ld_library_path_lib.ps1'
[3.119s] [34mcolcon.colcon_core.shell[0m [1;30mINFO[0m Creating environment descriptor '/ros2_ws/install/collision_avoidance/share/collision_avoidance/hook/ld_library_path_lib.dsv'
[3.121s] [34mcolcon.colcon_core.shell[0m [1;30mINFO[0m Creating environment hook '/ros2_ws/install/collision_avoidance/share/collision_avoidance/hook/ld_library_path_lib.sh'
[3.123s] [34mcolcon.colcon_core.environment[0m [1;30mLevel 1[0m checking '/ros2_ws/install/collision_avoidance/bin'
[3.123s] [34mcolcon.colcon_core.environment[0m [1;30mLevel 1[0m checking '/ros2_ws/install/collision_avoidance/lib/pkgconfig/collision_avoidance.pc'
[3.125s] [34mcolcon.colcon_core.environment[0m [1;30mLevel 1[0m checking '/ros2_ws/install/collision_avoidance/lib/python3.10/site-packages'
[3.127s] [34mcolcon.colcon_core.environment[0m [1;30mLevel 1[0m checking '/ros2_ws/install/collision_avoidance/bin'
[3.129s] [34mcolcon.colcon_core.shell[0m [1;30mINFO[0m Creating package script '/ros2_ws/install/collision_avoidance/share/collision_avoidance/package.ps1'
[3.135s] [34mcolcon.colcon_core.shell[0m [1;30mINFO[0m Creating package descriptor '/ros2_ws/install/collision_avoidance/share/collision_avoidance/package.dsv'
[3.140s] [34mcolcon.colcon_core.shell[0m [1;30mINFO[0m Creating package script '/ros2_ws/install/collision_avoidance/share/collision_avoidance/package.sh'
[3.144s] [34mcolcon.colcon_core.shell[0m [1;30mINFO[0m Creating package script '/ros2_ws/install/collision_avoidance/share/collision_avoidance/package.bash'
[3.148s] [34mcolcon.colcon_core.shell[0m [1;30mINFO[0m Creating package script '/ros2_ws/install/collision_avoidance/share/collision_avoidance/package.zsh'
[3.152s] [34mcolcon.colcon_core.environment[0m [1;30mLevel 1[0m create_file_with_runtime_dependencies(/ros2_ws/install/collision_avoidance/share/colcon-core/packages/collision_avoidance)
[3.164s] [34mcolcon.colcon_core.environment[0m [1;30mLevel 1[0m create_environment_scripts_only(oradar_lidar)
[3.166s] [34mcolcon.colcon_core.environment[0m [1;30mLevel 1[0m checking '/ros2_ws/install/oradar_lidar' for CMake module files
[3.167s] [34mcolcon.colcon_core.event_handler.log_command[0m [1;30mDEBUG[0m [32mInvoked command in '/ros2_ws/build/oradar_lidar' returned '0': CMAKE_PREFIX_PATH=${CMAKE_PREFIX_PATH}:/opt/ros/humble /usr/bin/cmake --install /ros2_ws/build/oradar_lidar[0m
[3.172s] [34mcolcon.colcon_core.environment[0m [1;30mLevel 1[0m checking '/ros2_ws/install/oradar_lidar' for CMake config files
[3.176s] [34mcolcon.colcon_core.shell[0m [1;30mLevel 1[0m create_environment_hook('oradar_lidar', 'cmake_prefix_path')
[3.177s] [34mcolcon.colcon_core.shell[0m [1;30mINFO[0m Creating environment hook '/ros2_ws/install/oradar_lidar/share/oradar_lidar/hook/cmake_prefix_path.ps1'
[3.180s] [34mcolcon.colcon_core.shell[0m [1;30mINFO[0m Creating environment descriptor '/ros2_ws/install/oradar_lidar/share/oradar_lidar/hook/cmake_prefix_path.dsv'
[3.184s] [34mcolcon.colcon_core.shell[0m [1;30mINFO[0m Creating environment hook '/ros2_ws/install/oradar_lidar/share/oradar_lidar/hook/cmake_prefix_path.sh'
[3.188s] [34mcolcon.colcon_core.environment[0m [1;30mLevel 1[0m checking '/ros2_ws/install/oradar_lidar/lib'
[3.189s] [34mcolcon.colcon_core.environment[0m [1;30mLevel 1[0m checking '/ros2_ws/install/oradar_lidar/bin'
[3.189s] [34mcolcon.colcon_core.shell[0m [1;30mLevel 1[0m create_environment_hook('oradar_lidar', 'path')
[3.191s] [34mcolcon.colcon_core.shell[0m [1;30mINFO[0m Creating environment hook '/ros2_ws/install/oradar_lidar/share/oradar_lidar/hook/path.ps1'
[3.194s] [34mcolcon.colcon_core.shell[0m [1;30mINFO[0m Creating environment descriptor '/ros2_ws/install/oradar_lidar/share/oradar_lidar/hook/path.dsv'
[3.197s] [34mcolcon.colcon_core.shell[0m [1;30mINFO[0m Creating environment hook '/ros2_ws/install/oradar_lidar/share/oradar_lidar/hook/path.sh'
[3.201s] [34mcolcon.colcon_core.environment[0m [1;30mLevel 1[0m checking '/ros2_ws/install/oradar_lidar/lib/pkgconfig/oradar_lidar.pc'
[3.202s] [34mcolcon.colcon_core.environment[0m [1;30mLevel 1[0m checking '/ros2_ws/install/oradar_lidar/lib/python3.10/site-packages'
[3.205s] [34mcolcon.colcon_core.environment[0m [1;30mLevel 1[0m checking '/ros2_ws/install/oradar_lidar/bin'
[3.206s] [34mcolcon.colcon_core.shell[0m [1;30mLevel 1[0m create_environment_hook('oradar_lidar', 'pythonscriptspath')
[3.207s] [34mcolcon.colcon_core.shell[0m [1;30mINFO[0m Creating environment hook '/ros2_ws/install/oradar_lidar/share/oradar_lidar/hook/pythonscriptspath.ps1'
[3.211s] [34mcolcon.colcon_core.shell[0m [1;30mINFO[0m Creating environment descriptor '/ros2_ws/install/oradar_lidar/share/oradar_lidar/hook/pythonscriptspath.dsv'
[3.214s] [34mcolcon.colcon_core.shell[0m [1;30mINFO[0m Creating environment hook '/ros2_ws/install/oradar_lidar/share/oradar_lidar/hook/pythonscriptspath.sh'
[3.219s] [34mcolcon.colcon_core.shell[0m [1;30mINFO[0m Creating package script '/ros2_ws/install/oradar_lidar/share/oradar_lidar/package.ps1'
[3.224s] [34mcolcon.colcon_core.shell[0m [1;30mINFO[0m Creating package descriptor '/ros2_ws/install/oradar_lidar/share/oradar_lidar/package.dsv'
[3.229s] [34mcolcon.colcon_core.shell[0m [1;30mINFO[0m Creating package script '/ros2_ws/install/oradar_lidar/share/oradar_lidar/package.sh'
[3.233s] [34mcolcon.colcon_core.shell[0m [1;30mINFO[0m Creating package script '/ros2_ws/install/oradar_lidar/share/oradar_lidar/package.bash'
[3.237s] [34mcolcon.colcon_core.shell[0m [1;30mINFO[0m Creating package script '/ros2_ws/install/oradar_lidar/share/oradar_lidar/package.zsh'
[3.241s] [34mcolcon.colcon_core.environment[0m [1;30mLevel 1[0m create_file_with_runtime_dependencies(/ros2_ws/install/oradar_lidar/share/colcon-core/packages/oradar_lidar)
[3.246s] [34mcolcon.colcon_core.environment[0m [1;30mLevel 1[0m create_environment_scripts_only(oradar_lidar)
[3.248s] [34mcolcon.colcon_core.environment[0m [1;30mLevel 1[0m checking '/ros2_ws/install/oradar_lidar' for CMake module files
[3.251s] [34mcolcon.colcon_core.environment[0m [1;30mLevel 1[0m checking '/ros2_ws/install/oradar_lidar' for CMake config files
[3.255s] [34mcolcon.colcon_core.shell[0m [1;30mLevel 1[0m create_environment_hook('oradar_lidar', 'cmake_prefix_path')
[3.256s] [34mcolcon.colcon_core.shell[0m [1;30mINFO[0m Creating environment hook '/ros2_ws/install/oradar_lidar/share/oradar_lidar/hook/cmake_prefix_path.ps1'
[3.259s] [34mcolcon.colcon_core.shell[0m [1;30mINFO[0m Creating environment descriptor '/ros2_ws/install/oradar_lidar/share/oradar_lidar/hook/cmake_prefix_path.dsv'
[3.261s] [34mcolcon.colcon_core.shell[0m [1;30mINFO[0m Creating environment hook '/ros2_ws/install/oradar_lidar/share/oradar_lidar/hook/cmake_prefix_path.sh'
[3.265s] [34mcolcon.colcon_core.environment[0m [1;30mLevel 1[0m checking '/ros2_ws/install/oradar_lidar/lib'
[3.266s] [34mcolcon.colcon_core.environment[0m [1;30mLevel 1[0m checking '/ros2_ws/install/oradar_lidar/bin'
[3.267s] [34mcolcon.colcon_core.shell[0m [1;30mLevel 1[0m create_environment_hook('oradar_lidar', 'path')
[3.269s] [34mcolcon.colcon_core.shell[0m [1;30mINFO[0m Creating environment hook '/ros2_ws/install/oradar_lidar/share/oradar_lidar/hook/path.ps1'
[3.272s] [34mcolcon.colcon_core.shell[0m [1;30mINFO[0m Creating environment descriptor '/ros2_ws/install/oradar_lidar/share/oradar_lidar/hook/path.dsv'
[3.275s] [34mcolcon.colcon_core.shell[0m [1;30mINFO[0m Creating environment hook '/ros2_ws/install/oradar_lidar/share/oradar_lidar/hook/path.sh'
[3.277s] [34mcolcon.colcon_core.environment[0m [1;30mLevel 1[0m checking '/ros2_ws/install/oradar_lidar/lib/pkgconfig/oradar_lidar.pc'
[3.278s] [34mcolcon.colcon_core.environment[0m [1;30mLevel 1[0m checking '/ros2_ws/install/oradar_lidar/lib/python3.10/site-packages'
[3.281s] [34mcolcon.colcon_core.environment[0m [1;30mLevel 1[0m checking '/ros2_ws/install/oradar_lidar/bin'
[3.281s] [34mcolcon.colcon_core.shell[0m [1;30mLevel 1[0m create_environment_hook('oradar_lidar', 'pythonscriptspath')
[3.282s] [34mcolcon.colcon_core.shell[0m [1;30mINFO[0m Creating environment hook '/ros2_ws/install/oradar_lidar/share/oradar_lidar/hook/pythonscriptspath.ps1'
[3.284s] [34mcolcon.colcon_core.shell[0m [1;30mINFO[0m Creating environment descriptor '/ros2_ws/install/oradar_lidar/share/oradar_lidar/hook/pythonscriptspath.dsv'
[3.287s] [34mcolcon.colcon_core.shell[0m [1;30mINFO[0m Creating environment hook '/ros2_ws/install/oradar_lidar/share/oradar_lidar/hook/pythonscriptspath.sh'
[3.292s] [34mcolcon.colcon_core.shell[0m [1;30mINFO[0m Creating package script '/ros2_ws/install/oradar_lidar/share/oradar_lidar/package.ps1'
[3.298s] [34mcolcon.colcon_core.shell[0m [1;30mINFO[0m Creating package descriptor '/ros2_ws/install/oradar_lidar/share/oradar_lidar/package.dsv'
[3.302s] [34mcolcon.colcon_core.shell[0m [1;30mINFO[0m Creating package script '/ros2_ws/install/oradar_lidar/share/oradar_lidar/package.sh'
[3.306s] [34mcolcon.colcon_core.shell[0m [1;30mINFO[0m Creating package script '/ros2_ws/install/oradar_lidar/share/oradar_lidar/package.bash'
[3.311s] [34mcolcon.colcon_core.shell[0m [1;30mINFO[0m Creating package script '/ros2_ws/install/oradar_lidar/share/oradar_lidar/package.zsh'
[3.318s] [34mcolcon.colcon_core.environment[0m [1;30mLevel 1[0m create_file_with_runtime_dependencies(/ros2_ws/install/oradar_lidar/share/colcon-core/packages/oradar_lidar)
[4.606s] [34mcolcon.colcon_core.event_handler.log_command[0m [1;30mDEBUG[0m [32mInvoked command in '/ros2_ws/build/interfaces' returned '0': CMAKE_PREFIX_PATH=${CMAKE_PREFIX_PATH}:/opt/ros/humble /usr/bin/cmake --build /ros2_ws/build/interfaces -- -j4 -l4[0m
[4.614s] [34mcolcon.colcon_core.event_handler.log_command[0m [1;30mDEBUG[0m [32mInvoking command in '/ros2_ws/build/interfaces': CMAKE_PREFIX_PATH=${CMAKE_PREFIX_PATH}:/opt/ros/humble /usr/bin/cmake --install /ros2_ws/build/interfaces[0m
[5.064s] [34mcolcon.colcon_core.environment[0m [1;30mLevel 1[0m create_environment_scripts_only(interfaces)
[5.069s] [34mcolcon.colcon_core.event_handler.log_command[0m [1;30mDEBUG[0m [32mInvoked command in '/ros2_ws/build/interfaces' returned '0': CMAKE_PREFIX_PATH=${CMAKE_PREFIX_PATH}:/opt/ros/humble /usr/bin/cmake --install /ros2_ws/build/interfaces[0m
[5.074s] [34mcolcon.colcon_core.environment[0m [1;30mLevel 1[0m checking '/ros2_ws/install/interfaces' for CMake module files
[5.079s] [34mcolcon.colcon_core.environment[0m [1;30mLevel 1[0m checking '/ros2_ws/install/interfaces' for CMake config files
[5.084s] [34mcolcon.colcon_core.shell[0m [1;30mLevel 1[0m create_environment_hook('interfaces', 'cmake_prefix_path')
[5.094s] [34mcolcon.colcon_core.shell[0m [1;30mINFO[0m Creating environment hook '/ros2_ws/install/interfaces/share/interfaces/hook/cmake_prefix_path.ps1'
[5.098s] [34mcolcon.colcon_core.shell[0m [1;30mINFO[0m Creating environment descriptor '/ros2_ws/install/interfaces/share/interfaces/hook/cmake_prefix_path.dsv'
[5.102s] [34mcolcon.colcon_core.shell[0m [1;30mINFO[0m Creating environment hook '/ros2_ws/install/interfaces/share/interfaces/hook/cmake_prefix_path.sh'
[5.106s] [34mcolcon.colcon_core.environment[0m [1;30mLevel 1[0m checking '/ros2_ws/install/interfaces/lib'
[5.108s] [34mcolcon.colcon_core.shell[0m [1;30mLevel 1[0m create_environment_hook('interfaces', 'ld_library_path_lib')
[5.109s] [34mcolcon.colcon_core.shell[0m [1;30mINFO[0m Creating environment hook '/ros2_ws/install/interfaces/share/interfaces/hook/ld_library_path_lib.ps1'
[5.114s] [34mcolcon.colcon_core.shell[0m [1;30mINFO[0m Creating environment descriptor '/ros2_ws/install/interfaces/share/interfaces/hook/ld_library_path_lib.dsv'
[5.117s] [34mcolcon.colcon_core.shell[0m [1;30mINFO[0m Creating environment hook '/ros2_ws/install/interfaces/share/interfaces/hook/ld_library_path_lib.sh'
[5.120s] [34mcolcon.colcon_core.environment[0m [1;30mLevel 1[0m checking '/ros2_ws/install/interfaces/bin'
[5.120s] [34mcolcon.colcon_core.environment[0m [1;30mLevel 1[0m checking '/ros2_ws/install/interfaces/lib/pkgconfig/interfaces.pc'
[5.122s] [34mcolcon.colcon_core.environment[0m [1;30mLevel 1[0m checking '/ros2_ws/install/interfaces/lib/python3.10/site-packages'
[5.125s] [34mcolcon.colcon_core.environment[0m [1;30mLevel 1[0m checking '/ros2_ws/install/interfaces/bin'
[5.127s] [34mcolcon.colcon_core.shell[0m [1;30mINFO[0m Creating package script '/ros2_ws/install/interfaces/share/interfaces/package.ps1'
[5.132s] [34mcolcon.colcon_core.shell[0m [1;30mINFO[0m Creating package descriptor '/ros2_ws/install/interfaces/share/interfaces/package.dsv'
[5.136s] [34mcolcon.colcon_core.shell[0m [1;30mINFO[0m Creating package script '/ros2_ws/install/interfaces/share/interfaces/package.sh'
[5.141s] [34mcolcon.colcon_core.shell[0m [1;30mINFO[0m Creating package script '/ros2_ws/install/interfaces/share/interfaces/package.bash'
[5.146s] [34mcolcon.colcon_core.shell[0m [1;30mINFO[0m Creating package script '/ros2_ws/install/interfaces/share/interfaces/package.zsh'
[5.149s] [34mcolcon.colcon_core.environment[0m [1;30mLevel 1[0m create_file_with_runtime_dependencies(/ros2_ws/install/interfaces/share/colcon-core/packages/interfaces)
[5.161s] [34mcolcon.colcon_core.environment[0m [1;30mLevel 1[0m create_environment_scripts_only(interfaces)
[5.163s] [34mcolcon.colcon_core.environment[0m [1;30mLevel 1[0m checking '/ros2_ws/install/interfaces' for CMake module files
[5.167s] [34mcolcon.colcon_core.environment[0m [1;30mLevel 1[0m checking '/ros2_ws/install/interfaces' for CMake config files
[5.174s] [34mcolcon.colcon_core.shell[0m [1;30mLevel 1[0m create_environment_hook('interfaces', 'cmake_prefix_path')
[5.183s] [34mcolcon.colcon_core.shell[0m [1;30mINFO[0m Creating environment hook '/ros2_ws/install/interfaces/share/interfaces/hook/cmake_prefix_path.ps1'
[5.193s] [34mcolcon.colcon_core.shell[0m [1;30mINFO[0m Creating environment descriptor '/ros2_ws/install/interfaces/share/interfaces/hook/cmake_prefix_path.dsv'
[5.196s] [34mcolcon.colcon_core.shell[0m [1;30mINFO[0m Creating environment hook '/ros2_ws/install/interfaces/share/interfaces/hook/cmake_prefix_path.sh'
[5.202s] [34mcolcon.colcon_core.environment[0m [1;30mLevel 1[0m checking '/ros2_ws/install/interfaces/lib'
[5.203s] [34mcolcon.colcon_core.shell[0m [1;30mLevel 1[0m create_environment_hook('interfaces', 'ld_library_path_lib')
[5.205s] [34mcolcon.colcon_core.shell[0m [1;30mINFO[0m Creating environment hook '/ros2_ws/install/interfaces/share/interfaces/hook/ld_library_path_lib.ps1'
[5.208s] [34mcolcon.colcon_core.shell[0m [1;30mINFO[0m Creating environment descriptor '/ros2_ws/install/interfaces/share/interfaces/hook/ld_library_path_lib.dsv'
[5.210s] [34mcolcon.colcon_core.shell[0m [1;30mINFO[0m Creating environment hook '/ros2_ws/install/interfaces/share/interfaces/hook/ld_library_path_lib.sh'
[5.214s] [34mcolcon.colcon_core.environment[0m [1;30mLevel 1[0m checking '/ros2_ws/install/interfaces/bin'
[5.215s] [34mcolcon.colcon_core.environment[0m [1;30mLevel 1[0m checking '/ros2_ws/install/interfaces/lib/pkgconfig/interfaces.pc'
[5.216s] [34mcolcon.colcon_core.environment[0m [1;30mLevel 1[0m checking '/ros2_ws/install/interfaces/lib/python3.10/site-packages'
[5.219s] [34mcolcon.colcon_core.environment[0m [1;30mLevel 1[0m checking '/ros2_ws/install/interfaces/bin'
[5.221s] [34mcolcon.colcon_core.shell[0m [1;30mINFO[0m Creating package script '/ros2_ws/install/interfaces/share/interfaces/package.ps1'
[5.226s] [34mcolcon.colcon_core.shell[0m [1;30mINFO[0m Creating package descriptor '/ros2_ws/install/interfaces/share/interfaces/package.dsv'
[5.231s] [34mcolcon.colcon_core.shell[0m [1;30mINFO[0m Creating package script '/ros2_ws/install/interfaces/share/interfaces/package.sh'
[5.235s] [34mcolcon.colcon_core.shell[0m [1;30mINFO[0m Creating package script '/ros2_ws/install/interfaces/share/interfaces/package.bash'
[5.240s] [34mcolcon.colcon_core.shell[0m [1;30mINFO[0m Creating package script '/ros2_ws/install/interfaces/share/interfaces/package.zsh'
[5.243s] [34mcolcon.colcon_core.environment[0m [1;30mLevel 1[0m create_file_with_runtime_dependencies(/ros2_ws/install/interfaces/share/colcon-core/packages/interfaces)
[5.252s] [34mcolcon.colcon_ros.task.ament_cmake.build[0m [1;30mINFO[0m Building ROS package in '/ros2_ws/src/ros2_control/brain_hardware' with build type 'ament_cmake'
[5.256s] [34mcolcon.colcon_cmake.task.cmake.build[0m [1;30mINFO[0m Building CMake package in '/ros2_ws/src/ros2_control/brain_hardware'
[5.258s] [34mcolcon.colcon_core.shell[0m [1;30mINFO[0m Skip shell extension 'powershell' for command environment: Not usable outside of PowerShell
[5.259s] [34mcolcon.colcon_core.shell[0m [1;30mDEBUG[0m [32mSkip shell extension 'dsv' for command environment[0m
[5.286s] [34mcolcon.colcon_ros.task.ament_cmake.build[0m [1;30mINFO[0m Building ROS package in '/ros2_ws/src/ros2_control/brain_controller' with build type 'ament_cmake'
[5.287s] [34mcolcon.colcon_cmake.task.cmake.build[0m [1;30mINFO[0m Building CMake package in '/ros2_ws/src/ros2_control/brain_controller'
[5.288s] [34mcolcon.colcon_core.shell[0m [1;30mINFO[0m Skip shell extension 'powershell' for command environment: Not usable outside of PowerShell
[5.290s] [34mcolcon.colcon_core.shell[0m [1;30mDEBUG[0m [32mSkip shell extension 'dsv' for command environment[0m
[5.350s] [34mcolcon.colcon_core.event_handler.log_command[0m [1;30mDEBUG[0m [32mInvoking command in '/ros2_ws/build/brain_hardware': CMAKE_PREFIX_PATH=/ros2_ws/install/interfaces:/ros2_ws/install/oradar_lidar:/ros2_ws/install/bringup:/ros2_ws/install/description:/ros2_ws/install/brain_hardware:/ros2_ws/install/brain_controller:/ros2_ws/install/collision_avoidance:/opt/ros/humble LD_LIBRARY_PATH=/ros2_ws/install/interfaces/lib:/ros2_ws/install/brain_hardware/lib:/ros2_ws/install/brain_controller/lib:/ros2_ws/install/collision_avoidance/lib:/opt/ros/humble/opt/rviz_ogre_vendor/lib:/opt/ros/humble/lib/aarch64-linux-gnu:/opt/ros/humble/lib /usr/bin/cmake --build /ros2_ws/build/brain_hardware -- -j4 -l4[0m
[5.384s] [34mcolcon.colcon_core.event_handler.log_command[0m [1;30mDEBUG[0m [32mInvoking command in '/ros2_ws/build/brain_controller': CMAKE_PREFIX_PATH=/ros2_ws/install/interfaces:/ros2_ws/install/oradar_lidar:/ros2_ws/install/bringup:/ros2_ws/install/description:/ros2_ws/install/brain_hardware:/ros2_ws/install/brain_controller:/ros2_ws/install/collision_avoidance:/opt/ros/humble LD_LIBRARY_PATH=/ros2_ws/install/interfaces/lib:/ros2_ws/install/brain_hardware/lib:/ros2_ws/install/brain_controller/lib:/ros2_ws/install/collision_avoidance/lib:/opt/ros/humble/opt/rviz_ogre_vendor/lib:/opt/ros/humble/lib/aarch64-linux-gnu:/opt/ros/humble/lib /usr/bin/cmake --build /ros2_ws/build/brain_controller -- -j4 -l4[0m
[5.842s] [34mcolcon.colcon_core.event_handler.log_command[0m [1;30mDEBUG[0m [32mInvoked command in '/ros2_ws/build/brain_controller' returned '0': CMAKE_PREFIX_PATH=/ros2_ws/install/interfaces:/ros2_ws/install/oradar_lidar:/ros2_ws/install/bringup:/ros2_ws/install/description:/ros2_ws/install/brain_hardware:/ros2_ws/install/brain_controller:/ros2_ws/install/collision_avoidance:/opt/ros/humble LD_LIBRARY_PATH=/ros2_ws/install/interfaces/lib:/ros2_ws/install/brain_hardware/lib:/ros2_ws/install/brain_controller/lib:/ros2_ws/install/collision_avoidance/lib:/opt/ros/humble/opt/rviz_ogre_vendor/lib:/opt/ros/humble/lib/aarch64-linux-gnu:/opt/ros/humble/lib /usr/bin/cmake --build /ros2_ws/build/brain_controller -- -j4 -l4[0m
[5.851s] [34mcolcon.colcon_core.event_handler.log_command[0m [1;30mDEBUG[0m [32mInvoking command in '/ros2_ws/build/brain_controller': CMAKE_PREFIX_PATH=/ros2_ws/install/interfaces:/ros2_ws/install/oradar_lidar:/ros2_ws/install/bringup:/ros2_ws/install/description:/ros2_ws/install/brain_hardware:/ros2_ws/install/brain_controller:/ros2_ws/install/collision_avoidance:/opt/ros/humble LD_LIBRARY_PATH=/ros2_ws/install/interfaces/lib:/ros2_ws/install/brain_hardware/lib:/ros2_ws/install/brain_controller/lib:/ros2_ws/install/collision_avoidance/lib:/opt/ros/humble/opt/rviz_ogre_vendor/lib:/opt/ros/humble/lib/aarch64-linux-gnu:/opt/ros/humble/lib /usr/bin/cmake --install /ros2_ws/build/brain_controller[0m
[5.882s] [34mcolcon.colcon_core.event_handler.log_command[0m [1;30mDEBUG[0m [32mInvoked command in '/ros2_ws/build/brain_hardware' returned '0': CMAKE_PREFIX_PATH=/ros2_ws/install/interfaces:/ros2_ws/install/oradar_lidar:/ros2_ws/install/bringup:/ros2_ws/install/description:/ros2_ws/install/brain_hardware:/ros2_ws/install/brain_controller:/ros2_ws/install/collision_avoidance:/opt/ros/humble LD_LIBRARY_PATH=/ros2_ws/install/interfaces/lib:/ros2_ws/install/brain_hardware/lib:/ros2_ws/install/brain_controller/lib:/ros2_ws/install/collision_avoidance/lib:/opt/ros/humble/opt/rviz_ogre_vendor/lib:/opt/ros/humble/lib/aarch64-linux-gnu:/opt/ros/humble/lib /usr/bin/cmake --build /ros2_ws/build/brain_hardware -- -j4 -l4[0m
[5.903s] [34mcolcon.colcon_core.event_handler.log_command[0m [1;30mDEBUG[0m [32mInvoking command in '/ros2_ws/build/brain_hardware': CMAKE_PREFIX_PATH=/ros2_ws/install/interfaces:/ros2_ws/install/oradar_lidar:/ros2_ws/install/bringup:/ros2_ws/install/description:/ros2_ws/install/brain_hardware:/ros2_ws/install/brain_controller:/ros2_ws/install/collision_avoidance:/opt/ros/humble LD_LIBRARY_PATH=/ros2_ws/install/interfaces/lib:/ros2_ws/install/brain_hardware/lib:/ros2_ws/install/brain_controller/lib:/ros2_ws/install/collision_avoidance/lib:/opt/ros/humble/opt/rviz_ogre_vendor/lib:/opt/ros/humble/lib/aarch64-linux-gnu:/opt/ros/humble/lib /usr/bin/cmake --install /ros2_ws/build/brain_hardware[0m
[5.945s] [34mcolcon.colcon_core.environment[0m [1;30mLevel 1[0m create_environment_scripts_only(brain_controller)
[5.947s] [34mcolcon.colcon_core.environment[0m [1;30mLevel 1[0m checking '/ros2_ws/install/brain_controller' for CMake module files
[5.949s] [34mcolcon.colcon_core.event_handler.log_command[0m [1;30mDEBUG[0m [32mInvoked command in '/ros2_ws/build/brain_controller' returned '0': CMAKE_PREFIX_PATH=/ros2_ws/install/interfaces:/ros2_ws/install/oradar_lidar:/ros2_ws/install/bringup:/ros2_ws/install/description:/ros2_ws/install/brain_hardware:/ros2_ws/install/brain_controller:/ros2_ws/install/collision_avoidance:/opt/ros/humble LD_LIBRARY_PATH=/ros2_ws/install/interfaces/lib:/ros2_ws/install/brain_hardware/lib:/ros2_ws/install/brain_controller/lib:/ros2_ws/install/collision_avoidance/lib:/opt/ros/humble/opt/rviz_ogre_vendor/lib:/opt/ros/humble/lib/aarch64-linux-gnu:/opt/ros/humble/lib /usr/bin/cmake --install /ros2_ws/build/brain_controller[0m
[5.955s] [34mcolcon.colcon_core.environment[0m [1;30mLevel 1[0m checking '/ros2_ws/install/brain_controller' for CMake config files
[5.957s] [34mcolcon.colcon_core.shell[0m [1;30mLevel 1[0m create_environment_hook('brain_controller', 'cmake_prefix_path')
[5.959s] [34mcolcon.colcon_core.shell[0m [1;30mINFO[0m Creating environment hook '/ros2_ws/install/brain_controller/share/brain_controller/hook/cmake_prefix_path.ps1'
[5.966s] [34mcolcon.colcon_core.shell[0m [1;30mINFO[0m Creating environment descriptor '/ros2_ws/install/brain_controller/share/brain_controller/hook/cmake_prefix_path.dsv'
[5.971s] [34mcolcon.colcon_core.shell[0m [1;30mINFO[0m Creating environment hook '/ros2_ws/install/brain_controller/share/brain_controller/hook/cmake_prefix_path.sh'
[5.974s] [34mcolcon.colcon_core.environment[0m [1;30mLevel 1[0m checking '/ros2_ws/install/brain_controller/lib'
[5.975s] [34mcolcon.colcon_core.shell[0m [1;30mLevel 1[0m create_environment_hook('brain_controller', 'ld_library_path_lib')
[5.976s] [34mcolcon.colcon_core.shell[0m [1;30mINFO[0m Creating environment hook '/ros2_ws/install/brain_controller/share/brain_controller/hook/ld_library_path_lib.ps1'
[5.979s] [34mcolcon.colcon_core.shell[0m [1;30mINFO[0m Creating environment descriptor '/ros2_ws/install/brain_controller/share/brain_controller/hook/ld_library_path_lib.dsv'
[5.987s] [34mcolcon.colcon_core.shell[0m [1;30mINFO[0m Creating environment hook '/ros2_ws/install/brain_controller/share/brain_controller/hook/ld_library_path_lib.sh'
[5.990s] [34mcolcon.colcon_core.environment[0m [1;30mLevel 1[0m checking '/ros2_ws/install/brain_controller/bin'
[5.990s] [34mcolcon.colcon_core.environment[0m [1;30mLevel 1[0m checking '/ros2_ws/install/brain_controller/lib/pkgconfig/brain_controller.pc'
[5.991s] [34mcolcon.colcon_core.environment[0m [1;30mLevel 1[0m checking '/ros2_ws/install/brain_controller/lib/python3.10/site-packages'
[5.995s] [34mcolcon.colcon_core.environment[0m [1;30mLevel 1[0m checking '/ros2_ws/install/brain_controller/bin'
[5.997s] [34mcolcon.colcon_core.shell[0m [1;30mINFO[0m Creating package script '/ros2_ws/install/brain_controller/share/brain_controller/package.ps1'
[6.002s] [34mcolcon.colcon_core.shell[0m [1;30mINFO[0m Creating package descriptor '/ros2_ws/install/brain_controller/share/brain_controller/package.dsv'
[6.006s] [34mcolcon.colcon_core.shell[0m [1;30mINFO[0m Creating package script '/ros2_ws/install/brain_controller/share/brain_controller/package.sh'
[6.008s] [34mcolcon.colcon_core.shell[0m [1;30mINFO[0m Creating package script '/ros2_ws/install/brain_controller/share/brain_controller/package.bash'
[6.013s] [34mcolcon.colcon_core.shell[0m [1;30mINFO[0m Creating package script '/ros2_ws/install/brain_controller/share/brain_controller/package.zsh'
[6.019s] [34mcolcon.colcon_core.environment[0m [1;30mLevel 1[0m create_file_with_runtime_dependencies(/ros2_ws/install/brain_controller/share/colcon-core/packages/brain_controller)
[6.022s] [34mcolcon.colcon_core.environment[0m [1;30mLevel 1[0m create_environment_scripts_only(brain_controller)
[6.024s] [34mcolcon.colcon_core.environment[0m [1;30mLevel 1[0m checking '/ros2_ws/install/brain_controller' for CMake module files
[6.028s] [34mcolcon.colcon_core.environment[0m [1;30mLevel 1[0m checking '/ros2_ws/install/brain_controller' for CMake config files
[6.030s] [34mcolcon.colcon_core.shell[0m [1;30mLevel 1[0m create_environment_hook('brain_controller', 'cmake_prefix_path')
[6.031s] [34mcolcon.colcon_core.shell[0m [1;30mINFO[0m Creating environment hook '/ros2_ws/install/brain_controller/share/brain_controller/hook/cmake_prefix_path.ps1'
[6.034s] [34mcolcon.colcon_core.shell[0m [1;30mINFO[0m Creating environment descriptor '/ros2_ws/install/brain_controller/share/brain_controller/hook/cmake_prefix_path.dsv'
[6.036s] [34mcolcon.colcon_core.shell[0m [1;30mINFO[0m Creating environment hook '/ros2_ws/install/brain_controller/share/brain_controller/hook/cmake_prefix_path.sh'
[6.040s] [34mcolcon.colcon_core.environment[0m [1;30mLevel 1[0m checking '/ros2_ws/install/brain_controller/lib'
[6.041s] [34mcolcon.colcon_core.shell[0m [1;30mLevel 1[0m create_environment_hook('brain_controller', 'ld_library_path_lib')
[6.043s] [34mcolcon.colcon_core.shell[0m [1;30mINFO[0m Creating environment hook '/ros2_ws/install/brain_controller/share/brain_controller/hook/ld_library_path_lib.ps1'
[6.046s] [34mcolcon.colcon_core.shell[0m [1;30mINFO[0m Creating environment descriptor '/ros2_ws/install/brain_controller/share/brain_controller/hook/ld_library_path_lib.dsv'
[6.050s] [34mcolcon.colcon_core.shell[0m [1;30mINFO[0m Creating environment hook '/ros2_ws/install/brain_controller/share/brain_controller/hook/ld_library_path_lib.sh'
[6.053s] [34mcolcon.colcon_core.environment[0m [1;30mLevel 1[0m checking '/ros2_ws/install/brain_controller/bin'
[6.054s] [34mcolcon.colcon_core.environment[0m [1;30mLevel 1[0m checking '/ros2_ws/install/brain_controller/lib/pkgconfig/brain_controller.pc'
[6.056s] [34mcolcon.colcon_core.environment[0m [1;30mLevel 1[0m checking '/ros2_ws/install/brain_controller/lib/python3.10/site-packages'
[6.058s] [34mcolcon.colcon_core.environment[0m [1;30mLevel 1[0m checking '/ros2_ws/install/brain_controller/bin'
[6.061s] [34mcolcon.colcon_core.shell[0m [1;30mINFO[0m Creating package script '/ros2_ws/install/brain_controller/share/brain_controller/package.ps1'
[6.067s] [34mcolcon.colcon_core.shell[0m [1;30mINFO[0m Creating package descriptor '/ros2_ws/install/brain_controller/share/brain_controller/package.dsv'
[6.071s] [34mcolcon.colcon_core.shell[0m [1;30mINFO[0m Creating package script '/ros2_ws/install/brain_controller/share/brain_controller/package.sh'
[6.075s] [34mcolcon.colcon_core.shell[0m [1;30mINFO[0m Creating package script '/ros2_ws/install/brain_controller/share/brain_controller/package.bash'
[6.079s] [34mcolcon.colcon_core.shell[0m [1;30mINFO[0m Creating package script '/ros2_ws/install/brain_controller/share/brain_controller/package.zsh'
[6.083s] [34mcolcon.colcon_core.environment[0m [1;30mLevel 1[0m create_file_with_runtime_dependencies(/ros2_ws/install/brain_controller/share/colcon-core/packages/brain_controller)
[6.090s] [34mcolcon.colcon_core.environment[0m [1;30mLevel 1[0m create_environment_scripts_only(brain_hardware)
[6.092s] [34mcolcon.colcon_core.event_handler.log_command[0m [1;30mDEBUG[0m [32mInvoked command in '/ros2_ws/build/brain_hardware' returned '0': CMAKE_PREFIX_PATH=/ros2_ws/install/interfaces:/ros2_ws/install/oradar_lidar:/ros2_ws/install/bringup:/ros2_ws/install/description:/ros2_ws/install/brain_hardware:/ros2_ws/install/brain_controller:/ros2_ws/install/collision_avoidance:/opt/ros/humble LD_LIBRARY_PATH=/ros2_ws/install/interfaces/lib:/ros2_ws/install/brain_hardware/lib:/ros2_ws/install/brain_controller/lib:/ros2_ws/install/collision_avoidance/lib:/opt/ros/humble/opt/rviz_ogre_vendor/lib:/opt/ros/humble/lib/aarch64-linux-gnu:/opt/ros/humble/lib /usr/bin/cmake --install /ros2_ws/build/brain_hardware[0m
[6.095s] [34mcolcon.colcon_core.environment[0m [1;30mLevel 1[0m checking '/ros2_ws/install/brain_hardware' for CMake module files
[6.099s] [34mcolcon.colcon_core.environment[0m [1;30mLevel 1[0m checking '/ros2_ws/install/brain_hardware' for CMake config files
[6.111s] [34mcolcon.colcon_core.shell[0m [1;30mLevel 1[0m create_environment_hook('brain_hardware', 'cmake_prefix_path')
[6.113s] [34mcolcon.colcon_core.shell[0m [1;30mINFO[0m Creating environment hook '/ros2_ws/install/brain_hardware/share/brain_hardware/hook/cmake_prefix_path.ps1'
[6.117s] [34mcolcon.colcon_core.shell[0m [1;30mINFO[0m Creating environment descriptor '/ros2_ws/install/brain_hardware/share/brain_hardware/hook/cmake_prefix_path.dsv'
[6.122s] [34mcolcon.colcon_core.shell[0m [1;30mINFO[0m Creating environment hook '/ros2_ws/install/brain_hardware/share/brain_hardware/hook/cmake_prefix_path.sh'
[6.132s] [34mcolcon.colcon_core.environment[0m [1;30mLevel 1[0m checking '/ros2_ws/install/brain_hardware/lib'
[6.133s] [34mcolcon.colcon_core.shell[0m [1;30mLevel 1[0m create_environment_hook('brain_hardware', 'ld_library_path_lib')
[6.135s] [34mcolcon.colcon_core.shell[0m [1;30mINFO[0m Creating environment hook '/ros2_ws/install/brain_hardware/share/brain_hardware/hook/ld_library_path_lib.ps1'
[6.137s] [34mcolcon.colcon_core.shell[0m [1;30mINFO[0m Creating environment descriptor '/ros2_ws/install/brain_hardware/share/brain_hardware/hook/ld_library_path_lib.dsv'
[6.139s] [34mcolcon.colcon_core.shell[0m [1;30mINFO[0m Creating environment hook '/ros2_ws/install/brain_hardware/share/brain_hardware/hook/ld_library_path_lib.sh'
[6.142s] [34mcolcon.colcon_core.environment[0m [1;30mLevel 1[0m checking '/ros2_ws/install/brain_hardware/bin'
[6.142s] [34mcolcon.colcon_core.environment[0m [1;30mLevel 1[0m checking '/ros2_ws/install/brain_hardware/lib/pkgconfig/brain_hardware.pc'
[6.144s] [34mcolcon.colcon_core.environment[0m [1;30mLevel 1[0m checking '/ros2_ws/install/brain_hardware/lib/python3.10/site-packages'
[6.146s] [34mcolcon.colcon_core.environment[0m [1;30mLevel 1[0m checking '/ros2_ws/install/brain_hardware/bin'
[6.148s] [34mcolcon.colcon_core.shell[0m [1;30mINFO[0m Creating package script '/ros2_ws/install/brain_hardware/share/brain_hardware/package.ps1'
[6.151s] [34mcolcon.colcon_core.shell[0m [1;30mINFO[0m Creating package descriptor '/ros2_ws/install/brain_hardware/share/brain_hardware/package.dsv'
[6.154s] [34mcolcon.colcon_core.shell[0m [1;30mINFO[0m Creating package script '/ros2_ws/install/brain_hardware/share/brain_hardware/package.sh'
[6.156s] [34mcolcon.colcon_core.shell[0m [1;30mINFO[0m Creating package script '/ros2_ws/install/brain_hardware/share/brain_hardware/package.bash'
[6.158s] [34mcolcon.colcon_core.shell[0m [1;30mINFO[0m Creating package script '/ros2_ws/install/brain_hardware/share/brain_hardware/package.zsh'
[6.160s] [34mcolcon.colcon_core.environment[0m [1;30mLevel 1[0m create_file_with_runtime_dependencies(/ros2_ws/install/brain_hardware/share/colcon-core/packages/brain_hardware)
[6.164s] [34mcolcon.colcon_core.environment[0m [1;30mLevel 1[0m create_environment_scripts_only(brain_hardware)
[6.165s] [34mcolcon.colcon_core.environment[0m [1;30mLevel 1[0m checking '/ros2_ws/install/brain_hardware' for CMake module files
[6.168s] [34mcolcon.colcon_core.environment[0m [1;30mLevel 1[0m checking '/ros2_ws/install/brain_hardware' for CMake config files
[6.170s] [34mcolcon.colcon_core.shell[0m [1;30mLevel 1[0m create_environment_hook('brain_hardware', 'cmake_prefix_path')
[6.172s] [34mcolcon.colcon_core.shell[0m [1;30mINFO[0m Creating environment hook '/ros2_ws/install/brain_hardware/share/brain_hardware/hook/cmake_prefix_path.ps1'
[6.175s] [34mcolcon.colcon_core.shell[0m [1;30mINFO[0m Creating environment descriptor '/ros2_ws/install/brain_hardware/share/brain_hardware/hook/cmake_prefix_path.dsv'
[6.178s] [34mcolcon.colcon_core.shell[0m [1;30mINFO[0m Creating environment hook '/ros2_ws/install/brain_hardware/share/brain_hardware/hook/cmake_prefix_path.sh'
[6.181s] [34mcolcon.colcon_core.environment[0m [1;30mLevel 1[0m checking '/ros2_ws/install/brain_hardware/lib'
[6.182s] [34mcolcon.colcon_core.shell[0m [1;30mLevel 1[0m create_environment_hook('brain_hardware', 'ld_library_path_lib')
[6.183s] [34mcolcon.colcon_core.shell[0m [1;30mINFO[0m Creating environment hook '/ros2_ws/install/brain_hardware/share/brain_hardware/hook/ld_library_path_lib.ps1'
[6.186s] [34mcolcon.colcon_core.shell[0m [1;30mINFO[0m Creating environment descriptor '/ros2_ws/install/brain_hardware/share/brain_hardware/hook/ld_library_path_lib.dsv'
[6.188s] [34mcolcon.colcon_core.shell[0m [1;30mINFO[0m Creating environment hook '/ros2_ws/install/brain_hardware/share/brain_hardware/hook/ld_library_path_lib.sh'
[6.191s] [34mcolcon.colcon_core.environment[0m [1;30mLevel 1[0m checking '/ros2_ws/install/brain_hardware/bin'
[6.191s] [34mcolcon.colcon_core.environment[0m [1;30mLevel 1[0m checking '/ros2_ws/install/brain_hardware/lib/pkgconfig/brain_hardware.pc'
[6.192s] [34mcolcon.colcon_core.environment[0m [1;30mLevel 1[0m checking '/ros2_ws/install/brain_hardware/lib/python3.10/site-packages'
[6.195s] [34mcolcon.colcon_core.environment[0m [1;30mLevel 1[0m checking '/ros2_ws/install/brain_hardware/bin'
[6.197s] [34mcolcon.colcon_core.shell[0m [1;30mINFO[0m Creating package script '/ros2_ws/install/brain_hardware/share/brain_hardware/package.ps1'
[6.201s] [34mcolcon.colcon_core.shell[0m [1;30mINFO[0m Creating package descriptor '/ros2_ws/install/brain_hardware/share/brain_hardware/package.dsv'
[6.204s] [34mcolcon.colcon_core.shell[0m [1;30mINFO[0m Creating package script '/ros2_ws/install/brain_hardware/share/brain_hardware/package.sh'
[6.207s] [34mcolcon.colcon_core.shell[0m [1;30mINFO[0m Creating package script '/ros2_ws/install/brain_hardware/share/brain_hardware/package.bash'
[6.209s] [34mcolcon.colcon_core.shell[0m [1;30mINFO[0m Creating package script '/ros2_ws/install/brain_hardware/share/brain_hardware/package.zsh'
[6.212s] [34mcolcon.colcon_core.environment[0m [1;30mLevel 1[0m create_file_with_runtime_dependencies(/ros2_ws/install/brain_hardware/share/colcon-core/packages/brain_hardware)
[6.215s] [34mcolcon.colcon_ros.task.ament_cmake.build[0m [1;30mINFO[0m Building ROS package in '/ros2_ws/src/description' with build type 'ament_cmake'
[6.216s] [34mcolcon.colcon_cmake.task.cmake.build[0m [1;30mINFO[0m Building CMake package in '/ros2_ws/src/description'
[6.218s] [34mcolcon.colcon_core.shell[0m [1;30mINFO[0m Skip shell extension 'powershell' for command environment: Not usable outside of PowerShell
[6.218s] [34mcolcon.colcon_core.shell[0m [1;30mDEBUG[0m [32mSkip shell extension 'dsv' for command environment[0m
[6.281s] [34mcolcon.colcon_core.event_handler.log_command[0m [1;30mDEBUG[0m [32mInvoking command in '/ros2_ws/build/description': CMAKE_PREFIX_PATH=/ros2_ws/install/brain_hardware:/ros2_ws/install/interfaces:/ros2_ws/install/oradar_lidar:/ros2_ws/install/bringup:/ros2_ws/install/description:/ros2_ws/install/brain_controller:/ros2_ws/install/collision_avoidance:/opt/ros/humble LD_LIBRARY_PATH=/ros2_ws/install/brain_hardware/lib:/ros2_ws/install/interfaces/lib:/ros2_ws/install/brain_controller/lib:/ros2_ws/install/collision_avoidance/lib:/opt/ros/humble/opt/rviz_ogre_vendor/lib:/opt/ros/humble/lib/aarch64-linux-gnu:/opt/ros/humble/lib /usr/bin/cmake --build /ros2_ws/build/description -- -j4 -l4[0m
[6.459s] [34mcolcon.colcon_core.event_handler.log_command[0m [1;30mDEBUG[0m [32mInvoked command in '/ros2_ws/build/description' returned '0': CMAKE_PREFIX_PATH=/ros2_ws/install/brain_hardware:/ros2_ws/install/interfaces:/ros2_ws/install/oradar_lidar:/ros2_ws/install/bringup:/ros2_ws/install/description:/ros2_ws/install/brain_controller:/ros2_ws/install/collision_avoidance:/opt/ros/humble LD_LIBRARY_PATH=/ros2_ws/install/brain_hardware/lib:/ros2_ws/install/interfaces/lib:/ros2_ws/install/brain_controller/lib:/ros2_ws/install/collision_avoidance/lib:/opt/ros/humble/opt/rviz_ogre_vendor/lib:/opt/ros/humble/lib/aarch64-linux-gnu:/opt/ros/humble/lib /usr/bin/cmake --build /ros2_ws/build/description -- -j4 -l4[0m
[6.467s] [34mcolcon.colcon_core.event_handler.log_command[0m [1;30mDEBUG[0m [32mInvoking command in '/ros2_ws/build/description': CMAKE_PREFIX_PATH=/ros2_ws/install/brain_hardware:/ros2_ws/install/interfaces:/ros2_ws/install/oradar_lidar:/ros2_ws/install/bringup:/ros2_ws/install/description:/ros2_ws/install/brain_controller:/ros2_ws/install/collision_avoidance:/opt/ros/humble LD_LIBRARY_PATH=/ros2_ws/install/brain_hardware/lib:/ros2_ws/install/interfaces/lib:/ros2_ws/install/brain_controller/lib:/ros2_ws/install/collision_avoidance/lib:/opt/ros/humble/opt/rviz_ogre_vendor/lib:/opt/ros/humble/lib/aarch64-linux-gnu:/opt/ros/humble/lib /usr/bin/cmake --install /ros2_ws/build/description[0m
[6.571s] [34mcolcon.colcon_core.environment[0m [1;30mLevel 1[0m create_environment_scripts_only(description)
[6.573s] [34mcolcon.colcon_core.environment[0m [1;30mLevel 1[0m checking '/ros2_ws/install/description' for CMake module files
[6.574s] [34mcolcon.colcon_core.event_handler.log_command[0m [1;30mDEBUG[0m [32mInvoked command in '/ros2_ws/build/description' returned '0': CMAKE_PREFIX_PATH=/ros2_ws/install/brain_hardware:/ros2_ws/install/interfaces:/ros2_ws/install/oradar_lidar:/ros2_ws/install/bringup:/ros2_ws/install/description:/ros2_ws/install/brain_controller:/ros2_ws/install/collision_avoidance:/opt/ros/humble LD_LIBRARY_PATH=/ros2_ws/install/brain_hardware/lib:/ros2_ws/install/interfaces/lib:/ros2_ws/install/brain_controller/lib:/ros2_ws/install/collision_avoidance/lib:/opt/ros/humble/opt/rviz_ogre_vendor/lib:/opt/ros/humble/lib/aarch64-linux-gnu:/opt/ros/humble/lib /usr/bin/cmake --install /ros2_ws/build/description[0m
[6.578s] [34mcolcon.colcon_core.environment[0m [1;30mLevel 1[0m checking '/ros2_ws/install/description' for CMake config files
[6.580s] [34mcolcon.colcon_core.shell[0m [1;30mLevel 1[0m create_environment_hook('description', 'cmake_prefix_path')
[6.581s] [34mcolcon.colcon_core.shell[0m [1;30mINFO[0m Creating environment hook '/ros2_ws/install/description/share/description/hook/cmake_prefix_path.ps1'
[6.584s] [34mcolcon.colcon_core.shell[0m [1;30mINFO[0m Creating environment descriptor '/ros2_ws/install/description/share/description/hook/cmake_prefix_path.dsv'
[6.589s] [34mcolcon.colcon_core.shell[0m [1;30mINFO[0m Creating environment hook '/ros2_ws/install/description/share/description/hook/cmake_prefix_path.sh'
[6.592s] [34mcolcon.colcon_core.environment[0m [1;30mLevel 1[0m checking '/ros2_ws/install/description/bin'
[6.593s] [34mcolcon.colcon_core.environment[0m [1;30mLevel 1[0m checking '/ros2_ws/install/description/lib/pkgconfig/description.pc'
[6.594s] [34mcolcon.colcon_core.environment[0m [1;30mLevel 1[0m checking '/ros2_ws/install/description/lib/python3.10/site-packages'
[6.596s] [34mcolcon.colcon_core.environment[0m [1;30mLevel 1[0m checking '/ros2_ws/install/description/bin'
[6.598s] [34mcolcon.colcon_core.shell[0m [1;30mINFO[0m Creating package script '/ros2_ws/install/description/share/description/package.ps1'
[6.600s] [34mcolcon.colcon_core.shell[0m [1;30mINFO[0m Creating package descriptor '/ros2_ws/install/description/share/description/package.dsv'
[6.602s] [34mcolcon.colcon_core.shell[0m [1;30mINFO[0m Creating package script '/ros2_ws/install/description/share/description/package.sh'
[6.605s] [34mcolcon.colcon_core.shell[0m [1;30mINFO[0m Creating package script '/ros2_ws/install/description/share/description/package.bash'
[6.607s] [34mcolcon.colcon_core.shell[0m [1;30mINFO[0m Creating package script '/ros2_ws/install/description/share/description/package.zsh'
[6.609s] [34mcolcon.colcon_core.environment[0m [1;30mLevel 1[0m create_file_with_runtime_dependencies(/ros2_ws/install/description/share/colcon-core/packages/description)
[6.611s] [34mcolcon.colcon_core.environment[0m [1;30mLevel 1[0m create_environment_scripts_only(description)
[6.612s] [34mcolcon.colcon_core.environment[0m [1;30mLevel 1[0m checking '/ros2_ws/install/description' for CMake module files
[6.615s] [34mcolcon.colcon_core.environment[0m [1;30mLevel 1[0m checking '/ros2_ws/install/description' for CMake config files
[6.617s] [34mcolcon.colcon_core.shell[0m [1;30mLevel 1[0m create_environment_hook('description', 'cmake_prefix_path')
[6.619s] [34mcolcon.colcon_core.shell[0m [1;30mINFO[0m Creating environment hook '/ros2_ws/install/description/share/description/hook/cmake_prefix_path.ps1'
[6.621s] [34mcolcon.colcon_core.shell[0m [1;30mINFO[0m Creating environment descriptor '/ros2_ws/install/description/share/description/hook/cmake_prefix_path.dsv'
[6.623s] [34mcolcon.colcon_core.shell[0m [1;30mINFO[0m Creating environment hook '/ros2_ws/install/description/share/description/hook/cmake_prefix_path.sh'
[6.626s] [34mcolcon.colcon_core.environment[0m [1;30mLevel 1[0m checking '/ros2_ws/install/description/bin'
[6.626s] [34mcolcon.colcon_core.environment[0m [1;30mLevel 1[0m checking '/ros2_ws/install/description/lib/pkgconfig/description.pc'
[6.627s] [34mcolcon.colcon_core.environment[0m [1;30mLevel 1[0m checking '/ros2_ws/install/description/lib/python3.10/site-packages'
[6.630s] [34mcolcon.colcon_core.environment[0m [1;30mLevel 1[0m checking '/ros2_ws/install/description/bin'
[6.631s] [34mcolcon.colcon_core.shell[0m [1;30mINFO[0m Creating package script '/ros2_ws/install/description/share/description/package.ps1'
[6.636s] [34mcolcon.colcon_core.shell[0m [1;30mINFO[0m Creating package descriptor '/ros2_ws/install/description/share/description/package.dsv'
[6.640s] [34mcolcon.colcon_core.shell[0m [1;30mINFO[0m Creating package script '/ros2_ws/install/description/share/description/package.sh'
[6.644s] [34mcolcon.colcon_core.shell[0m [1;30mINFO[0m Creating package script '/ros2_ws/install/description/share/description/package.bash'
[6.647s] [34mcolcon.colcon_core.shell[0m [1;30mINFO[0m Creating package script '/ros2_ws/install/description/share/description/package.zsh'
[6.649s] [34mcolcon.colcon_core.environment[0m [1;30mLevel 1[0m create_file_with_runtime_dependencies(/ros2_ws/install/description/share/colcon-core/packages/description)
[6.654s] [34mcolcon.colcon_ros.task.ament_cmake.build[0m [1;30mINFO[0m Building ROS package in '/ros2_ws/src/bringup' with build type 'ament_cmake'
[6.655s] [34mcolcon.colcon_cmake.task.cmake.build[0m [1;30mINFO[0m Building CMake package in '/ros2_ws/src/bringup'
[6.657s] [34mcolcon.colcon_core.shell[0m [1;30mINFO[0m Skip shell extension 'powershell' for command environment: Not usable outside of PowerShell
[6.657s] [34mcolcon.colcon_core.shell[0m [1;30mDEBUG[0m [32mSkip shell extension 'dsv' for command environment[0m
[6.740s] [34mcolcon.colcon_core.event_handler.log_command[0m [1;30mDEBUG[0m [32mInvoking command in '/ros2_ws/build/bringup': CMAKE_PREFIX_PATH=/ros2_ws/install/description:/ros2_ws/install/brain_hardware:/ros2_ws/install/interfaces:/ros2_ws/install/oradar_lidar:/ros2_ws/install/bringup:/ros2_ws/install/brain_controller:/ros2_ws/install/collision_avoidance:/opt/ros/humble LD_LIBRARY_PATH=/ros2_ws/install/brain_hardware/lib:/ros2_ws/install/interfaces/lib:/ros2_ws/install/brain_controller/lib:/ros2_ws/install/collision_avoidance/lib:/opt/ros/humble/opt/rviz_ogre_vendor/lib:/opt/ros/humble/lib/aarch64-linux-gnu:/opt/ros/humble/lib /usr/bin/cmake --build /ros2_ws/build/bringup -- -j4 -l4[0m
[6.907s] [34mcolcon.colcon_core.event_handler.log_command[0m [1;30mDEBUG[0m [32mInvoked command in '/ros2_ws/build/bringup' returned '0': CMAKE_PREFIX_PATH=/ros2_ws/install/description:/ros2_ws/install/brain_hardware:/ros2_ws/install/interfaces:/ros2_ws/install/oradar_lidar:/ros2_ws/install/bringup:/ros2_ws/install/brain_controller:/ros2_ws/install/collision_avoidance:/opt/ros/humble LD_LIBRARY_PATH=/ros2_ws/install/brain_hardware/lib:/ros2_ws/install/interfaces/lib:/ros2_ws/install/brain_controller/lib:/ros2_ws/install/collision_avoidance/lib:/opt/ros/humble/opt/rviz_ogre_vendor/lib:/opt/ros/humble/lib/aarch64-linux-gnu:/opt/ros/humble/lib /usr/bin/cmake --build /ros2_ws/build/bringup -- -j4 -l4[0m
[6.915s] [34mcolcon.colcon_core.event_handler.log_command[0m [1;30mDEBUG[0m [32mInvoking command in '/ros2_ws/build/bringup': CMAKE_PREFIX_PATH=/ros2_ws/install/description:/ros2_ws/install/brain_hardware:/ros2_ws/install/interfaces:/ros2_ws/install/oradar_lidar:/ros2_ws/install/bringup:/ros2_ws/install/brain_controller:/ros2_ws/install/collision_avoidance:/opt/ros/humble LD_LIBRARY_PATH=/ros2_ws/install/brain_hardware/lib:/ros2_ws/install/interfaces/lib:/ros2_ws/install/brain_controller/lib:/ros2_ws/install/collision_avoidance/lib:/opt/ros/humble/opt/rviz_ogre_vendor/lib:/opt/ros/humble/lib/aarch64-linux-gnu:/opt/ros/humble/lib /usr/bin/cmake --install /ros2_ws/build/bringup[0m
[7.011s] [34mcolcon.colcon_core.environment[0m [1;30mLevel 1[0m create_environment_scripts_only(bringup)
[7.014s] [34mcolcon.colcon_core.environment[0m [1;30mLevel 1[0m checking '/ros2_ws/install/bringup' for CMake module files
[7.015s] [34mcolcon.colcon_core.event_handler.log_command[0m [1;30mDEBUG[0m [32mInvoked command in '/ros2_ws/build/bringup' returned '0': CMAKE_PREFIX_PATH=/ros2_ws/install/description:/ros2_ws/install/brain_hardware:/ros2_ws/install/interfaces:/ros2_ws/install/oradar_lidar:/ros2_ws/install/bringup:/ros2_ws/install/brain_controller:/ros2_ws/install/collision_avoidance:/opt/ros/humble LD_LIBRARY_PATH=/ros2_ws/install/brain_hardware/lib:/ros2_ws/install/interfaces/lib:/ros2_ws/install/brain_controller/lib:/ros2_ws/install/collision_avoidance/lib:/opt/ros/humble/opt/rviz_ogre_vendor/lib:/opt/ros/humble/lib/aarch64-linux-gnu:/opt/ros/humble/lib /usr/bin/cmake --install /ros2_ws/build/bringup[0m
[7.018s] [34mcolcon.colcon_core.environment[0m [1;30mLevel 1[0m checking '/ros2_ws/install/bringup' for CMake config files
[7.020s] [34mcolcon.colcon_core.shell[0m [1;30mLevel 1[0m create_environment_hook('bringup', 'cmake_prefix_path')
[7.021s] [34mcolcon.colcon_core.shell[0m [1;30mINFO[0m Creating environment hook '/ros2_ws/install/bringup/share/bringup/hook/cmake_prefix_path.ps1'
[7.023s] [34mcolcon.colcon_core.shell[0m [1;30mINFO[0m Creating environment descriptor '/ros2_ws/install/bringup/share/bringup/hook/cmake_prefix_path.dsv'
[7.025s] [34mcolcon.colcon_core.shell[0m [1;30mINFO[0m Creating environment hook '/ros2_ws/install/bringup/share/bringup/hook/cmake_prefix_path.sh'
[7.028s] [34mcolcon.colcon_core.environment[0m [1;30mLevel 1[0m checking '/ros2_ws/install/bringup/bin'
[7.029s] [34mcolcon.colcon_core.environment[0m [1;30mLevel 1[0m checking '/ros2_ws/install/bringup/lib/pkgconfig/bringup.pc'
[7.032s] [34mcolcon.colcon_core.environment[0m [1;30mLevel 1[0m checking '/ros2_ws/install/bringup/lib/python3.10/site-packages'
[7.035s] [34mcolcon.colcon_core.environment[0m [1;30mLevel 1[0m checking '/ros2_ws/install/bringup/bin'
[7.037s] [34mcolcon.colcon_core.shell[0m [1;30mINFO[0m Creating package script '/ros2_ws/install/bringup/share/bringup/package.ps1'
[7.041s] [34mcolcon.colcon_core.shell[0m [1;30mINFO[0m Creating package descriptor '/ros2_ws/install/bringup/share/bringup/package.dsv'
[7.045s] [34mcolcon.colcon_core.shell[0m [1;30mINFO[0m Creating package script '/ros2_ws/install/bringup/share/bringup/package.sh'
[7.047s] [34mcolcon.colcon_core.shell[0m [1;30mINFO[0m Creating package script '/ros2_ws/install/bringup/share/bringup/package.bash'
[7.049s] [34mcolcon.colcon_core.shell[0m [1;30mINFO[0m Creating package script '/ros2_ws/install/bringup/share/bringup/package.zsh'
[7.051s] [34mcolcon.colcon_core.environment[0m [1;30mLevel 1[0m create_file_with_runtime_dependencies(/ros2_ws/install/bringup/share/colcon-core/packages/bringup)
[7.054s] [34mcolcon.colcon_core.environment[0m [1;30mLevel 1[0m create_environment_scripts_only(bringup)
[7.056s] [34mcolcon.colcon_core.environment[0m [1;30mLevel 1[0m checking '/ros2_ws/install/bringup' for CMake module files
[7.059s] [34mcolcon.colcon_core.environment[0m [1;30mLevel 1[0m checking '/ros2_ws/install/bringup' for CMake config files
[7.061s] [34mcolcon.colcon_core.shell[0m [1;30mLevel 1[0m create_environment_hook('bringup', 'cmake_prefix_path')
[7.062s] [34mcolcon.colcon_core.shell[0m [1;30mINFO[0m Creating environment hook '/ros2_ws/install/bringup/share/bringup/hook/cmake_prefix_path.ps1'
[7.064s] [34mcolcon.colcon_core.shell[0m [1;30mINFO[0m Creating environment descriptor '/ros2_ws/install/bringup/share/bringup/hook/cmake_prefix_path.dsv'
[7.066s] [34mcolcon.colcon_core.shell[0m [1;30mINFO[0m Creating environment hook '/ros2_ws/install/bringup/share/bringup/hook/cmake_prefix_path.sh'
[7.069s] [34mcolcon.colcon_core.environment[0m [1;30mLevel 1[0m checking '/ros2_ws/install/bringup/bin'
[7.069s] [34mcolcon.colcon_core.environment[0m [1;30mLevel 1[0m checking '/ros2_ws/install/bringup/lib/pkgconfig/bringup.pc'
[7.070s] [34mcolcon.colcon_core.environment[0m [1;30mLevel 1[0m checking '/ros2_ws/install/bringup/lib/python3.10/site-packages'
[7.073s] [34mcolcon.colcon_core.environment[0m [1;30mLevel 1[0m checking '/ros2_ws/install/bringup/bin'
[7.075s] [34mcolcon.colcon_core.shell[0m [1;30mINFO[0m Creating package script '/ros2_ws/install/bringup/share/bringup/package.ps1'
[7.080s] [34mcolcon.colcon_core.shell[0m [1;30mINFO[0m Creating package descriptor '/ros2_ws/install/bringup/share/bringup/package.dsv'
[7.083s] [34mcolcon.colcon_core.shell[0m [1;30mINFO[0m Creating package script '/ros2_ws/install/bringup/share/bringup/package.sh'
[7.087s] [34mcolcon.colcon_core.shell[0m [1;30mINFO[0m Creating package script '/ros2_ws/install/bringup/share/bringup/package.bash'
[7.091s] [34mcolcon.colcon_core.shell[0m [1;30mINFO[0m Creating package script '/ros2_ws/install/bringup/share/bringup/package.zsh'
[7.094s] [34mcolcon.colcon_core.environment[0m [1;30mLevel 1[0m create_file_with_runtime_dependencies(/ros2_ws/install/bringup/share/colcon-core/packages/bringup)
[7.099s] [34mcolcon.colcon_parallel_executor.executor.parallel[0m [1;30mDEBUG[0m [32mclosing loop[0m
[7.100s] [34mcolcon.colcon_parallel_executor.executor.parallel[0m [1;30mDEBUG[0m [32mloop closed[0m
[7.101s] [34mcolcon.colcon_parallel_executor.executor.parallel[0m [1;30mDEBUG[0m [32mrun_until_complete finished with '0'[0m
[7.102s] [34mcolcon.colcon_core.event_reactor[0m [1;30mDEBUG[0m [32mjoining thread[0m
[7.145s] [34mcolcon.colcon_core.plugin_system[0m [1;30mINFO[0m Skipping extension 'colcon_notification.desktop_notification.notify_send': Could not find 'notify-send'
[7.146s] [34mcolcon.colcon_core.plugin_system[0m [1;30mINFO[0m Skipping extension 'colcon_notification.desktop_notification.terminal_notifier': Not used on non-Darwin systems
[7.147s] [34mcolcon.colcon_core.plugin_system[0m [1;30mINFO[0m Skipping extension 'colcon_notification.desktop_notification.win32': Not used on non-Windows systems
[7.147s] [34mcolcon.colcon_notification.desktop_notification[0m [1;30mINFO[0m Sending desktop notification using 'notify2'
[7.158s] [34mcolcon.colcon_notification.desktop_notification.notify2[0m [1;30mDEBUG[0m [32mFailed to initialize notify2: org.freedesktop.DBus.Error.Spawn.ExecFailed: /usr/bin/dbus-launch terminated abnormally without any error message[0m
[7.159s] [34mcolcon.colcon_core.event_reactor[0m [1;30mDEBUG[0m [32mjoined thread[0m
[7.161s] [34mcolcon.colcon_core.shell[0m [1;30mINFO[0m Creating prefix script '/ros2_ws/install/local_setup.ps1'
[7.167s] [34mcolcon.colcon_core.shell[0m [1;30mINFO[0m Creating prefix util module '/ros2_ws/install/_local_setup_util_ps1.py'
[7.175s] [34mcolcon.colcon_core.shell[0m [1;30mINFO[0m Creating prefix chain script '/ros2_ws/install/setup.ps1'
[7.183s] [34mcolcon.colcon_core.shell[0m [1;30mINFO[0m Creating prefix script '/ros2_ws/install/local_setup.sh'
[7.186s] [34mcolcon.colcon_core.shell[0m [1;30mINFO[0m Creating prefix util module '/ros2_ws/install/_local_setup_util_sh.py'
[7.190s] [34mcolcon.colcon_core.shell[0m [1;30mINFO[0m Creating prefix chain script '/ros2_ws/install/setup.sh'
[7.198s] [34mcolcon.colcon_core.shell[0m [1;30mINFO[0m Creating prefix script '/ros2_ws/install/local_setup.bash'
[7.201s] [34mcolcon.colcon_core.shell[0m [1;30mINFO[0m Creating prefix chain script '/ros2_ws/install/setup.bash'
[7.208s] [34mcolcon.colcon_core.shell[0m [1;30mINFO[0m Creating prefix script '/ros2_ws/install/local_setup.zsh'
[7.211s] [34mcolcon.colcon_core.shell[0m [1;30mINFO[0m Creating prefix chain script '/ros2_ws/install/setup.zsh'
