[0.588s] [34mcolcon[0m [1;30mDEBUG[0m [32mCommand line arguments: ['/usr/bin/colcon', 'build'][0m
[0.589s] [34mcolcon[0m [1;30mDEBUG[0m [32mParsed command line arguments: Namespace(log_base=None, log_level=None, verb_name='build', build_base='build', install_base='install', merge_install=False, symlink_install=False, test_result_base=None, continue_on_error=False, executor='parallel', parallel_workers=4, event_handlers=None, ignore_user_meta=False, metas=['./colcon.meta'], base_paths=['.'], packages_ignore=None, packages_ignore_regex=None, paths=None, packages_up_to=None, packages_up_to_regex=None, packages_above=None, packages_above_and_dependencies=None, packages_above_depth=None, packages_select_by_dep=None, packages_skip_by_dep=None, packages_skip_up_to=None, packages_select_build_failed=False, packages_skip_build_finished=False, packages_select_test_failures=False, packages_skip_test_passed=False, packages_select=None, packages_skip=None, packages_select_regex=None, packages_skip_regex=None, packages_start=None, packages_end=None, allow_overriding=[], cmake_args=None, cmake_target=None, cmake_target_skip_unavailable=False, cmake_clean_cache=False, cmake_clean_first=False, cmake_force_configure=False, ament_cmake_args=None, catkin_cmake_args=None, catkin_skip_building_tests=False, verb_parser=<colcon_defaults.argument_parser.defaults.DefaultArgumentsDecorator object at 0x7f91069e70>, verb_extension=<colcon_core.verb.build.BuildVerb object at 0x7f9120b700>, main=<bound method BuildVerb.main of <colcon_core.verb.build.BuildVerb object at 0x7f9120b700>>)[0m
[2.121s] [34mcolcon.colcon_core.package_discovery[0m [1;30mLevel 1[0m discover_packages(colcon_meta) check parameters
[2.121s] [34mcolcon.colcon_core.package_discovery[0m [1;30mLevel 1[0m discover_packages(recursive) check parameters
[2.121s] [34mcolcon.colcon_core.package_discovery[0m [1;30mLevel 1[0m discover_packages(ignore) check parameters
[2.122s] [34mcolcon.colcon_core.package_discovery[0m [1;30mLevel 1[0m discover_packages(path) check parameters
[2.122s] [34mcolcon.colcon_core.package_discovery[0m [1;30mLevel 1[0m discover_packages(colcon_meta) discover
[2.122s] [34mcolcon.colcon_core.package_discovery[0m [1;30mLevel 1[0m discover_packages(recursive) discover
[2.123s] [34mcolcon.colcon_core.package_discovery[0m [1;30mINFO[0m Crawling recursively for packages in '/ros2_ws'
[2.123s] [34mcolcon.colcon_core.package_identification[0m [1;30mLevel 1[0m _identify(.) by extensions ['ignore', 'ignore_ament_install']
[2.124s] [34mcolcon.colcon_core.package_identification[0m [1;30mLevel 1[0m _identify(.) by extension 'ignore'
[2.124s] [34mcolcon.colcon_core.package_identification[0m [1;30mLevel 1[0m _identify(.) by extension 'ignore_ament_install'
[2.125s] [34mcolcon.colcon_core.package_identification[0m [1;30mLevel 1[0m _identify(.) by extensions ['colcon_pkg']
[2.125s] [34mcolcon.colcon_core.package_identification[0m [1;30mLevel 1[0m _identify(.) by extension 'colcon_pkg'
[2.125s] [34mcolcon.colcon_core.package_identification[0m [1;30mLevel 1[0m _identify(.) by extensions ['colcon_meta']
[2.126s] [34mcolcon.colcon_core.package_identification[0m [1;30mLevel 1[0m _identify(.) by extension 'colcon_meta'
[2.126s] [34mcolcon.colcon_core.package_identification[0m [1;30mLevel 1[0m _identify(.) by extensions ['ros']
[2.126s] [34mcolcon.colcon_core.package_identification[0m [1;30mLevel 1[0m _identify(.) by extension 'ros'
[2.187s] [34mcolcon.colcon_core.package_identification[0m [1;30mLevel 1[0m _identify(.) by extensions ['cmake', 'python']
[2.188s] [34mcolcon.colcon_core.package_identification[0m [1;30mLevel 1[0m _identify(.) by extension 'cmake'
[2.188s] [34mcolcon.colcon_core.package_identification[0m [1;30mLevel 1[0m _identify(.) by extension 'python'
[2.189s] [34mcolcon.colcon_core.package_identification[0m [1;30mLevel 1[0m _identify(.) by extensions ['python_setup_py']
[2.189s] [34mcolcon.colcon_core.package_identification[0m [1;30mLevel 1[0m _identify(.) by extension 'python_setup_py'
[2.189s] [34mcolcon.colcon_core.package_identification[0m [1;30mLevel 1[0m _identify(build) by extensions ['ignore', 'ignore_ament_install']
[2.190s] [34mcolcon.colcon_core.package_identification[0m [1;30mLevel 1[0m _identify(build) by extension 'ignore'
[2.190s] [34mcolcon.colcon_core.package_identification[0m [1;30mLevel 1[0m _identify(build) ignored
[2.191s] [34mcolcon.colcon_core.package_identification[0m [1;30mLevel 1[0m _identify(debug) by extensions ['ignore', 'ignore_ament_install']
[2.191s] [34mcolcon.colcon_core.package_identification[0m [1;30mLevel 1[0m _identify(debug) by extension 'ignore'
[2.192s] [34mcolcon.colcon_core.package_identification[0m [1;30mLevel 1[0m _identify(debug) by extension 'ignore_ament_install'
[2.192s] [34mcolcon.colcon_core.package_identification[0m [1;30mLevel 1[0m _identify(debug) by extensions ['colcon_pkg']
[2.192s] [34mcolcon.colcon_core.package_identification[0m [1;30mLevel 1[0m _identify(debug) by extension 'colcon_pkg'
[2.193s] [34mcolcon.colcon_core.package_identification[0m [1;30mLevel 1[0m _identify(debug) by extensions ['colcon_meta']
[2.193s] [34mcolcon.colcon_core.package_identification[0m [1;30mLevel 1[0m _identify(debug) by extension 'colcon_meta'
[2.193s] [34mcolcon.colcon_core.package_identification[0m [1;30mLevel 1[0m _identify(debug) by extensions ['ros']
[2.193s] [34mcolcon.colcon_core.package_identification[0m [1;30mLevel 1[0m _identify(debug) by extension 'ros'
[2.194s] [34mcolcon.colcon_core.package_identification[0m [1;30mLevel 1[0m _identify(debug) by extensions ['cmake', 'python']
[2.194s] [34mcolcon.colcon_core.package_identification[0m [1;30mLevel 1[0m _identify(debug) by extension 'cmake'
[2.194s] [34mcolcon.colcon_core.package_identification[0m [1;30mLevel 1[0m _identify(debug) by extension 'python'
[2.195s] [34mcolcon.colcon_core.package_identification[0m [1;30mLevel 1[0m _identify(debug) by extensions ['python_setup_py']
[2.195s] [34mcolcon.colcon_core.package_identification[0m [1;30mLevel 1[0m _identify(debug) by extension 'python_setup_py'
[2.196s] [34mcolcon.colcon_core.package_identification[0m [1;30mLevel 1[0m _identify(install) by extensions ['ignore', 'ignore_ament_install']
[2.197s] [34mcolcon.colcon_core.package_identification[0m [1;30mLevel 1[0m _identify(install) by extension 'ignore'
[2.197s] [34mcolcon.colcon_core.package_identification[0m [1;30mLevel 1[0m _identify(install) ignored
[2.198s] [34mcolcon.colcon_core.package_identification[0m [1;30mLevel 1[0m _identify(log) by extensions ['ignore', 'ignore_ament_install']
[2.199s] [34mcolcon.colcon_core.package_identification[0m [1;30mLevel 1[0m _identify(log) by extension 'ignore'
[2.199s] [34mcolcon.colcon_core.package_identification[0m [1;30mLevel 1[0m _identify(log) ignored
[2.200s] [34mcolcon.colcon_core.package_identification[0m [1;30mLevel 1[0m _identify(src) by extensions ['ignore', 'ignore_ament_install']
[2.200s] [34mcolcon.colcon_core.package_identification[0m [1;30mLevel 1[0m _identify(src) by extension 'ignore'
[2.201s] [34mcolcon.colcon_core.package_identification[0m [1;30mLevel 1[0m _identify(src) by extension 'ignore_ament_install'
[2.201s] [34mcolcon.colcon_core.package_identification[0m [1;30mLevel 1[0m _identify(src) by extensions ['colcon_pkg']
[2.202s] [34mcolcon.colcon_core.package_identification[0m [1;30mLevel 1[0m _identify(src) by extension 'colcon_pkg'
[2.202s] [34mcolcon.colcon_core.package_identification[0m [1;30mLevel 1[0m _identify(src) by extensions ['colcon_meta']
[2.202s] [34mcolcon.colcon_core.package_identification[0m [1;30mLevel 1[0m _identify(src) by extension 'colcon_meta'
[2.203s] [34mcolcon.colcon_core.package_identification[0m [1;30mLevel 1[0m _identify(src) by extensions ['ros']
[2.203s] [34mcolcon.colcon_core.package_identification[0m [1;30mLevel 1[0m _identify(src) by extension 'ros'
[2.204s] [34mcolcon.colcon_core.package_identification[0m [1;30mLevel 1[0m _identify(src) by extensions ['cmake', 'python']
[2.204s] [34mcolcon.colcon_core.package_identification[0m [1;30mLevel 1[0m _identify(src) by extension 'cmake'
[2.204s] [34mcolcon.colcon_core.package_identification[0m [1;30mLevel 1[0m _identify(src) by extension 'python'
[2.205s] [34mcolcon.colcon_core.package_identification[0m [1;30mLevel 1[0m _identify(src) by extensions ['python_setup_py']
[2.205s] [34mcolcon.colcon_core.package_identification[0m [1;30mLevel 1[0m _identify(src) by extension 'python_setup_py'
[2.206s] [34mcolcon.colcon_core.package_identification[0m [1;30mLevel 1[0m _identify(src/aurora) by extensions ['ignore', 'ignore_ament_install']
[2.206s] [34mcolcon.colcon_core.package_identification[0m [1;30mLevel 1[0m _identify(src/aurora) by extension 'ignore'
[2.209s] [34mcolcon.colcon_core.package_identification[0m [1;30mLevel 1[0m _identify(src/aurora) by extension 'ignore_ament_install'
[2.209s] [34mcolcon.colcon_core.package_identification[0m [1;30mLevel 1[0m _identify(src/aurora) by extensions ['colcon_pkg']
[2.210s] [34mcolcon.colcon_core.package_identification[0m [1;30mLevel 1[0m _identify(src/aurora) by extension 'colcon_pkg'
[2.211s] [34mcolcon.colcon_core.package_identification[0m [1;30mLevel 1[0m _identify(src/aurora) by extensions ['colcon_meta']
[2.211s] [34mcolcon.colcon_core.package_identification[0m [1;30mLevel 1[0m _identify(src/aurora) by extension 'colcon_meta'
[2.212s] [34mcolcon.colcon_core.package_identification[0m [1;30mLevel 1[0m _identify(src/aurora) by extensions ['ros']
[2.212s] [34mcolcon.colcon_core.package_identification[0m [1;30mLevel 1[0m _identify(src/aurora) by extension 'ros'
[2.213s] [34mcolcon.colcon_core.package_identification[0m [1;30mLevel 1[0m _identify(src/aurora) by extensions ['cmake', 'python']
[2.213s] [34mcolcon.colcon_core.package_identification[0m [1;30mLevel 1[0m _identify(src/aurora) by extension 'cmake'
[2.213s] [34mcolcon.colcon_core.package_identification[0m [1;30mLevel 1[0m _identify(src/aurora) by extension 'python'
[2.213s] [34mcolcon.colcon_core.package_identification[0m [1;30mLevel 1[0m _identify(src/aurora) by extensions ['python_setup_py']
[2.214s] [34mcolcon.colcon_core.package_identification[0m [1;30mLevel 1[0m _identify(src/aurora) by extension 'python_setup_py'
[2.214s] [34mcolcon.colcon_core.package_identification[0m [1;30mLevel 1[0m _identify(src/aurora/aurora930-ros-driver-humble-aarch64-0.2.4) by extensions ['ignore', 'ignore_ament_install']
[2.215s] [34mcolcon.colcon_core.package_identification[0m [1;30mLevel 1[0m _identify(src/aurora/aurora930-ros-driver-humble-aarch64-0.2.4) by extension 'ignore'
[2.215s] [34mcolcon.colcon_core.package_identification[0m [1;30mLevel 1[0m _identify(src/aurora/aurora930-ros-driver-humble-aarch64-0.2.4) by extension 'ignore_ament_install'
[2.216s] [34mcolcon.colcon_core.package_identification[0m [1;30mLevel 1[0m _identify(src/aurora/aurora930-ros-driver-humble-aarch64-0.2.4) by extensions ['colcon_pkg']
[2.216s] [34mcolcon.colcon_core.package_identification[0m [1;30mLevel 1[0m _identify(src/aurora/aurora930-ros-driver-humble-aarch64-0.2.4) by extension 'colcon_pkg'
[2.217s] [34mcolcon.colcon_core.package_identification[0m [1;30mLevel 1[0m _identify(src/aurora/aurora930-ros-driver-humble-aarch64-0.2.4) by extensions ['colcon_meta']
[2.217s] [34mcolcon.colcon_core.package_identification[0m [1;30mLevel 1[0m _identify(src/aurora/aurora930-ros-driver-humble-aarch64-0.2.4) by extension 'colcon_meta'
[2.217s] [34mcolcon.colcon_core.package_identification[0m [1;30mLevel 1[0m _identify(src/aurora/aurora930-ros-driver-humble-aarch64-0.2.4) by extensions ['ros']
[2.218s] [34mcolcon.colcon_core.package_identification[0m [1;30mLevel 1[0m _identify(src/aurora/aurora930-ros-driver-humble-aarch64-0.2.4) by extension 'ros'
[2.219s] [34mcolcon.colcon_core.package_identification[0m [1;30mLevel 1[0m _identify(src/aurora/aurora930-ros-driver-humble-aarch64-0.2.4) by extensions ['cmake', 'python']
[2.219s] [34mcolcon.colcon_core.package_identification[0m [1;30mLevel 1[0m _identify(src/aurora/aurora930-ros-driver-humble-aarch64-0.2.4) by extension 'cmake'
[2.219s] [34mcolcon.colcon_core.package_identification[0m [1;30mLevel 1[0m _identify(src/aurora/aurora930-ros-driver-humble-aarch64-0.2.4) by extension 'python'
[2.220s] [34mcolcon.colcon_core.package_identification[0m [1;30mLevel 1[0m _identify(src/aurora/aurora930-ros-driver-humble-aarch64-0.2.4) by extensions ['python_setup_py']
[2.220s] [34mcolcon.colcon_core.package_identification[0m [1;30mLevel 1[0m _identify(src/aurora/aurora930-ros-driver-humble-aarch64-0.2.4) by extension 'python_setup_py'
[2.221s] [34mcolcon.colcon_core.package_identification[0m [1;30mLevel 1[0m _identify(src/bringup) by extensions ['ignore', 'ignore_ament_install']
[2.221s] [34mcolcon.colcon_core.package_identification[0m [1;30mLevel 1[0m _identify(src/bringup) by extension 'ignore'
[2.222s] [34mcolcon.colcon_core.package_identification[0m [1;30mLevel 1[0m _identify(src/bringup) by extension 'ignore_ament_install'
[2.222s] [34mcolcon.colcon_core.package_identification[0m [1;30mLevel 1[0m _identify(src/bringup) by extensions ['colcon_pkg']
[2.222s] [34mcolcon.colcon_core.package_identification[0m [1;30mLevel 1[0m _identify(src/bringup) by extension 'colcon_pkg'
[2.223s] [34mcolcon.colcon_core.package_identification[0m [1;30mLevel 1[0m _identify(src/bringup) by extensions ['colcon_meta']
[2.223s] [34mcolcon.colcon_core.package_identification[0m [1;30mLevel 1[0m _identify(src/bringup) by extension 'colcon_meta'
[2.223s] [34mcolcon.colcon_core.package_identification[0m [1;30mLevel 1[0m _identify(src/bringup) by extensions ['ros']
[2.223s] [34mcolcon.colcon_core.package_identification[0m [1;30mLevel 1[0m _identify(src/bringup) by extension 'ros'
[2.248s] [34mcolcon.colcon_core.package_identification[0m [1;30mDEBUG[0m [32mPackage 'src/bringup' with type 'ros.ament_cmake' and name 'bringup'[0m
[2.249s] [34mcolcon.colcon_core.package_identification[0m [1;30mLevel 1[0m _identify(src/collision_avoidance) by extensions ['ignore', 'ignore_ament_install']
[2.249s] [34mcolcon.colcon_core.package_identification[0m [1;30mLevel 1[0m _identify(src/collision_avoidance) by extension 'ignore'
[2.250s] [34mcolcon.colcon_core.package_identification[0m [1;30mLevel 1[0m _identify(src/collision_avoidance) by extension 'ignore_ament_install'
[2.250s] [34mcolcon.colcon_core.package_identification[0m [1;30mLevel 1[0m _identify(src/collision_avoidance) by extensions ['colcon_pkg']
[2.250s] [34mcolcon.colcon_core.package_identification[0m [1;30mLevel 1[0m _identify(src/collision_avoidance) by extension 'colcon_pkg'
[2.251s] [34mcolcon.colcon_core.package_identification[0m [1;30mLevel 1[0m _identify(src/collision_avoidance) by extensions ['colcon_meta']
[2.251s] [34mcolcon.colcon_core.package_identification[0m [1;30mLevel 1[0m _identify(src/collision_avoidance) by extension 'colcon_meta'
[2.251s] [34mcolcon.colcon_core.package_identification[0m [1;30mLevel 1[0m _identify(src/collision_avoidance) by extensions ['ros']
[2.251s] [34mcolcon.colcon_core.package_identification[0m [1;30mLevel 1[0m _identify(src/collision_avoidance) by extension 'ros'
[2.258s] [34mcolcon.colcon_core.package_identification[0m [1;30mDEBUG[0m [32mPackage 'src/collision_avoidance' with type 'ros.ament_cmake' and name 'collision_avoidance'[0m
[2.259s] [34mcolcon.colcon_core.package_identification[0m [1;30mLevel 1[0m _identify(src/description) by extensions ['ignore', 'ignore_ament_install']
[2.259s] [34mcolcon.colcon_core.package_identification[0m [1;30mLevel 1[0m _identify(src/description) by extension 'ignore'
[2.260s] [34mcolcon.colcon_core.package_identification[0m [1;30mLevel 1[0m _identify(src/description) by extension 'ignore_ament_install'
[2.260s] [34mcolcon.colcon_core.package_identification[0m [1;30mLevel 1[0m _identify(src/description) by extensions ['colcon_pkg']
[2.260s] [34mcolcon.colcon_core.package_identification[0m [1;30mLevel 1[0m _identify(src/description) by extension 'colcon_pkg'
[2.261s] [34mcolcon.colcon_core.package_identification[0m [1;30mLevel 1[0m _identify(src/description) by extensions ['colcon_meta']
[2.261s] [34mcolcon.colcon_core.package_identification[0m [1;30mLevel 1[0m _identify(src/description) by extension 'colcon_meta'
[2.261s] [34mcolcon.colcon_core.package_identification[0m [1;30mLevel 1[0m _identify(src/description) by extensions ['ros']
[2.261s] [34mcolcon.colcon_core.package_identification[0m [1;30mLevel 1[0m _identify(src/description) by extension 'ros'
[2.265s] [34mcolcon.colcon_core.package_identification[0m [1;30mDEBUG[0m [32mPackage 'src/description' with type 'ros.ament_cmake' and name 'description'[0m
[2.266s] [34mcolcon.colcon_core.package_identification[0m [1;30mLevel 1[0m _identify(src/interfaces) by extensions ['ignore', 'ignore_ament_install']
[2.267s] [34mcolcon.colcon_core.package_identification[0m [1;30mLevel 1[0m _identify(src/interfaces) by extension 'ignore'
[2.267s] [34mcolcon.colcon_core.package_identification[0m [1;30mLevel 1[0m _identify(src/interfaces) by extension 'ignore_ament_install'
[2.267s] [34mcolcon.colcon_core.package_identification[0m [1;30mLevel 1[0m _identify(src/interfaces) by extensions ['colcon_pkg']
[2.268s] [34mcolcon.colcon_core.package_identification[0m [1;30mLevel 1[0m _identify(src/interfaces) by extension 'colcon_pkg'
[2.268s] [34mcolcon.colcon_core.package_identification[0m [1;30mLevel 1[0m _identify(src/interfaces) by extensions ['colcon_meta']
[2.268s] [34mcolcon.colcon_core.package_identification[0m [1;30mLevel 1[0m _identify(src/interfaces) by extension 'colcon_meta'
[2.269s] [34mcolcon.colcon_core.package_identification[0m [1;30mLevel 1[0m _identify(src/interfaces) by extensions ['ros']
[2.269s] [34mcolcon.colcon_core.package_identification[0m [1;30mLevel 1[0m _identify(src/interfaces) by extension 'ros'
[2.274s] [34mcolcon.colcon_core.package_identification[0m [1;30mDEBUG[0m [32mPackage 'src/interfaces' with type 'ros.ament_cmake' and name 'interfaces'[0m
[2.274s] [34mcolcon.colcon_core.package_identification[0m [1;30mLevel 1[0m _identify(src/map) by extensions ['ignore', 'ignore_ament_install']
[2.275s] [34mcolcon.colcon_core.package_identification[0m [1;30mLevel 1[0m _identify(src/map) by extension 'ignore'
[2.275s] [34mcolcon.colcon_core.package_identification[0m [1;30mLevel 1[0m _identify(src/map) by extension 'ignore_ament_install'
[2.276s] [34mcolcon.colcon_core.package_identification[0m [1;30mLevel 1[0m _identify(src/map) by extensions ['colcon_pkg']
[2.276s] [34mcolcon.colcon_core.package_identification[0m [1;30mLevel 1[0m _identify(src/map) by extension 'colcon_pkg'
[2.276s] [34mcolcon.colcon_core.package_identification[0m [1;30mLevel 1[0m _identify(src/map) by extensions ['colcon_meta']
[2.277s] [34mcolcon.colcon_core.package_identification[0m [1;30mLevel 1[0m _identify(src/map) by extension 'colcon_meta'
[2.277s] [34mcolcon.colcon_core.package_identification[0m [1;30mLevel 1[0m _identify(src/map) by extensions ['ros']
[2.277s] [34mcolcon.colcon_core.package_identification[0m [1;30mLevel 1[0m _identify(src/map) by extension 'ros'
[2.278s] [34mcolcon.colcon_core.package_identification[0m [1;30mLevel 1[0m _identify(src/map) by extensions ['cmake', 'python']
[2.278s] [34mcolcon.colcon_core.package_identification[0m [1;30mLevel 1[0m _identify(src/map) by extension 'cmake'
[2.278s] [34mcolcon.colcon_core.package_identification[0m [1;30mLevel 1[0m _identify(src/map) by extension 'python'
[2.279s] [34mcolcon.colcon_core.package_identification[0m [1;30mLevel 1[0m _identify(src/map) by extensions ['python_setup_py']
[2.279s] [34mcolcon.colcon_core.package_identification[0m [1;30mLevel 1[0m _identify(src/map) by extension 'python_setup_py'
[2.280s] [34mcolcon.colcon_core.package_identification[0m [1;30mLevel 1[0m _identify(src/oradar_lidar) by extensions ['ignore', 'ignore_ament_install']
[2.280s] [34mcolcon.colcon_core.package_identification[0m [1;30mLevel 1[0m _identify(src/oradar_lidar) by extension 'ignore'
[2.281s] [34mcolcon.colcon_core.package_identification[0m [1;30mLevel 1[0m _identify(src/oradar_lidar) by extension 'ignore_ament_install'
[2.281s] [34mcolcon.colcon_core.package_identification[0m [1;30mLevel 1[0m _identify(src/oradar_lidar) by extensions ['colcon_pkg']
[2.281s] [34mcolcon.colcon_core.package_identification[0m [1;30mLevel 1[0m _identify(src/oradar_lidar) by extension 'colcon_pkg'
[2.282s] [34mcolcon.colcon_core.package_identification[0m [1;30mLevel 1[0m _identify(src/oradar_lidar) by extensions ['colcon_meta']
[2.282s] [34mcolcon.colcon_core.package_identification[0m [1;30mLevel 1[0m _identify(src/oradar_lidar) by extension 'colcon_meta'
[2.282s] [34mcolcon.colcon_core.package_identification[0m [1;30mLevel 1[0m _identify(src/oradar_lidar) by extensions ['ros']
[2.283s] [34mcolcon.colcon_core.package_identification[0m [1;30mLevel 1[0m _identify(src/oradar_lidar) by extension 'ros'
[2.288s] [34mcolcon.colcon_core.package_identification[0m [1;30mDEBUG[0m [32mPackage 'src/oradar_lidar' with type 'ros.ament_cmake' and name 'oradar_lidar'[0m
[2.289s] [34mcolcon.colcon_core.package_identification[0m [1;30mLevel 1[0m _identify(src/ros2_control) by extensions ['ignore', 'ignore_ament_install']
[2.290s] [34mcolcon.colcon_core.package_identification[0m [1;30mLevel 1[0m _identify(src/ros2_control) by extension 'ignore'
[2.290s] [34mcolcon.colcon_core.package_identification[0m [1;30mLevel 1[0m _identify(src/ros2_control) by extension 'ignore_ament_install'
[2.291s] [34mcolcon.colcon_core.package_identification[0m [1;30mLevel 1[0m _identify(src/ros2_control) by extensions ['colcon_pkg']
[2.291s] [34mcolcon.colcon_core.package_identification[0m [1;30mLevel 1[0m _identify(src/ros2_control) by extension 'colcon_pkg'
[2.291s] [34mcolcon.colcon_core.package_identification[0m [1;30mLevel 1[0m _identify(src/ros2_control) by extensions ['colcon_meta']
[2.292s] [34mcolcon.colcon_core.package_identification[0m [1;30mLevel 1[0m _identify(src/ros2_control) by extension 'colcon_meta'
[2.292s] [34mcolcon.colcon_core.package_identification[0m [1;30mLevel 1[0m _identify(src/ros2_control) by extensions ['ros']
[2.292s] [34mcolcon.colcon_core.package_identification[0m [1;30mLevel 1[0m _identify(src/ros2_control) by extension 'ros'
[2.293s] [34mcolcon.colcon_core.package_identification[0m [1;30mLevel 1[0m _identify(src/ros2_control) by extensions ['cmake', 'python']
[2.293s] [34mcolcon.colcon_core.package_identification[0m [1;30mLevel 1[0m _identify(src/ros2_control) by extension 'cmake'
[2.294s] [34mcolcon.colcon_core.package_identification[0m [1;30mLevel 1[0m _identify(src/ros2_control) by extension 'python'
[2.295s] [34mcolcon.colcon_core.package_identification[0m [1;30mLevel 1[0m _identify(src/ros2_control) by extensions ['python_setup_py']
[2.295s] [34mcolcon.colcon_core.package_identification[0m [1;30mLevel 1[0m _identify(src/ros2_control) by extension 'python_setup_py'
[2.296s] [34mcolcon.colcon_core.package_identification[0m [1;30mLevel 1[0m _identify(src/ros2_control/brain_controller) by extensions ['ignore', 'ignore_ament_install']
[2.297s] [34mcolcon.colcon_core.package_identification[0m [1;30mLevel 1[0m _identify(src/ros2_control/brain_controller) by extension 'ignore'
[2.297s] [34mcolcon.colcon_core.package_identification[0m [1;30mLevel 1[0m _identify(src/ros2_control/brain_controller) by extension 'ignore_ament_install'
[2.298s] [34mcolcon.colcon_core.package_identification[0m [1;30mLevel 1[0m _identify(src/ros2_control/brain_controller) by extensions ['colcon_pkg']
[2.298s] [34mcolcon.colcon_core.package_identification[0m [1;30mLevel 1[0m _identify(src/ros2_control/brain_controller) by extension 'colcon_pkg'
[2.298s] [34mcolcon.colcon_core.package_identification[0m [1;30mLevel 1[0m _identify(src/ros2_control/brain_controller) by extensions ['colcon_meta']
[2.299s] [34mcolcon.colcon_core.package_identification[0m [1;30mLevel 1[0m _identify(src/ros2_control/brain_controller) by extension 'colcon_meta'
[2.299s] [34mcolcon.colcon_core.package_identification[0m [1;30mLevel 1[0m _identify(src/ros2_control/brain_controller) by extensions ['ros']
[2.299s] [34mcolcon.colcon_core.package_identification[0m [1;30mLevel 1[0m _identify(src/ros2_control/brain_controller) by extension 'ros'
[2.307s] [34mcolcon.colcon_core.package_identification[0m [1;30mDEBUG[0m [32mPackage 'src/ros2_control/brain_controller' with type 'ros.ament_cmake' and name 'brain_controller'[0m
[2.308s] [34mcolcon.colcon_core.package_identification[0m [1;30mLevel 1[0m _identify(src/ros2_control/brain_hardware) by extensions ['ignore', 'ignore_ament_install']
[2.308s] [34mcolcon.colcon_core.package_identification[0m [1;30mLevel 1[0m _identify(src/ros2_control/brain_hardware) by extension 'ignore'
[2.309s] [34mcolcon.colcon_core.package_identification[0m [1;30mLevel 1[0m _identify(src/ros2_control/brain_hardware) by extension 'ignore_ament_install'
[2.309s] [34mcolcon.colcon_core.package_identification[0m [1;30mLevel 1[0m _identify(src/ros2_control/brain_hardware) by extensions ['colcon_pkg']
[2.309s] [34mcolcon.colcon_core.package_identification[0m [1;30mLevel 1[0m _identify(src/ros2_control/brain_hardware) by extension 'colcon_pkg'
[2.310s] [34mcolcon.colcon_core.package_identification[0m [1;30mLevel 1[0m _identify(src/ros2_control/brain_hardware) by extensions ['colcon_meta']
[2.314s] [34mcolcon.colcon_core.package_identification[0m [1;30mLevel 1[0m _identify(src/ros2_control/brain_hardware) by extension 'colcon_meta'
[2.315s] [34mcolcon.colcon_core.package_identification[0m [1;30mLevel 1[0m _identify(src/ros2_control/brain_hardware) by extensions ['ros']
[2.315s] [34mcolcon.colcon_core.package_identification[0m [1;30mLevel 1[0m _identify(src/ros2_control/brain_hardware) by extension 'ros'
[2.321s] [34mcolcon.colcon_core.package_identification[0m [1;30mDEBUG[0m [32mPackage 'src/ros2_control/brain_hardware' with type 'ros.ament_cmake' and name 'brain_hardware'[0m
[2.322s] [34mcolcon.colcon_core.package_discovery[0m [1;30mLevel 1[0m discover_packages(recursive) using defaults
[2.322s] [34mcolcon.colcon_core.package_discovery[0m [1;30mLevel 1[0m discover_packages(ignore) discover
[2.323s] [34mcolcon.colcon_core.package_discovery[0m [1;30mLevel 1[0m discover_packages(ignore) using defaults
[2.323s] [34mcolcon.colcon_core.package_discovery[0m [1;30mLevel 1[0m discover_packages(path) discover
[2.323s] [34mcolcon.colcon_core.package_discovery[0m [1;30mLevel 1[0m discover_packages(path) using defaults
[2.415s] [34mcolcon.colcon_core.package_discovery[0m [1;30mLevel 1[0m discover_packages(prefix_path) check parameters
[2.416s] [34mcolcon.colcon_core.package_discovery[0m [1;30mLevel 1[0m discover_packages(prefix_path) discover
[2.429s] [34mcolcon.colcon_installed_package_information.package_discovery[0m [1;30mDEBUG[0m [32mFound 7 installed packages in /ros2_ws/install[0m
[2.440s] [34mcolcon.colcon_installed_package_information.package_discovery[0m [1;30mDEBUG[0m [32mFound 378 installed packages in /opt/ros/humble[0m
[2.452s] [34mcolcon.colcon_core.package_discovery[0m [1;30mLevel 1[0m discover_packages(prefix_path) using defaults
[2.810s] [34mcolcon.colcon_core.verb[0m [1;30mLevel 5[0m set package 'collision_avoidance' build argument 'cmake_args' from command line to 'None'
[2.810s] [34mcolcon.colcon_core.verb[0m [1;30mLevel 5[0m set package 'collision_avoidance' build argument 'cmake_target' from command line to 'None'
[2.810s] [34mcolcon.colcon_core.verb[0m [1;30mLevel 5[0m set package 'collision_avoidance' build argument 'cmake_target_skip_unavailable' from command line to 'False'
[2.810s] [34mcolcon.colcon_core.verb[0m [1;30mLevel 5[0m set package 'collision_avoidance' build argument 'cmake_clean_cache' from command line to 'False'
[2.811s] [34mcolcon.colcon_core.verb[0m [1;30mLevel 5[0m set package 'collision_avoidance' build argument 'cmake_clean_first' from command line to 'False'
[2.811s] [34mcolcon.colcon_core.verb[0m [1;30mLevel 5[0m set package 'collision_avoidance' build argument 'cmake_force_configure' from command line to 'False'
[2.811s] [34mcolcon.colcon_core.verb[0m [1;30mLevel 5[0m set package 'collision_avoidance' build argument 'ament_cmake_args' from command line to 'None'
[2.811s] [34mcolcon.colcon_core.verb[0m [1;30mLevel 5[0m set package 'collision_avoidance' build argument 'catkin_cmake_args' from command line to 'None'
[2.811s] [34mcolcon.colcon_core.verb[0m [1;30mLevel 5[0m set package 'collision_avoidance' build argument 'catkin_skip_building_tests' from command line to 'False'
[2.812s] [34mcolcon.colcon_core.verb[0m [1;30mDEBUG[0m [32mBuilding package 'collision_avoidance' with the following arguments: {'ament_cmake_args': None, 'build_base': '/ros2_ws/build/collision_avoidance', 'catkin_cmake_args': None, 'catkin_skip_building_tests': False, 'cmake_args': None, 'cmake_clean_cache': False, 'cmake_clean_first': False, 'cmake_force_configure': False, 'cmake_target': None, 'cmake_target_skip_unavailable': False, 'install_base': '/ros2_ws/install/collision_avoidance', 'merge_install': False, 'path': '/ros2_ws/src/collision_avoidance', 'symlink_install': False, 'test_result_base': None}[0m
[2.814s] [34mcolcon.colcon_core.verb[0m [1;30mLevel 5[0m set package 'interfaces' build argument 'cmake_args' from command line to 'None'
[2.815s] [34mcolcon.colcon_core.verb[0m [1;30mLevel 5[0m set package 'interfaces' build argument 'cmake_target' from command line to 'None'
[2.815s] [34mcolcon.colcon_core.verb[0m [1;30mLevel 5[0m set package 'interfaces' build argument 'cmake_target_skip_unavailable' from command line to 'False'
[2.815s] [34mcolcon.colcon_core.verb[0m [1;30mLevel 5[0m set package 'interfaces' build argument 'cmake_clean_cache' from command line to 'False'
[2.815s] [34mcolcon.colcon_core.verb[0m [1;30mLevel 5[0m set package 'interfaces' build argument 'cmake_clean_first' from command line to 'False'
[2.815s] [34mcolcon.colcon_core.verb[0m [1;30mLevel 5[0m set package 'interfaces' build argument 'cmake_force_configure' from command line to 'False'
[2.816s] [34mcolcon.colcon_core.verb[0m [1;30mLevel 5[0m set package 'interfaces' build argument 'ament_cmake_args' from command line to 'None'
[2.816s] [34mcolcon.colcon_core.verb[0m [1;30mLevel 5[0m set package 'interfaces' build argument 'catkin_cmake_args' from command line to 'None'
[2.816s] [34mcolcon.colcon_core.verb[0m [1;30mLevel 5[0m set package 'interfaces' build argument 'catkin_skip_building_tests' from command line to 'False'
[2.816s] [34mcolcon.colcon_core.verb[0m [1;30mDEBUG[0m [32mBuilding package 'interfaces' with the following arguments: {'ament_cmake_args': None, 'build_base': '/ros2_ws/build/interfaces', 'catkin_cmake_args': None, 'catkin_skip_building_tests': False, 'cmake_args': None, 'cmake_clean_cache': False, 'cmake_clean_first': False, 'cmake_force_configure': False, 'cmake_target': None, 'cmake_target_skip_unavailable': False, 'install_base': '/ros2_ws/install/interfaces', 'merge_install': False, 'path': '/ros2_ws/src/interfaces', 'symlink_install': False, 'test_result_base': None}[0m
[2.818s] [34mcolcon.colcon_core.verb[0m [1;30mLevel 5[0m set package 'oradar_lidar' build argument 'cmake_args' from command line to 'None'
[2.819s] [34mcolcon.colcon_core.verb[0m [1;30mLevel 5[0m set package 'oradar_lidar' build argument 'cmake_target' from command line to 'None'
[2.819s] [34mcolcon.colcon_core.verb[0m [1;30mLevel 5[0m set package 'oradar_lidar' build argument 'cmake_target_skip_unavailable' from command line to 'False'
[2.819s] [34mcolcon.colcon_core.verb[0m [1;30mLevel 5[0m set package 'oradar_lidar' build argument 'cmake_clean_cache' from command line to 'False'
[2.819s] [34mcolcon.colcon_core.verb[0m [1;30mLevel 5[0m set package 'oradar_lidar' build argument 'cmake_clean_first' from command line to 'False'
[2.820s] [34mcolcon.colcon_core.verb[0m [1;30mLevel 5[0m set package 'oradar_lidar' build argument 'cmake_force_configure' from command line to 'False'
[2.820s] [34mcolcon.colcon_core.verb[0m [1;30mLevel 5[0m set package 'oradar_lidar' build argument 'ament_cmake_args' from command line to 'None'
[2.820s] [34mcolcon.colcon_core.verb[0m [1;30mLevel 5[0m set package 'oradar_lidar' build argument 'catkin_cmake_args' from command line to 'None'
[2.820s] [34mcolcon.colcon_core.verb[0m [1;30mLevel 5[0m set package 'oradar_lidar' build argument 'catkin_skip_building_tests' from command line to 'False'
[2.820s] [34mcolcon.colcon_core.verb[0m [1;30mDEBUG[0m [32mBuilding package 'oradar_lidar' with the following arguments: {'ament_cmake_args': None, 'build_base': '/ros2_ws/build/oradar_lidar', 'catkin_cmake_args': None, 'catkin_skip_building_tests': False, 'cmake_args': None, 'cmake_clean_cache': False, 'cmake_clean_first': False, 'cmake_force_configure': False, 'cmake_target': None, 'cmake_target_skip_unavailable': False, 'install_base': '/ros2_ws/install/oradar_lidar', 'merge_install': False, 'path': '/ros2_ws/src/oradar_lidar', 'symlink_install': False, 'test_result_base': None}[0m
[2.823s] [34mcolcon.colcon_core.verb[0m [1;30mLevel 5[0m set package 'brain_controller' build argument 'cmake_args' from command line to 'None'
[2.823s] [34mcolcon.colcon_core.verb[0m [1;30mLevel 5[0m set package 'brain_controller' build argument 'cmake_target' from command line to 'None'
[2.823s] [34mcolcon.colcon_core.verb[0m [1;30mLevel 5[0m set package 'brain_controller' build argument 'cmake_target_skip_unavailable' from command line to 'False'
[2.823s] [34mcolcon.colcon_core.verb[0m [1;30mLevel 5[0m set package 'brain_controller' build argument 'cmake_clean_cache' from command line to 'False'
[2.824s] [34mcolcon.colcon_core.verb[0m [1;30mLevel 5[0m set package 'brain_controller' build argument 'cmake_clean_first' from command line to 'False'
[2.824s] [34mcolcon.colcon_core.verb[0m [1;30mLevel 5[0m set package 'brain_controller' build argument 'cmake_force_configure' from command line to 'False'
[2.824s] [34mcolcon.colcon_core.verb[0m [1;30mLevel 5[0m set package 'brain_controller' build argument 'ament_cmake_args' from command line to 'None'
[2.824s] [34mcolcon.colcon_core.verb[0m [1;30mLevel 5[0m set package 'brain_controller' build argument 'catkin_cmake_args' from command line to 'None'
[2.824s] [34mcolcon.colcon_core.verb[0m [1;30mLevel 5[0m set package 'brain_controller' build argument 'catkin_skip_building_tests' from command line to 'False'
[2.824s] [34mcolcon.colcon_core.verb[0m [1;30mDEBUG[0m [32mBuilding package 'brain_controller' with the following arguments: {'ament_cmake_args': None, 'build_base': '/ros2_ws/build/brain_controller', 'catkin_cmake_args': None, 'catkin_skip_building_tests': False, 'cmake_args': None, 'cmake_clean_cache': False, 'cmake_clean_first': False, 'cmake_force_configure': False, 'cmake_target': None, 'cmake_target_skip_unavailable': False, 'install_base': '/ros2_ws/install/brain_controller', 'merge_install': False, 'path': '/ros2_ws/src/ros2_control/brain_controller', 'symlink_install': False, 'test_result_base': None}[0m
[2.827s] [34mcolcon.colcon_core.verb[0m [1;30mLevel 5[0m set package 'brain_hardware' build argument 'cmake_args' from command line to 'None'
[2.827s] [34mcolcon.colcon_core.verb[0m [1;30mLevel 5[0m set package 'brain_hardware' build argument 'cmake_target' from command line to 'None'
[2.827s] [34mcolcon.colcon_core.verb[0m [1;30mLevel 5[0m set package 'brain_hardware' build argument 'cmake_target_skip_unavailable' from command line to 'False'
[2.827s] [34mcolcon.colcon_core.verb[0m [1;30mLevel 5[0m set package 'brain_hardware' build argument 'cmake_clean_cache' from command line to 'False'
[2.828s] [34mcolcon.colcon_core.verb[0m [1;30mLevel 5[0m set package 'brain_hardware' build argument 'cmake_clean_first' from command line to 'False'
[2.828s] [34mcolcon.colcon_core.verb[0m [1;30mLevel 5[0m set package 'brain_hardware' build argument 'cmake_force_configure' from command line to 'False'
[2.828s] [34mcolcon.colcon_core.verb[0m [1;30mLevel 5[0m set package 'brain_hardware' build argument 'ament_cmake_args' from command line to 'None'
[2.828s] [34mcolcon.colcon_core.verb[0m [1;30mLevel 5[0m set package 'brain_hardware' build argument 'catkin_cmake_args' from command line to 'None'
[2.828s] [34mcolcon.colcon_core.verb[0m [1;30mLevel 5[0m set package 'brain_hardware' build argument 'catkin_skip_building_tests' from command line to 'False'
[2.829s] [34mcolcon.colcon_core.verb[0m [1;30mDEBUG[0m [32mBuilding package 'brain_hardware' with the following arguments: {'ament_cmake_args': None, 'build_base': '/ros2_ws/build/brain_hardware', 'catkin_cmake_args': None, 'catkin_skip_building_tests': False, 'cmake_args': None, 'cmake_clean_cache': False, 'cmake_clean_first': False, 'cmake_force_configure': False, 'cmake_target': None, 'cmake_target_skip_unavailable': False, 'install_base': '/ros2_ws/install/brain_hardware', 'merge_install': False, 'path': '/ros2_ws/src/ros2_control/brain_hardware', 'symlink_install': False, 'test_result_base': None}[0m
[2.831s] [34mcolcon.colcon_core.verb[0m [1;30mLevel 5[0m set package 'description' build argument 'cmake_args' from command line to 'None'
[2.832s] [34mcolcon.colcon_core.verb[0m [1;30mLevel 5[0m set package 'description' build argument 'cmake_target' from command line to 'None'
[2.832s] [34mcolcon.colcon_core.verb[0m [1;30mLevel 5[0m set package 'description' build argument 'cmake_target_skip_unavailable' from command line to 'False'
[2.832s] [34mcolcon.colcon_core.verb[0m [1;30mLevel 5[0m set package 'description' build argument 'cmake_clean_cache' from command line to 'False'
[2.832s] [34mcolcon.colcon_core.verb[0m [1;30mLevel 5[0m set package 'description' build argument 'cmake_clean_first' from command line to 'False'
[2.832s] [34mcolcon.colcon_core.verb[0m [1;30mLevel 5[0m set package 'description' build argument 'cmake_force_configure' from command line to 'False'
[2.833s] [34mcolcon.colcon_core.verb[0m [1;30mLevel 5[0m set package 'description' build argument 'ament_cmake_args' from command line to 'None'
[2.833s] [34mcolcon.colcon_core.verb[0m [1;30mLevel 5[0m set package 'description' build argument 'catkin_cmake_args' from command line to 'None'
[2.833s] [34mcolcon.colcon_core.verb[0m [1;30mLevel 5[0m set package 'description' build argument 'catkin_skip_building_tests' from command line to 'False'
[2.833s] [34mcolcon.colcon_core.verb[0m [1;30mDEBUG[0m [32mBuilding package 'description' with the following arguments: {'ament_cmake_args': None, 'build_base': '/ros2_ws/build/description', 'catkin_cmake_args': None, 'catkin_skip_building_tests': False, 'cmake_args': None, 'cmake_clean_cache': False, 'cmake_clean_first': False, 'cmake_force_configure': False, 'cmake_target': None, 'cmake_target_skip_unavailable': False, 'install_base': '/ros2_ws/install/description', 'merge_install': False, 'path': '/ros2_ws/src/description', 'symlink_install': False, 'test_result_base': None}[0m
[2.836s] [34mcolcon.colcon_core.verb[0m [1;30mLevel 5[0m set package 'bringup' build argument 'cmake_args' from command line to 'None'
[2.836s] [34mcolcon.colcon_core.verb[0m [1;30mLevel 5[0m set package 'bringup' build argument 'cmake_target' from command line to 'None'
[2.836s] [34mcolcon.colcon_core.verb[0m [1;30mLevel 5[0m set package 'bringup' build argument 'cmake_target_skip_unavailable' from command line to 'False'
[2.836s] [34mcolcon.colcon_core.verb[0m [1;30mLevel 5[0m set package 'bringup' build argument 'cmake_clean_cache' from command line to 'False'
[2.836s] [34mcolcon.colcon_core.verb[0m [1;30mLevel 5[0m set package 'bringup' build argument 'cmake_clean_first' from command line to 'False'
[2.837s] [34mcolcon.colcon_core.verb[0m [1;30mLevel 5[0m set package 'bringup' build argument 'cmake_force_configure' from command line to 'False'
[2.837s] [34mcolcon.colcon_core.verb[0m [1;30mLevel 5[0m set package 'bringup' build argument 'ament_cmake_args' from command line to 'None'
[2.837s] [34mcolcon.colcon_core.verb[0m [1;30mLevel 5[0m set package 'bringup' build argument 'catkin_cmake_args' from command line to 'None'
[2.837s] [34mcolcon.colcon_core.verb[0m [1;30mLevel 5[0m set package 'bringup' build argument 'catkin_skip_building_tests' from command line to 'False'
[2.837s] [34mcolcon.colcon_core.verb[0m [1;30mDEBUG[0m [32mBuilding package 'bringup' with the following arguments: {'ament_cmake_args': None, 'build_base': '/ros2_ws/build/bringup', 'catkin_cmake_args': None, 'catkin_skip_building_tests': False, 'cmake_args': None, 'cmake_clean_cache': False, 'cmake_clean_first': False, 'cmake_force_configure': False, 'cmake_target': None, 'cmake_target_skip_unavailable': False, 'install_base': '/ros2_ws/install/bringup', 'merge_install': False, 'path': '/ros2_ws/src/bringup', 'symlink_install': False, 'test_result_base': None}[0m
[2.838s] [34mcolcon.colcon_core.executor[0m [1;30mINFO[0m Executing jobs using 'parallel' executor
[2.843s] [34mcolcon.colcon_parallel_executor.executor.parallel[0m [1;30mDEBUG[0m [32mrun_until_complete[0m
[2.845s] [34mcolcon.colcon_ros.task.ament_cmake.build[0m [1;30mINFO[0m Building ROS package in '/ros2_ws/src/interfaces' with build type 'ament_cmake'
[2.845s] [34mcolcon.colcon_cmake.task.cmake.build[0m [1;30mINFO[0m Building CMake package in '/ros2_ws/src/interfaces'
[2.855s] [34mcolcon.colcon_core.plugin_system[0m [1;30mINFO[0m Skipping extension 'colcon_core.shell.bat': Not used on non-Windows systems
[2.857s] [34mcolcon.colcon_core.shell[0m [1;30mINFO[0m Skip shell extension 'powershell' for command environment: Not usable outside of PowerShell
[2.861s] [34mcolcon.colcon_core.shell[0m [1;30mDEBUG[0m [32mSkip shell extension 'dsv' for command environment[0m
[2.900s] [34mcolcon.colcon_ros.task.ament_cmake.build[0m [1;30mINFO[0m Building ROS package in '/ros2_ws/src/collision_avoidance' with build type 'ament_cmake'
[2.901s] [34mcolcon.colcon_cmake.task.cmake.build[0m [1;30mINFO[0m Building CMake package in '/ros2_ws/src/collision_avoidance'
[2.903s] [34mcolcon.colcon_core.shell[0m [1;30mINFO[0m Skip shell extension 'powershell' for command environment: Not usable outside of PowerShell
[2.904s] [34mcolcon.colcon_core.shell[0m [1;30mDEBUG[0m [32mSkip shell extension 'dsv' for command environment[0m
[2.947s] [34mcolcon.colcon_ros.task.ament_cmake.build[0m [1;30mINFO[0m Building ROS package in '/ros2_ws/src/oradar_lidar' with build type 'ament_cmake'
[2.949s] [34mcolcon.colcon_cmake.task.cmake.build[0m [1;30mINFO[0m Building CMake package in '/ros2_ws/src/oradar_lidar'
[2.950s] [34mcolcon.colcon_core.shell[0m [1;30mINFO[0m Skip shell extension 'powershell' for command environment: Not usable outside of PowerShell
[2.951s] [34mcolcon.colcon_core.shell[0m [1;30mDEBUG[0m [32mSkip shell extension 'dsv' for command environment[0m
[3.014s] [34mcolcon.colcon_core.event_handler.log_command[0m [1;30mDEBUG[0m [32mInvoking command in '/ros2_ws/build/interfaces': CMAKE_PREFIX_PATH=${CMAKE_PREFIX_PATH}:/opt/ros/humble /usr/bin/cmake --build /ros2_ws/build/interfaces -- -j4 -l4[0m
[3.052s] [34mcolcon.colcon_core.event_handler.log_command[0m [1;30mDEBUG[0m [32mInvoking command in '/ros2_ws/build/collision_avoidance': CMAKE_PREFIX_PATH=${CMAKE_PREFIX_PATH}:/opt/ros/humble /usr/bin/cmake --build /ros2_ws/build/collision_avoidance -- -j4 -l4[0m
[3.134s] [34mcolcon.colcon_core.event_handler.log_command[0m [1;30mDEBUG[0m [32mInvoking command in '/ros2_ws/build/oradar_lidar': CMAKE_PREFIX_PATH=${CMAKE_PREFIX_PATH}:/opt/ros/humble /usr/bin/cmake --build /ros2_ws/build/oradar_lidar -- -j4 -l4[0m
[3.997s] [34mcolcon.colcon_core.event_handler.log_command[0m [1;30mDEBUG[0m [32mInvoked command in '/ros2_ws/build/collision_avoidance' returned '0': CMAKE_PREFIX_PATH=${CMAKE_PREFIX_PATH}:/opt/ros/humble /usr/bin/cmake --build /ros2_ws/build/collision_avoidance -- -j4 -l4[0m
[4.091s] [34mcolcon.colcon_core.event_handler.log_command[0m [1;30mDEBUG[0m [32mInvoking command in '/ros2_ws/build/collision_avoidance': CMAKE_PREFIX_PATH=${CMAKE_PREFIX_PATH}:/opt/ros/humble /usr/bin/cmake --install /ros2_ws/build/collision_avoidance[0m
[4.156s] [34mcolcon.colcon_core.event_handler.log_command[0m [1;30mDEBUG[0m [32mInvoked command in '/ros2_ws/build/oradar_lidar' returned '0': CMAKE_PREFIX_PATH=${CMAKE_PREFIX_PATH}:/opt/ros/humble /usr/bin/cmake --build /ros2_ws/build/oradar_lidar -- -j4 -l4[0m
[4.168s] [34mcolcon.colcon_core.event_handler.log_command[0m [1;30mDEBUG[0m [32mInvoking command in '/ros2_ws/build/oradar_lidar': CMAKE_PREFIX_PATH=${CMAKE_PREFIX_PATH}:/opt/ros/humble /usr/bin/cmake --install /ros2_ws/build/oradar_lidar[0m
[4.230s] [34mcolcon.colcon_core.environment[0m [1;30mLevel 1[0m create_environment_scripts_only(collision_avoidance)
[4.245s] [34mcolcon.colcon_core.event_handler.log_command[0m [1;30mDEBUG[0m [32mInvoked command in '/ros2_ws/build/collision_avoidance' returned '0': CMAKE_PREFIX_PATH=${CMAKE_PREFIX_PATH}:/opt/ros/humble /usr/bin/cmake --install /ros2_ws/build/collision_avoidance[0m
[4.262s] [34mcolcon.colcon_core.environment[0m [1;30mLevel 1[0m checking '/ros2_ws/install/collision_avoidance' for CMake module files
[4.270s] [34mcolcon.colcon_core.environment[0m [1;30mLevel 1[0m checking '/ros2_ws/install/collision_avoidance' for CMake config files
[4.280s] [34mcolcon.colcon_core.shell[0m [1;30mLevel 1[0m create_environment_hook('collision_avoidance', 'cmake_prefix_path')
[4.283s] [34mcolcon.colcon_core.shell[0m [1;30mINFO[0m Creating environment hook '/ros2_ws/install/collision_avoidance/share/collision_avoidance/hook/cmake_prefix_path.ps1'
[4.293s] [34mcolcon.colcon_core.shell[0m [1;30mINFO[0m Creating environment descriptor '/ros2_ws/install/collision_avoidance/share/collision_avoidance/hook/cmake_prefix_path.dsv'
[4.318s] [34mcolcon.colcon_core.shell[0m [1;30mINFO[0m Creating environment hook '/ros2_ws/install/collision_avoidance/share/collision_avoidance/hook/cmake_prefix_path.sh'
[4.322s] [34mcolcon.colcon_core.environment[0m [1;30mLevel 1[0m checking '/ros2_ws/install/collision_avoidance/lib'
[4.323s] [34mcolcon.colcon_core.shell[0m [1;30mLevel 1[0m create_environment_hook('collision_avoidance', 'ld_library_path_lib')
[4.325s] [34mcolcon.colcon_core.shell[0m [1;30mINFO[0m Creating environment hook '/ros2_ws/install/collision_avoidance/share/collision_avoidance/hook/ld_library_path_lib.ps1'
[4.331s] [34mcolcon.colcon_core.shell[0m [1;30mINFO[0m Creating environment descriptor '/ros2_ws/install/collision_avoidance/share/collision_avoidance/hook/ld_library_path_lib.dsv'
[4.333s] [34mcolcon.colcon_core.shell[0m [1;30mINFO[0m Creating environment hook '/ros2_ws/install/collision_avoidance/share/collision_avoidance/hook/ld_library_path_lib.sh'
[4.349s] [34mcolcon.colcon_core.environment[0m [1;30mLevel 1[0m checking '/ros2_ws/install/collision_avoidance/bin'
[4.350s] [34mcolcon.colcon_core.environment[0m [1;30mLevel 1[0m checking '/ros2_ws/install/collision_avoidance/lib/pkgconfig/collision_avoidance.pc'
[4.351s] [34mcolcon.colcon_core.environment[0m [1;30mLevel 1[0m checking '/ros2_ws/install/collision_avoidance/lib/python3.10/site-packages'
[4.382s] [34mcolcon.colcon_core.environment[0m [1;30mLevel 1[0m checking '/ros2_ws/install/collision_avoidance/bin'
[4.398s] [34mcolcon.colcon_core.shell[0m [1;30mINFO[0m Creating package script '/ros2_ws/install/collision_avoidance/share/collision_avoidance/package.ps1'
[4.412s] [34mcolcon.colcon_core.shell[0m [1;30mINFO[0m Creating package descriptor '/ros2_ws/install/collision_avoidance/share/collision_avoidance/package.dsv'
[4.419s] [34mcolcon.colcon_core.shell[0m [1;30mINFO[0m Creating package script '/ros2_ws/install/collision_avoidance/share/collision_avoidance/package.sh'
[4.425s] [34mcolcon.colcon_core.shell[0m [1;30mINFO[0m Creating package script '/ros2_ws/install/collision_avoidance/share/collision_avoidance/package.bash'
[4.431s] [34mcolcon.colcon_core.shell[0m [1;30mINFO[0m Creating package script '/ros2_ws/install/collision_avoidance/share/collision_avoidance/package.zsh'
[4.437s] [34mcolcon.colcon_core.environment[0m [1;30mLevel 1[0m create_file_with_runtime_dependencies(/ros2_ws/install/collision_avoidance/share/colcon-core/packages/collision_avoidance)
[4.441s] [34mcolcon.colcon_core.environment[0m [1;30mLevel 1[0m create_environment_scripts_only(collision_avoidance)
[4.443s] [34mcolcon.colcon_core.environment[0m [1;30mLevel 1[0m checking '/ros2_ws/install/collision_avoidance' for CMake module files
[4.446s] [34mcolcon.colcon_core.environment[0m [1;30mLevel 1[0m checking '/ros2_ws/install/collision_avoidance' for CMake config files
[4.448s] [34mcolcon.colcon_core.shell[0m [1;30mLevel 1[0m create_environment_hook('collision_avoidance', 'cmake_prefix_path')
[4.449s] [34mcolcon.colcon_core.shell[0m [1;30mINFO[0m Creating environment hook '/ros2_ws/install/collision_avoidance/share/collision_avoidance/hook/cmake_prefix_path.ps1'
[4.453s] [34mcolcon.colcon_core.shell[0m [1;30mINFO[0m Creating environment descriptor '/ros2_ws/install/collision_avoidance/share/collision_avoidance/hook/cmake_prefix_path.dsv'
[4.457s] [34mcolcon.colcon_core.shell[0m [1;30mINFO[0m Creating environment hook '/ros2_ws/install/collision_avoidance/share/collision_avoidance/hook/cmake_prefix_path.sh'
[4.462s] [34mcolcon.colcon_core.environment[0m [1;30mLevel 1[0m checking '/ros2_ws/install/collision_avoidance/lib'
[4.462s] [34mcolcon.colcon_core.shell[0m [1;30mLevel 1[0m create_environment_hook('collision_avoidance', 'ld_library_path_lib')
[4.464s] [34mcolcon.colcon_core.shell[0m [1;30mINFO[0m Creating environment hook '/ros2_ws/install/collision_avoidance/share/collision_avoidance/hook/ld_library_path_lib.ps1'
[4.468s] [34mcolcon.colcon_core.shell[0m [1;30mINFO[0m Creating environment descriptor '/ros2_ws/install/collision_avoidance/share/collision_avoidance/hook/ld_library_path_lib.dsv'
[4.477s] [34mcolcon.colcon_core.shell[0m [1;30mINFO[0m Creating environment hook '/ros2_ws/install/collision_avoidance/share/collision_avoidance/hook/ld_library_path_lib.sh'
[4.479s] [34mcolcon.colcon_core.environment[0m [1;30mLevel 1[0m checking '/ros2_ws/install/collision_avoidance/bin'
[4.479s] [34mcolcon.colcon_core.environment[0m [1;30mLevel 1[0m checking '/ros2_ws/install/collision_avoidance/lib/pkgconfig/collision_avoidance.pc'
[4.482s] [34mcolcon.colcon_core.environment[0m [1;30mLevel 1[0m checking '/ros2_ws/install/collision_avoidance/lib/python3.10/site-packages'
[4.485s] [34mcolcon.colcon_core.environment[0m [1;30mLevel 1[0m checking '/ros2_ws/install/collision_avoidance/bin'
[4.488s] [34mcolcon.colcon_core.shell[0m [1;30mINFO[0m Creating package script '/ros2_ws/install/collision_avoidance/share/collision_avoidance/package.ps1'
[4.495s] [34mcolcon.colcon_core.shell[0m [1;30mINFO[0m Creating package descriptor '/ros2_ws/install/collision_avoidance/share/collision_avoidance/package.dsv'
[4.500s] [34mcolcon.colcon_core.shell[0m [1;30mINFO[0m Creating package script '/ros2_ws/install/collision_avoidance/share/collision_avoidance/package.sh'
[4.504s] [34mcolcon.colcon_core.shell[0m [1;30mINFO[0m Creating package script '/ros2_ws/install/collision_avoidance/share/collision_avoidance/package.bash'
[4.508s] [34mcolcon.colcon_core.shell[0m [1;30mINFO[0m Creating package script '/ros2_ws/install/collision_avoidance/share/collision_avoidance/package.zsh'
[4.512s] [34mcolcon.colcon_core.environment[0m [1;30mLevel 1[0m create_file_with_runtime_dependencies(/ros2_ws/install/collision_avoidance/share/colcon-core/packages/collision_avoidance)
[4.526s] [34mcolcon.colcon_core.environment[0m [1;30mLevel 1[0m create_environment_scripts_only(oradar_lidar)
[4.527s] [34mcolcon.colcon_core.environment[0m [1;30mLevel 1[0m checking '/ros2_ws/install/oradar_lidar' for CMake module files
[4.531s] [34mcolcon.colcon_core.event_handler.log_command[0m [1;30mDEBUG[0m [32mInvoked command in '/ros2_ws/build/oradar_lidar' returned '0': CMAKE_PREFIX_PATH=${CMAKE_PREFIX_PATH}:/opt/ros/humble /usr/bin/cmake --install /ros2_ws/build/oradar_lidar[0m
[4.532s] [34mcolcon.colcon_core.environment[0m [1;30mLevel 1[0m checking '/ros2_ws/install/oradar_lidar' for CMake config files
[4.537s] [34mcolcon.colcon_core.shell[0m [1;30mLevel 1[0m create_environment_hook('oradar_lidar', 'cmake_prefix_path')
[4.539s] [34mcolcon.colcon_core.shell[0m [1;30mINFO[0m Creating environment hook '/ros2_ws/install/oradar_lidar/share/oradar_lidar/hook/cmake_prefix_path.ps1'
[4.542s] [34mcolcon.colcon_core.shell[0m [1;30mINFO[0m Creating environment descriptor '/ros2_ws/install/oradar_lidar/share/oradar_lidar/hook/cmake_prefix_path.dsv'
[4.545s] [34mcolcon.colcon_core.shell[0m [1;30mINFO[0m Creating environment hook '/ros2_ws/install/oradar_lidar/share/oradar_lidar/hook/cmake_prefix_path.sh'
[4.549s] [34mcolcon.colcon_core.environment[0m [1;30mLevel 1[0m checking '/ros2_ws/install/oradar_lidar/lib'
[4.550s] [34mcolcon.colcon_core.environment[0m [1;30mLevel 1[0m checking '/ros2_ws/install/oradar_lidar/bin'
[4.551s] [34mcolcon.colcon_core.shell[0m [1;30mLevel 1[0m create_environment_hook('oradar_lidar', 'path')
[4.553s] [34mcolcon.colcon_core.shell[0m [1;30mINFO[0m Creating environment hook '/ros2_ws/install/oradar_lidar/share/oradar_lidar/hook/path.ps1'
[4.556s] [34mcolcon.colcon_core.shell[0m [1;30mINFO[0m Creating environment descriptor '/ros2_ws/install/oradar_lidar/share/oradar_lidar/hook/path.dsv'
[4.559s] [34mcolcon.colcon_core.shell[0m [1;30mINFO[0m Creating environment hook '/ros2_ws/install/oradar_lidar/share/oradar_lidar/hook/path.sh'
[4.563s] [34mcolcon.colcon_core.environment[0m [1;30mLevel 1[0m checking '/ros2_ws/install/oradar_lidar/lib/pkgconfig/oradar_lidar.pc'
[4.564s] [34mcolcon.colcon_core.environment[0m [1;30mLevel 1[0m checking '/ros2_ws/install/oradar_lidar/lib/python3.10/site-packages'
[4.567s] [34mcolcon.colcon_core.environment[0m [1;30mLevel 1[0m checking '/ros2_ws/install/oradar_lidar/bin'
[4.568s] [34mcolcon.colcon_core.shell[0m [1;30mLevel 1[0m create_environment_hook('oradar_lidar', 'pythonscriptspath')
[4.569s] [34mcolcon.colcon_core.shell[0m [1;30mINFO[0m Creating environment hook '/ros2_ws/install/oradar_lidar/share/oradar_lidar/hook/pythonscriptspath.ps1'
[4.573s] [34mcolcon.colcon_core.shell[0m [1;30mINFO[0m Creating environment descriptor '/ros2_ws/install/oradar_lidar/share/oradar_lidar/hook/pythonscriptspath.dsv'
[4.576s] [34mcolcon.colcon_core.shell[0m [1;30mINFO[0m Creating environment hook '/ros2_ws/install/oradar_lidar/share/oradar_lidar/hook/pythonscriptspath.sh'
[4.582s] [34mcolcon.colcon_core.shell[0m [1;30mINFO[0m Creating package script '/ros2_ws/install/oradar_lidar/share/oradar_lidar/package.ps1'
[4.588s] [34mcolcon.colcon_core.shell[0m [1;30mINFO[0m Creating package descriptor '/ros2_ws/install/oradar_lidar/share/oradar_lidar/package.dsv'
[4.593s] [34mcolcon.colcon_core.shell[0m [1;30mINFO[0m Creating package script '/ros2_ws/install/oradar_lidar/share/oradar_lidar/package.sh'
[4.598s] [34mcolcon.colcon_core.shell[0m [1;30mINFO[0m Creating package script '/ros2_ws/install/oradar_lidar/share/oradar_lidar/package.bash'
[4.602s] [34mcolcon.colcon_core.shell[0m [1;30mINFO[0m Creating package script '/ros2_ws/install/oradar_lidar/share/oradar_lidar/package.zsh'
[4.613s] [34mcolcon.colcon_core.environment[0m [1;30mLevel 1[0m create_file_with_runtime_dependencies(/ros2_ws/install/oradar_lidar/share/colcon-core/packages/oradar_lidar)
[4.629s] [34mcolcon.colcon_core.environment[0m [1;30mLevel 1[0m create_environment_scripts_only(oradar_lidar)
[4.631s] [34mcolcon.colcon_core.environment[0m [1;30mLevel 1[0m checking '/ros2_ws/install/oradar_lidar' for CMake module files
[4.638s] [34mcolcon.colcon_core.environment[0m [1;30mLevel 1[0m checking '/ros2_ws/install/oradar_lidar' for CMake config files
[4.642s] [34mcolcon.colcon_core.shell[0m [1;30mLevel 1[0m create_environment_hook('oradar_lidar', 'cmake_prefix_path')
[4.651s] [34mcolcon.colcon_core.shell[0m [1;30mINFO[0m Creating environment hook '/ros2_ws/install/oradar_lidar/share/oradar_lidar/hook/cmake_prefix_path.ps1'
[4.655s] [34mcolcon.colcon_core.shell[0m [1;30mINFO[0m Creating environment descriptor '/ros2_ws/install/oradar_lidar/share/oradar_lidar/hook/cmake_prefix_path.dsv'
[4.658s] [34mcolcon.colcon_core.shell[0m [1;30mINFO[0m Creating environment hook '/ros2_ws/install/oradar_lidar/share/oradar_lidar/hook/cmake_prefix_path.sh'
[4.664s] [34mcolcon.colcon_core.environment[0m [1;30mLevel 1[0m checking '/ros2_ws/install/oradar_lidar/lib'
[4.665s] [34mcolcon.colcon_core.environment[0m [1;30mLevel 1[0m checking '/ros2_ws/install/oradar_lidar/bin'
[4.665s] [34mcolcon.colcon_core.shell[0m [1;30mLevel 1[0m create_environment_hook('oradar_lidar', 'path')
[4.667s] [34mcolcon.colcon_core.shell[0m [1;30mINFO[0m Creating environment hook '/ros2_ws/install/oradar_lidar/share/oradar_lidar/hook/path.ps1'
[4.672s] [34mcolcon.colcon_core.shell[0m [1;30mINFO[0m Creating environment descriptor '/ros2_ws/install/oradar_lidar/share/oradar_lidar/hook/path.dsv'
[4.677s] [34mcolcon.colcon_core.shell[0m [1;30mINFO[0m Creating environment hook '/ros2_ws/install/oradar_lidar/share/oradar_lidar/hook/path.sh'
[4.682s] [34mcolcon.colcon_core.environment[0m [1;30mLevel 1[0m checking '/ros2_ws/install/oradar_lidar/lib/pkgconfig/oradar_lidar.pc'
[4.686s] [34mcolcon.colcon_core.environment[0m [1;30mLevel 1[0m checking '/ros2_ws/install/oradar_lidar/lib/python3.10/site-packages'
[4.689s] [34mcolcon.colcon_core.environment[0m [1;30mLevel 1[0m checking '/ros2_ws/install/oradar_lidar/bin'
[4.691s] [34mcolcon.colcon_core.shell[0m [1;30mLevel 1[0m create_environment_hook('oradar_lidar', 'pythonscriptspath')
[4.692s] [34mcolcon.colcon_core.shell[0m [1;30mINFO[0m Creating environment hook '/ros2_ws/install/oradar_lidar/share/oradar_lidar/hook/pythonscriptspath.ps1'
[4.696s] [34mcolcon.colcon_core.shell[0m [1;30mINFO[0m Creating environment descriptor '/ros2_ws/install/oradar_lidar/share/oradar_lidar/hook/pythonscriptspath.dsv'
[4.700s] [34mcolcon.colcon_core.shell[0m [1;30mINFO[0m Creating environment hook '/ros2_ws/install/oradar_lidar/share/oradar_lidar/hook/pythonscriptspath.sh'
[4.707s] [34mcolcon.colcon_core.shell[0m [1;30mINFO[0m Creating package script '/ros2_ws/install/oradar_lidar/share/oradar_lidar/package.ps1'
[4.715s] [34mcolcon.colcon_core.shell[0m [1;30mINFO[0m Creating package descriptor '/ros2_ws/install/oradar_lidar/share/oradar_lidar/package.dsv'
[4.720s] [34mcolcon.colcon_core.shell[0m [1;30mINFO[0m Creating package script '/ros2_ws/install/oradar_lidar/share/oradar_lidar/package.sh'
[4.724s] [34mcolcon.colcon_core.shell[0m [1;30mINFO[0m Creating package script '/ros2_ws/install/oradar_lidar/share/oradar_lidar/package.bash'
[4.728s] [34mcolcon.colcon_core.shell[0m [1;30mINFO[0m Creating package script '/ros2_ws/install/oradar_lidar/share/oradar_lidar/package.zsh'
[4.732s] [34mcolcon.colcon_core.environment[0m [1;30mLevel 1[0m create_file_with_runtime_dependencies(/ros2_ws/install/oradar_lidar/share/colcon-core/packages/oradar_lidar)
[6.169s] [34mcolcon.colcon_core.event_handler.log_command[0m [1;30mDEBUG[0m [32mInvoked command in '/ros2_ws/build/interfaces' returned '0': CMAKE_PREFIX_PATH=${CMAKE_PREFIX_PATH}:/opt/ros/humble /usr/bin/cmake --build /ros2_ws/build/interfaces -- -j4 -l4[0m
[6.179s] [34mcolcon.colcon_core.event_handler.log_command[0m [1;30mDEBUG[0m [32mInvoking command in '/ros2_ws/build/interfaces': CMAKE_PREFIX_PATH=${CMAKE_PREFIX_PATH}:/opt/ros/humble /usr/bin/cmake --install /ros2_ws/build/interfaces[0m
[6.777s] [34mcolcon.colcon_core.environment[0m [1;30mLevel 1[0m create_environment_scripts_only(interfaces)
[6.778s] [34mcolcon.colcon_core.environment[0m [1;30mLevel 1[0m checking '/ros2_ws/install/interfaces' for CMake module files
[6.781s] [34mcolcon.colcon_core.event_handler.log_command[0m [1;30mDEBUG[0m [32mInvoked command in '/ros2_ws/build/interfaces' returned '0': CMAKE_PREFIX_PATH=${CMAKE_PREFIX_PATH}:/opt/ros/humble /usr/bin/cmake --install /ros2_ws/build/interfaces[0m
[6.786s] [34mcolcon.colcon_core.environment[0m [1;30mLevel 1[0m checking '/ros2_ws/install/interfaces' for CMake config files
[6.792s] [34mcolcon.colcon_core.shell[0m [1;30mLevel 1[0m create_environment_hook('interfaces', 'cmake_prefix_path')
[6.794s] [34mcolcon.colcon_core.shell[0m [1;30mINFO[0m Creating environment hook '/ros2_ws/install/interfaces/share/interfaces/hook/cmake_prefix_path.ps1'
[6.797s] [34mcolcon.colcon_core.shell[0m [1;30mINFO[0m Creating environment descriptor '/ros2_ws/install/interfaces/share/interfaces/hook/cmake_prefix_path.dsv'
[6.799s] [34mcolcon.colcon_core.shell[0m [1;30mINFO[0m Creating environment hook '/ros2_ws/install/interfaces/share/interfaces/hook/cmake_prefix_path.sh'
[6.802s] [34mcolcon.colcon_core.environment[0m [1;30mLevel 1[0m checking '/ros2_ws/install/interfaces/lib'
[6.802s] [34mcolcon.colcon_core.shell[0m [1;30mLevel 1[0m create_environment_hook('interfaces', 'ld_library_path_lib')
[6.804s] [34mcolcon.colcon_core.shell[0m [1;30mINFO[0m Creating environment hook '/ros2_ws/install/interfaces/share/interfaces/hook/ld_library_path_lib.ps1'
[6.806s] [34mcolcon.colcon_core.shell[0m [1;30mINFO[0m Creating environment descriptor '/ros2_ws/install/interfaces/share/interfaces/hook/ld_library_path_lib.dsv'
[6.808s] [34mcolcon.colcon_core.shell[0m [1;30mINFO[0m Creating environment hook '/ros2_ws/install/interfaces/share/interfaces/hook/ld_library_path_lib.sh'
[6.810s] [34mcolcon.colcon_core.environment[0m [1;30mLevel 1[0m checking '/ros2_ws/install/interfaces/bin'
[6.811s] [34mcolcon.colcon_core.environment[0m [1;30mLevel 1[0m checking '/ros2_ws/install/interfaces/lib/pkgconfig/interfaces.pc'
[6.812s] [34mcolcon.colcon_core.environment[0m [1;30mLevel 1[0m checking '/ros2_ws/install/interfaces/lib/python3.10/site-packages'
[6.815s] [34mcolcon.colcon_core.environment[0m [1;30mLevel 1[0m checking '/ros2_ws/install/interfaces/bin'
[6.818s] [34mcolcon.colcon_core.shell[0m [1;30mINFO[0m Creating package script '/ros2_ws/install/interfaces/share/interfaces/package.ps1'
[6.821s] [34mcolcon.colcon_core.shell[0m [1;30mINFO[0m Creating package descriptor '/ros2_ws/install/interfaces/share/interfaces/package.dsv'
[6.824s] [34mcolcon.colcon_core.shell[0m [1;30mINFO[0m Creating package script '/ros2_ws/install/interfaces/share/interfaces/package.sh'
[6.826s] [34mcolcon.colcon_core.shell[0m [1;30mINFO[0m Creating package script '/ros2_ws/install/interfaces/share/interfaces/package.bash'
[6.829s] [34mcolcon.colcon_core.shell[0m [1;30mINFO[0m Creating package script '/ros2_ws/install/interfaces/share/interfaces/package.zsh'
[6.831s] [34mcolcon.colcon_core.environment[0m [1;30mLevel 1[0m create_file_with_runtime_dependencies(/ros2_ws/install/interfaces/share/colcon-core/packages/interfaces)
[6.834s] [34mcolcon.colcon_core.environment[0m [1;30mLevel 1[0m create_environment_scripts_only(interfaces)
[6.835s] [34mcolcon.colcon_core.environment[0m [1;30mLevel 1[0m checking '/ros2_ws/install/interfaces' for CMake module files
[6.839s] [34mcolcon.colcon_core.environment[0m [1;30mLevel 1[0m checking '/ros2_ws/install/interfaces' for CMake config files
[6.844s] [34mcolcon.colcon_core.shell[0m [1;30mLevel 1[0m create_environment_hook('interfaces', 'cmake_prefix_path')
[6.845s] [34mcolcon.colcon_core.shell[0m [1;30mINFO[0m Creating environment hook '/ros2_ws/install/interfaces/share/interfaces/hook/cmake_prefix_path.ps1'
[6.848s] [34mcolcon.colcon_core.shell[0m [1;30mINFO[0m Creating environment descriptor '/ros2_ws/install/interfaces/share/interfaces/hook/cmake_prefix_path.dsv'
[6.850s] [34mcolcon.colcon_core.shell[0m [1;30mINFO[0m Creating environment hook '/ros2_ws/install/interfaces/share/interfaces/hook/cmake_prefix_path.sh'
[6.853s] [34mcolcon.colcon_core.environment[0m [1;30mLevel 1[0m checking '/ros2_ws/install/interfaces/lib'
[6.853s] [34mcolcon.colcon_core.shell[0m [1;30mLevel 1[0m create_environment_hook('interfaces', 'ld_library_path_lib')
[6.855s] [34mcolcon.colcon_core.shell[0m [1;30mINFO[0m Creating environment hook '/ros2_ws/install/interfaces/share/interfaces/hook/ld_library_path_lib.ps1'
[6.857s] [34mcolcon.colcon_core.shell[0m [1;30mINFO[0m Creating environment descriptor '/ros2_ws/install/interfaces/share/interfaces/hook/ld_library_path_lib.dsv'
[6.859s] [34mcolcon.colcon_core.shell[0m [1;30mINFO[0m Creating environment hook '/ros2_ws/install/interfaces/share/interfaces/hook/ld_library_path_lib.sh'
[6.861s] [34mcolcon.colcon_core.environment[0m [1;30mLevel 1[0m checking '/ros2_ws/install/interfaces/bin'
[6.862s] [34mcolcon.colcon_core.environment[0m [1;30mLevel 1[0m checking '/ros2_ws/install/interfaces/lib/pkgconfig/interfaces.pc'
[6.863s] [34mcolcon.colcon_core.environment[0m [1;30mLevel 1[0m checking '/ros2_ws/install/interfaces/lib/python3.10/site-packages'
[6.865s] [34mcolcon.colcon_core.environment[0m [1;30mLevel 1[0m checking '/ros2_ws/install/interfaces/bin'
[6.867s] [34mcolcon.colcon_core.shell[0m [1;30mINFO[0m Creating package script '/ros2_ws/install/interfaces/share/interfaces/package.ps1'
[6.872s] [34mcolcon.colcon_core.shell[0m [1;30mINFO[0m Creating package descriptor '/ros2_ws/install/interfaces/share/interfaces/package.dsv'
[6.876s] [34mcolcon.colcon_core.shell[0m [1;30mINFO[0m Creating package script '/ros2_ws/install/interfaces/share/interfaces/package.sh'
[6.880s] [34mcolcon.colcon_core.shell[0m [1;30mINFO[0m Creating package script '/ros2_ws/install/interfaces/share/interfaces/package.bash'
[6.883s] [34mcolcon.colcon_core.shell[0m [1;30mINFO[0m Creating package script '/ros2_ws/install/interfaces/share/interfaces/package.zsh'
[6.885s] [34mcolcon.colcon_core.environment[0m [1;30mLevel 1[0m create_file_with_runtime_dependencies(/ros2_ws/install/interfaces/share/colcon-core/packages/interfaces)
[6.889s] [34mcolcon.colcon_ros.task.ament_cmake.build[0m [1;30mINFO[0m Building ROS package in '/ros2_ws/src/ros2_control/brain_hardware' with build type 'ament_cmake'
[6.890s] [34mcolcon.colcon_cmake.task.cmake.build[0m [1;30mINFO[0m Building CMake package in '/ros2_ws/src/ros2_control/brain_hardware'
[6.892s] [34mcolcon.colcon_core.shell[0m [1;30mINFO[0m Skip shell extension 'powershell' for command environment: Not usable outside of PowerShell
[6.892s] [34mcolcon.colcon_core.shell[0m [1;30mDEBUG[0m [32mSkip shell extension 'dsv' for command environment[0m
[6.923s] [34mcolcon.colcon_ros.task.ament_cmake.build[0m [1;30mINFO[0m Building ROS package in '/ros2_ws/src/ros2_control/brain_controller' with build type 'ament_cmake'
[6.924s] [34mcolcon.colcon_cmake.task.cmake.build[0m [1;30mINFO[0m Building CMake package in '/ros2_ws/src/ros2_control/brain_controller'
[6.925s] [34mcolcon.colcon_core.shell[0m [1;30mINFO[0m Skip shell extension 'powershell' for command environment: Not usable outside of PowerShell
[6.926s] [34mcolcon.colcon_core.shell[0m [1;30mDEBUG[0m [32mSkip shell extension 'dsv' for command environment[0m
[7.001s] [34mcolcon.colcon_core.event_handler.log_command[0m [1;30mDEBUG[0m [32mInvoking command in '/ros2_ws/build/brain_hardware': CMAKE_PREFIX_PATH=/ros2_ws/install/interfaces:/ros2_ws/install/oradar_lidar:/ros2_ws/install/bringup:/ros2_ws/install/description:/ros2_ws/install/brain_hardware:/ros2_ws/install/brain_controller:/ros2_ws/install/collision_avoidance:/opt/ros/humble LD_LIBRARY_PATH=/ros2_ws/install/interfaces/lib:/ros2_ws/install/brain_hardware/lib:/ros2_ws/install/brain_controller/lib:/ros2_ws/install/collision_avoidance/lib:/opt/ros/humble/opt/rviz_ogre_vendor/lib:/opt/ros/humble/lib/aarch64-linux-gnu:/opt/ros/humble/lib /usr/bin/cmake --build /ros2_ws/build/brain_hardware -- -j4 -l4[0m
[7.038s] [34mcolcon.colcon_core.event_handler.log_command[0m [1;30mDEBUG[0m [32mInvoking command in '/ros2_ws/build/brain_controller': CMAKE_PREFIX_PATH=/ros2_ws/install/interfaces:/ros2_ws/install/oradar_lidar:/ros2_ws/install/bringup:/ros2_ws/install/description:/ros2_ws/install/brain_hardware:/ros2_ws/install/brain_controller:/ros2_ws/install/collision_avoidance:/opt/ros/humble LD_LIBRARY_PATH=/ros2_ws/install/interfaces/lib:/ros2_ws/install/brain_hardware/lib:/ros2_ws/install/brain_controller/lib:/ros2_ws/install/collision_avoidance/lib:/opt/ros/humble/opt/rviz_ogre_vendor/lib:/opt/ros/humble/lib/aarch64-linux-gnu:/opt/ros/humble/lib /usr/bin/cmake --build /ros2_ws/build/brain_controller -- -j4 -l4[0m
[7.460s] [34mcolcon.colcon_core.event_handler.log_command[0m [1;30mDEBUG[0m [32mInvoked command in '/ros2_ws/build/brain_hardware' returned '0': CMAKE_PREFIX_PATH=/ros2_ws/install/interfaces:/ros2_ws/install/oradar_lidar:/ros2_ws/install/bringup:/ros2_ws/install/description:/ros2_ws/install/brain_hardware:/ros2_ws/install/brain_controller:/ros2_ws/install/collision_avoidance:/opt/ros/humble LD_LIBRARY_PATH=/ros2_ws/install/interfaces/lib:/ros2_ws/install/brain_hardware/lib:/ros2_ws/install/brain_controller/lib:/ros2_ws/install/collision_avoidance/lib:/opt/ros/humble/opt/rviz_ogre_vendor/lib:/opt/ros/humble/lib/aarch64-linux-gnu:/opt/ros/humble/lib /usr/bin/cmake --build /ros2_ws/build/brain_hardware -- -j4 -l4[0m
[7.473s] [34mcolcon.colcon_core.event_handler.log_command[0m [1;30mDEBUG[0m [32mInvoking command in '/ros2_ws/build/brain_hardware': CMAKE_PREFIX_PATH=/ros2_ws/install/interfaces:/ros2_ws/install/oradar_lidar:/ros2_ws/install/bringup:/ros2_ws/install/description:/ros2_ws/install/brain_hardware:/ros2_ws/install/brain_controller:/ros2_ws/install/collision_avoidance:/opt/ros/humble LD_LIBRARY_PATH=/ros2_ws/install/interfaces/lib:/ros2_ws/install/brain_hardware/lib:/ros2_ws/install/brain_controller/lib:/ros2_ws/install/collision_avoidance/lib:/opt/ros/humble/opt/rviz_ogre_vendor/lib:/opt/ros/humble/lib/aarch64-linux-gnu:/opt/ros/humble/lib /usr/bin/cmake --install /ros2_ws/build/brain_hardware[0m
[7.593s] [34mcolcon.colcon_core.event_handler.log_command[0m [1;30mDEBUG[0m [32mInvoked command in '/ros2_ws/build/brain_controller' returned '0': CMAKE_PREFIX_PATH=/ros2_ws/install/interfaces:/ros2_ws/install/oradar_lidar:/ros2_ws/install/bringup:/ros2_ws/install/description:/ros2_ws/install/brain_hardware:/ros2_ws/install/brain_controller:/ros2_ws/install/collision_avoidance:/opt/ros/humble LD_LIBRARY_PATH=/ros2_ws/install/interfaces/lib:/ros2_ws/install/brain_hardware/lib:/ros2_ws/install/brain_controller/lib:/ros2_ws/install/collision_avoidance/lib:/opt/ros/humble/opt/rviz_ogre_vendor/lib:/opt/ros/humble/lib/aarch64-linux-gnu:/opt/ros/humble/lib /usr/bin/cmake --build /ros2_ws/build/brain_controller -- -j4 -l4[0m
[7.595s] [34mcolcon.colcon_core.event_handler.log_command[0m [1;30mDEBUG[0m [32mInvoking command in '/ros2_ws/build/brain_controller': CMAKE_PREFIX_PATH=/ros2_ws/install/interfaces:/ros2_ws/install/oradar_lidar:/ros2_ws/install/bringup:/ros2_ws/install/description:/ros2_ws/install/brain_hardware:/ros2_ws/install/brain_controller:/ros2_ws/install/collision_avoidance:/opt/ros/humble LD_LIBRARY_PATH=/ros2_ws/install/interfaces/lib:/ros2_ws/install/brain_hardware/lib:/ros2_ws/install/brain_controller/lib:/ros2_ws/install/collision_avoidance/lib:/opt/ros/humble/opt/rviz_ogre_vendor/lib:/opt/ros/humble/lib/aarch64-linux-gnu:/opt/ros/humble/lib /usr/bin/cmake --install /ros2_ws/build/brain_controller[0m
[7.673s] [34mcolcon.colcon_core.environment[0m [1;30mLevel 1[0m create_environment_scripts_only(brain_hardware)
[7.674s] [34mcolcon.colcon_core.environment[0m [1;30mLevel 1[0m checking '/ros2_ws/install/brain_hardware' for CMake module files
[7.677s] [34mcolcon.colcon_core.environment[0m [1;30mLevel 1[0m checking '/ros2_ws/install/brain_hardware' for CMake config files
[7.680s] [34mcolcon.colcon_core.shell[0m [1;30mLevel 1[0m create_environment_hook('brain_hardware', 'cmake_prefix_path')
[7.682s] [34mcolcon.colcon_core.shell[0m [1;30mINFO[0m Creating environment hook '/ros2_ws/install/brain_hardware/share/brain_hardware/hook/cmake_prefix_path.ps1'
[7.690s] [34mcolcon.colcon_core.event_handler.log_command[0m [1;30mDEBUG[0m [32mInvoked command in '/ros2_ws/build/brain_hardware' returned '0': CMAKE_PREFIX_PATH=/ros2_ws/install/interfaces:/ros2_ws/install/oradar_lidar:/ros2_ws/install/bringup:/ros2_ws/install/description:/ros2_ws/install/brain_hardware:/ros2_ws/install/brain_controller:/ros2_ws/install/collision_avoidance:/opt/ros/humble LD_LIBRARY_PATH=/ros2_ws/install/interfaces/lib:/ros2_ws/install/brain_hardware/lib:/ros2_ws/install/brain_controller/lib:/ros2_ws/install/collision_avoidance/lib:/opt/ros/humble/opt/rviz_ogre_vendor/lib:/opt/ros/humble/lib/aarch64-linux-gnu:/opt/ros/humble/lib /usr/bin/cmake --install /ros2_ws/build/brain_hardware[0m
[7.693s] [34mcolcon.colcon_core.shell[0m [1;30mINFO[0m Creating environment descriptor '/ros2_ws/install/brain_hardware/share/brain_hardware/hook/cmake_prefix_path.dsv'
[7.695s] [34mcolcon.colcon_core.shell[0m [1;30mINFO[0m Creating environment hook '/ros2_ws/install/brain_hardware/share/brain_hardware/hook/cmake_prefix_path.sh'
[7.699s] [34mcolcon.colcon_core.environment[0m [1;30mLevel 1[0m checking '/ros2_ws/install/brain_hardware/lib'
[7.699s] [34mcolcon.colcon_core.shell[0m [1;30mLevel 1[0m create_environment_hook('brain_hardware', 'ld_library_path_lib')
[7.701s] [34mcolcon.colcon_core.shell[0m [1;30mINFO[0m Creating environment hook '/ros2_ws/install/brain_hardware/share/brain_hardware/hook/ld_library_path_lib.ps1'
[7.703s] [34mcolcon.colcon_core.shell[0m [1;30mINFO[0m Creating environment descriptor '/ros2_ws/install/brain_hardware/share/brain_hardware/hook/ld_library_path_lib.dsv'
[7.706s] [34mcolcon.colcon_core.shell[0m [1;30mINFO[0m Creating environment hook '/ros2_ws/install/brain_hardware/share/brain_hardware/hook/ld_library_path_lib.sh'
[7.737s] [34mcolcon.colcon_core.environment[0m [1;30mLevel 1[0m checking '/ros2_ws/install/brain_hardware/bin'
[7.737s] [34mcolcon.colcon_core.environment[0m [1;30mLevel 1[0m checking '/ros2_ws/install/brain_hardware/lib/pkgconfig/brain_hardware.pc'
[7.746s] [34mcolcon.colcon_core.environment[0m [1;30mLevel 1[0m checking '/ros2_ws/install/brain_hardware/lib/python3.10/site-packages'
[7.753s] [34mcolcon.colcon_core.environment[0m [1;30mLevel 1[0m checking '/ros2_ws/install/brain_hardware/bin'
[7.759s] [34mcolcon.colcon_core.shell[0m [1;30mINFO[0m Creating package script '/ros2_ws/install/brain_hardware/share/brain_hardware/package.ps1'
[7.763s] [34mcolcon.colcon_core.shell[0m [1;30mINFO[0m Creating package descriptor '/ros2_ws/install/brain_hardware/share/brain_hardware/package.dsv'
[7.766s] [34mcolcon.colcon_core.shell[0m [1;30mINFO[0m Creating package script '/ros2_ws/install/brain_hardware/share/brain_hardware/package.sh'
[7.769s] [34mcolcon.colcon_core.shell[0m [1;30mINFO[0m Creating package script '/ros2_ws/install/brain_hardware/share/brain_hardware/package.bash'
[7.771s] [34mcolcon.colcon_core.shell[0m [1;30mINFO[0m Creating package script '/ros2_ws/install/brain_hardware/share/brain_hardware/package.zsh'
[7.798s] [34mcolcon.colcon_core.environment[0m [1;30mLevel 1[0m create_file_with_runtime_dependencies(/ros2_ws/install/brain_hardware/share/colcon-core/packages/brain_hardware)
[7.802s] [34mcolcon.colcon_core.environment[0m [1;30mLevel 1[0m create_environment_scripts_only(brain_hardware)
[7.804s] [34mcolcon.colcon_core.environment[0m [1;30mLevel 1[0m checking '/ros2_ws/install/brain_hardware' for CMake module files
[7.807s] [34mcolcon.colcon_core.environment[0m [1;30mLevel 1[0m checking '/ros2_ws/install/brain_hardware' for CMake config files
[7.812s] [34mcolcon.colcon_core.shell[0m [1;30mLevel 1[0m create_environment_hook('brain_hardware', 'cmake_prefix_path')
[7.814s] [34mcolcon.colcon_core.shell[0m [1;30mINFO[0m Creating environment hook '/ros2_ws/install/brain_hardware/share/brain_hardware/hook/cmake_prefix_path.ps1'
[7.818s] [34mcolcon.colcon_core.shell[0m [1;30mINFO[0m Creating environment descriptor '/ros2_ws/install/brain_hardware/share/brain_hardware/hook/cmake_prefix_path.dsv'
[7.824s] [34mcolcon.colcon_core.shell[0m [1;30mINFO[0m Creating environment hook '/ros2_ws/install/brain_hardware/share/brain_hardware/hook/cmake_prefix_path.sh'
[7.828s] [34mcolcon.colcon_core.environment[0m [1;30mLevel 1[0m checking '/ros2_ws/install/brain_hardware/lib'
[7.829s] [34mcolcon.colcon_core.shell[0m [1;30mLevel 1[0m create_environment_hook('brain_hardware', 'ld_library_path_lib')
[7.831s] [34mcolcon.colcon_core.shell[0m [1;30mINFO[0m Creating environment hook '/ros2_ws/install/brain_hardware/share/brain_hardware/hook/ld_library_path_lib.ps1'
[7.852s] [34mcolcon.colcon_core.shell[0m [1;30mINFO[0m Creating environment descriptor '/ros2_ws/install/brain_hardware/share/brain_hardware/hook/ld_library_path_lib.dsv'
[7.855s] [34mcolcon.colcon_core.shell[0m [1;30mINFO[0m Creating environment hook '/ros2_ws/install/brain_hardware/share/brain_hardware/hook/ld_library_path_lib.sh'
[7.870s] [34mcolcon.colcon_core.environment[0m [1;30mLevel 1[0m checking '/ros2_ws/install/brain_hardware/bin'
[7.871s] [34mcolcon.colcon_core.environment[0m [1;30mLevel 1[0m checking '/ros2_ws/install/brain_hardware/lib/pkgconfig/brain_hardware.pc'
[7.873s] [34mcolcon.colcon_core.environment[0m [1;30mLevel 1[0m checking '/ros2_ws/install/brain_hardware/lib/python3.10/site-packages'
[7.876s] [34mcolcon.colcon_core.environment[0m [1;30mLevel 1[0m checking '/ros2_ws/install/brain_hardware/bin'
[7.878s] [34mcolcon.colcon_core.shell[0m [1;30mINFO[0m Creating package script '/ros2_ws/install/brain_hardware/share/brain_hardware/package.ps1'
[7.885s] [34mcolcon.colcon_core.shell[0m [1;30mINFO[0m Creating package descriptor '/ros2_ws/install/brain_hardware/share/brain_hardware/package.dsv'
[7.889s] [34mcolcon.colcon_core.shell[0m [1;30mINFO[0m Creating package script '/ros2_ws/install/brain_hardware/share/brain_hardware/package.sh'
[7.894s] [34mcolcon.colcon_core.shell[0m [1;30mINFO[0m Creating package script '/ros2_ws/install/brain_hardware/share/brain_hardware/package.bash'
[7.906s] [34mcolcon.colcon_core.shell[0m [1;30mINFO[0m Creating package script '/ros2_ws/install/brain_hardware/share/brain_hardware/package.zsh'
[7.909s] [34mcolcon.colcon_core.environment[0m [1;30mLevel 1[0m create_file_with_runtime_dependencies(/ros2_ws/install/brain_hardware/share/colcon-core/packages/brain_hardware)
[7.919s] [34mcolcon.colcon_ros.task.ament_cmake.build[0m [1;30mINFO[0m Building ROS package in '/ros2_ws/src/description' with build type 'ament_cmake'
[7.921s] [34mcolcon.colcon_cmake.task.cmake.build[0m [1;30mINFO[0m Building CMake package in '/ros2_ws/src/description'
[7.923s] [34mcolcon.colcon_core.shell[0m [1;30mINFO[0m Skip shell extension 'powershell' for command environment: Not usable outside of PowerShell
[7.924s] [34mcolcon.colcon_core.shell[0m [1;30mDEBUG[0m [32mSkip shell extension 'dsv' for command environment[0m
[7.968s] [34mcolcon.colcon_core.environment[0m [1;30mLevel 1[0m create_environment_scripts_only(brain_controller)
[7.972s] [34mcolcon.colcon_core.environment[0m [1;30mLevel 1[0m checking '/ros2_ws/install/brain_controller' for CMake module files
[7.970s] [34mcolcon.colcon_core.event_handler.log_command[0m [1;30mDEBUG[0m [32mInvoked command in '/ros2_ws/build/brain_controller' returned '0': CMAKE_PREFIX_PATH=/ros2_ws/install/interfaces:/ros2_ws/install/oradar_lidar:/ros2_ws/install/bringup:/ros2_ws/install/description:/ros2_ws/install/brain_hardware:/ros2_ws/install/brain_controller:/ros2_ws/install/collision_avoidance:/opt/ros/humble LD_LIBRARY_PATH=/ros2_ws/install/interfaces/lib:/ros2_ws/install/brain_hardware/lib:/ros2_ws/install/brain_controller/lib:/ros2_ws/install/collision_avoidance/lib:/opt/ros/humble/opt/rviz_ogre_vendor/lib:/opt/ros/humble/lib/aarch64-linux-gnu:/opt/ros/humble/lib /usr/bin/cmake --install /ros2_ws/build/brain_controller[0m
[7.977s] [34mcolcon.colcon_core.environment[0m [1;30mLevel 1[0m checking '/ros2_ws/install/brain_controller' for CMake config files
[7.979s] [34mcolcon.colcon_core.shell[0m [1;30mLevel 1[0m create_environment_hook('brain_controller', 'cmake_prefix_path')
[7.983s] [34mcolcon.colcon_core.shell[0m [1;30mINFO[0m Creating environment hook '/ros2_ws/install/brain_controller/share/brain_controller/hook/cmake_prefix_path.ps1'
[7.992s] [34mcolcon.colcon_core.shell[0m [1;30mINFO[0m Creating environment descriptor '/ros2_ws/install/brain_controller/share/brain_controller/hook/cmake_prefix_path.dsv'
[7.995s] [34mcolcon.colcon_core.shell[0m [1;30mINFO[0m Creating environment hook '/ros2_ws/install/brain_controller/share/brain_controller/hook/cmake_prefix_path.sh'
[8.001s] [34mcolcon.colcon_core.environment[0m [1;30mLevel 1[0m checking '/ros2_ws/install/brain_controller/lib'
[8.004s] [34mcolcon.colcon_core.shell[0m [1;30mLevel 1[0m create_environment_hook('brain_controller', 'ld_library_path_lib')
[8.006s] [34mcolcon.colcon_core.shell[0m [1;30mINFO[0m Creating environment hook '/ros2_ws/install/brain_controller/share/brain_controller/hook/ld_library_path_lib.ps1'
[8.017s] [34mcolcon.colcon_core.shell[0m [1;30mINFO[0m Creating environment descriptor '/ros2_ws/install/brain_controller/share/brain_controller/hook/ld_library_path_lib.dsv'
[8.020s] [34mcolcon.colcon_core.shell[0m [1;30mINFO[0m Creating environment hook '/ros2_ws/install/brain_controller/share/brain_controller/hook/ld_library_path_lib.sh'
[8.028s] [34mcolcon.colcon_core.environment[0m [1;30mLevel 1[0m checking '/ros2_ws/install/brain_controller/bin'
[8.028s] [34mcolcon.colcon_core.environment[0m [1;30mLevel 1[0m checking '/ros2_ws/install/brain_controller/lib/pkgconfig/brain_controller.pc'
[8.030s] [34mcolcon.colcon_core.environment[0m [1;30mLevel 1[0m checking '/ros2_ws/install/brain_controller/lib/python3.10/site-packages'
[8.038s] [34mcolcon.colcon_core.environment[0m [1;30mLevel 1[0m checking '/ros2_ws/install/brain_controller/bin'
[8.040s] [34mcolcon.colcon_core.shell[0m [1;30mINFO[0m Creating package script '/ros2_ws/install/brain_controller/share/brain_controller/package.ps1'
[8.049s] [34mcolcon.colcon_core.shell[0m [1;30mINFO[0m Creating package descriptor '/ros2_ws/install/brain_controller/share/brain_controller/package.dsv'
[8.064s] [34mcolcon.colcon_core.shell[0m [1;30mINFO[0m Creating package script '/ros2_ws/install/brain_controller/share/brain_controller/package.sh'
[8.068s] [34mcolcon.colcon_core.shell[0m [1;30mINFO[0m Creating package script '/ros2_ws/install/brain_controller/share/brain_controller/package.bash'
[8.072s] [34mcolcon.colcon_core.shell[0m [1;30mINFO[0m Creating package script '/ros2_ws/install/brain_controller/share/brain_controller/package.zsh'
[8.075s] [34mcolcon.colcon_core.environment[0m [1;30mLevel 1[0m create_file_with_runtime_dependencies(/ros2_ws/install/brain_controller/share/colcon-core/packages/brain_controller)
[8.087s] [34mcolcon.colcon_core.environment[0m [1;30mLevel 1[0m create_environment_scripts_only(brain_controller)
[8.089s] [34mcolcon.colcon_core.environment[0m [1;30mLevel 1[0m checking '/ros2_ws/install/brain_controller' for CMake module files
[8.092s] [34mcolcon.colcon_core.environment[0m [1;30mLevel 1[0m checking '/ros2_ws/install/brain_controller' for CMake config files
[8.095s] [34mcolcon.colcon_core.shell[0m [1;30mLevel 1[0m create_environment_hook('brain_controller', 'cmake_prefix_path')
[8.109s] [34mcolcon.colcon_core.shell[0m [1;30mINFO[0m Creating environment hook '/ros2_ws/install/brain_controller/share/brain_controller/hook/cmake_prefix_path.ps1'
[8.113s] [34mcolcon.colcon_core.shell[0m [1;30mINFO[0m Creating environment descriptor '/ros2_ws/install/brain_controller/share/brain_controller/hook/cmake_prefix_path.dsv'
[8.116s] [34mcolcon.colcon_core.shell[0m [1;30mINFO[0m Creating environment hook '/ros2_ws/install/brain_controller/share/brain_controller/hook/cmake_prefix_path.sh'
[8.121s] [34mcolcon.colcon_core.environment[0m [1;30mLevel 1[0m checking '/ros2_ws/install/brain_controller/lib'
[8.121s] [34mcolcon.colcon_core.shell[0m [1;30mLevel 1[0m create_environment_hook('brain_controller', 'ld_library_path_lib')
[8.123s] [34mcolcon.colcon_core.shell[0m [1;30mINFO[0m Creating environment hook '/ros2_ws/install/brain_controller/share/brain_controller/hook/ld_library_path_lib.ps1'
[8.136s] [34mcolcon.colcon_core.shell[0m [1;30mINFO[0m Creating environment descriptor '/ros2_ws/install/brain_controller/share/brain_controller/hook/ld_library_path_lib.dsv'
[8.140s] [34mcolcon.colcon_core.shell[0m [1;30mINFO[0m Creating environment hook '/ros2_ws/install/brain_controller/share/brain_controller/hook/ld_library_path_lib.sh'
[8.143s] [34mcolcon.colcon_core.environment[0m [1;30mLevel 1[0m checking '/ros2_ws/install/brain_controller/bin'
[8.144s] [34mcolcon.colcon_core.environment[0m [1;30mLevel 1[0m checking '/ros2_ws/install/brain_controller/lib/pkgconfig/brain_controller.pc'
[8.146s] [34mcolcon.colcon_core.environment[0m [1;30mLevel 1[0m checking '/ros2_ws/install/brain_controller/lib/python3.10/site-packages'
[8.158s] [34mcolcon.colcon_core.environment[0m [1;30mLevel 1[0m checking '/ros2_ws/install/brain_controller/bin'
[8.161s] [34mcolcon.colcon_core.shell[0m [1;30mINFO[0m Creating package script '/ros2_ws/install/brain_controller/share/brain_controller/package.ps1'
[8.166s] [34mcolcon.colcon_core.shell[0m [1;30mINFO[0m Creating package descriptor '/ros2_ws/install/brain_controller/share/brain_controller/package.dsv'
[8.174s] [34mcolcon.colcon_core.shell[0m [1;30mINFO[0m Creating package script '/ros2_ws/install/brain_controller/share/brain_controller/package.sh'
[8.178s] [34mcolcon.colcon_core.shell[0m [1;30mINFO[0m Creating package script '/ros2_ws/install/brain_controller/share/brain_controller/package.bash'
[8.182s] [34mcolcon.colcon_core.shell[0m [1;30mINFO[0m Creating package script '/ros2_ws/install/brain_controller/share/brain_controller/package.zsh'
[8.185s] [34mcolcon.colcon_core.environment[0m [1;30mLevel 1[0m create_file_with_runtime_dependencies(/ros2_ws/install/brain_controller/share/colcon-core/packages/brain_controller)
[8.206s] [34mcolcon.colcon_core.event_handler.log_command[0m [1;30mDEBUG[0m [32mInvoking command in '/ros2_ws/build/description': CMAKE_PREFIX_PATH=/ros2_ws/install/brain_hardware:/ros2_ws/install/interfaces:/ros2_ws/install/oradar_lidar:/ros2_ws/install/bringup:/ros2_ws/install/description:/ros2_ws/install/brain_controller:/ros2_ws/install/collision_avoidance:/opt/ros/humble LD_LIBRARY_PATH=/ros2_ws/install/brain_hardware/lib:/ros2_ws/install/interfaces/lib:/ros2_ws/install/brain_controller/lib:/ros2_ws/install/collision_avoidance/lib:/opt/ros/humble/opt/rviz_ogre_vendor/lib:/opt/ros/humble/lib/aarch64-linux-gnu:/opt/ros/humble/lib /usr/bin/cmake --build /ros2_ws/build/description -- -j4 -l4[0m
[8.525s] [34mcolcon.colcon_core.event_handler.log_command[0m [1;30mDEBUG[0m [32mInvoked command in '/ros2_ws/build/description' returned '0': CMAKE_PREFIX_PATH=/ros2_ws/install/brain_hardware:/ros2_ws/install/interfaces:/ros2_ws/install/oradar_lidar:/ros2_ws/install/bringup:/ros2_ws/install/description:/ros2_ws/install/brain_controller:/ros2_ws/install/collision_avoidance:/opt/ros/humble LD_LIBRARY_PATH=/ros2_ws/install/brain_hardware/lib:/ros2_ws/install/interfaces/lib:/ros2_ws/install/brain_controller/lib:/ros2_ws/install/collision_avoidance/lib:/opt/ros/humble/opt/rviz_ogre_vendor/lib:/opt/ros/humble/lib/aarch64-linux-gnu:/opt/ros/humble/lib /usr/bin/cmake --build /ros2_ws/build/description -- -j4 -l4[0m
[8.533s] [34mcolcon.colcon_core.event_handler.log_command[0m [1;30mDEBUG[0m [32mInvoking command in '/ros2_ws/build/description': CMAKE_PREFIX_PATH=/ros2_ws/install/brain_hardware:/ros2_ws/install/interfaces:/ros2_ws/install/oradar_lidar:/ros2_ws/install/bringup:/ros2_ws/install/description:/ros2_ws/install/brain_controller:/ros2_ws/install/collision_avoidance:/opt/ros/humble LD_LIBRARY_PATH=/ros2_ws/install/brain_hardware/lib:/ros2_ws/install/interfaces/lib:/ros2_ws/install/brain_controller/lib:/ros2_ws/install/collision_avoidance/lib:/opt/ros/humble/opt/rviz_ogre_vendor/lib:/opt/ros/humble/lib/aarch64-linux-gnu:/opt/ros/humble/lib /usr/bin/cmake --install /ros2_ws/build/description[0m
[8.662s] [34mcolcon.colcon_core.environment[0m [1;30mLevel 1[0m create_environment_scripts_only(description)
[8.663s] [34mcolcon.colcon_core.environment[0m [1;30mLevel 1[0m checking '/ros2_ws/install/description' for CMake module files
[8.667s] [34mcolcon.colcon_core.event_handler.log_command[0m [1;30mDEBUG[0m [32mInvoked command in '/ros2_ws/build/description' returned '0': CMAKE_PREFIX_PATH=/ros2_ws/install/brain_hardware:/ros2_ws/install/interfaces:/ros2_ws/install/oradar_lidar:/ros2_ws/install/bringup:/ros2_ws/install/description:/ros2_ws/install/brain_controller:/ros2_ws/install/collision_avoidance:/opt/ros/humble LD_LIBRARY_PATH=/ros2_ws/install/brain_hardware/lib:/ros2_ws/install/interfaces/lib:/ros2_ws/install/brain_controller/lib:/ros2_ws/install/collision_avoidance/lib:/opt/ros/humble/opt/rviz_ogre_vendor/lib:/opt/ros/humble/lib/aarch64-linux-gnu:/opt/ros/humble/lib /usr/bin/cmake --install /ros2_ws/build/description[0m
[8.669s] [34mcolcon.colcon_core.environment[0m [1;30mLevel 1[0m checking '/ros2_ws/install/description' for CMake config files
[8.672s] [34mcolcon.colcon_core.shell[0m [1;30mLevel 1[0m create_environment_hook('description', 'cmake_prefix_path')
[8.673s] [34mcolcon.colcon_core.shell[0m [1;30mINFO[0m Creating environment hook '/ros2_ws/install/description/share/description/hook/cmake_prefix_path.ps1'
[8.676s] [34mcolcon.colcon_core.shell[0m [1;30mINFO[0m Creating environment descriptor '/ros2_ws/install/description/share/description/hook/cmake_prefix_path.dsv'
[8.691s] [34mcolcon.colcon_core.shell[0m [1;30mINFO[0m Creating environment hook '/ros2_ws/install/description/share/description/hook/cmake_prefix_path.sh'
[8.695s] [34mcolcon.colcon_core.environment[0m [1;30mLevel 1[0m checking '/ros2_ws/install/description/bin'
[8.696s] [34mcolcon.colcon_core.environment[0m [1;30mLevel 1[0m checking '/ros2_ws/install/description/lib/pkgconfig/description.pc'
[8.698s] [34mcolcon.colcon_core.environment[0m [1;30mLevel 1[0m checking '/ros2_ws/install/description/lib/python3.10/site-packages'
[8.701s] [34mcolcon.colcon_core.environment[0m [1;30mLevel 1[0m checking '/ros2_ws/install/description/bin'
[8.703s] [34mcolcon.colcon_core.shell[0m [1;30mINFO[0m Creating package script '/ros2_ws/install/description/share/description/package.ps1'
[8.707s] [34mcolcon.colcon_core.shell[0m [1;30mINFO[0m Creating package descriptor '/ros2_ws/install/description/share/description/package.dsv'
[8.711s] [34mcolcon.colcon_core.shell[0m [1;30mINFO[0m Creating package script '/ros2_ws/install/description/share/description/package.sh'
[8.716s] [34mcolcon.colcon_core.shell[0m [1;30mINFO[0m Creating package script '/ros2_ws/install/description/share/description/package.bash'
[8.719s] [34mcolcon.colcon_core.shell[0m [1;30mINFO[0m Creating package script '/ros2_ws/install/description/share/description/package.zsh'
[8.725s] [34mcolcon.colcon_core.environment[0m [1;30mLevel 1[0m create_file_with_runtime_dependencies(/ros2_ws/install/description/share/colcon-core/packages/description)
[8.735s] [34mcolcon.colcon_core.environment[0m [1;30mLevel 1[0m create_environment_scripts_only(description)
[8.737s] [34mcolcon.colcon_core.environment[0m [1;30mLevel 1[0m checking '/ros2_ws/install/description' for CMake module files
[8.750s] [34mcolcon.colcon_core.environment[0m [1;30mLevel 1[0m checking '/ros2_ws/install/description' for CMake config files
[8.754s] [34mcolcon.colcon_core.shell[0m [1;30mLevel 1[0m create_environment_hook('description', 'cmake_prefix_path')
[8.757s] [34mcolcon.colcon_core.shell[0m [1;30mINFO[0m Creating environment hook '/ros2_ws/install/description/share/description/hook/cmake_prefix_path.ps1'
[8.760s] [34mcolcon.colcon_core.shell[0m [1;30mINFO[0m Creating environment descriptor '/ros2_ws/install/description/share/description/hook/cmake_prefix_path.dsv'
[8.763s] [34mcolcon.colcon_core.shell[0m [1;30mINFO[0m Creating environment hook '/ros2_ws/install/description/share/description/hook/cmake_prefix_path.sh'
[8.768s] [34mcolcon.colcon_core.environment[0m [1;30mLevel 1[0m checking '/ros2_ws/install/description/bin'
[8.768s] [34mcolcon.colcon_core.environment[0m [1;30mLevel 1[0m checking '/ros2_ws/install/description/lib/pkgconfig/description.pc'
[8.770s] [34mcolcon.colcon_core.environment[0m [1;30mLevel 1[0m checking '/ros2_ws/install/description/lib/python3.10/site-packages'
[8.772s] [34mcolcon.colcon_core.environment[0m [1;30mLevel 1[0m checking '/ros2_ws/install/description/bin'
[8.774s] [34mcolcon.colcon_core.shell[0m [1;30mINFO[0m Creating package script '/ros2_ws/install/description/share/description/package.ps1'
[8.779s] [34mcolcon.colcon_core.shell[0m [1;30mINFO[0m Creating package descriptor '/ros2_ws/install/description/share/description/package.dsv'
[8.783s] [34mcolcon.colcon_core.shell[0m [1;30mINFO[0m Creating package script '/ros2_ws/install/description/share/description/package.sh'
[8.787s] [34mcolcon.colcon_core.shell[0m [1;30mINFO[0m Creating package script '/ros2_ws/install/description/share/description/package.bash'
[8.791s] [34mcolcon.colcon_core.shell[0m [1;30mINFO[0m Creating package script '/ros2_ws/install/description/share/description/package.zsh'
[8.794s] [34mcolcon.colcon_core.environment[0m [1;30mLevel 1[0m create_file_with_runtime_dependencies(/ros2_ws/install/description/share/colcon-core/packages/description)
[8.800s] [34mcolcon.colcon_ros.task.ament_cmake.build[0m [1;30mINFO[0m Building ROS package in '/ros2_ws/src/bringup' with build type 'ament_cmake'
[8.803s] [34mcolcon.colcon_cmake.task.cmake.build[0m [1;30mINFO[0m Building CMake package in '/ros2_ws/src/bringup'
[8.806s] [34mcolcon.colcon_core.shell[0m [1;30mINFO[0m Skip shell extension 'powershell' for command environment: Not usable outside of PowerShell
[8.807s] [34mcolcon.colcon_core.shell[0m [1;30mDEBUG[0m [32mSkip shell extension 'dsv' for command environment[0m
[8.906s] [34mcolcon.colcon_core.event_handler.log_command[0m [1;30mDEBUG[0m [32mInvoking command in '/ros2_ws/build/bringup': CMAKE_PREFIX_PATH=/ros2_ws/install/description:/ros2_ws/install/brain_hardware:/ros2_ws/install/interfaces:/ros2_ws/install/oradar_lidar:/ros2_ws/install/bringup:/ros2_ws/install/brain_controller:/ros2_ws/install/collision_avoidance:/opt/ros/humble LD_LIBRARY_PATH=/ros2_ws/install/brain_hardware/lib:/ros2_ws/install/interfaces/lib:/ros2_ws/install/brain_controller/lib:/ros2_ws/install/collision_avoidance/lib:/opt/ros/humble/opt/rviz_ogre_vendor/lib:/opt/ros/humble/lib/aarch64-linux-gnu:/opt/ros/humble/lib /usr/bin/cmake --build /ros2_ws/build/bringup -- -j4 -l4[0m
[9.253s] [34mcolcon.colcon_core.event_handler.log_command[0m [1;30mDEBUG[0m [32mInvoked command in '/ros2_ws/build/bringup' returned '0': CMAKE_PREFIX_PATH=/ros2_ws/install/description:/ros2_ws/install/brain_hardware:/ros2_ws/install/interfaces:/ros2_ws/install/oradar_lidar:/ros2_ws/install/bringup:/ros2_ws/install/brain_controller:/ros2_ws/install/collision_avoidance:/opt/ros/humble LD_LIBRARY_PATH=/ros2_ws/install/brain_hardware/lib:/ros2_ws/install/interfaces/lib:/ros2_ws/install/brain_controller/lib:/ros2_ws/install/collision_avoidance/lib:/opt/ros/humble/opt/rviz_ogre_vendor/lib:/opt/ros/humble/lib/aarch64-linux-gnu:/opt/ros/humble/lib /usr/bin/cmake --build /ros2_ws/build/bringup -- -j4 -l4[0m
[9.272s] [34mcolcon.colcon_core.event_handler.log_command[0m [1;30mDEBUG[0m [32mInvoking command in '/ros2_ws/build/bringup': CMAKE_PREFIX_PATH=/ros2_ws/install/description:/ros2_ws/install/brain_hardware:/ros2_ws/install/interfaces:/ros2_ws/install/oradar_lidar:/ros2_ws/install/bringup:/ros2_ws/install/brain_controller:/ros2_ws/install/collision_avoidance:/opt/ros/humble LD_LIBRARY_PATH=/ros2_ws/install/brain_hardware/lib:/ros2_ws/install/interfaces/lib:/ros2_ws/install/brain_controller/lib:/ros2_ws/install/collision_avoidance/lib:/opt/ros/humble/opt/rviz_ogre_vendor/lib:/opt/ros/humble/lib/aarch64-linux-gnu:/opt/ros/humble/lib /usr/bin/cmake --install /ros2_ws/build/bringup[0m
[9.485s] [34mcolcon.colcon_core.environment[0m [1;30mLevel 1[0m create_environment_scripts_only(bringup)
[9.486s] [34mcolcon.colcon_core.environment[0m [1;30mLevel 1[0m checking '/ros2_ws/install/bringup' for CMake module files
[9.491s] [34mcolcon.colcon_core.environment[0m [1;30mLevel 1[0m checking '/ros2_ws/install/bringup' for CMake config files
[9.493s] [34mcolcon.colcon_core.event_handler.log_command[0m [1;30mDEBUG[0m [32mInvoked command in '/ros2_ws/build/bringup' returned '0': CMAKE_PREFIX_PATH=/ros2_ws/install/description:/ros2_ws/install/brain_hardware:/ros2_ws/install/interfaces:/ros2_ws/install/oradar_lidar:/ros2_ws/install/bringup:/ros2_ws/install/brain_controller:/ros2_ws/install/collision_avoidance:/opt/ros/humble LD_LIBRARY_PATH=/ros2_ws/install/brain_hardware/lib:/ros2_ws/install/interfaces/lib:/ros2_ws/install/brain_controller/lib:/ros2_ws/install/collision_avoidance/lib:/opt/ros/humble/opt/rviz_ogre_vendor/lib:/opt/ros/humble/lib/aarch64-linux-gnu:/opt/ros/humble/lib /usr/bin/cmake --install /ros2_ws/build/bringup[0m
[9.498s] [34mcolcon.colcon_core.shell[0m [1;30mLevel 1[0m create_environment_hook('bringup', 'cmake_prefix_path')
[9.500s] [34mcolcon.colcon_core.shell[0m [1;30mINFO[0m Creating environment hook '/ros2_ws/install/bringup/share/bringup/hook/cmake_prefix_path.ps1'
[9.504s] [34mcolcon.colcon_core.shell[0m [1;30mINFO[0m Creating environment descriptor '/ros2_ws/install/bringup/share/bringup/hook/cmake_prefix_path.dsv'
[9.507s] [34mcolcon.colcon_core.shell[0m [1;30mINFO[0m Creating environment hook '/ros2_ws/install/bringup/share/bringup/hook/cmake_prefix_path.sh'
[9.512s] [34mcolcon.colcon_core.environment[0m [1;30mLevel 1[0m checking '/ros2_ws/install/bringup/bin'
[9.513s] [34mcolcon.colcon_core.environment[0m [1;30mLevel 1[0m checking '/ros2_ws/install/bringup/lib/pkgconfig/bringup.pc'
[9.515s] [34mcolcon.colcon_core.environment[0m [1;30mLevel 1[0m checking '/ros2_ws/install/bringup/lib/python3.10/site-packages'
[9.517s] [34mcolcon.colcon_core.environment[0m [1;30mLevel 1[0m checking '/ros2_ws/install/bringup/bin'
[9.520s] [34mcolcon.colcon_core.shell[0m [1;30mINFO[0m Creating package script '/ros2_ws/install/bringup/share/bringup/package.ps1'
[9.527s] [34mcolcon.colcon_core.shell[0m [1;30mINFO[0m Creating package descriptor '/ros2_ws/install/bringup/share/bringup/package.dsv'
[9.535s] [34mcolcon.colcon_core.shell[0m [1;30mINFO[0m Creating package script '/ros2_ws/install/bringup/share/bringup/package.sh'
[9.539s] [34mcolcon.colcon_core.shell[0m [1;30mINFO[0m Creating package script '/ros2_ws/install/bringup/share/bringup/package.bash'
[9.548s] [34mcolcon.colcon_core.shell[0m [1;30mINFO[0m Creating package script '/ros2_ws/install/bringup/share/bringup/package.zsh'
[9.553s] [34mcolcon.colcon_core.environment[0m [1;30mLevel 1[0m create_file_with_runtime_dependencies(/ros2_ws/install/bringup/share/colcon-core/packages/bringup)
[9.557s] [34mcolcon.colcon_core.environment[0m [1;30mLevel 1[0m create_environment_scripts_only(bringup)
[9.558s] [34mcolcon.colcon_core.environment[0m [1;30mLevel 1[0m checking '/ros2_ws/install/bringup' for CMake module files
[9.563s] [34mcolcon.colcon_core.environment[0m [1;30mLevel 1[0m checking '/ros2_ws/install/bringup' for CMake config files
[9.566s] [34mcolcon.colcon_core.shell[0m [1;30mLevel 1[0m create_environment_hook('bringup', 'cmake_prefix_path')
[9.568s] [34mcolcon.colcon_core.shell[0m [1;30mINFO[0m Creating environment hook '/ros2_ws/install/bringup/share/bringup/hook/cmake_prefix_path.ps1'
[9.572s] [34mcolcon.colcon_core.shell[0m [1;30mINFO[0m Creating environment descriptor '/ros2_ws/install/bringup/share/bringup/hook/cmake_prefix_path.dsv'
[9.575s] [34mcolcon.colcon_core.shell[0m [1;30mINFO[0m Creating environment hook '/ros2_ws/install/bringup/share/bringup/hook/cmake_prefix_path.sh'
[9.580s] [34mcolcon.colcon_core.environment[0m [1;30mLevel 1[0m checking '/ros2_ws/install/bringup/bin'
[9.581s] [34mcolcon.colcon_core.environment[0m [1;30mLevel 1[0m checking '/ros2_ws/install/bringup/lib/pkgconfig/bringup.pc'
[9.583s] [34mcolcon.colcon_core.environment[0m [1;30mLevel 1[0m checking '/ros2_ws/install/bringup/lib/python3.10/site-packages'
[9.586s] [34mcolcon.colcon_core.environment[0m [1;30mLevel 1[0m checking '/ros2_ws/install/bringup/bin'
[9.589s] [34mcolcon.colcon_core.shell[0m [1;30mINFO[0m Creating package script '/ros2_ws/install/bringup/share/bringup/package.ps1'
[9.598s] [34mcolcon.colcon_core.shell[0m [1;30mINFO[0m Creating package descriptor '/ros2_ws/install/bringup/share/bringup/package.dsv'
[9.602s] [34mcolcon.colcon_core.shell[0m [1;30mINFO[0m Creating package script '/ros2_ws/install/bringup/share/bringup/package.sh'
[9.606s] [34mcolcon.colcon_core.shell[0m [1;30mINFO[0m Creating package script '/ros2_ws/install/bringup/share/bringup/package.bash'
[9.610s] [34mcolcon.colcon_core.shell[0m [1;30mINFO[0m Creating package script '/ros2_ws/install/bringup/share/bringup/package.zsh'
[9.615s] [34mcolcon.colcon_core.environment[0m [1;30mLevel 1[0m create_file_with_runtime_dependencies(/ros2_ws/install/bringup/share/colcon-core/packages/bringup)
[9.621s] [34mcolcon.colcon_parallel_executor.executor.parallel[0m [1;30mDEBUG[0m [32mclosing loop[0m
[9.622s] [34mcolcon.colcon_parallel_executor.executor.parallel[0m [1;30mDEBUG[0m [32mloop closed[0m
[9.622s] [34mcolcon.colcon_parallel_executor.executor.parallel[0m [1;30mDEBUG[0m [32mrun_until_complete finished with '0'[0m
[9.623s] [34mcolcon.colcon_core.event_reactor[0m [1;30mDEBUG[0m [32mjoining thread[0m
[9.688s] [34mcolcon.colcon_core.plugin_system[0m [1;30mINFO[0m Skipping extension 'colcon_notification.desktop_notification.notify_send': Could not find 'notify-send'
[9.689s] [34mcolcon.colcon_core.plugin_system[0m [1;30mINFO[0m Skipping extension 'colcon_notification.desktop_notification.terminal_notifier': Not used on non-Darwin systems
[9.689s] [34mcolcon.colcon_core.plugin_system[0m [1;30mINFO[0m Skipping extension 'colcon_notification.desktop_notification.win32': Not used on non-Windows systems
[9.689s] [34mcolcon.colcon_notification.desktop_notification[0m [1;30mINFO[0m Sending desktop notification using 'notify2'
[9.706s] [34mcolcon.colcon_notification.desktop_notification.notify2[0m [1;30mDEBUG[0m [32mFailed to initialize notify2: org.freedesktop.DBus.Error.Spawn.ExecFailed: /usr/bin/dbus-launch terminated abnormally without any error message[0m
[9.707s] [34mcolcon.colcon_core.event_reactor[0m [1;30mDEBUG[0m [32mjoined thread[0m
[9.709s] [34mcolcon.colcon_core.shell[0m [1;30mINFO[0m Creating prefix script '/ros2_ws/install/local_setup.ps1'
[9.717s] [34mcolcon.colcon_core.shell[0m [1;30mINFO[0m Creating prefix util module '/ros2_ws/install/_local_setup_util_ps1.py'
[9.726s] [34mcolcon.colcon_core.shell[0m [1;30mINFO[0m Creating prefix chain script '/ros2_ws/install/setup.ps1'
[9.736s] [34mcolcon.colcon_core.shell[0m [1;30mINFO[0m Creating prefix script '/ros2_ws/install/local_setup.sh'
[9.740s] [34mcolcon.colcon_core.shell[0m [1;30mINFO[0m Creating prefix util module '/ros2_ws/install/_local_setup_util_sh.py'
[9.744s] [34mcolcon.colcon_core.shell[0m [1;30mINFO[0m Creating prefix chain script '/ros2_ws/install/setup.sh'
[9.754s] [34mcolcon.colcon_core.shell[0m [1;30mINFO[0m Creating prefix script '/ros2_ws/install/local_setup.bash'
[9.758s] [34mcolcon.colcon_core.shell[0m [1;30mINFO[0m Creating prefix chain script '/ros2_ws/install/setup.bash'
[9.771s] [34mcolcon.colcon_core.shell[0m [1;30mINFO[0m Creating prefix script '/ros2_ws/install/local_setup.zsh'
[9.775s] [34mcolcon.colcon_core.shell[0m [1;30mINFO[0m Creating prefix chain script '/ros2_ws/install/setup.zsh'
