[0.605s] [34mcolcon[0m [1;30mDEBUG[0m [32mCommand line arguments: ['/usr/bin/colcon', 'build'][0m
[0.605s] [34mcolcon[0m [1;30mDEBUG[0m [32mParsed command line arguments: Namespace(log_base=None, log_level=None, verb_name='build', build_base='build', install_base='install', merge_install=False, symlink_install=False, test_result_base=None, continue_on_error=False, executor='parallel', parallel_workers=4, event_handlers=None, ignore_user_meta=False, metas=['./colcon.meta'], base_paths=['.'], packages_ignore=None, packages_ignore_regex=None, paths=None, packages_up_to=None, packages_up_to_regex=None, packages_above=None, packages_above_and_dependencies=None, packages_above_depth=None, packages_select_by_dep=None, packages_skip_by_dep=None, packages_skip_up_to=None, packages_select_build_failed=False, packages_skip_build_finished=False, packages_select_test_failures=False, packages_skip_test_passed=False, packages_select=None, packages_skip=None, packages_select_regex=None, packages_skip_regex=None, packages_start=None, packages_end=None, allow_overriding=[], cmake_args=None, cmake_target=None, cmake_target_skip_unavailable=False, cmake_clean_cache=False, cmake_clean_first=False, cmake_force_configure=False, ament_cmake_args=None, catkin_cmake_args=None, catkin_skip_building_tests=False, verb_parser=<colcon_defaults.argument_parser.defaults.DefaultArgumentsDecorator object at 0x7faa46a050>, verb_extension=<colcon_core.verb.build.BuildVerb object at 0x7faa60b670>, main=<bound method BuildVerb.main of <colcon_core.verb.build.BuildVerb object at 0x7faa60b670>>)[0m
[1.982s] [34mcolcon.colcon_core.package_discovery[0m [1;30mLevel 1[0m discover_packages(colcon_meta) check parameters
[1.983s] [34mcolcon.colcon_core.package_discovery[0m [1;30mLevel 1[0m discover_packages(recursive) check parameters
[1.983s] [34mcolcon.colcon_core.package_discovery[0m [1;30mLevel 1[0m discover_packages(ignore) check parameters
[1.983s] [34mcolcon.colcon_core.package_discovery[0m [1;30mLevel 1[0m discover_packages(path) check parameters
[1.984s] [34mcolcon.colcon_core.package_discovery[0m [1;30mLevel 1[0m discover_packages(colcon_meta) discover
[1.984s] [34mcolcon.colcon_core.package_discovery[0m [1;30mLevel 1[0m discover_packages(recursive) discover
[1.984s] [34mcolcon.colcon_core.package_discovery[0m [1;30mINFO[0m Crawling recursively for packages in '/ros2_ws'
[1.986s] [34mcolcon.colcon_core.package_identification[0m [1;30mLevel 1[0m _identify(.) by extensions ['ignore', 'ignore_ament_install']
[1.986s] [34mcolcon.colcon_core.package_identification[0m [1;30mLevel 1[0m _identify(.) by extension 'ignore'
[1.987s] [34mcolcon.colcon_core.package_identification[0m [1;30mLevel 1[0m _identify(.) by extension 'ignore_ament_install'
[1.987s] [34mcolcon.colcon_core.package_identification[0m [1;30mLevel 1[0m _identify(.) by extensions ['colcon_pkg']
[1.988s] [34mcolcon.colcon_core.package_identification[0m [1;30mLevel 1[0m _identify(.) by extension 'colcon_pkg'
[1.988s] [34mcolcon.colcon_core.package_identification[0m [1;30mLevel 1[0m _identify(.) by extensions ['colcon_meta']
[1.988s] [34mcolcon.colcon_core.package_identification[0m [1;30mLevel 1[0m _identify(.) by extension 'colcon_meta'
[1.989s] [34mcolcon.colcon_core.package_identification[0m [1;30mLevel 1[0m _identify(.) by extensions ['ros']
[1.989s] [34mcolcon.colcon_core.package_identification[0m [1;30mLevel 1[0m _identify(.) by extension 'ros'
[2.048s] [34mcolcon.colcon_core.package_identification[0m [1;30mLevel 1[0m _identify(.) by extensions ['cmake', 'python']
[2.049s] [34mcolcon.colcon_core.package_identification[0m [1;30mLevel 1[0m _identify(.) by extension 'cmake'
[2.049s] [34mcolcon.colcon_core.package_identification[0m [1;30mLevel 1[0m _identify(.) by extension 'python'
[2.049s] [34mcolcon.colcon_core.package_identification[0m [1;30mLevel 1[0m _identify(.) by extensions ['python_setup_py']
[2.050s] [34mcolcon.colcon_core.package_identification[0m [1;30mLevel 1[0m _identify(.) by extension 'python_setup_py'
[2.051s] [34mcolcon.colcon_core.package_identification[0m [1;30mLevel 1[0m _identify(build) by extensions ['ignore', 'ignore_ament_install']
[2.051s] [34mcolcon.colcon_core.package_identification[0m [1;30mLevel 1[0m _identify(build) by extension 'ignore'
[2.051s] [34mcolcon.colcon_core.package_identification[0m [1;30mLevel 1[0m _identify(build) ignored
[2.053s] [34mcolcon.colcon_core.package_identification[0m [1;30mLevel 1[0m _identify(debug) by extensions ['ignore', 'ignore_ament_install']
[2.053s] [34mcolcon.colcon_core.package_identification[0m [1;30mLevel 1[0m _identify(debug) by extension 'ignore'
[2.054s] [34mcolcon.colcon_core.package_identification[0m [1;30mLevel 1[0m _identify(debug) by extension 'ignore_ament_install'
[2.054s] [34mcolcon.colcon_core.package_identification[0m [1;30mLevel 1[0m _identify(debug) by extensions ['colcon_pkg']
[2.054s] [34mcolcon.colcon_core.package_identification[0m [1;30mLevel 1[0m _identify(debug) by extension 'colcon_pkg'
[2.054s] [34mcolcon.colcon_core.package_identification[0m [1;30mLevel 1[0m _identify(debug) by extensions ['colcon_meta']
[2.055s] [34mcolcon.colcon_core.package_identification[0m [1;30mLevel 1[0m _identify(debug) by extension 'colcon_meta'
[2.055s] [34mcolcon.colcon_core.package_identification[0m [1;30mLevel 1[0m _identify(debug) by extensions ['ros']
[2.055s] [34mcolcon.colcon_core.package_identification[0m [1;30mLevel 1[0m _identify(debug) by extension 'ros'
[2.055s] [34mcolcon.colcon_core.package_identification[0m [1;30mLevel 1[0m _identify(debug) by extensions ['cmake', 'python']
[2.056s] [34mcolcon.colcon_core.package_identification[0m [1;30mLevel 1[0m _identify(debug) by extension 'cmake'
[2.056s] [34mcolcon.colcon_core.package_identification[0m [1;30mLevel 1[0m _identify(debug) by extension 'python'
[2.056s] [34mcolcon.colcon_core.package_identification[0m [1;30mLevel 1[0m _identify(debug) by extensions ['python_setup_py']
[2.056s] [34mcolcon.colcon_core.package_identification[0m [1;30mLevel 1[0m _identify(debug) by extension 'python_setup_py'
[2.057s] [34mcolcon.colcon_core.package_identification[0m [1;30mLevel 1[0m _identify(install) by extensions ['ignore', 'ignore_ament_install']
[2.057s] [34mcolcon.colcon_core.package_identification[0m [1;30mLevel 1[0m _identify(install) by extension 'ignore'
[2.058s] [34mcolcon.colcon_core.package_identification[0m [1;30mLevel 1[0m _identify(install) ignored
[2.059s] [34mcolcon.colcon_core.package_identification[0m [1;30mLevel 1[0m _identify(log) by extensions ['ignore', 'ignore_ament_install']
[2.059s] [34mcolcon.colcon_core.package_identification[0m [1;30mLevel 1[0m _identify(log) by extension 'ignore'
[2.059s] [34mcolcon.colcon_core.package_identification[0m [1;30mLevel 1[0m _identify(log) ignored
[2.060s] [34mcolcon.colcon_core.package_identification[0m [1;30mLevel 1[0m _identify(src) by extensions ['ignore', 'ignore_ament_install']
[2.061s] [34mcolcon.colcon_core.package_identification[0m [1;30mLevel 1[0m _identify(src) by extension 'ignore'
[2.061s] [34mcolcon.colcon_core.package_identification[0m [1;30mLevel 1[0m _identify(src) by extension 'ignore_ament_install'
[2.061s] [34mcolcon.colcon_core.package_identification[0m [1;30mLevel 1[0m _identify(src) by extensions ['colcon_pkg']
[2.062s] [34mcolcon.colcon_core.package_identification[0m [1;30mLevel 1[0m _identify(src) by extension 'colcon_pkg'
[2.062s] [34mcolcon.colcon_core.package_identification[0m [1;30mLevel 1[0m _identify(src) by extensions ['colcon_meta']
[2.062s] [34mcolcon.colcon_core.package_identification[0m [1;30mLevel 1[0m _identify(src) by extension 'colcon_meta'
[2.062s] [34mcolcon.colcon_core.package_identification[0m [1;30mLevel 1[0m _identify(src) by extensions ['ros']
[2.063s] [34mcolcon.colcon_core.package_identification[0m [1;30mLevel 1[0m _identify(src) by extension 'ros'
[2.063s] [34mcolcon.colcon_core.package_identification[0m [1;30mLevel 1[0m _identify(src) by extensions ['cmake', 'python']
[2.063s] [34mcolcon.colcon_core.package_identification[0m [1;30mLevel 1[0m _identify(src) by extension 'cmake'
[2.064s] [34mcolcon.colcon_core.package_identification[0m [1;30mLevel 1[0m _identify(src) by extension 'python'
[2.064s] [34mcolcon.colcon_core.package_identification[0m [1;30mLevel 1[0m _identify(src) by extensions ['python_setup_py']
[2.064s] [34mcolcon.colcon_core.package_identification[0m [1;30mLevel 1[0m _identify(src) by extension 'python_setup_py'
[2.064s] [34mcolcon.colcon_core.package_identification[0m [1;30mLevel 1[0m _identify(src/aurora) by extensions ['ignore', 'ignore_ament_install']
[2.065s] [34mcolcon.colcon_core.package_identification[0m [1;30mLevel 1[0m _identify(src/aurora) by extension 'ignore'
[2.065s] [34mcolcon.colcon_core.package_identification[0m [1;30mLevel 1[0m _identify(src/aurora) by extension 'ignore_ament_install'
[2.065s] [34mcolcon.colcon_core.package_identification[0m [1;30mLevel 1[0m _identify(src/aurora) by extensions ['colcon_pkg']
[2.066s] [34mcolcon.colcon_core.package_identification[0m [1;30mLevel 1[0m _identify(src/aurora) by extension 'colcon_pkg'
[2.066s] [34mcolcon.colcon_core.package_identification[0m [1;30mLevel 1[0m _identify(src/aurora) by extensions ['colcon_meta']
[2.066s] [34mcolcon.colcon_core.package_identification[0m [1;30mLevel 1[0m _identify(src/aurora) by extension 'colcon_meta'
[2.066s] [34mcolcon.colcon_core.package_identification[0m [1;30mLevel 1[0m _identify(src/aurora) by extensions ['ros']
[2.067s] [34mcolcon.colcon_core.package_identification[0m [1;30mLevel 1[0m _identify(src/aurora) by extension 'ros'
[2.067s] [34mcolcon.colcon_core.package_identification[0m [1;30mLevel 1[0m _identify(src/aurora) by extensions ['cmake', 'python']
[2.067s] [34mcolcon.colcon_core.package_identification[0m [1;30mLevel 1[0m _identify(src/aurora) by extension 'cmake'
[2.067s] [34mcolcon.colcon_core.package_identification[0m [1;30mLevel 1[0m _identify(src/aurora) by extension 'python'
[2.068s] [34mcolcon.colcon_core.package_identification[0m [1;30mLevel 1[0m _identify(src/aurora) by extensions ['python_setup_py']
[2.068s] [34mcolcon.colcon_core.package_identification[0m [1;30mLevel 1[0m _identify(src/aurora) by extension 'python_setup_py'
[2.069s] [34mcolcon.colcon_core.package_identification[0m [1;30mLevel 1[0m _identify(src/aurora/aurora930-ros-driver-humble-aarch64-0.2.4) by extensions ['ignore', 'ignore_ament_install']
[2.069s] [34mcolcon.colcon_core.package_identification[0m [1;30mLevel 1[0m _identify(src/aurora/aurora930-ros-driver-humble-aarch64-0.2.4) by extension 'ignore'
[2.070s] [34mcolcon.colcon_core.package_identification[0m [1;30mLevel 1[0m _identify(src/aurora/aurora930-ros-driver-humble-aarch64-0.2.4) by extension 'ignore_ament_install'
[2.070s] [34mcolcon.colcon_core.package_identification[0m [1;30mLevel 1[0m _identify(src/aurora/aurora930-ros-driver-humble-aarch64-0.2.4) by extensions ['colcon_pkg']
[2.070s] [34mcolcon.colcon_core.package_identification[0m [1;30mLevel 1[0m _identify(src/aurora/aurora930-ros-driver-humble-aarch64-0.2.4) by extension 'colcon_pkg'
[2.071s] [34mcolcon.colcon_core.package_identification[0m [1;30mLevel 1[0m _identify(src/aurora/aurora930-ros-driver-humble-aarch64-0.2.4) by extensions ['colcon_meta']
[2.071s] [34mcolcon.colcon_core.package_identification[0m [1;30mLevel 1[0m _identify(src/aurora/aurora930-ros-driver-humble-aarch64-0.2.4) by extension 'colcon_meta'
[2.071s] [34mcolcon.colcon_core.package_identification[0m [1;30mLevel 1[0m _identify(src/aurora/aurora930-ros-driver-humble-aarch64-0.2.4) by extensions ['ros']
[2.071s] [34mcolcon.colcon_core.package_identification[0m [1;30mLevel 1[0m _identify(src/aurora/aurora930-ros-driver-humble-aarch64-0.2.4) by extension 'ros'
[2.072s] [34mcolcon.colcon_core.package_identification[0m [1;30mLevel 1[0m _identify(src/aurora/aurora930-ros-driver-humble-aarch64-0.2.4) by extensions ['cmake', 'python']
[2.072s] [34mcolcon.colcon_core.package_identification[0m [1;30mLevel 1[0m _identify(src/aurora/aurora930-ros-driver-humble-aarch64-0.2.4) by extension 'cmake'
[2.072s] [34mcolcon.colcon_core.package_identification[0m [1;30mLevel 1[0m _identify(src/aurora/aurora930-ros-driver-humble-aarch64-0.2.4) by extension 'python'
[2.073s] [34mcolcon.colcon_core.package_identification[0m [1;30mLevel 1[0m _identify(src/aurora/aurora930-ros-driver-humble-aarch64-0.2.4) by extensions ['python_setup_py']
[2.073s] [34mcolcon.colcon_core.package_identification[0m [1;30mLevel 1[0m _identify(src/aurora/aurora930-ros-driver-humble-aarch64-0.2.4) by extension 'python_setup_py'
[2.073s] [34mcolcon.colcon_core.package_identification[0m [1;30mLevel 1[0m _identify(src/bringup) by extensions ['ignore', 'ignore_ament_install']
[2.074s] [34mcolcon.colcon_core.package_identification[0m [1;30mLevel 1[0m _identify(src/bringup) by extension 'ignore'
[2.074s] [34mcolcon.colcon_core.package_identification[0m [1;30mLevel 1[0m _identify(src/bringup) by extension 'ignore_ament_install'
[2.075s] [34mcolcon.colcon_core.package_identification[0m [1;30mLevel 1[0m _identify(src/bringup) by extensions ['colcon_pkg']
[2.075s] [34mcolcon.colcon_core.package_identification[0m [1;30mLevel 1[0m _identify(src/bringup) by extension 'colcon_pkg'
[2.075s] [34mcolcon.colcon_core.package_identification[0m [1;30mLevel 1[0m _identify(src/bringup) by extensions ['colcon_meta']
[2.075s] [34mcolcon.colcon_core.package_identification[0m [1;30mLevel 1[0m _identify(src/bringup) by extension 'colcon_meta'
[2.075s] [34mcolcon.colcon_core.package_identification[0m [1;30mLevel 1[0m _identify(src/bringup) by extensions ['ros']
[2.076s] [34mcolcon.colcon_core.package_identification[0m [1;30mLevel 1[0m _identify(src/bringup) by extension 'ros'
[2.090s] [34mcolcon.colcon_core.package_identification[0m [1;30mDEBUG[0m [32mPackage 'src/bringup' with type 'ros.ament_cmake' and name 'bringup'[0m
[2.091s] [34mcolcon.colcon_core.package_identification[0m [1;30mLevel 1[0m _identify(src/collision_avoidance) by extensions ['ignore', 'ignore_ament_install']
[2.091s] [34mcolcon.colcon_core.package_identification[0m [1;30mLevel 1[0m _identify(src/collision_avoidance) by extension 'ignore'
[2.092s] [34mcolcon.colcon_core.package_identification[0m [1;30mLevel 1[0m _identify(src/collision_avoidance) by extension 'ignore_ament_install'
[2.092s] [34mcolcon.colcon_core.package_identification[0m [1;30mLevel 1[0m _identify(src/collision_avoidance) by extensions ['colcon_pkg']
[2.093s] [34mcolcon.colcon_core.package_identification[0m [1;30mLevel 1[0m _identify(src/collision_avoidance) by extension 'colcon_pkg'
[2.093s] [34mcolcon.colcon_core.package_identification[0m [1;30mLevel 1[0m _identify(src/collision_avoidance) by extensions ['colcon_meta']
[2.093s] [34mcolcon.colcon_core.package_identification[0m [1;30mLevel 1[0m _identify(src/collision_avoidance) by extension 'colcon_meta'
[2.094s] [34mcolcon.colcon_core.package_identification[0m [1;30mLevel 1[0m _identify(src/collision_avoidance) by extensions ['ros']
[2.094s] [34mcolcon.colcon_core.package_identification[0m [1;30mLevel 1[0m _identify(src/collision_avoidance) by extension 'ros'
[2.099s] [34mcolcon.colcon_core.package_identification[0m [1;30mDEBUG[0m [32mPackage 'src/collision_avoidance' with type 'ros.ament_cmake' and name 'collision_avoidance'[0m
[2.100s] [34mcolcon.colcon_core.package_identification[0m [1;30mLevel 1[0m _identify(src/description) by extensions ['ignore', 'ignore_ament_install']
[2.101s] [34mcolcon.colcon_core.package_identification[0m [1;30mLevel 1[0m _identify(src/description) by extension 'ignore'
[2.101s] [34mcolcon.colcon_core.package_identification[0m [1;30mLevel 1[0m _identify(src/description) by extension 'ignore_ament_install'
[2.102s] [34mcolcon.colcon_core.package_identification[0m [1;30mLevel 1[0m _identify(src/description) by extensions ['colcon_pkg']
[2.103s] [34mcolcon.colcon_core.package_identification[0m [1;30mLevel 1[0m _identify(src/description) by extension 'colcon_pkg'
[2.103s] [34mcolcon.colcon_core.package_identification[0m [1;30mLevel 1[0m _identify(src/description) by extensions ['colcon_meta']
[2.104s] [34mcolcon.colcon_core.package_identification[0m [1;30mLevel 1[0m _identify(src/description) by extension 'colcon_meta'
[2.105s] [34mcolcon.colcon_core.package_identification[0m [1;30mLevel 1[0m _identify(src/description) by extensions ['ros']
[2.106s] [34mcolcon.colcon_core.package_identification[0m [1;30mLevel 1[0m _identify(src/description) by extension 'ros'
[2.110s] [34mcolcon.colcon_core.package_identification[0m [1;30mDEBUG[0m [32mPackage 'src/description' with type 'ros.ament_cmake' and name 'description'[0m
[2.111s] [34mcolcon.colcon_core.package_identification[0m [1;30mLevel 1[0m _identify(src/interfaces) by extensions ['ignore', 'ignore_ament_install']
[2.112s] [34mcolcon.colcon_core.package_identification[0m [1;30mLevel 1[0m _identify(src/interfaces) by extension 'ignore'
[2.113s] [34mcolcon.colcon_core.package_identification[0m [1;30mLevel 1[0m _identify(src/interfaces) by extension 'ignore_ament_install'
[2.114s] [34mcolcon.colcon_core.package_identification[0m [1;30mLevel 1[0m _identify(src/interfaces) by extensions ['colcon_pkg']
[2.114s] [34mcolcon.colcon_core.package_identification[0m [1;30mLevel 1[0m _identify(src/interfaces) by extension 'colcon_pkg'
[2.114s] [34mcolcon.colcon_core.package_identification[0m [1;30mLevel 1[0m _identify(src/interfaces) by extensions ['colcon_meta']
[2.115s] [34mcolcon.colcon_core.package_identification[0m [1;30mLevel 1[0m _identify(src/interfaces) by extension 'colcon_meta'
[2.115s] [34mcolcon.colcon_core.package_identification[0m [1;30mLevel 1[0m _identify(src/interfaces) by extensions ['ros']
[2.115s] [34mcolcon.colcon_core.package_identification[0m [1;30mLevel 1[0m _identify(src/interfaces) by extension 'ros'
[2.119s] [34mcolcon.colcon_core.package_identification[0m [1;30mDEBUG[0m [32mPackage 'src/interfaces' with type 'ros.ament_cmake' and name 'interfaces'[0m
[2.120s] [34mcolcon.colcon_core.package_identification[0m [1;30mLevel 1[0m _identify(src/map) by extensions ['ignore', 'ignore_ament_install']
[2.121s] [34mcolcon.colcon_core.package_identification[0m [1;30mLevel 1[0m _identify(src/map) by extension 'ignore'
[2.121s] [34mcolcon.colcon_core.package_identification[0m [1;30mLevel 1[0m _identify(src/map) by extension 'ignore_ament_install'
[2.121s] [34mcolcon.colcon_core.package_identification[0m [1;30mLevel 1[0m _identify(src/map) by extensions ['colcon_pkg']
[2.122s] [34mcolcon.colcon_core.package_identification[0m [1;30mLevel 1[0m _identify(src/map) by extension 'colcon_pkg'
[2.122s] [34mcolcon.colcon_core.package_identification[0m [1;30mLevel 1[0m _identify(src/map) by extensions ['colcon_meta']
[2.122s] [34mcolcon.colcon_core.package_identification[0m [1;30mLevel 1[0m _identify(src/map) by extension 'colcon_meta'
[2.122s] [34mcolcon.colcon_core.package_identification[0m [1;30mLevel 1[0m _identify(src/map) by extensions ['ros']
[2.123s] [34mcolcon.colcon_core.package_identification[0m [1;30mLevel 1[0m _identify(src/map) by extension 'ros'
[2.123s] [34mcolcon.colcon_core.package_identification[0m [1;30mLevel 1[0m _identify(src/map) by extensions ['cmake', 'python']
[2.123s] [34mcolcon.colcon_core.package_identification[0m [1;30mLevel 1[0m _identify(src/map) by extension 'cmake'
[2.124s] [34mcolcon.colcon_core.package_identification[0m [1;30mLevel 1[0m _identify(src/map) by extension 'python'
[2.124s] [34mcolcon.colcon_core.package_identification[0m [1;30mLevel 1[0m _identify(src/map) by extensions ['python_setup_py']
[2.124s] [34mcolcon.colcon_core.package_identification[0m [1;30mLevel 1[0m _identify(src/map) by extension 'python_setup_py'
[2.125s] [34mcolcon.colcon_core.package_identification[0m [1;30mLevel 1[0m _identify(src/oradar_lidar) by extensions ['ignore', 'ignore_ament_install']
[2.125s] [34mcolcon.colcon_core.package_identification[0m [1;30mLevel 1[0m _identify(src/oradar_lidar) by extension 'ignore'
[2.126s] [34mcolcon.colcon_core.package_identification[0m [1;30mLevel 1[0m _identify(src/oradar_lidar) by extension 'ignore_ament_install'
[2.127s] [34mcolcon.colcon_core.package_identification[0m [1;30mLevel 1[0m _identify(src/oradar_lidar) by extensions ['colcon_pkg']
[2.127s] [34mcolcon.colcon_core.package_identification[0m [1;30mLevel 1[0m _identify(src/oradar_lidar) by extension 'colcon_pkg'
[2.127s] [34mcolcon.colcon_core.package_identification[0m [1;30mLevel 1[0m _identify(src/oradar_lidar) by extensions ['colcon_meta']
[2.128s] [34mcolcon.colcon_core.package_identification[0m [1;30mLevel 1[0m _identify(src/oradar_lidar) by extension 'colcon_meta'
[2.129s] [34mcolcon.colcon_core.package_identification[0m [1;30mLevel 1[0m _identify(src/oradar_lidar) by extensions ['ros']
[2.129s] [34mcolcon.colcon_core.package_identification[0m [1;30mLevel 1[0m _identify(src/oradar_lidar) by extension 'ros'
[2.135s] [34mcolcon.colcon_core.package_identification[0m [1;30mDEBUG[0m [32mPackage 'src/oradar_lidar' with type 'ros.ament_cmake' and name 'oradar_lidar'[0m
[2.136s] [34mcolcon.colcon_core.package_identification[0m [1;30mLevel 1[0m _identify(src/ros2_control) by extensions ['ignore', 'ignore_ament_install']
[2.137s] [34mcolcon.colcon_core.package_identification[0m [1;30mLevel 1[0m _identify(src/ros2_control) by extension 'ignore'
[2.138s] [34mcolcon.colcon_core.package_identification[0m [1;30mLevel 1[0m _identify(src/ros2_control) by extension 'ignore_ament_install'
[2.139s] [34mcolcon.colcon_core.package_identification[0m [1;30mLevel 1[0m _identify(src/ros2_control) by extensions ['colcon_pkg']
[2.139s] [34mcolcon.colcon_core.package_identification[0m [1;30mLevel 1[0m _identify(src/ros2_control) by extension 'colcon_pkg'
[2.140s] [34mcolcon.colcon_core.package_identification[0m [1;30mLevel 1[0m _identify(src/ros2_control) by extensions ['colcon_meta']
[2.141s] [34mcolcon.colcon_core.package_identification[0m [1;30mLevel 1[0m _identify(src/ros2_control) by extension 'colcon_meta'
[2.142s] [34mcolcon.colcon_core.package_identification[0m [1;30mLevel 1[0m _identify(src/ros2_control) by extensions ['ros']
[2.142s] [34mcolcon.colcon_core.package_identification[0m [1;30mLevel 1[0m _identify(src/ros2_control) by extension 'ros'
[2.143s] [34mcolcon.colcon_core.package_identification[0m [1;30mLevel 1[0m _identify(src/ros2_control) by extensions ['cmake', 'python']
[2.144s] [34mcolcon.colcon_core.package_identification[0m [1;30mLevel 1[0m _identify(src/ros2_control) by extension 'cmake'
[2.145s] [34mcolcon.colcon_core.package_identification[0m [1;30mLevel 1[0m _identify(src/ros2_control) by extension 'python'
[2.146s] [34mcolcon.colcon_core.package_identification[0m [1;30mLevel 1[0m _identify(src/ros2_control) by extensions ['python_setup_py']
[2.147s] [34mcolcon.colcon_core.package_identification[0m [1;30mLevel 1[0m _identify(src/ros2_control) by extension 'python_setup_py'
[2.149s] [34mcolcon.colcon_core.package_identification[0m [1;30mLevel 1[0m _identify(src/ros2_control/brain_controller) by extensions ['ignore', 'ignore_ament_install']
[2.149s] [34mcolcon.colcon_core.package_identification[0m [1;30mLevel 1[0m _identify(src/ros2_control/brain_controller) by extension 'ignore'
[2.150s] [34mcolcon.colcon_core.package_identification[0m [1;30mLevel 1[0m _identify(src/ros2_control/brain_controller) by extension 'ignore_ament_install'
[2.150s] [34mcolcon.colcon_core.package_identification[0m [1;30mLevel 1[0m _identify(src/ros2_control/brain_controller) by extensions ['colcon_pkg']
[2.151s] [34mcolcon.colcon_core.package_identification[0m [1;30mLevel 1[0m _identify(src/ros2_control/brain_controller) by extension 'colcon_pkg'
[2.151s] [34mcolcon.colcon_core.package_identification[0m [1;30mLevel 1[0m _identify(src/ros2_control/brain_controller) by extensions ['colcon_meta']
[2.151s] [34mcolcon.colcon_core.package_identification[0m [1;30mLevel 1[0m _identify(src/ros2_control/brain_controller) by extension 'colcon_meta'
[2.153s] [34mcolcon.colcon_core.package_identification[0m [1;30mLevel 1[0m _identify(src/ros2_control/brain_controller) by extensions ['ros']
[2.153s] [34mcolcon.colcon_core.package_identification[0m [1;30mLevel 1[0m _identify(src/ros2_control/brain_controller) by extension 'ros'
[2.163s] [34mcolcon.colcon_core.package_identification[0m [1;30mDEBUG[0m [32mPackage 'src/ros2_control/brain_controller' with type 'ros.ament_cmake' and name 'brain_controller'[0m
[2.164s] [34mcolcon.colcon_core.package_identification[0m [1;30mLevel 1[0m _identify(src/ros2_control/brain_hardware) by extensions ['ignore', 'ignore_ament_install']
[2.165s] [34mcolcon.colcon_core.package_identification[0m [1;30mLevel 1[0m _identify(src/ros2_control/brain_hardware) by extension 'ignore'
[2.165s] [34mcolcon.colcon_core.package_identification[0m [1;30mLevel 1[0m _identify(src/ros2_control/brain_hardware) by extension 'ignore_ament_install'
[2.166s] [34mcolcon.colcon_core.package_identification[0m [1;30mLevel 1[0m _identify(src/ros2_control/brain_hardware) by extensions ['colcon_pkg']
[2.167s] [34mcolcon.colcon_core.package_identification[0m [1;30mLevel 1[0m _identify(src/ros2_control/brain_hardware) by extension 'colcon_pkg'
[2.169s] [34mcolcon.colcon_core.package_identification[0m [1;30mLevel 1[0m _identify(src/ros2_control/brain_hardware) by extensions ['colcon_meta']
[2.170s] [34mcolcon.colcon_core.package_identification[0m [1;30mLevel 1[0m _identify(src/ros2_control/brain_hardware) by extension 'colcon_meta'
[2.171s] [34mcolcon.colcon_core.package_identification[0m [1;30mLevel 1[0m _identify(src/ros2_control/brain_hardware) by extensions ['ros']
[2.171s] [34mcolcon.colcon_core.package_identification[0m [1;30mLevel 1[0m _identify(src/ros2_control/brain_hardware) by extension 'ros'
[2.178s] [34mcolcon.colcon_core.package_identification[0m [1;30mDEBUG[0m [32mPackage 'src/ros2_control/brain_hardware' with type 'ros.ament_cmake' and name 'brain_hardware'[0m
[2.179s] [34mcolcon.colcon_core.package_discovery[0m [1;30mLevel 1[0m discover_packages(recursive) using defaults
[2.180s] [34mcolcon.colcon_core.package_discovery[0m [1;30mLevel 1[0m discover_packages(ignore) discover
[2.180s] [34mcolcon.colcon_core.package_discovery[0m [1;30mLevel 1[0m discover_packages(ignore) using defaults
[2.180s] [34mcolcon.colcon_core.package_discovery[0m [1;30mLevel 1[0m discover_packages(path) discover
[2.181s] [34mcolcon.colcon_core.package_discovery[0m [1;30mLevel 1[0m discover_packages(path) using defaults
[2.275s] [34mcolcon.colcon_core.package_discovery[0m [1;30mLevel 1[0m discover_packages(prefix_path) check parameters
[2.276s] [34mcolcon.colcon_core.package_discovery[0m [1;30mLevel 1[0m discover_packages(prefix_path) discover
[2.289s] [34mcolcon.colcon_installed_package_information.package_discovery[0m [1;30mDEBUG[0m [32mFound 7 installed packages in /ros2_ws/install[0m
[2.299s] [34mcolcon.colcon_installed_package_information.package_discovery[0m [1;30mDEBUG[0m [32mFound 368 installed packages in /opt/ros/humble[0m
[2.312s] [34mcolcon.colcon_core.package_discovery[0m [1;30mLevel 1[0m discover_packages(prefix_path) using defaults
[2.662s] [34mcolcon.colcon_core.verb[0m [1;30mLevel 5[0m set package 'collision_avoidance' build argument 'cmake_args' from command line to 'None'
[2.662s] [34mcolcon.colcon_core.verb[0m [1;30mLevel 5[0m set package 'collision_avoidance' build argument 'cmake_target' from command line to 'None'
[2.662s] [34mcolcon.colcon_core.verb[0m [1;30mLevel 5[0m set package 'collision_avoidance' build argument 'cmake_target_skip_unavailable' from command line to 'False'
[2.663s] [34mcolcon.colcon_core.verb[0m [1;30mLevel 5[0m set package 'collision_avoidance' build argument 'cmake_clean_cache' from command line to 'False'
[2.663s] [34mcolcon.colcon_core.verb[0m [1;30mLevel 5[0m set package 'collision_avoidance' build argument 'cmake_clean_first' from command line to 'False'
[2.663s] [34mcolcon.colcon_core.verb[0m [1;30mLevel 5[0m set package 'collision_avoidance' build argument 'cmake_force_configure' from command line to 'False'
[2.663s] [34mcolcon.colcon_core.verb[0m [1;30mLevel 5[0m set package 'collision_avoidance' build argument 'ament_cmake_args' from command line to 'None'
[2.663s] [34mcolcon.colcon_core.verb[0m [1;30mLevel 5[0m set package 'collision_avoidance' build argument 'catkin_cmake_args' from command line to 'None'
[2.664s] [34mcolcon.colcon_core.verb[0m [1;30mLevel 5[0m set package 'collision_avoidance' build argument 'catkin_skip_building_tests' from command line to 'False'
[2.664s] [34mcolcon.colcon_core.verb[0m [1;30mDEBUG[0m [32mBuilding package 'collision_avoidance' with the following arguments: {'ament_cmake_args': None, 'build_base': '/ros2_ws/build/collision_avoidance', 'catkin_cmake_args': None, 'catkin_skip_building_tests': False, 'cmake_args': None, 'cmake_clean_cache': False, 'cmake_clean_first': False, 'cmake_force_configure': False, 'cmake_target': None, 'cmake_target_skip_unavailable': False, 'install_base': '/ros2_ws/install/collision_avoidance', 'merge_install': False, 'path': '/ros2_ws/src/collision_avoidance', 'symlink_install': False, 'test_result_base': None}[0m
[2.667s] [34mcolcon.colcon_core.verb[0m [1;30mLevel 5[0m set package 'interfaces' build argument 'cmake_args' from command line to 'None'
[2.667s] [34mcolcon.colcon_core.verb[0m [1;30mLevel 5[0m set package 'interfaces' build argument 'cmake_target' from command line to 'None'
[2.667s] [34mcolcon.colcon_core.verb[0m [1;30mLevel 5[0m set package 'interfaces' build argument 'cmake_target_skip_unavailable' from command line to 'False'
[2.668s] [34mcolcon.colcon_core.verb[0m [1;30mLevel 5[0m set package 'interfaces' build argument 'cmake_clean_cache' from command line to 'False'
[2.668s] [34mcolcon.colcon_core.verb[0m [1;30mLevel 5[0m set package 'interfaces' build argument 'cmake_clean_first' from command line to 'False'
[2.668s] [34mcolcon.colcon_core.verb[0m [1;30mLevel 5[0m set package 'interfaces' build argument 'cmake_force_configure' from command line to 'False'
[2.668s] [34mcolcon.colcon_core.verb[0m [1;30mLevel 5[0m set package 'interfaces' build argument 'ament_cmake_args' from command line to 'None'
[2.668s] [34mcolcon.colcon_core.verb[0m [1;30mLevel 5[0m set package 'interfaces' build argument 'catkin_cmake_args' from command line to 'None'
[2.669s] [34mcolcon.colcon_core.verb[0m [1;30mLevel 5[0m set package 'interfaces' build argument 'catkin_skip_building_tests' from command line to 'False'
[2.669s] [34mcolcon.colcon_core.verb[0m [1;30mDEBUG[0m [32mBuilding package 'interfaces' with the following arguments: {'ament_cmake_args': None, 'build_base': '/ros2_ws/build/interfaces', 'catkin_cmake_args': None, 'catkin_skip_building_tests': False, 'cmake_args': None, 'cmake_clean_cache': False, 'cmake_clean_first': False, 'cmake_force_configure': False, 'cmake_target': None, 'cmake_target_skip_unavailable': False, 'install_base': '/ros2_ws/install/interfaces', 'merge_install': False, 'path': '/ros2_ws/src/interfaces', 'symlink_install': False, 'test_result_base': None}[0m
[2.671s] [34mcolcon.colcon_core.verb[0m [1;30mLevel 5[0m set package 'oradar_lidar' build argument 'cmake_args' from command line to 'None'
[2.672s] [34mcolcon.colcon_core.verb[0m [1;30mLevel 5[0m set package 'oradar_lidar' build argument 'cmake_target' from command line to 'None'
[2.673s] [34mcolcon.colcon_core.verb[0m [1;30mLevel 5[0m set package 'oradar_lidar' build argument 'cmake_target_skip_unavailable' from command line to 'False'
[2.673s] [34mcolcon.colcon_core.verb[0m [1;30mLevel 5[0m set package 'oradar_lidar' build argument 'cmake_clean_cache' from command line to 'False'
[2.673s] [34mcolcon.colcon_core.verb[0m [1;30mLevel 5[0m set package 'oradar_lidar' build argument 'cmake_clean_first' from command line to 'False'
[2.673s] [34mcolcon.colcon_core.verb[0m [1;30mLevel 5[0m set package 'oradar_lidar' build argument 'cmake_force_configure' from command line to 'False'
[2.674s] [34mcolcon.colcon_core.verb[0m [1;30mLevel 5[0m set package 'oradar_lidar' build argument 'ament_cmake_args' from command line to 'None'
[2.674s] [34mcolcon.colcon_core.verb[0m [1;30mLevel 5[0m set package 'oradar_lidar' build argument 'catkin_cmake_args' from command line to 'None'
[2.674s] [34mcolcon.colcon_core.verb[0m [1;30mLevel 5[0m set package 'oradar_lidar' build argument 'catkin_skip_building_tests' from command line to 'False'
[2.674s] [34mcolcon.colcon_core.verb[0m [1;30mDEBUG[0m [32mBuilding package 'oradar_lidar' with the following arguments: {'ament_cmake_args': None, 'build_base': '/ros2_ws/build/oradar_lidar', 'catkin_cmake_args': None, 'catkin_skip_building_tests': False, 'cmake_args': None, 'cmake_clean_cache': False, 'cmake_clean_first': False, 'cmake_force_configure': False, 'cmake_target': None, 'cmake_target_skip_unavailable': False, 'install_base': '/ros2_ws/install/oradar_lidar', 'merge_install': False, 'path': '/ros2_ws/src/oradar_lidar', 'symlink_install': False, 'test_result_base': None}[0m
[2.676s] [34mcolcon.colcon_core.verb[0m [1;30mLevel 5[0m set package 'brain_controller' build argument 'cmake_args' from command line to 'None'
[2.677s] [34mcolcon.colcon_core.verb[0m [1;30mLevel 5[0m set package 'brain_controller' build argument 'cmake_target' from command line to 'None'
[2.677s] [34mcolcon.colcon_core.verb[0m [1;30mLevel 5[0m set package 'brain_controller' build argument 'cmake_target_skip_unavailable' from command line to 'False'
[2.677s] [34mcolcon.colcon_core.verb[0m [1;30mLevel 5[0m set package 'brain_controller' build argument 'cmake_clean_cache' from command line to 'False'
[2.677s] [34mcolcon.colcon_core.verb[0m [1;30mLevel 5[0m set package 'brain_controller' build argument 'cmake_clean_first' from command line to 'False'
[2.677s] [34mcolcon.colcon_core.verb[0m [1;30mLevel 5[0m set package 'brain_controller' build argument 'cmake_force_configure' from command line to 'False'
[2.678s] [34mcolcon.colcon_core.verb[0m [1;30mLevel 5[0m set package 'brain_controller' build argument 'ament_cmake_args' from command line to 'None'
[2.678s] [34mcolcon.colcon_core.verb[0m [1;30mLevel 5[0m set package 'brain_controller' build argument 'catkin_cmake_args' from command line to 'None'
[2.678s] [34mcolcon.colcon_core.verb[0m [1;30mLevel 5[0m set package 'brain_controller' build argument 'catkin_skip_building_tests' from command line to 'False'
[2.678s] [34mcolcon.colcon_core.verb[0m [1;30mDEBUG[0m [32mBuilding package 'brain_controller' with the following arguments: {'ament_cmake_args': None, 'build_base': '/ros2_ws/build/brain_controller', 'catkin_cmake_args': None, 'catkin_skip_building_tests': False, 'cmake_args': None, 'cmake_clean_cache': False, 'cmake_clean_first': False, 'cmake_force_configure': False, 'cmake_target': None, 'cmake_target_skip_unavailable': False, 'install_base': '/ros2_ws/install/brain_controller', 'merge_install': False, 'path': '/ros2_ws/src/ros2_control/brain_controller', 'symlink_install': False, 'test_result_base': None}[0m
[2.681s] [34mcolcon.colcon_core.verb[0m [1;30mLevel 5[0m set package 'brain_hardware' build argument 'cmake_args' from command line to 'None'
[2.681s] [34mcolcon.colcon_core.verb[0m [1;30mLevel 5[0m set package 'brain_hardware' build argument 'cmake_target' from command line to 'None'
[2.681s] [34mcolcon.colcon_core.verb[0m [1;30mLevel 5[0m set package 'brain_hardware' build argument 'cmake_target_skip_unavailable' from command line to 'False'
[2.681s] [34mcolcon.colcon_core.verb[0m [1;30mLevel 5[0m set package 'brain_hardware' build argument 'cmake_clean_cache' from command line to 'False'
[2.681s] [34mcolcon.colcon_core.verb[0m [1;30mLevel 5[0m set package 'brain_hardware' build argument 'cmake_clean_first' from command line to 'False'
[2.681s] [34mcolcon.colcon_core.verb[0m [1;30mLevel 5[0m set package 'brain_hardware' build argument 'cmake_force_configure' from command line to 'False'
[2.682s] [34mcolcon.colcon_core.verb[0m [1;30mLevel 5[0m set package 'brain_hardware' build argument 'ament_cmake_args' from command line to 'None'
[2.682s] [34mcolcon.colcon_core.verb[0m [1;30mLevel 5[0m set package 'brain_hardware' build argument 'catkin_cmake_args' from command line to 'None'
[2.682s] [34mcolcon.colcon_core.verb[0m [1;30mLevel 5[0m set package 'brain_hardware' build argument 'catkin_skip_building_tests' from command line to 'False'
[2.682s] [34mcolcon.colcon_core.verb[0m [1;30mDEBUG[0m [32mBuilding package 'brain_hardware' with the following arguments: {'ament_cmake_args': None, 'build_base': '/ros2_ws/build/brain_hardware', 'catkin_cmake_args': None, 'catkin_skip_building_tests': False, 'cmake_args': None, 'cmake_clean_cache': False, 'cmake_clean_first': False, 'cmake_force_configure': False, 'cmake_target': None, 'cmake_target_skip_unavailable': False, 'install_base': '/ros2_ws/install/brain_hardware', 'merge_install': False, 'path': '/ros2_ws/src/ros2_control/brain_hardware', 'symlink_install': False, 'test_result_base': None}[0m
[2.684s] [34mcolcon.colcon_core.verb[0m [1;30mLevel 5[0m set package 'description' build argument 'cmake_args' from command line to 'None'
[2.685s] [34mcolcon.colcon_core.verb[0m [1;30mLevel 5[0m set package 'description' build argument 'cmake_target' from command line to 'None'
[2.685s] [34mcolcon.colcon_core.verb[0m [1;30mLevel 5[0m set package 'description' build argument 'cmake_target_skip_unavailable' from command line to 'False'
[2.685s] [34mcolcon.colcon_core.verb[0m [1;30mLevel 5[0m set package 'description' build argument 'cmake_clean_cache' from command line to 'False'
[2.685s] [34mcolcon.colcon_core.verb[0m [1;30mLevel 5[0m set package 'description' build argument 'cmake_clean_first' from command line to 'False'
[2.686s] [34mcolcon.colcon_core.verb[0m [1;30mLevel 5[0m set package 'description' build argument 'cmake_force_configure' from command line to 'False'
[2.686s] [34mcolcon.colcon_core.verb[0m [1;30mLevel 5[0m set package 'description' build argument 'ament_cmake_args' from command line to 'None'
[2.686s] [34mcolcon.colcon_core.verb[0m [1;30mLevel 5[0m set package 'description' build argument 'catkin_cmake_args' from command line to 'None'
[2.686s] [34mcolcon.colcon_core.verb[0m [1;30mLevel 5[0m set package 'description' build argument 'catkin_skip_building_tests' from command line to 'False'
[2.686s] [34mcolcon.colcon_core.verb[0m [1;30mDEBUG[0m [32mBuilding package 'description' with the following arguments: {'ament_cmake_args': None, 'build_base': '/ros2_ws/build/description', 'catkin_cmake_args': None, 'catkin_skip_building_tests': False, 'cmake_args': None, 'cmake_clean_cache': False, 'cmake_clean_first': False, 'cmake_force_configure': False, 'cmake_target': None, 'cmake_target_skip_unavailable': False, 'install_base': '/ros2_ws/install/description', 'merge_install': False, 'path': '/ros2_ws/src/description', 'symlink_install': False, 'test_result_base': None}[0m
[2.689s] [34mcolcon.colcon_core.verb[0m [1;30mLevel 5[0m set package 'bringup' build argument 'cmake_args' from command line to 'None'
[2.689s] [34mcolcon.colcon_core.verb[0m [1;30mLevel 5[0m set package 'bringup' build argument 'cmake_target' from command line to 'None'
[2.690s] [34mcolcon.colcon_core.verb[0m [1;30mLevel 5[0m set package 'bringup' build argument 'cmake_target_skip_unavailable' from command line to 'False'
[2.690s] [34mcolcon.colcon_core.verb[0m [1;30mLevel 5[0m set package 'bringup' build argument 'cmake_clean_cache' from command line to 'False'
[2.690s] [34mcolcon.colcon_core.verb[0m [1;30mLevel 5[0m set package 'bringup' build argument 'cmake_clean_first' from command line to 'False'
[2.691s] [34mcolcon.colcon_core.verb[0m [1;30mLevel 5[0m set package 'bringup' build argument 'cmake_force_configure' from command line to 'False'
[2.691s] [34mcolcon.colcon_core.verb[0m [1;30mLevel 5[0m set package 'bringup' build argument 'ament_cmake_args' from command line to 'None'
[2.691s] [34mcolcon.colcon_core.verb[0m [1;30mLevel 5[0m set package 'bringup' build argument 'catkin_cmake_args' from command line to 'None'
[2.691s] [34mcolcon.colcon_core.verb[0m [1;30mLevel 5[0m set package 'bringup' build argument 'catkin_skip_building_tests' from command line to 'False'
[2.691s] [34mcolcon.colcon_core.verb[0m [1;30mDEBUG[0m [32mBuilding package 'bringup' with the following arguments: {'ament_cmake_args': None, 'build_base': '/ros2_ws/build/bringup', 'catkin_cmake_args': None, 'catkin_skip_building_tests': False, 'cmake_args': None, 'cmake_clean_cache': False, 'cmake_clean_first': False, 'cmake_force_configure': False, 'cmake_target': None, 'cmake_target_skip_unavailable': False, 'install_base': '/ros2_ws/install/bringup', 'merge_install': False, 'path': '/ros2_ws/src/bringup', 'symlink_install': False, 'test_result_base': None}[0m
[2.692s] [34mcolcon.colcon_core.executor[0m [1;30mINFO[0m Executing jobs using 'parallel' executor
[2.697s] [34mcolcon.colcon_parallel_executor.executor.parallel[0m [1;30mDEBUG[0m [32mrun_until_complete[0m
[2.700s] [34mcolcon.colcon_ros.task.ament_cmake.build[0m [1;30mINFO[0m Building ROS package in '/ros2_ws/src/interfaces' with build type 'ament_cmake'
[2.700s] [34mcolcon.colcon_cmake.task.cmake.build[0m [1;30mINFO[0m Building CMake package in '/ros2_ws/src/interfaces'
[2.718s] [34mcolcon.colcon_core.plugin_system[0m [1;30mINFO[0m Skipping extension 'colcon_core.shell.bat': Not used on non-Windows systems
[2.721s] [34mcolcon.colcon_core.shell[0m [1;30mINFO[0m Skip shell extension 'powershell' for command environment: Not usable outside of PowerShell
[2.723s] [34mcolcon.colcon_core.shell[0m [1;30mDEBUG[0m [32mSkip shell extension 'dsv' for command environment[0m
[2.762s] [34mcolcon.colcon_ros.task.ament_cmake.build[0m [1;30mINFO[0m Building ROS package in '/ros2_ws/src/collision_avoidance' with build type 'ament_cmake'
[2.763s] [34mcolcon.colcon_cmake.task.cmake.build[0m [1;30mINFO[0m Building CMake package in '/ros2_ws/src/collision_avoidance'
[2.765s] [34mcolcon.colcon_core.shell[0m [1;30mINFO[0m Skip shell extension 'powershell' for command environment: Not usable outside of PowerShell
[2.765s] [34mcolcon.colcon_core.shell[0m [1;30mDEBUG[0m [32mSkip shell extension 'dsv' for command environment[0m
[2.806s] [34mcolcon.colcon_ros.task.ament_cmake.build[0m [1;30mINFO[0m Building ROS package in '/ros2_ws/src/oradar_lidar' with build type 'ament_cmake'
[2.807s] [34mcolcon.colcon_cmake.task.cmake.build[0m [1;30mINFO[0m Building CMake package in '/ros2_ws/src/oradar_lidar'
[2.815s] [34mcolcon.colcon_core.shell[0m [1;30mINFO[0m Skip shell extension 'powershell' for command environment: Not usable outside of PowerShell
[2.816s] [34mcolcon.colcon_core.shell[0m [1;30mDEBUG[0m [32mSkip shell extension 'dsv' for command environment[0m
[2.867s] [34mcolcon.colcon_core.event_handler.log_command[0m [1;30mDEBUG[0m [32mInvoking command in '/ros2_ws/build/interfaces': CMAKE_PREFIX_PATH=${CMAKE_PREFIX_PATH}:/opt/ros/humble /usr/bin/cmake --build /ros2_ws/build/interfaces -- -j4 -l4[0m
[2.886s] [34mcolcon.colcon_core.event_handler.log_command[0m [1;30mDEBUG[0m [32mInvoking command in '/ros2_ws/build/collision_avoidance': CMAKE_PREFIX_PATH=${CMAKE_PREFIX_PATH}:/opt/ros/humble /usr/bin/cmake --build /ros2_ws/build/collision_avoidance -- -j4 -l4[0m
[2.928s] [34mcolcon.colcon_core.event_handler.log_command[0m [1;30mDEBUG[0m [32mInvoking command in '/ros2_ws/build/oradar_lidar': CMAKE_PREFIX_PATH=${CMAKE_PREFIX_PATH}:/opt/ros/humble /usr/bin/cmake --build /ros2_ws/build/oradar_lidar -- -j4 -l4[0m
[3.963s] [34mcolcon.colcon_core.event_handler.log_command[0m [1;30mDEBUG[0m [32mInvoked command in '/ros2_ws/build/oradar_lidar' returned '0': CMAKE_PREFIX_PATH=${CMAKE_PREFIX_PATH}:/opt/ros/humble /usr/bin/cmake --build /ros2_ws/build/oradar_lidar -- -j4 -l4[0m
[4.158s] [34mcolcon.colcon_core.event_handler.log_command[0m [1;30mDEBUG[0m [32mInvoking command in '/ros2_ws/build/oradar_lidar': CMAKE_PREFIX_PATH=${CMAKE_PREFIX_PATH}:/opt/ros/humble /usr/bin/cmake --install /ros2_ws/build/oradar_lidar[0m
[4.464s] [34mcolcon.colcon_core.environment[0m [1;30mLevel 1[0m create_environment_scripts_only(oradar_lidar)
[4.467s] [34mcolcon.colcon_core.event_handler.log_command[0m [1;30mDEBUG[0m [32mInvoked command in '/ros2_ws/build/oradar_lidar' returned '0': CMAKE_PREFIX_PATH=${CMAKE_PREFIX_PATH}:/opt/ros/humble /usr/bin/cmake --install /ros2_ws/build/oradar_lidar[0m
[4.494s] [34mcolcon.colcon_core.environment[0m [1;30mLevel 1[0m checking '/ros2_ws/install/oradar_lidar' for CMake module files
[4.503s] [34mcolcon.colcon_core.environment[0m [1;30mLevel 1[0m checking '/ros2_ws/install/oradar_lidar' for CMake config files
[4.510s] [34mcolcon.colcon_core.shell[0m [1;30mLevel 1[0m create_environment_hook('oradar_lidar', 'cmake_prefix_path')
[4.514s] [34mcolcon.colcon_core.shell[0m [1;30mINFO[0m Creating environment hook '/ros2_ws/install/oradar_lidar/share/oradar_lidar/hook/cmake_prefix_path.ps1'
[4.520s] [34mcolcon.colcon_core.shell[0m [1;30mINFO[0m Creating environment descriptor '/ros2_ws/install/oradar_lidar/share/oradar_lidar/hook/cmake_prefix_path.dsv'
[4.523s] [34mcolcon.colcon_core.shell[0m [1;30mINFO[0m Creating environment hook '/ros2_ws/install/oradar_lidar/share/oradar_lidar/hook/cmake_prefix_path.sh'
[4.533s] [34mcolcon.colcon_core.environment[0m [1;30mLevel 1[0m checking '/ros2_ws/install/oradar_lidar/lib'
[4.535s] [34mcolcon.colcon_core.environment[0m [1;30mLevel 1[0m checking '/ros2_ws/install/oradar_lidar/bin'
[4.535s] [34mcolcon.colcon_core.shell[0m [1;30mLevel 1[0m create_environment_hook('oradar_lidar', 'path')
[4.538s] [34mcolcon.colcon_core.shell[0m [1;30mINFO[0m Creating environment hook '/ros2_ws/install/oradar_lidar/share/oradar_lidar/hook/path.ps1'
[4.542s] [34mcolcon.colcon_core.shell[0m [1;30mINFO[0m Creating environment descriptor '/ros2_ws/install/oradar_lidar/share/oradar_lidar/hook/path.dsv'
[4.545s] [34mcolcon.colcon_core.shell[0m [1;30mINFO[0m Creating environment hook '/ros2_ws/install/oradar_lidar/share/oradar_lidar/hook/path.sh'
[4.550s] [34mcolcon.colcon_core.environment[0m [1;30mLevel 1[0m checking '/ros2_ws/install/oradar_lidar/lib/pkgconfig/oradar_lidar.pc'
[4.552s] [34mcolcon.colcon_core.environment[0m [1;30mLevel 1[0m checking '/ros2_ws/install/oradar_lidar/lib/python3.10/site-packages'
[4.554s] [34mcolcon.colcon_core.environment[0m [1;30mLevel 1[0m checking '/ros2_ws/install/oradar_lidar/bin'
[4.555s] [34mcolcon.colcon_core.shell[0m [1;30mLevel 1[0m create_environment_hook('oradar_lidar', 'pythonscriptspath')
[4.557s] [34mcolcon.colcon_core.shell[0m [1;30mINFO[0m Creating environment hook '/ros2_ws/install/oradar_lidar/share/oradar_lidar/hook/pythonscriptspath.ps1'
[4.559s] [34mcolcon.colcon_core.shell[0m [1;30mINFO[0m Creating environment descriptor '/ros2_ws/install/oradar_lidar/share/oradar_lidar/hook/pythonscriptspath.dsv'
[4.562s] [34mcolcon.colcon_core.shell[0m [1;30mINFO[0m Creating environment hook '/ros2_ws/install/oradar_lidar/share/oradar_lidar/hook/pythonscriptspath.sh'
[4.567s] [34mcolcon.colcon_core.shell[0m [1;30mINFO[0m Creating package script '/ros2_ws/install/oradar_lidar/share/oradar_lidar/package.ps1'
[4.576s] [34mcolcon.colcon_core.shell[0m [1;30mINFO[0m Creating package descriptor '/ros2_ws/install/oradar_lidar/share/oradar_lidar/package.dsv'
[4.580s] [34mcolcon.colcon_core.shell[0m [1;30mINFO[0m Creating package script '/ros2_ws/install/oradar_lidar/share/oradar_lidar/package.sh'
[4.586s] [34mcolcon.colcon_core.shell[0m [1;30mINFO[0m Creating package script '/ros2_ws/install/oradar_lidar/share/oradar_lidar/package.bash'
[4.591s] [34mcolcon.colcon_core.shell[0m [1;30mINFO[0m Creating package script '/ros2_ws/install/oradar_lidar/share/oradar_lidar/package.zsh'
[4.596s] [34mcolcon.colcon_core.environment[0m [1;30mLevel 1[0m create_file_with_runtime_dependencies(/ros2_ws/install/oradar_lidar/share/colcon-core/packages/oradar_lidar)
[4.600s] [34mcolcon.colcon_core.environment[0m [1;30mLevel 1[0m create_environment_scripts_only(oradar_lidar)
[4.602s] [34mcolcon.colcon_core.environment[0m [1;30mLevel 1[0m checking '/ros2_ws/install/oradar_lidar' for CMake module files
[4.606s] [34mcolcon.colcon_core.environment[0m [1;30mLevel 1[0m checking '/ros2_ws/install/oradar_lidar' for CMake config files
[4.612s] [34mcolcon.colcon_core.shell[0m [1;30mLevel 1[0m create_environment_hook('oradar_lidar', 'cmake_prefix_path')
[4.614s] [34mcolcon.colcon_core.shell[0m [1;30mINFO[0m Creating environment hook '/ros2_ws/install/oradar_lidar/share/oradar_lidar/hook/cmake_prefix_path.ps1'
[4.619s] [34mcolcon.colcon_core.shell[0m [1;30mINFO[0m Creating environment descriptor '/ros2_ws/install/oradar_lidar/share/oradar_lidar/hook/cmake_prefix_path.dsv'
[4.621s] [34mcolcon.colcon_core.shell[0m [1;30mINFO[0m Creating environment hook '/ros2_ws/install/oradar_lidar/share/oradar_lidar/hook/cmake_prefix_path.sh'
[4.631s] [34mcolcon.colcon_core.environment[0m [1;30mLevel 1[0m checking '/ros2_ws/install/oradar_lidar/lib'
[4.634s] [34mcolcon.colcon_core.environment[0m [1;30mLevel 1[0m checking '/ros2_ws/install/oradar_lidar/bin'
[4.635s] [34mcolcon.colcon_core.shell[0m [1;30mLevel 1[0m create_environment_hook('oradar_lidar', 'path')
[4.640s] [34mcolcon.colcon_core.shell[0m [1;30mINFO[0m Creating environment hook '/ros2_ws/install/oradar_lidar/share/oradar_lidar/hook/path.ps1'
[4.649s] [34mcolcon.colcon_core.shell[0m [1;30mINFO[0m Creating environment descriptor '/ros2_ws/install/oradar_lidar/share/oradar_lidar/hook/path.dsv'
[4.655s] [34mcolcon.colcon_core.shell[0m [1;30mINFO[0m Creating environment hook '/ros2_ws/install/oradar_lidar/share/oradar_lidar/hook/path.sh'
[4.662s] [34mcolcon.colcon_core.environment[0m [1;30mLevel 1[0m checking '/ros2_ws/install/oradar_lidar/lib/pkgconfig/oradar_lidar.pc'
[4.668s] [34mcolcon.colcon_core.environment[0m [1;30mLevel 1[0m checking '/ros2_ws/install/oradar_lidar/lib/python3.10/site-packages'
[4.674s] [34mcolcon.colcon_core.environment[0m [1;30mLevel 1[0m checking '/ros2_ws/install/oradar_lidar/bin'
[4.677s] [34mcolcon.colcon_core.shell[0m [1;30mLevel 1[0m create_environment_hook('oradar_lidar', 'pythonscriptspath')
[4.680s] [34mcolcon.colcon_core.shell[0m [1;30mINFO[0m Creating environment hook '/ros2_ws/install/oradar_lidar/share/oradar_lidar/hook/pythonscriptspath.ps1'
[4.685s] [34mcolcon.colcon_core.shell[0m [1;30mINFO[0m Creating environment descriptor '/ros2_ws/install/oradar_lidar/share/oradar_lidar/hook/pythonscriptspath.dsv'
[4.690s] [34mcolcon.colcon_core.shell[0m [1;30mINFO[0m Creating environment hook '/ros2_ws/install/oradar_lidar/share/oradar_lidar/hook/pythonscriptspath.sh'
[4.696s] [34mcolcon.colcon_core.shell[0m [1;30mINFO[0m Creating package script '/ros2_ws/install/oradar_lidar/share/oradar_lidar/package.ps1'
[4.702s] [34mcolcon.colcon_core.shell[0m [1;30mINFO[0m Creating package descriptor '/ros2_ws/install/oradar_lidar/share/oradar_lidar/package.dsv'
[4.708s] [34mcolcon.colcon_core.shell[0m [1;30mINFO[0m Creating package script '/ros2_ws/install/oradar_lidar/share/oradar_lidar/package.sh'
[4.713s] [34mcolcon.colcon_core.shell[0m [1;30mINFO[0m Creating package script '/ros2_ws/install/oradar_lidar/share/oradar_lidar/package.bash'
[4.719s] [34mcolcon.colcon_core.shell[0m [1;30mINFO[0m Creating package script '/ros2_ws/install/oradar_lidar/share/oradar_lidar/package.zsh'
[4.723s] [34mcolcon.colcon_core.environment[0m [1;30mLevel 1[0m create_file_with_runtime_dependencies(/ros2_ws/install/oradar_lidar/share/colcon-core/packages/oradar_lidar)
[7.142s] [34mcolcon.colcon_core.event_handler.log_command[0m [1;30mDEBUG[0m [32mInvoked command in '/ros2_ws/build/interfaces' returned '0': CMAKE_PREFIX_PATH=${CMAKE_PREFIX_PATH}:/opt/ros/humble /usr/bin/cmake --build /ros2_ws/build/interfaces -- -j4 -l4[0m
[7.165s] [34mcolcon.colcon_core.event_handler.log_command[0m [1;30mDEBUG[0m [32mInvoking command in '/ros2_ws/build/interfaces': CMAKE_PREFIX_PATH=${CMAKE_PREFIX_PATH}:/opt/ros/humble /usr/bin/cmake --install /ros2_ws/build/interfaces[0m
[7.875s] [34mcolcon.colcon_core.environment[0m [1;30mLevel 1[0m create_environment_scripts_only(interfaces)
[7.877s] [34mcolcon.colcon_core.environment[0m [1;30mLevel 1[0m checking '/ros2_ws/install/interfaces' for CMake module files
[7.880s] [34mcolcon.colcon_core.event_handler.log_command[0m [1;30mDEBUG[0m [32mInvoked command in '/ros2_ws/build/interfaces' returned '0': CMAKE_PREFIX_PATH=${CMAKE_PREFIX_PATH}:/opt/ros/humble /usr/bin/cmake --install /ros2_ws/build/interfaces[0m
[7.883s] [34mcolcon.colcon_core.environment[0m [1;30mLevel 1[0m checking '/ros2_ws/install/interfaces' for CMake config files
[7.889s] [34mcolcon.colcon_core.shell[0m [1;30mLevel 1[0m create_environment_hook('interfaces', 'cmake_prefix_path')
[7.891s] [34mcolcon.colcon_core.shell[0m [1;30mINFO[0m Creating environment hook '/ros2_ws/install/interfaces/share/interfaces/hook/cmake_prefix_path.ps1'
[7.893s] [34mcolcon.colcon_core.shell[0m [1;30mINFO[0m Creating environment descriptor '/ros2_ws/install/interfaces/share/interfaces/hook/cmake_prefix_path.dsv'
[7.896s] [34mcolcon.colcon_core.shell[0m [1;30mINFO[0m Creating environment hook '/ros2_ws/install/interfaces/share/interfaces/hook/cmake_prefix_path.sh'
[7.900s] [34mcolcon.colcon_core.environment[0m [1;30mLevel 1[0m checking '/ros2_ws/install/interfaces/lib'
[7.900s] [34mcolcon.colcon_core.shell[0m [1;30mLevel 1[0m create_environment_hook('interfaces', 'ld_library_path_lib')
[7.901s] [34mcolcon.colcon_core.shell[0m [1;30mINFO[0m Creating environment hook '/ros2_ws/install/interfaces/share/interfaces/hook/ld_library_path_lib.ps1'
[7.904s] [34mcolcon.colcon_core.shell[0m [1;30mINFO[0m Creating environment descriptor '/ros2_ws/install/interfaces/share/interfaces/hook/ld_library_path_lib.dsv'
[7.908s] [34mcolcon.colcon_core.shell[0m [1;30mINFO[0m Creating environment hook '/ros2_ws/install/interfaces/share/interfaces/hook/ld_library_path_lib.sh'
[7.914s] [34mcolcon.colcon_core.environment[0m [1;30mLevel 1[0m checking '/ros2_ws/install/interfaces/bin'
[7.915s] [34mcolcon.colcon_core.environment[0m [1;30mLevel 1[0m checking '/ros2_ws/install/interfaces/lib/pkgconfig/interfaces.pc'
[7.917s] [34mcolcon.colcon_core.environment[0m [1;30mLevel 1[0m checking '/ros2_ws/install/interfaces/lib/python3.10/site-packages'
[7.921s] [34mcolcon.colcon_core.environment[0m [1;30mLevel 1[0m checking '/ros2_ws/install/interfaces/bin'
[7.923s] [34mcolcon.colcon_core.shell[0m [1;30mINFO[0m Creating package script '/ros2_ws/install/interfaces/share/interfaces/package.ps1'
[7.928s] [34mcolcon.colcon_core.shell[0m [1;30mINFO[0m Creating package descriptor '/ros2_ws/install/interfaces/share/interfaces/package.dsv'
[7.933s] [34mcolcon.colcon_core.shell[0m [1;30mINFO[0m Creating package script '/ros2_ws/install/interfaces/share/interfaces/package.sh'
[7.936s] [34mcolcon.colcon_core.shell[0m [1;30mINFO[0m Creating package script '/ros2_ws/install/interfaces/share/interfaces/package.bash'
[7.939s] [34mcolcon.colcon_core.shell[0m [1;30mINFO[0m Creating package script '/ros2_ws/install/interfaces/share/interfaces/package.zsh'
[7.943s] [34mcolcon.colcon_core.environment[0m [1;30mLevel 1[0m create_file_with_runtime_dependencies(/ros2_ws/install/interfaces/share/colcon-core/packages/interfaces)
[7.952s] [34mcolcon.colcon_core.environment[0m [1;30mLevel 1[0m create_environment_scripts_only(interfaces)
[7.954s] [34mcolcon.colcon_core.environment[0m [1;30mLevel 1[0m checking '/ros2_ws/install/interfaces' for CMake module files
[7.960s] [34mcolcon.colcon_core.environment[0m [1;30mLevel 1[0m checking '/ros2_ws/install/interfaces' for CMake config files
[7.970s] [34mcolcon.colcon_core.shell[0m [1;30mLevel 1[0m create_environment_hook('interfaces', 'cmake_prefix_path')
[7.972s] [34mcolcon.colcon_core.shell[0m [1;30mINFO[0m Creating environment hook '/ros2_ws/install/interfaces/share/interfaces/hook/cmake_prefix_path.ps1'
[7.975s] [34mcolcon.colcon_core.shell[0m [1;30mINFO[0m Creating environment descriptor '/ros2_ws/install/interfaces/share/interfaces/hook/cmake_prefix_path.dsv'
[7.977s] [34mcolcon.colcon_core.shell[0m [1;30mINFO[0m Creating environment hook '/ros2_ws/install/interfaces/share/interfaces/hook/cmake_prefix_path.sh'
[7.982s] [34mcolcon.colcon_core.environment[0m [1;30mLevel 1[0m checking '/ros2_ws/install/interfaces/lib'
[7.983s] [34mcolcon.colcon_core.shell[0m [1;30mLevel 1[0m create_environment_hook('interfaces', 'ld_library_path_lib')
[7.987s] [34mcolcon.colcon_core.shell[0m [1;30mINFO[0m Creating environment hook '/ros2_ws/install/interfaces/share/interfaces/hook/ld_library_path_lib.ps1'
[7.994s] [34mcolcon.colcon_core.shell[0m [1;30mINFO[0m Creating environment descriptor '/ros2_ws/install/interfaces/share/interfaces/hook/ld_library_path_lib.dsv'
[7.998s] [34mcolcon.colcon_core.shell[0m [1;30mINFO[0m Creating environment hook '/ros2_ws/install/interfaces/share/interfaces/hook/ld_library_path_lib.sh'
[8.002s] [34mcolcon.colcon_core.environment[0m [1;30mLevel 1[0m checking '/ros2_ws/install/interfaces/bin'
[8.003s] [34mcolcon.colcon_core.environment[0m [1;30mLevel 1[0m checking '/ros2_ws/install/interfaces/lib/pkgconfig/interfaces.pc'
[8.005s] [34mcolcon.colcon_core.environment[0m [1;30mLevel 1[0m checking '/ros2_ws/install/interfaces/lib/python3.10/site-packages'
[8.010s] [34mcolcon.colcon_core.environment[0m [1;30mLevel 1[0m checking '/ros2_ws/install/interfaces/bin'
[8.013s] [34mcolcon.colcon_core.shell[0m [1;30mINFO[0m Creating package script '/ros2_ws/install/interfaces/share/interfaces/package.ps1'
[8.019s] [34mcolcon.colcon_core.shell[0m [1;30mINFO[0m Creating package descriptor '/ros2_ws/install/interfaces/share/interfaces/package.dsv'
[8.024s] [34mcolcon.colcon_core.shell[0m [1;30mINFO[0m Creating package script '/ros2_ws/install/interfaces/share/interfaces/package.sh'
[8.030s] [34mcolcon.colcon_core.shell[0m [1;30mINFO[0m Creating package script '/ros2_ws/install/interfaces/share/interfaces/package.bash'
[8.035s] [34mcolcon.colcon_core.shell[0m [1;30mINFO[0m Creating package script '/ros2_ws/install/interfaces/share/interfaces/package.zsh'
[8.039s] [34mcolcon.colcon_core.environment[0m [1;30mLevel 1[0m create_file_with_runtime_dependencies(/ros2_ws/install/interfaces/share/colcon-core/packages/interfaces)
[8.046s] [34mcolcon.colcon_ros.task.ament_cmake.build[0m [1;30mINFO[0m Building ROS package in '/ros2_ws/src/ros2_control/brain_hardware' with build type 'ament_cmake'
[8.049s] [34mcolcon.colcon_cmake.task.cmake.build[0m [1;30mINFO[0m Building CMake package in '/ros2_ws/src/ros2_control/brain_hardware'
[8.051s] [34mcolcon.colcon_core.shell[0m [1;30mINFO[0m Skip shell extension 'powershell' for command environment: Not usable outside of PowerShell
[8.052s] [34mcolcon.colcon_core.shell[0m [1;30mDEBUG[0m [32mSkip shell extension 'dsv' for command environment[0m
[8.087s] [34mcolcon.colcon_ros.task.ament_cmake.build[0m [1;30mINFO[0m Building ROS package in '/ros2_ws/src/ros2_control/brain_controller' with build type 'ament_cmake'
[8.089s] [34mcolcon.colcon_cmake.task.cmake.build[0m [1;30mINFO[0m Building CMake package in '/ros2_ws/src/ros2_control/brain_controller'
[8.093s] [34mcolcon.colcon_core.shell[0m [1;30mINFO[0m Skip shell extension 'powershell' for command environment: Not usable outside of PowerShell
[8.093s] [34mcolcon.colcon_core.shell[0m [1;30mDEBUG[0m [32mSkip shell extension 'dsv' for command environment[0m
[8.232s] [34mcolcon.colcon_core.event_handler.log_command[0m [1;30mDEBUG[0m [32mInvoking command in '/ros2_ws/build/brain_controller': CMAKE_PREFIX_PATH=/ros2_ws/install/interfaces:/ros2_ws/install/oradar_lidar:/ros2_ws/install/bringup:/ros2_ws/install/description:/ros2_ws/install/brain_hardware:/ros2_ws/install/brain_controller:/ros2_ws/install/collision_avoidance:/opt/ros/humble LD_LIBRARY_PATH=/ros2_ws/install/interfaces/lib:/ros2_ws/install/brain_hardware/lib:/ros2_ws/install/brain_controller/lib:/ros2_ws/install/collision_avoidance/lib:/opt/ros/humble/opt/rviz_ogre_vendor/lib:/opt/ros/humble/lib/aarch64-linux-gnu:/opt/ros/humble/lib /usr/bin/cmake --build /ros2_ws/build/brain_controller -- -j4 -l4[0m
[8.273s] [34mcolcon.colcon_core.event_handler.log_command[0m [1;30mDEBUG[0m [32mInvoking command in '/ros2_ws/build/brain_hardware': CMAKE_PREFIX_PATH=/ros2_ws/install/interfaces:/ros2_ws/install/oradar_lidar:/ros2_ws/install/bringup:/ros2_ws/install/description:/ros2_ws/install/brain_hardware:/ros2_ws/install/brain_controller:/ros2_ws/install/collision_avoidance:/opt/ros/humble LD_LIBRARY_PATH=/ros2_ws/install/interfaces/lib:/ros2_ws/install/brain_hardware/lib:/ros2_ws/install/brain_controller/lib:/ros2_ws/install/collision_avoidance/lib:/opt/ros/humble/opt/rviz_ogre_vendor/lib:/opt/ros/humble/lib/aarch64-linux-gnu:/opt/ros/humble/lib /usr/bin/cmake --build /ros2_ws/build/brain_hardware -- -j4 -l4[0m
[9.022s] [34mcolcon.colcon_core.event_handler.log_command[0m [1;30mDEBUG[0m [32mInvoked command in '/ros2_ws/build/brain_controller' returned '0': CMAKE_PREFIX_PATH=/ros2_ws/install/interfaces:/ros2_ws/install/oradar_lidar:/ros2_ws/install/bringup:/ros2_ws/install/description:/ros2_ws/install/brain_hardware:/ros2_ws/install/brain_controller:/ros2_ws/install/collision_avoidance:/opt/ros/humble LD_LIBRARY_PATH=/ros2_ws/install/interfaces/lib:/ros2_ws/install/brain_hardware/lib:/ros2_ws/install/brain_controller/lib:/ros2_ws/install/collision_avoidance/lib:/opt/ros/humble/opt/rviz_ogre_vendor/lib:/opt/ros/humble/lib/aarch64-linux-gnu:/opt/ros/humble/lib /usr/bin/cmake --build /ros2_ws/build/brain_controller -- -j4 -l4[0m
[9.063s] [34mcolcon.colcon_core.event_handler.log_command[0m [1;30mDEBUG[0m [32mInvoking command in '/ros2_ws/build/brain_controller': CMAKE_PREFIX_PATH=/ros2_ws/install/interfaces:/ros2_ws/install/oradar_lidar:/ros2_ws/install/bringup:/ros2_ws/install/description:/ros2_ws/install/brain_hardware:/ros2_ws/install/brain_controller:/ros2_ws/install/collision_avoidance:/opt/ros/humble LD_LIBRARY_PATH=/ros2_ws/install/interfaces/lib:/ros2_ws/install/brain_hardware/lib:/ros2_ws/install/brain_controller/lib:/ros2_ws/install/collision_avoidance/lib:/opt/ros/humble/opt/rviz_ogre_vendor/lib:/opt/ros/humble/lib/aarch64-linux-gnu:/opt/ros/humble/lib /usr/bin/cmake --install /ros2_ws/build/brain_controller[0m
[9.243s] [34mcolcon.colcon_core.event_handler.log_command[0m [1;30mDEBUG[0m [32mInvoked command in '/ros2_ws/build/brain_hardware' returned '0': CMAKE_PREFIX_PATH=/ros2_ws/install/interfaces:/ros2_ws/install/oradar_lidar:/ros2_ws/install/bringup:/ros2_ws/install/description:/ros2_ws/install/brain_hardware:/ros2_ws/install/brain_controller:/ros2_ws/install/collision_avoidance:/opt/ros/humble LD_LIBRARY_PATH=/ros2_ws/install/interfaces/lib:/ros2_ws/install/brain_hardware/lib:/ros2_ws/install/brain_controller/lib:/ros2_ws/install/collision_avoidance/lib:/opt/ros/humble/opt/rviz_ogre_vendor/lib:/opt/ros/humble/lib/aarch64-linux-gnu:/opt/ros/humble/lib /usr/bin/cmake --build /ros2_ws/build/brain_hardware -- -j4 -l4[0m
[9.261s] [34mcolcon.colcon_core.event_handler.log_command[0m [1;30mDEBUG[0m [32mInvoking command in '/ros2_ws/build/brain_hardware': CMAKE_PREFIX_PATH=/ros2_ws/install/interfaces:/ros2_ws/install/oradar_lidar:/ros2_ws/install/bringup:/ros2_ws/install/description:/ros2_ws/install/brain_hardware:/ros2_ws/install/brain_controller:/ros2_ws/install/collision_avoidance:/opt/ros/humble LD_LIBRARY_PATH=/ros2_ws/install/interfaces/lib:/ros2_ws/install/brain_hardware/lib:/ros2_ws/install/brain_controller/lib:/ros2_ws/install/collision_avoidance/lib:/opt/ros/humble/opt/rviz_ogre_vendor/lib:/opt/ros/humble/lib/aarch64-linux-gnu:/opt/ros/humble/lib /usr/bin/cmake --install /ros2_ws/build/brain_hardware[0m
[9.342s] [34mcolcon.colcon_core.environment[0m [1;30mLevel 1[0m create_environment_scripts_only(brain_controller)
[9.344s] [34mcolcon.colcon_core.environment[0m [1;30mLevel 1[0m checking '/ros2_ws/install/brain_controller' for CMake module files
[9.348s] [34mcolcon.colcon_core.environment[0m [1;30mLevel 1[0m checking '/ros2_ws/install/brain_controller' for CMake config files
[9.351s] [34mcolcon.colcon_core.event_handler.log_command[0m [1;30mDEBUG[0m [32mInvoked command in '/ros2_ws/build/brain_controller' returned '0': CMAKE_PREFIX_PATH=/ros2_ws/install/interfaces:/ros2_ws/install/oradar_lidar:/ros2_ws/install/bringup:/ros2_ws/install/description:/ros2_ws/install/brain_hardware:/ros2_ws/install/brain_controller:/ros2_ws/install/collision_avoidance:/opt/ros/humble LD_LIBRARY_PATH=/ros2_ws/install/interfaces/lib:/ros2_ws/install/brain_hardware/lib:/ros2_ws/install/brain_controller/lib:/ros2_ws/install/collision_avoidance/lib:/opt/ros/humble/opt/rviz_ogre_vendor/lib:/opt/ros/humble/lib/aarch64-linux-gnu:/opt/ros/humble/lib /usr/bin/cmake --install /ros2_ws/build/brain_controller[0m
[9.352s] [34mcolcon.colcon_core.shell[0m [1;30mLevel 1[0m create_environment_hook('brain_controller', 'cmake_prefix_path')
[9.353s] [34mcolcon.colcon_core.shell[0m [1;30mINFO[0m Creating environment hook '/ros2_ws/install/brain_controller/share/brain_controller/hook/cmake_prefix_path.ps1'
[9.366s] [34mcolcon.colcon_core.shell[0m [1;30mINFO[0m Creating environment descriptor '/ros2_ws/install/brain_controller/share/brain_controller/hook/cmake_prefix_path.dsv'
[9.377s] [34mcolcon.colcon_core.shell[0m [1;30mINFO[0m Creating environment hook '/ros2_ws/install/brain_controller/share/brain_controller/hook/cmake_prefix_path.sh'
[9.394s] [34mcolcon.colcon_core.environment[0m [1;30mLevel 1[0m checking '/ros2_ws/install/brain_controller/lib'
[9.395s] [34mcolcon.colcon_core.shell[0m [1;30mLevel 1[0m create_environment_hook('brain_controller', 'ld_library_path_lib')
[9.399s] [34mcolcon.colcon_core.shell[0m [1;30mINFO[0m Creating environment hook '/ros2_ws/install/brain_controller/share/brain_controller/hook/ld_library_path_lib.ps1'
[9.415s] [34mcolcon.colcon_core.shell[0m [1;30mINFO[0m Creating environment descriptor '/ros2_ws/install/brain_controller/share/brain_controller/hook/ld_library_path_lib.dsv'
[9.417s] [34mcolcon.colcon_core.shell[0m [1;30mINFO[0m Creating environment hook '/ros2_ws/install/brain_controller/share/brain_controller/hook/ld_library_path_lib.sh'
[9.419s] [34mcolcon.colcon_core.environment[0m [1;30mLevel 1[0m checking '/ros2_ws/install/brain_controller/bin'
[9.419s] [34mcolcon.colcon_core.environment[0m [1;30mLevel 1[0m checking '/ros2_ws/install/brain_controller/lib/pkgconfig/brain_controller.pc'
[9.421s] [34mcolcon.colcon_core.environment[0m [1;30mLevel 1[0m checking '/ros2_ws/install/brain_controller/lib/python3.10/site-packages'
[9.426s] [34mcolcon.colcon_core.environment[0m [1;30mLevel 1[0m checking '/ros2_ws/install/brain_controller/bin'
[9.428s] [34mcolcon.colcon_core.shell[0m [1;30mINFO[0m Creating package script '/ros2_ws/install/brain_controller/share/brain_controller/package.ps1'
[9.447s] [34mcolcon.colcon_core.shell[0m [1;30mINFO[0m Creating package descriptor '/ros2_ws/install/brain_controller/share/brain_controller/package.dsv'
[9.463s] [34mcolcon.colcon_core.shell[0m [1;30mINFO[0m Creating package script '/ros2_ws/install/brain_controller/share/brain_controller/package.sh'
[9.465s] [34mcolcon.colcon_core.shell[0m [1;30mINFO[0m Creating package script '/ros2_ws/install/brain_controller/share/brain_controller/package.bash'
[9.467s] [34mcolcon.colcon_core.shell[0m [1;30mINFO[0m Creating package script '/ros2_ws/install/brain_controller/share/brain_controller/package.zsh'
[9.469s] [34mcolcon.colcon_core.environment[0m [1;30mLevel 1[0m create_file_with_runtime_dependencies(/ros2_ws/install/brain_controller/share/colcon-core/packages/brain_controller)
[9.481s] [34mcolcon.colcon_core.environment[0m [1;30mLevel 1[0m create_environment_scripts_only(brain_controller)
[9.482s] [34mcolcon.colcon_core.environment[0m [1;30mLevel 1[0m checking '/ros2_ws/install/brain_controller' for CMake module files
[9.485s] [34mcolcon.colcon_core.environment[0m [1;30mLevel 1[0m checking '/ros2_ws/install/brain_controller' for CMake config files
[9.493s] [34mcolcon.colcon_core.shell[0m [1;30mLevel 1[0m create_environment_hook('brain_controller', 'cmake_prefix_path')
[9.502s] [34mcolcon.colcon_core.shell[0m [1;30mINFO[0m Creating environment hook '/ros2_ws/install/brain_controller/share/brain_controller/hook/cmake_prefix_path.ps1'
[9.504s] [34mcolcon.colcon_core.shell[0m [1;30mINFO[0m Creating environment descriptor '/ros2_ws/install/brain_controller/share/brain_controller/hook/cmake_prefix_path.dsv'
[9.506s] [34mcolcon.colcon_core.shell[0m [1;30mINFO[0m Creating environment hook '/ros2_ws/install/brain_controller/share/brain_controller/hook/cmake_prefix_path.sh'
[9.514s] [34mcolcon.colcon_core.environment[0m [1;30mLevel 1[0m checking '/ros2_ws/install/brain_controller/lib'
[9.515s] [34mcolcon.colcon_core.shell[0m [1;30mLevel 1[0m create_environment_hook('brain_controller', 'ld_library_path_lib')
[9.517s] [34mcolcon.colcon_core.shell[0m [1;30mINFO[0m Creating environment hook '/ros2_ws/install/brain_controller/share/brain_controller/hook/ld_library_path_lib.ps1'
[9.522s] [34mcolcon.colcon_core.shell[0m [1;30mINFO[0m Creating environment descriptor '/ros2_ws/install/brain_controller/share/brain_controller/hook/ld_library_path_lib.dsv'
[9.525s] [34mcolcon.colcon_core.shell[0m [1;30mINFO[0m Creating environment hook '/ros2_ws/install/brain_controller/share/brain_controller/hook/ld_library_path_lib.sh'
[9.531s] [34mcolcon.colcon_core.environment[0m [1;30mLevel 1[0m checking '/ros2_ws/install/brain_controller/bin'
[9.533s] [34mcolcon.colcon_core.environment[0m [1;30mLevel 1[0m checking '/ros2_ws/install/brain_controller/lib/pkgconfig/brain_controller.pc'
[9.534s] [34mcolcon.colcon_core.environment[0m [1;30mLevel 1[0m checking '/ros2_ws/install/brain_controller/lib/python3.10/site-packages'
[9.537s] [34mcolcon.colcon_core.environment[0m [1;30mLevel 1[0m checking '/ros2_ws/install/brain_controller/bin'
[9.540s] [34mcolcon.colcon_core.shell[0m [1;30mINFO[0m Creating package script '/ros2_ws/install/brain_controller/share/brain_controller/package.ps1'
[9.558s] [34mcolcon.colcon_core.shell[0m [1;30mINFO[0m Creating package descriptor '/ros2_ws/install/brain_controller/share/brain_controller/package.dsv'
[9.562s] [34mcolcon.colcon_core.shell[0m [1;30mINFO[0m Creating package script '/ros2_ws/install/brain_controller/share/brain_controller/package.sh'
[9.570s] [34mcolcon.colcon_core.shell[0m [1;30mINFO[0m Creating package script '/ros2_ws/install/brain_controller/share/brain_controller/package.bash'
[9.575s] [34mcolcon.colcon_core.shell[0m [1;30mINFO[0m Creating package script '/ros2_ws/install/brain_controller/share/brain_controller/package.zsh'
[9.580s] [34mcolcon.colcon_core.environment[0m [1;30mLevel 1[0m create_file_with_runtime_dependencies(/ros2_ws/install/brain_controller/share/colcon-core/packages/brain_controller)
[9.601s] [34mcolcon.colcon_core.environment[0m [1;30mLevel 1[0m create_environment_scripts_only(brain_hardware)
[9.603s] [34mcolcon.colcon_core.event_handler.log_command[0m [1;30mDEBUG[0m [32mInvoked command in '/ros2_ws/build/brain_hardware' returned '0': CMAKE_PREFIX_PATH=/ros2_ws/install/interfaces:/ros2_ws/install/oradar_lidar:/ros2_ws/install/bringup:/ros2_ws/install/description:/ros2_ws/install/brain_hardware:/ros2_ws/install/brain_controller:/ros2_ws/install/collision_avoidance:/opt/ros/humble LD_LIBRARY_PATH=/ros2_ws/install/interfaces/lib:/ros2_ws/install/brain_hardware/lib:/ros2_ws/install/brain_controller/lib:/ros2_ws/install/collision_avoidance/lib:/opt/ros/humble/opt/rviz_ogre_vendor/lib:/opt/ros/humble/lib/aarch64-linux-gnu:/opt/ros/humble/lib /usr/bin/cmake --install /ros2_ws/build/brain_hardware[0m
[9.605s] [34mcolcon.colcon_core.environment[0m [1;30mLevel 1[0m checking '/ros2_ws/install/brain_hardware' for CMake module files
[9.610s] [34mcolcon.colcon_core.environment[0m [1;30mLevel 1[0m checking '/ros2_ws/install/brain_hardware' for CMake config files
[9.613s] [34mcolcon.colcon_core.shell[0m [1;30mLevel 1[0m create_environment_hook('brain_hardware', 'cmake_prefix_path')
[9.615s] [34mcolcon.colcon_core.shell[0m [1;30mINFO[0m Creating environment hook '/ros2_ws/install/brain_hardware/share/brain_hardware/hook/cmake_prefix_path.ps1'
[9.619s] [34mcolcon.colcon_core.shell[0m [1;30mINFO[0m Creating environment descriptor '/ros2_ws/install/brain_hardware/share/brain_hardware/hook/cmake_prefix_path.dsv'
[9.622s] [34mcolcon.colcon_core.shell[0m [1;30mINFO[0m Creating environment hook '/ros2_ws/install/brain_hardware/share/brain_hardware/hook/cmake_prefix_path.sh'
[9.627s] [34mcolcon.colcon_core.environment[0m [1;30mLevel 1[0m checking '/ros2_ws/install/brain_hardware/lib'
[9.628s] [34mcolcon.colcon_core.shell[0m [1;30mLevel 1[0m create_environment_hook('brain_hardware', 'ld_library_path_lib')
[9.630s] [34mcolcon.colcon_core.shell[0m [1;30mINFO[0m Creating environment hook '/ros2_ws/install/brain_hardware/share/brain_hardware/hook/ld_library_path_lib.ps1'
[9.633s] [34mcolcon.colcon_core.shell[0m [1;30mINFO[0m Creating environment descriptor '/ros2_ws/install/brain_hardware/share/brain_hardware/hook/ld_library_path_lib.dsv'
[9.637s] [34mcolcon.colcon_core.shell[0m [1;30mINFO[0m Creating environment hook '/ros2_ws/install/brain_hardware/share/brain_hardware/hook/ld_library_path_lib.sh'
[9.640s] [34mcolcon.colcon_core.environment[0m [1;30mLevel 1[0m checking '/ros2_ws/install/brain_hardware/bin'
[9.641s] [34mcolcon.colcon_core.environment[0m [1;30mLevel 1[0m checking '/ros2_ws/install/brain_hardware/lib/pkgconfig/brain_hardware.pc'
[9.642s] [34mcolcon.colcon_core.environment[0m [1;30mLevel 1[0m checking '/ros2_ws/install/brain_hardware/lib/python3.10/site-packages'
[9.645s] [34mcolcon.colcon_core.environment[0m [1;30mLevel 1[0m checking '/ros2_ws/install/brain_hardware/bin'
[9.648s] [34mcolcon.colcon_core.shell[0m [1;30mINFO[0m Creating package script '/ros2_ws/install/brain_hardware/share/brain_hardware/package.ps1'
[9.658s] [34mcolcon.colcon_core.shell[0m [1;30mINFO[0m Creating package descriptor '/ros2_ws/install/brain_hardware/share/brain_hardware/package.dsv'
[9.678s] [34mcolcon.colcon_core.shell[0m [1;30mINFO[0m Creating package script '/ros2_ws/install/brain_hardware/share/brain_hardware/package.sh'
[9.682s] [34mcolcon.colcon_core.shell[0m [1;30mINFO[0m Creating package script '/ros2_ws/install/brain_hardware/share/brain_hardware/package.bash'
[9.685s] [34mcolcon.colcon_core.shell[0m [1;30mINFO[0m Creating package script '/ros2_ws/install/brain_hardware/share/brain_hardware/package.zsh'
[9.691s] [34mcolcon.colcon_core.environment[0m [1;30mLevel 1[0m create_file_with_runtime_dependencies(/ros2_ws/install/brain_hardware/share/colcon-core/packages/brain_hardware)
[9.707s] [34mcolcon.colcon_core.environment[0m [1;30mLevel 1[0m create_environment_scripts_only(brain_hardware)
[9.709s] [34mcolcon.colcon_core.environment[0m [1;30mLevel 1[0m checking '/ros2_ws/install/brain_hardware' for CMake module files
[9.712s] [34mcolcon.colcon_core.environment[0m [1;30mLevel 1[0m checking '/ros2_ws/install/brain_hardware' for CMake config files
[9.715s] [34mcolcon.colcon_core.shell[0m [1;30mLevel 1[0m create_environment_hook('brain_hardware', 'cmake_prefix_path')
[9.719s] [34mcolcon.colcon_core.shell[0m [1;30mINFO[0m Creating environment hook '/ros2_ws/install/brain_hardware/share/brain_hardware/hook/cmake_prefix_path.ps1'
[9.726s] [34mcolcon.colcon_core.shell[0m [1;30mINFO[0m Creating environment descriptor '/ros2_ws/install/brain_hardware/share/brain_hardware/hook/cmake_prefix_path.dsv'
[9.729s] [34mcolcon.colcon_core.shell[0m [1;30mINFO[0m Creating environment hook '/ros2_ws/install/brain_hardware/share/brain_hardware/hook/cmake_prefix_path.sh'
[9.734s] [34mcolcon.colcon_core.environment[0m [1;30mLevel 1[0m checking '/ros2_ws/install/brain_hardware/lib'
[9.737s] [34mcolcon.colcon_core.shell[0m [1;30mLevel 1[0m create_environment_hook('brain_hardware', 'ld_library_path_lib')
[9.738s] [34mcolcon.colcon_core.shell[0m [1;30mINFO[0m Creating environment hook '/ros2_ws/install/brain_hardware/share/brain_hardware/hook/ld_library_path_lib.ps1'
[9.742s] [34mcolcon.colcon_core.shell[0m [1;30mINFO[0m Creating environment descriptor '/ros2_ws/install/brain_hardware/share/brain_hardware/hook/ld_library_path_lib.dsv'
[9.744s] [34mcolcon.colcon_core.shell[0m [1;30mINFO[0m Creating environment hook '/ros2_ws/install/brain_hardware/share/brain_hardware/hook/ld_library_path_lib.sh'
[9.749s] [34mcolcon.colcon_core.environment[0m [1;30mLevel 1[0m checking '/ros2_ws/install/brain_hardware/bin'
[9.750s] [34mcolcon.colcon_core.environment[0m [1;30mLevel 1[0m checking '/ros2_ws/install/brain_hardware/lib/pkgconfig/brain_hardware.pc'
[9.752s] [34mcolcon.colcon_core.environment[0m [1;30mLevel 1[0m checking '/ros2_ws/install/brain_hardware/lib/python3.10/site-packages'
[9.755s] [34mcolcon.colcon_core.environment[0m [1;30mLevel 1[0m checking '/ros2_ws/install/brain_hardware/bin'
[9.759s] [34mcolcon.colcon_core.shell[0m [1;30mINFO[0m Creating package script '/ros2_ws/install/brain_hardware/share/brain_hardware/package.ps1'
[9.764s] [34mcolcon.colcon_core.shell[0m [1;30mINFO[0m Creating package descriptor '/ros2_ws/install/brain_hardware/share/brain_hardware/package.dsv'
[9.768s] [34mcolcon.colcon_core.shell[0m [1;30mINFO[0m Creating package script '/ros2_ws/install/brain_hardware/share/brain_hardware/package.sh'
[9.786s] [34mcolcon.colcon_core.shell[0m [1;30mINFO[0m Creating package script '/ros2_ws/install/brain_hardware/share/brain_hardware/package.bash'
[9.792s] [34mcolcon.colcon_core.shell[0m [1;30mINFO[0m Creating package script '/ros2_ws/install/brain_hardware/share/brain_hardware/package.zsh'
[9.799s] [34mcolcon.colcon_core.environment[0m [1;30mLevel 1[0m create_file_with_runtime_dependencies(/ros2_ws/install/brain_hardware/share/colcon-core/packages/brain_hardware)
[9.807s] [34mcolcon.colcon_ros.task.ament_cmake.build[0m [1;30mINFO[0m Building ROS package in '/ros2_ws/src/description' with build type 'ament_cmake'
[9.809s] [34mcolcon.colcon_cmake.task.cmake.build[0m [1;30mINFO[0m Building CMake package in '/ros2_ws/src/description'
[9.814s] [34mcolcon.colcon_core.shell[0m [1;30mINFO[0m Skip shell extension 'powershell' for command environment: Not usable outside of PowerShell
[9.816s] [34mcolcon.colcon_core.shell[0m [1;30mDEBUG[0m [32mSkip shell extension 'dsv' for command environment[0m
[9.990s] [34mcolcon.colcon_core.event_handler.log_command[0m [1;30mDEBUG[0m [32mInvoking command in '/ros2_ws/build/description': CMAKE_PREFIX_PATH=/ros2_ws/install/brain_hardware:/ros2_ws/install/interfaces:/ros2_ws/install/oradar_lidar:/ros2_ws/install/bringup:/ros2_ws/install/description:/ros2_ws/install/brain_controller:/ros2_ws/install/collision_avoidance:/opt/ros/humble LD_LIBRARY_PATH=/ros2_ws/install/brain_hardware/lib:/ros2_ws/install/interfaces/lib:/ros2_ws/install/brain_controller/lib:/ros2_ws/install/collision_avoidance/lib:/opt/ros/humble/opt/rviz_ogre_vendor/lib:/opt/ros/humble/lib/aarch64-linux-gnu:/opt/ros/humble/lib /usr/bin/cmake --build /ros2_ws/build/description -- -j4 -l4[0m
[10.545s] [34mcolcon.colcon_core.event_handler.log_command[0m [1;30mDEBUG[0m [32mInvoked command in '/ros2_ws/build/description' returned '0': CMAKE_PREFIX_PATH=/ros2_ws/install/brain_hardware:/ros2_ws/install/interfaces:/ros2_ws/install/oradar_lidar:/ros2_ws/install/bringup:/ros2_ws/install/description:/ros2_ws/install/brain_controller:/ros2_ws/install/collision_avoidance:/opt/ros/humble LD_LIBRARY_PATH=/ros2_ws/install/brain_hardware/lib:/ros2_ws/install/interfaces/lib:/ros2_ws/install/brain_controller/lib:/ros2_ws/install/collision_avoidance/lib:/opt/ros/humble/opt/rviz_ogre_vendor/lib:/opt/ros/humble/lib/aarch64-linux-gnu:/opt/ros/humble/lib /usr/bin/cmake --build /ros2_ws/build/description -- -j4 -l4[0m
[10.574s] [34mcolcon.colcon_core.event_handler.log_command[0m [1;30mDEBUG[0m [32mInvoking command in '/ros2_ws/build/description': CMAKE_PREFIX_PATH=/ros2_ws/install/brain_hardware:/ros2_ws/install/interfaces:/ros2_ws/install/oradar_lidar:/ros2_ws/install/bringup:/ros2_ws/install/description:/ros2_ws/install/brain_controller:/ros2_ws/install/collision_avoidance:/opt/ros/humble LD_LIBRARY_PATH=/ros2_ws/install/brain_hardware/lib:/ros2_ws/install/interfaces/lib:/ros2_ws/install/brain_controller/lib:/ros2_ws/install/collision_avoidance/lib:/opt/ros/humble/opt/rviz_ogre_vendor/lib:/opt/ros/humble/lib/aarch64-linux-gnu:/opt/ros/humble/lib /usr/bin/cmake --install /ros2_ws/build/description[0m
[10.801s] [34mcolcon.colcon_core.environment[0m [1;30mLevel 1[0m create_environment_scripts_only(description)
[10.835s] [34mcolcon.colcon_core.event_handler.log_command[0m [1;30mDEBUG[0m [32mInvoked command in '/ros2_ws/build/description' returned '0': CMAKE_PREFIX_PATH=/ros2_ws/install/brain_hardware:/ros2_ws/install/interfaces:/ros2_ws/install/oradar_lidar:/ros2_ws/install/bringup:/ros2_ws/install/description:/ros2_ws/install/brain_controller:/ros2_ws/install/collision_avoidance:/opt/ros/humble LD_LIBRARY_PATH=/ros2_ws/install/brain_hardware/lib:/ros2_ws/install/interfaces/lib:/ros2_ws/install/brain_controller/lib:/ros2_ws/install/collision_avoidance/lib:/opt/ros/humble/opt/rviz_ogre_vendor/lib:/opt/ros/humble/lib/aarch64-linux-gnu:/opt/ros/humble/lib /usr/bin/cmake --install /ros2_ws/build/description[0m
[10.836s] [34mcolcon.colcon_core.environment[0m [1;30mLevel 1[0m checking '/ros2_ws/install/description' for CMake module files
[10.842s] [34mcolcon.colcon_core.environment[0m [1;30mLevel 1[0m checking '/ros2_ws/install/description' for CMake config files
[10.845s] [34mcolcon.colcon_core.shell[0m [1;30mLevel 1[0m create_environment_hook('description', 'cmake_prefix_path')
[10.849s] [34mcolcon.colcon_core.shell[0m [1;30mINFO[0m Creating environment hook '/ros2_ws/install/description/share/description/hook/cmake_prefix_path.ps1'
[10.852s] [34mcolcon.colcon_core.shell[0m [1;30mINFO[0m Creating environment descriptor '/ros2_ws/install/description/share/description/hook/cmake_prefix_path.dsv'
[10.863s] [34mcolcon.colcon_core.shell[0m [1;30mINFO[0m Creating environment hook '/ros2_ws/install/description/share/description/hook/cmake_prefix_path.sh'
[10.866s] [34mcolcon.colcon_core.environment[0m [1;30mLevel 1[0m checking '/ros2_ws/install/description/bin'
[10.867s] [34mcolcon.colcon_core.environment[0m [1;30mLevel 1[0m checking '/ros2_ws/install/description/lib/pkgconfig/description.pc'
[10.868s] [34mcolcon.colcon_core.environment[0m [1;30mLevel 1[0m checking '/ros2_ws/install/description/lib/python3.10/site-packages'
[10.871s] [34mcolcon.colcon_core.environment[0m [1;30mLevel 1[0m checking '/ros2_ws/install/description/bin'
[10.873s] [34mcolcon.colcon_core.shell[0m [1;30mINFO[0m Creating package script '/ros2_ws/install/description/share/description/package.ps1'
[10.886s] [34mcolcon.colcon_core.shell[0m [1;30mINFO[0m Creating package descriptor '/ros2_ws/install/description/share/description/package.dsv'
[10.896s] [34mcolcon.colcon_core.shell[0m [1;30mINFO[0m Creating package script '/ros2_ws/install/description/share/description/package.sh'
[10.901s] [34mcolcon.colcon_core.shell[0m [1;30mINFO[0m Creating package script '/ros2_ws/install/description/share/description/package.bash'
[10.904s] [34mcolcon.colcon_core.shell[0m [1;30mINFO[0m Creating package script '/ros2_ws/install/description/share/description/package.zsh'
[10.907s] [34mcolcon.colcon_core.environment[0m [1;30mLevel 1[0m create_file_with_runtime_dependencies(/ros2_ws/install/description/share/colcon-core/packages/description)
[10.911s] [34mcolcon.colcon_core.environment[0m [1;30mLevel 1[0m create_environment_scripts_only(description)
[10.913s] [34mcolcon.colcon_core.environment[0m [1;30mLevel 1[0m checking '/ros2_ws/install/description' for CMake module files
[10.917s] [34mcolcon.colcon_core.environment[0m [1;30mLevel 1[0m checking '/ros2_ws/install/description' for CMake config files
[10.920s] [34mcolcon.colcon_core.shell[0m [1;30mLevel 1[0m create_environment_hook('description', 'cmake_prefix_path')
[10.922s] [34mcolcon.colcon_core.shell[0m [1;30mINFO[0m Creating environment hook '/ros2_ws/install/description/share/description/hook/cmake_prefix_path.ps1'
[10.925s] [34mcolcon.colcon_core.shell[0m [1;30mINFO[0m Creating environment descriptor '/ros2_ws/install/description/share/description/hook/cmake_prefix_path.dsv'
[10.928s] [34mcolcon.colcon_core.shell[0m [1;30mINFO[0m Creating environment hook '/ros2_ws/install/description/share/description/hook/cmake_prefix_path.sh'
[10.933s] [34mcolcon.colcon_core.environment[0m [1;30mLevel 1[0m checking '/ros2_ws/install/description/bin'
[10.936s] [34mcolcon.colcon_core.environment[0m [1;30mLevel 1[0m checking '/ros2_ws/install/description/lib/pkgconfig/description.pc'
[10.939s] [34mcolcon.colcon_core.environment[0m [1;30mLevel 1[0m checking '/ros2_ws/install/description/lib/python3.10/site-packages'
[10.941s] [34mcolcon.colcon_core.environment[0m [1;30mLevel 1[0m checking '/ros2_ws/install/description/bin'
[10.944s] [34mcolcon.colcon_core.shell[0m [1;30mINFO[0m Creating package script '/ros2_ws/install/description/share/description/package.ps1'
[10.951s] [34mcolcon.colcon_core.shell[0m [1;30mINFO[0m Creating package descriptor '/ros2_ws/install/description/share/description/package.dsv'
[10.955s] [34mcolcon.colcon_core.shell[0m [1;30mINFO[0m Creating package script '/ros2_ws/install/description/share/description/package.sh'
[10.959s] [34mcolcon.colcon_core.shell[0m [1;30mINFO[0m Creating package script '/ros2_ws/install/description/share/description/package.bash'
[10.962s] [34mcolcon.colcon_core.shell[0m [1;30mINFO[0m Creating package script '/ros2_ws/install/description/share/description/package.zsh'
[10.964s] [34mcolcon.colcon_core.environment[0m [1;30mLevel 1[0m create_file_with_runtime_dependencies(/ros2_ws/install/description/share/colcon-core/packages/description)
[10.968s] [34mcolcon.colcon_ros.task.ament_cmake.build[0m [1;30mINFO[0m Building ROS package in '/ros2_ws/src/bringup' with build type 'ament_cmake'
[10.969s] [34mcolcon.colcon_cmake.task.cmake.build[0m [1;30mINFO[0m Building CMake package in '/ros2_ws/src/bringup'
[10.971s] [34mcolcon.colcon_core.shell[0m [1;30mINFO[0m Skip shell extension 'powershell' for command environment: Not usable outside of PowerShell
[10.972s] [34mcolcon.colcon_core.shell[0m [1;30mDEBUG[0m [32mSkip shell extension 'dsv' for command environment[0m
[11.135s] [34mcolcon.colcon_core.event_handler.log_command[0m [1;30mDEBUG[0m [32mInvoking command in '/ros2_ws/build/bringup': CMAKE_PREFIX_PATH=/ros2_ws/install/description:/ros2_ws/install/brain_hardware:/ros2_ws/install/interfaces:/ros2_ws/install/oradar_lidar:/ros2_ws/install/bringup:/ros2_ws/install/brain_controller:/ros2_ws/install/collision_avoidance:/opt/ros/humble LD_LIBRARY_PATH=/ros2_ws/install/brain_hardware/lib:/ros2_ws/install/interfaces/lib:/ros2_ws/install/brain_controller/lib:/ros2_ws/install/collision_avoidance/lib:/opt/ros/humble/opt/rviz_ogre_vendor/lib:/opt/ros/humble/lib/aarch64-linux-gnu:/opt/ros/humble/lib /usr/bin/cmake --build /ros2_ws/build/bringup -- -j4 -l4[0m
[11.743s] [34mcolcon.colcon_core.event_handler.log_command[0m [1;30mDEBUG[0m [32mInvoked command in '/ros2_ws/build/bringup' returned '0': CMAKE_PREFIX_PATH=/ros2_ws/install/description:/ros2_ws/install/brain_hardware:/ros2_ws/install/interfaces:/ros2_ws/install/oradar_lidar:/ros2_ws/install/bringup:/ros2_ws/install/brain_controller:/ros2_ws/install/collision_avoidance:/opt/ros/humble LD_LIBRARY_PATH=/ros2_ws/install/brain_hardware/lib:/ros2_ws/install/interfaces/lib:/ros2_ws/install/brain_controller/lib:/ros2_ws/install/collision_avoidance/lib:/opt/ros/humble/opt/rviz_ogre_vendor/lib:/opt/ros/humble/lib/aarch64-linux-gnu:/opt/ros/humble/lib /usr/bin/cmake --build /ros2_ws/build/bringup -- -j4 -l4[0m
[11.751s] [34mcolcon.colcon_core.event_handler.log_command[0m [1;30mDEBUG[0m [32mInvoking command in '/ros2_ws/build/bringup': CMAKE_PREFIX_PATH=/ros2_ws/install/description:/ros2_ws/install/brain_hardware:/ros2_ws/install/interfaces:/ros2_ws/install/oradar_lidar:/ros2_ws/install/bringup:/ros2_ws/install/brain_controller:/ros2_ws/install/collision_avoidance:/opt/ros/humble LD_LIBRARY_PATH=/ros2_ws/install/brain_hardware/lib:/ros2_ws/install/interfaces/lib:/ros2_ws/install/brain_controller/lib:/ros2_ws/install/collision_avoidance/lib:/opt/ros/humble/opt/rviz_ogre_vendor/lib:/opt/ros/humble/lib/aarch64-linux-gnu:/opt/ros/humble/lib /usr/bin/cmake --install /ros2_ws/build/bringup[0m
[12.026s] [34mcolcon.colcon_core.environment[0m [1;30mLevel 1[0m create_environment_scripts_only(bringup)
[12.027s] [34mcolcon.colcon_core.environment[0m [1;30mLevel 1[0m checking '/ros2_ws/install/bringup' for CMake module files
[12.030s] [34mcolcon.colcon_core.event_handler.log_command[0m [1;30mDEBUG[0m [32mInvoked command in '/ros2_ws/build/bringup' returned '0': CMAKE_PREFIX_PATH=/ros2_ws/install/description:/ros2_ws/install/brain_hardware:/ros2_ws/install/interfaces:/ros2_ws/install/oradar_lidar:/ros2_ws/install/bringup:/ros2_ws/install/brain_controller:/ros2_ws/install/collision_avoidance:/opt/ros/humble LD_LIBRARY_PATH=/ros2_ws/install/brain_hardware/lib:/ros2_ws/install/interfaces/lib:/ros2_ws/install/brain_controller/lib:/ros2_ws/install/collision_avoidance/lib:/opt/ros/humble/opt/rviz_ogre_vendor/lib:/opt/ros/humble/lib/aarch64-linux-gnu:/opt/ros/humble/lib /usr/bin/cmake --install /ros2_ws/build/bringup[0m
[12.033s] [34mcolcon.colcon_core.environment[0m [1;30mLevel 1[0m checking '/ros2_ws/install/bringup' for CMake config files
[12.041s] [34mcolcon.colcon_core.shell[0m [1;30mLevel 1[0m create_environment_hook('bringup', 'cmake_prefix_path')
[12.048s] [34mcolcon.colcon_core.shell[0m [1;30mINFO[0m Creating environment hook '/ros2_ws/install/bringup/share/bringup/hook/cmake_prefix_path.ps1'
[12.058s] [34mcolcon.colcon_core.shell[0m [1;30mINFO[0m Creating environment descriptor '/ros2_ws/install/bringup/share/bringup/hook/cmake_prefix_path.dsv'
[12.068s] [34mcolcon.colcon_core.shell[0m [1;30mINFO[0m Creating environment hook '/ros2_ws/install/bringup/share/bringup/hook/cmake_prefix_path.sh'
[12.087s] [34mcolcon.colcon_core.environment[0m [1;30mLevel 1[0m checking '/ros2_ws/install/bringup/bin'
[12.088s] [34mcolcon.colcon_core.environment[0m [1;30mLevel 1[0m checking '/ros2_ws/install/bringup/lib/pkgconfig/bringup.pc'
[12.091s] [34mcolcon.colcon_core.environment[0m [1;30mLevel 1[0m checking '/ros2_ws/install/bringup/lib/python3.10/site-packages'
[12.099s] [34mcolcon.colcon_core.environment[0m [1;30mLevel 1[0m checking '/ros2_ws/install/bringup/bin'
[12.110s] [34mcolcon.colcon_core.shell[0m [1;30mINFO[0m Creating package script '/ros2_ws/install/bringup/share/bringup/package.ps1'
[12.138s] [34mcolcon.colcon_core.shell[0m [1;30mINFO[0m Creating package descriptor '/ros2_ws/install/bringup/share/bringup/package.dsv'
[12.154s] [34mcolcon.colcon_core.shell[0m [1;30mINFO[0m Creating package script '/ros2_ws/install/bringup/share/bringup/package.sh'
[12.164s] [34mcolcon.colcon_core.shell[0m [1;30mINFO[0m Creating package script '/ros2_ws/install/bringup/share/bringup/package.bash'
[12.175s] [34mcolcon.colcon_core.shell[0m [1;30mINFO[0m Creating package script '/ros2_ws/install/bringup/share/bringup/package.zsh'
[12.182s] [34mcolcon.colcon_core.environment[0m [1;30mLevel 1[0m create_file_with_runtime_dependencies(/ros2_ws/install/bringup/share/colcon-core/packages/bringup)
[12.194s] [34mcolcon.colcon_core.environment[0m [1;30mLevel 1[0m create_environment_scripts_only(bringup)
[12.196s] [34mcolcon.colcon_core.environment[0m [1;30mLevel 1[0m checking '/ros2_ws/install/bringup' for CMake module files
[12.207s] [34mcolcon.colcon_core.environment[0m [1;30mLevel 1[0m checking '/ros2_ws/install/bringup' for CMake config files
[12.214s] [34mcolcon.colcon_core.shell[0m [1;30mLevel 1[0m create_environment_hook('bringup', 'cmake_prefix_path')
[12.216s] [34mcolcon.colcon_core.shell[0m [1;30mINFO[0m Creating environment hook '/ros2_ws/install/bringup/share/bringup/hook/cmake_prefix_path.ps1'
[12.225s] [34mcolcon.colcon_core.shell[0m [1;30mINFO[0m Creating environment descriptor '/ros2_ws/install/bringup/share/bringup/hook/cmake_prefix_path.dsv'
[12.235s] [34mcolcon.colcon_core.shell[0m [1;30mINFO[0m Creating environment hook '/ros2_ws/install/bringup/share/bringup/hook/cmake_prefix_path.sh'
[12.250s] [34mcolcon.colcon_core.environment[0m [1;30mLevel 1[0m checking '/ros2_ws/install/bringup/bin'
[12.251s] [34mcolcon.colcon_core.environment[0m [1;30mLevel 1[0m checking '/ros2_ws/install/bringup/lib/pkgconfig/bringup.pc'
[12.254s] [34mcolcon.colcon_core.environment[0m [1;30mLevel 1[0m checking '/ros2_ws/install/bringup/lib/python3.10/site-packages'
[12.261s] [34mcolcon.colcon_core.environment[0m [1;30mLevel 1[0m checking '/ros2_ws/install/bringup/bin'
[12.267s] [34mcolcon.colcon_core.shell[0m [1;30mINFO[0m Creating package script '/ros2_ws/install/bringup/share/bringup/package.ps1'
[12.283s] [34mcolcon.colcon_core.shell[0m [1;30mINFO[0m Creating package descriptor '/ros2_ws/install/bringup/share/bringup/package.dsv'
[12.293s] [34mcolcon.colcon_core.shell[0m [1;30mINFO[0m Creating package script '/ros2_ws/install/bringup/share/bringup/package.sh'
[12.301s] [34mcolcon.colcon_core.shell[0m [1;30mINFO[0m Creating package script '/ros2_ws/install/bringup/share/bringup/package.bash'
[12.306s] [34mcolcon.colcon_core.shell[0m [1;30mINFO[0m Creating package script '/ros2_ws/install/bringup/share/bringup/package.zsh'
[12.322s] [34mcolcon.colcon_core.environment[0m [1;30mLevel 1[0m create_file_with_runtime_dependencies(/ros2_ws/install/bringup/share/colcon-core/packages/bringup)
[99.514s] [34mcolcon.colcon_core.event_handler.log_command[0m [1;30mDEBUG[0m [32mInvoked command in '/ros2_ws/build/collision_avoidance' returned '0': CMAKE_PREFIX_PATH=${CMAKE_PREFIX_PATH}:/opt/ros/humble /usr/bin/cmake --build /ros2_ws/build/collision_avoidance -- -j4 -l4[0m
[99.521s] [34mcolcon.colcon_core.event_handler.log_command[0m [1;30mDEBUG[0m [32mInvoking command in '/ros2_ws/build/collision_avoidance': CMAKE_PREFIX_PATH=${CMAKE_PREFIX_PATH}:/opt/ros/humble /usr/bin/cmake --install /ros2_ws/build/collision_avoidance[0m
[99.620s] [34mcolcon.colcon_core.environment[0m [1;30mLevel 1[0m create_environment_scripts_only(collision_avoidance)
[99.622s] [34mcolcon.colcon_core.environment[0m [1;30mLevel 1[0m checking '/ros2_ws/install/collision_avoidance' for CMake module files
[99.629s] [34mcolcon.colcon_core.environment[0m [1;30mLevel 1[0m checking '/ros2_ws/install/collision_avoidance' for CMake config files
[99.631s] [34mcolcon.colcon_core.shell[0m [1;30mLevel 1[0m create_environment_hook('collision_avoidance', 'cmake_prefix_path')
[99.633s] [34mcolcon.colcon_core.shell[0m [1;30mINFO[0m Creating environment hook '/ros2_ws/install/collision_avoidance/share/collision_avoidance/hook/cmake_prefix_path.ps1'
[99.636s] [34mcolcon.colcon_core.shell[0m [1;30mINFO[0m Creating environment descriptor '/ros2_ws/install/collision_avoidance/share/collision_avoidance/hook/cmake_prefix_path.dsv'
[99.639s] [34mcolcon.colcon_core.event_handler.log_command[0m [1;30mDEBUG[0m [32mInvoked command in '/ros2_ws/build/collision_avoidance' returned '0': CMAKE_PREFIX_PATH=${CMAKE_PREFIX_PATH}:/opt/ros/humble /usr/bin/cmake --install /ros2_ws/build/collision_avoidance[0m
[99.641s] [34mcolcon.colcon_core.shell[0m [1;30mINFO[0m Creating environment hook '/ros2_ws/install/collision_avoidance/share/collision_avoidance/hook/cmake_prefix_path.sh'
[99.645s] [34mcolcon.colcon_core.environment[0m [1;30mLevel 1[0m checking '/ros2_ws/install/collision_avoidance/lib'
[99.646s] [34mcolcon.colcon_core.shell[0m [1;30mLevel 1[0m create_environment_hook('collision_avoidance', 'ld_library_path_lib')
[99.649s] [34mcolcon.colcon_core.shell[0m [1;30mINFO[0m Creating environment hook '/ros2_ws/install/collision_avoidance/share/collision_avoidance/hook/ld_library_path_lib.ps1'
[99.652s] [34mcolcon.colcon_core.shell[0m [1;30mINFO[0m Creating environment descriptor '/ros2_ws/install/collision_avoidance/share/collision_avoidance/hook/ld_library_path_lib.dsv'
[99.655s] [34mcolcon.colcon_core.shell[0m [1;30mINFO[0m Creating environment hook '/ros2_ws/install/collision_avoidance/share/collision_avoidance/hook/ld_library_path_lib.sh'
[99.657s] [34mcolcon.colcon_core.environment[0m [1;30mLevel 1[0m checking '/ros2_ws/install/collision_avoidance/bin'
[99.658s] [34mcolcon.colcon_core.environment[0m [1;30mLevel 1[0m checking '/ros2_ws/install/collision_avoidance/lib/pkgconfig/collision_avoidance.pc'
[99.659s] [34mcolcon.colcon_core.environment[0m [1;30mLevel 1[0m checking '/ros2_ws/install/collision_avoidance/lib/python3.10/site-packages'
[99.662s] [34mcolcon.colcon_core.environment[0m [1;30mLevel 1[0m checking '/ros2_ws/install/collision_avoidance/bin'
[99.664s] [34mcolcon.colcon_core.shell[0m [1;30mINFO[0m Creating package script '/ros2_ws/install/collision_avoidance/share/collision_avoidance/package.ps1'
[99.667s] [34mcolcon.colcon_core.shell[0m [1;30mINFO[0m Creating package descriptor '/ros2_ws/install/collision_avoidance/share/collision_avoidance/package.dsv'
[99.670s] [34mcolcon.colcon_core.shell[0m [1;30mINFO[0m Creating package script '/ros2_ws/install/collision_avoidance/share/collision_avoidance/package.sh'
[99.674s] [34mcolcon.colcon_core.shell[0m [1;30mINFO[0m Creating package script '/ros2_ws/install/collision_avoidance/share/collision_avoidance/package.bash'
[99.676s] [34mcolcon.colcon_core.shell[0m [1;30mINFO[0m Creating package script '/ros2_ws/install/collision_avoidance/share/collision_avoidance/package.zsh'
[99.678s] [34mcolcon.colcon_core.environment[0m [1;30mLevel 1[0m create_file_with_runtime_dependencies(/ros2_ws/install/collision_avoidance/share/colcon-core/packages/collision_avoidance)
[99.682s] [34mcolcon.colcon_core.environment[0m [1;30mLevel 1[0m create_environment_scripts_only(collision_avoidance)
[99.686s] [34mcolcon.colcon_core.environment[0m [1;30mLevel 1[0m checking '/ros2_ws/install/collision_avoidance' for CMake module files
[99.690s] [34mcolcon.colcon_core.environment[0m [1;30mLevel 1[0m checking '/ros2_ws/install/collision_avoidance' for CMake config files
[99.691s] [34mcolcon.colcon_core.shell[0m [1;30mLevel 1[0m create_environment_hook('collision_avoidance', 'cmake_prefix_path')
[99.693s] [34mcolcon.colcon_core.shell[0m [1;30mINFO[0m Creating environment hook '/ros2_ws/install/collision_avoidance/share/collision_avoidance/hook/cmake_prefix_path.ps1'
[99.695s] [34mcolcon.colcon_core.shell[0m [1;30mINFO[0m Creating environment descriptor '/ros2_ws/install/collision_avoidance/share/collision_avoidance/hook/cmake_prefix_path.dsv'
[99.697s] [34mcolcon.colcon_core.shell[0m [1;30mINFO[0m Creating environment hook '/ros2_ws/install/collision_avoidance/share/collision_avoidance/hook/cmake_prefix_path.sh'
[99.700s] [34mcolcon.colcon_core.environment[0m [1;30mLevel 1[0m checking '/ros2_ws/install/collision_avoidance/lib'
[99.700s] [34mcolcon.colcon_core.shell[0m [1;30mLevel 1[0m create_environment_hook('collision_avoidance', 'ld_library_path_lib')
[99.702s] [34mcolcon.colcon_core.shell[0m [1;30mINFO[0m Creating environment hook '/ros2_ws/install/collision_avoidance/share/collision_avoidance/hook/ld_library_path_lib.ps1'
[99.705s] [34mcolcon.colcon_core.shell[0m [1;30mINFO[0m Creating environment descriptor '/ros2_ws/install/collision_avoidance/share/collision_avoidance/hook/ld_library_path_lib.dsv'
[99.707s] [34mcolcon.colcon_core.shell[0m [1;30mINFO[0m Creating environment hook '/ros2_ws/install/collision_avoidance/share/collision_avoidance/hook/ld_library_path_lib.sh'
[99.710s] [34mcolcon.colcon_core.environment[0m [1;30mLevel 1[0m checking '/ros2_ws/install/collision_avoidance/bin'
[99.710s] [34mcolcon.colcon_core.environment[0m [1;30mLevel 1[0m checking '/ros2_ws/install/collision_avoidance/lib/pkgconfig/collision_avoidance.pc'
[99.711s] [34mcolcon.colcon_core.environment[0m [1;30mLevel 1[0m checking '/ros2_ws/install/collision_avoidance/lib/python3.10/site-packages'
[99.713s] [34mcolcon.colcon_core.environment[0m [1;30mLevel 1[0m checking '/ros2_ws/install/collision_avoidance/bin'
[99.716s] [34mcolcon.colcon_core.shell[0m [1;30mINFO[0m Creating package script '/ros2_ws/install/collision_avoidance/share/collision_avoidance/package.ps1'
[99.720s] [34mcolcon.colcon_core.shell[0m [1;30mINFO[0m Creating package descriptor '/ros2_ws/install/collision_avoidance/share/collision_avoidance/package.dsv'
[99.723s] [34mcolcon.colcon_core.shell[0m [1;30mINFO[0m Creating package script '/ros2_ws/install/collision_avoidance/share/collision_avoidance/package.sh'
[99.725s] [34mcolcon.colcon_core.shell[0m [1;30mINFO[0m Creating package script '/ros2_ws/install/collision_avoidance/share/collision_avoidance/package.bash'
[99.728s] [34mcolcon.colcon_core.shell[0m [1;30mINFO[0m Creating package script '/ros2_ws/install/collision_avoidance/share/collision_avoidance/package.zsh'
[99.730s] [34mcolcon.colcon_core.environment[0m [1;30mLevel 1[0m create_file_with_runtime_dependencies(/ros2_ws/install/collision_avoidance/share/colcon-core/packages/collision_avoidance)
[99.734s] [34mcolcon.colcon_parallel_executor.executor.parallel[0m [1;30mDEBUG[0m [32mclosing loop[0m
[99.735s] [34mcolcon.colcon_parallel_executor.executor.parallel[0m [1;30mDEBUG[0m [32mloop closed[0m
[99.735s] [34mcolcon.colcon_parallel_executor.executor.parallel[0m [1;30mDEBUG[0m [32mrun_until_complete finished with '0'[0m
[99.736s] [34mcolcon.colcon_core.event_reactor[0m [1;30mDEBUG[0m [32mjoining thread[0m
[99.803s] [34mcolcon.colcon_core.plugin_system[0m [1;30mINFO[0m Skipping extension 'colcon_notification.desktop_notification.notify_send': Could not find 'notify-send'
[99.803s] [34mcolcon.colcon_core.plugin_system[0m [1;30mINFO[0m Skipping extension 'colcon_notification.desktop_notification.terminal_notifier': Not used on non-Darwin systems
[99.804s] [34mcolcon.colcon_core.plugin_system[0m [1;30mINFO[0m Skipping extension 'colcon_notification.desktop_notification.win32': Not used on non-Windows systems
[99.804s] [34mcolcon.colcon_notification.desktop_notification[0m [1;30mINFO[0m Sending desktop notification using 'notify2'
[99.816s] [34mcolcon.colcon_notification.desktop_notification.notify2[0m [1;30mDEBUG[0m [32mFailed to initialize notify2: org.freedesktop.DBus.Error.Spawn.ExecFailed: /usr/bin/dbus-launch terminated abnormally without any error message[0m
[99.817s] [34mcolcon.colcon_core.event_reactor[0m [1;30mDEBUG[0m [32mjoined thread[0m
[99.819s] [34mcolcon.colcon_core.shell[0m [1;30mINFO[0m Creating prefix script '/ros2_ws/install/local_setup.ps1'
[99.829s] [34mcolcon.colcon_core.shell[0m [1;30mINFO[0m Creating prefix util module '/ros2_ws/install/_local_setup_util_ps1.py'
[99.871s] [34mcolcon.colcon_core.shell[0m [1;30mINFO[0m Creating prefix chain script '/ros2_ws/install/setup.ps1'
[99.895s] [34mcolcon.colcon_core.shell[0m [1;30mINFO[0m Creating prefix script '/ros2_ws/install/local_setup.sh'
[99.909s] [34mcolcon.colcon_core.shell[0m [1;30mINFO[0m Creating prefix util module '/ros2_ws/install/_local_setup_util_sh.py'
[99.921s] [34mcolcon.colcon_core.shell[0m [1;30mINFO[0m Creating prefix chain script '/ros2_ws/install/setup.sh'
[99.937s] [34mcolcon.colcon_core.shell[0m [1;30mINFO[0m Creating prefix script '/ros2_ws/install/local_setup.bash'
[99.945s] [34mcolcon.colcon_core.shell[0m [1;30mINFO[0m Creating prefix chain script '/ros2_ws/install/setup.bash'
[99.953s] [34mcolcon.colcon_core.shell[0m [1;30mINFO[0m Creating prefix script '/ros2_ws/install/local_setup.zsh'
[99.957s] [34mcolcon.colcon_core.shell[0m [1;30mINFO[0m Creating prefix chain script '/ros2_ws/install/setup.zsh'
