[0.587s] [34mcolcon[0m [1;30mDEBUG[0m [32mCommand line arguments: ['/usr/bin/colcon', 'build'][0m
[0.587s] [34mcolcon[0m [1;30mDEBUG[0m [32mParsed command line arguments: Namespace(log_base=None, log_level=None, verb_name='build', build_base='build', install_base='install', merge_install=False, symlink_install=False, test_result_base=None, continue_on_error=False, executor='parallel', parallel_workers=4, event_handlers=None, ignore_user_meta=False, metas=['./colcon.meta'], base_paths=['.'], packages_ignore=None, packages_ignore_regex=None, paths=None, packages_up_to=None, packages_up_to_regex=None, packages_above=None, packages_above_and_dependencies=None, packages_above_depth=None, packages_select_by_dep=None, packages_skip_by_dep=None, packages_skip_up_to=None, packages_select_build_failed=False, packages_skip_build_finished=False, packages_select_test_failures=False, packages_skip_test_passed=False, packages_select=None, packages_skip=None, packages_select_regex=None, packages_skip_regex=None, packages_start=None, packages_end=None, allow_overriding=[], cmake_args=None, cmake_target=None, cmake_target_skip_unavailable=False, cmake_clean_cache=False, cmake_clean_first=False, cmake_force_configure=False, ament_cmake_args=None, catkin_cmake_args=None, catkin_skip_building_tests=False, verb_parser=<colcon_defaults.argument_parser.defaults.DefaultArgumentsDecorator object at 0x7fb3fda050>, verb_extension=<colcon_core.verb.build.BuildVerb object at 0x7fb417b670>, main=<bound method BuildVerb.main of <colcon_core.verb.build.BuildVerb object at 0x7fb417b670>>)[0m
[1.713s] [34mcolcon.colcon_core.package_discovery[0m [1;30mLevel 1[0m discover_packages(colcon_meta) check parameters
[1.713s] [34mcolcon.colcon_core.package_discovery[0m [1;30mLevel 1[0m discover_packages(recursive) check parameters
[1.714s] [34mcolcon.colcon_core.package_discovery[0m [1;30mLevel 1[0m discover_packages(ignore) check parameters
[1.714s] [34mcolcon.colcon_core.package_discovery[0m [1;30mLevel 1[0m discover_packages(path) check parameters
[1.714s] [34mcolcon.colcon_core.package_discovery[0m [1;30mLevel 1[0m discover_packages(colcon_meta) discover
[1.715s] [34mcolcon.colcon_core.package_discovery[0m [1;30mLevel 1[0m discover_packages(recursive) discover
[1.716s] [34mcolcon.colcon_core.package_discovery[0m [1;30mINFO[0m Crawling recursively for packages in '/ros2_ws'
[1.717s] [34mcolcon.colcon_core.package_identification[0m [1;30mLevel 1[0m _identify(.) by extensions ['ignore', 'ignore_ament_install']
[1.719s] [34mcolcon.colcon_core.package_identification[0m [1;30mLevel 1[0m _identify(.) by extension 'ignore'
[1.720s] [34mcolcon.colcon_core.package_identification[0m [1;30mLevel 1[0m _identify(.) by extension 'ignore_ament_install'
[1.721s] [34mcolcon.colcon_core.package_identification[0m [1;30mLevel 1[0m _identify(.) by extensions ['colcon_pkg']
[1.721s] [34mcolcon.colcon_core.package_identification[0m [1;30mLevel 1[0m _identify(.) by extension 'colcon_pkg'
[1.722s] [34mcolcon.colcon_core.package_identification[0m [1;30mLevel 1[0m _identify(.) by extensions ['colcon_meta']
[1.723s] [34mcolcon.colcon_core.package_identification[0m [1;30mLevel 1[0m _identify(.) by extension 'colcon_meta'
[1.723s] [34mcolcon.colcon_core.package_identification[0m [1;30mLevel 1[0m _identify(.) by extensions ['ros']
[1.724s] [34mcolcon.colcon_core.package_identification[0m [1;30mLevel 1[0m _identify(.) by extension 'ros'
[1.794s] [34mcolcon.colcon_core.package_identification[0m [1;30mLevel 1[0m _identify(.) by extensions ['cmake', 'python']
[1.794s] [34mcolcon.colcon_core.package_identification[0m [1;30mLevel 1[0m _identify(.) by extension 'cmake'
[1.795s] [34mcolcon.colcon_core.package_identification[0m [1;30mLevel 1[0m _identify(.) by extension 'python'
[1.795s] [34mcolcon.colcon_core.package_identification[0m [1;30mLevel 1[0m _identify(.) by extensions ['python_setup_py']
[1.796s] [34mcolcon.colcon_core.package_identification[0m [1;30mLevel 1[0m _identify(.) by extension 'python_setup_py'
[1.798s] [34mcolcon.colcon_core.package_identification[0m [1;30mLevel 1[0m _identify(build) by extensions ['ignore', 'ignore_ament_install']
[1.799s] [34mcolcon.colcon_core.package_identification[0m [1;30mLevel 1[0m _identify(build) by extension 'ignore'
[1.801s] [34mcolcon.colcon_core.package_identification[0m [1;30mLevel 1[0m _identify(build) ignored
[1.802s] [34mcolcon.colcon_core.package_identification[0m [1;30mLevel 1[0m _identify(debug) by extensions ['ignore', 'ignore_ament_install']
[1.803s] [34mcolcon.colcon_core.package_identification[0m [1;30mLevel 1[0m _identify(debug) by extension 'ignore'
[1.804s] [34mcolcon.colcon_core.package_identification[0m [1;30mLevel 1[0m _identify(debug) by extension 'ignore_ament_install'
[1.805s] [34mcolcon.colcon_core.package_identification[0m [1;30mLevel 1[0m _identify(debug) by extensions ['colcon_pkg']
[1.806s] [34mcolcon.colcon_core.package_identification[0m [1;30mLevel 1[0m _identify(debug) by extension 'colcon_pkg'
[1.808s] [34mcolcon.colcon_core.package_identification[0m [1;30mLevel 1[0m _identify(debug) by extensions ['colcon_meta']
[1.808s] [34mcolcon.colcon_core.package_identification[0m [1;30mLevel 1[0m _identify(debug) by extension 'colcon_meta'
[1.809s] [34mcolcon.colcon_core.package_identification[0m [1;30mLevel 1[0m _identify(debug) by extensions ['ros']
[1.810s] [34mcolcon.colcon_core.package_identification[0m [1;30mLevel 1[0m _identify(debug) by extension 'ros'
[1.811s] [34mcolcon.colcon_core.package_identification[0m [1;30mLevel 1[0m _identify(debug) by extensions ['cmake', 'python']
[1.811s] [34mcolcon.colcon_core.package_identification[0m [1;30mLevel 1[0m _identify(debug) by extension 'cmake'
[1.812s] [34mcolcon.colcon_core.package_identification[0m [1;30mLevel 1[0m _identify(debug) by extension 'python'
[1.813s] [34mcolcon.colcon_core.package_identification[0m [1;30mLevel 1[0m _identify(debug) by extensions ['python_setup_py']
[1.813s] [34mcolcon.colcon_core.package_identification[0m [1;30mLevel 1[0m _identify(debug) by extension 'python_setup_py'
[1.814s] [34mcolcon.colcon_core.package_identification[0m [1;30mLevel 1[0m _identify(install) by extensions ['ignore', 'ignore_ament_install']
[1.815s] [34mcolcon.colcon_core.package_identification[0m [1;30mLevel 1[0m _identify(install) by extension 'ignore'
[1.817s] [34mcolcon.colcon_core.package_identification[0m [1;30mLevel 1[0m _identify(install) ignored
[1.819s] [34mcolcon.colcon_core.package_identification[0m [1;30mLevel 1[0m _identify(log) by extensions ['ignore', 'ignore_ament_install']
[1.820s] [34mcolcon.colcon_core.package_identification[0m [1;30mLevel 1[0m _identify(log) by extension 'ignore'
[1.821s] [34mcolcon.colcon_core.package_identification[0m [1;30mLevel 1[0m _identify(log) ignored
[1.822s] [34mcolcon.colcon_core.package_identification[0m [1;30mLevel 1[0m _identify(src) by extensions ['ignore', 'ignore_ament_install']
[1.822s] [34mcolcon.colcon_core.package_identification[0m [1;30mLevel 1[0m _identify(src) by extension 'ignore'
[1.823s] [34mcolcon.colcon_core.package_identification[0m [1;30mLevel 1[0m _identify(src) by extension 'ignore_ament_install'
[1.824s] [34mcolcon.colcon_core.package_identification[0m [1;30mLevel 1[0m _identify(src) by extensions ['colcon_pkg']
[1.824s] [34mcolcon.colcon_core.package_identification[0m [1;30mLevel 1[0m _identify(src) by extension 'colcon_pkg'
[1.825s] [34mcolcon.colcon_core.package_identification[0m [1;30mLevel 1[0m _identify(src) by extensions ['colcon_meta']
[1.825s] [34mcolcon.colcon_core.package_identification[0m [1;30mLevel 1[0m _identify(src) by extension 'colcon_meta'
[1.826s] [34mcolcon.colcon_core.package_identification[0m [1;30mLevel 1[0m _identify(src) by extensions ['ros']
[1.826s] [34mcolcon.colcon_core.package_identification[0m [1;30mLevel 1[0m _identify(src) by extension 'ros'
[1.826s] [34mcolcon.colcon_core.package_identification[0m [1;30mLevel 1[0m _identify(src) by extensions ['cmake', 'python']
[1.827s] [34mcolcon.colcon_core.package_identification[0m [1;30mLevel 1[0m _identify(src) by extension 'cmake'
[1.827s] [34mcolcon.colcon_core.package_identification[0m [1;30mLevel 1[0m _identify(src) by extension 'python'
[1.827s] [34mcolcon.colcon_core.package_identification[0m [1;30mLevel 1[0m _identify(src) by extensions ['python_setup_py']
[1.828s] [34mcolcon.colcon_core.package_identification[0m [1;30mLevel 1[0m _identify(src) by extension 'python_setup_py'
[1.828s] [34mcolcon.colcon_core.package_identification[0m [1;30mLevel 1[0m _identify(src/aurora) by extensions ['ignore', 'ignore_ament_install']
[1.829s] [34mcolcon.colcon_core.package_identification[0m [1;30mLevel 1[0m _identify(src/aurora) by extension 'ignore'
[1.829s] [34mcolcon.colcon_core.package_identification[0m [1;30mLevel 1[0m _identify(src/aurora) by extension 'ignore_ament_install'
[1.829s] [34mcolcon.colcon_core.package_identification[0m [1;30mLevel 1[0m _identify(src/aurora) by extensions ['colcon_pkg']
[1.829s] [34mcolcon.colcon_core.package_identification[0m [1;30mLevel 1[0m _identify(src/aurora) by extension 'colcon_pkg'
[1.830s] [34mcolcon.colcon_core.package_identification[0m [1;30mLevel 1[0m _identify(src/aurora) by extensions ['colcon_meta']
[1.830s] [34mcolcon.colcon_core.package_identification[0m [1;30mLevel 1[0m _identify(src/aurora) by extension 'colcon_meta'
[1.830s] [34mcolcon.colcon_core.package_identification[0m [1;30mLevel 1[0m _identify(src/aurora) by extensions ['ros']
[1.830s] [34mcolcon.colcon_core.package_identification[0m [1;30mLevel 1[0m _identify(src/aurora) by extension 'ros'
[1.831s] [34mcolcon.colcon_core.package_identification[0m [1;30mLevel 1[0m _identify(src/aurora) by extensions ['cmake', 'python']
[1.831s] [34mcolcon.colcon_core.package_identification[0m [1;30mLevel 1[0m _identify(src/aurora) by extension 'cmake'
[1.831s] [34mcolcon.colcon_core.package_identification[0m [1;30mLevel 1[0m _identify(src/aurora) by extension 'python'
[1.832s] [34mcolcon.colcon_core.package_identification[0m [1;30mLevel 1[0m _identify(src/aurora) by extensions ['python_setup_py']
[1.832s] [34mcolcon.colcon_core.package_identification[0m [1;30mLevel 1[0m _identify(src/aurora) by extension 'python_setup_py'
[1.832s] [34mcolcon.colcon_core.package_identification[0m [1;30mLevel 1[0m _identify(src/aurora/aurora930-ros-driver-humble-aarch64-0.2.4) by extensions ['ignore', 'ignore_ament_install']
[1.833s] [34mcolcon.colcon_core.package_identification[0m [1;30mLevel 1[0m _identify(src/aurora/aurora930-ros-driver-humble-aarch64-0.2.4) by extension 'ignore'
[1.833s] [34mcolcon.colcon_core.package_identification[0m [1;30mLevel 1[0m _identify(src/aurora/aurora930-ros-driver-humble-aarch64-0.2.4) by extension 'ignore_ament_install'
[1.833s] [34mcolcon.colcon_core.package_identification[0m [1;30mLevel 1[0m _identify(src/aurora/aurora930-ros-driver-humble-aarch64-0.2.4) by extensions ['colcon_pkg']
[1.833s] [34mcolcon.colcon_core.package_identification[0m [1;30mLevel 1[0m _identify(src/aurora/aurora930-ros-driver-humble-aarch64-0.2.4) by extension 'colcon_pkg'
[1.834s] [34mcolcon.colcon_core.package_identification[0m [1;30mLevel 1[0m _identify(src/aurora/aurora930-ros-driver-humble-aarch64-0.2.4) by extensions ['colcon_meta']
[1.834s] [34mcolcon.colcon_core.package_identification[0m [1;30mLevel 1[0m _identify(src/aurora/aurora930-ros-driver-humble-aarch64-0.2.4) by extension 'colcon_meta'
[1.834s] [34mcolcon.colcon_core.package_identification[0m [1;30mLevel 1[0m _identify(src/aurora/aurora930-ros-driver-humble-aarch64-0.2.4) by extensions ['ros']
[1.834s] [34mcolcon.colcon_core.package_identification[0m [1;30mLevel 1[0m _identify(src/aurora/aurora930-ros-driver-humble-aarch64-0.2.4) by extension 'ros'
[1.835s] [34mcolcon.colcon_core.package_identification[0m [1;30mLevel 1[0m _identify(src/aurora/aurora930-ros-driver-humble-aarch64-0.2.4) by extensions ['cmake', 'python']
[1.835s] [34mcolcon.colcon_core.package_identification[0m [1;30mLevel 1[0m _identify(src/aurora/aurora930-ros-driver-humble-aarch64-0.2.4) by extension 'cmake'
[1.836s] [34mcolcon.colcon_core.package_identification[0m [1;30mLevel 1[0m _identify(src/aurora/aurora930-ros-driver-humble-aarch64-0.2.4) by extension 'python'
[1.836s] [34mcolcon.colcon_core.package_identification[0m [1;30mLevel 1[0m _identify(src/aurora/aurora930-ros-driver-humble-aarch64-0.2.4) by extensions ['python_setup_py']
[1.836s] [34mcolcon.colcon_core.package_identification[0m [1;30mLevel 1[0m _identify(src/aurora/aurora930-ros-driver-humble-aarch64-0.2.4) by extension 'python_setup_py'
[1.837s] [34mcolcon.colcon_core.package_identification[0m [1;30mLevel 1[0m _identify(src/bringup) by extensions ['ignore', 'ignore_ament_install']
[1.838s] [34mcolcon.colcon_core.package_identification[0m [1;30mLevel 1[0m _identify(src/bringup) by extension 'ignore'
[1.838s] [34mcolcon.colcon_core.package_identification[0m [1;30mLevel 1[0m _identify(src/bringup) by extension 'ignore_ament_install'
[1.838s] [34mcolcon.colcon_core.package_identification[0m [1;30mLevel 1[0m _identify(src/bringup) by extensions ['colcon_pkg']
[1.839s] [34mcolcon.colcon_core.package_identification[0m [1;30mLevel 1[0m _identify(src/bringup) by extension 'colcon_pkg'
[1.839s] [34mcolcon.colcon_core.package_identification[0m [1;30mLevel 1[0m _identify(src/bringup) by extensions ['colcon_meta']
[1.839s] [34mcolcon.colcon_core.package_identification[0m [1;30mLevel 1[0m _identify(src/bringup) by extension 'colcon_meta'
[1.839s] [34mcolcon.colcon_core.package_identification[0m [1;30mLevel 1[0m _identify(src/bringup) by extensions ['ros']
[1.840s] [34mcolcon.colcon_core.package_identification[0m [1;30mLevel 1[0m _identify(src/bringup) by extension 'ros'
[1.854s] [34mcolcon.colcon_core.package_identification[0m [1;30mDEBUG[0m [32mPackage 'src/bringup' with type 'ros.ament_cmake' and name 'bringup'[0m
[1.855s] [34mcolcon.colcon_core.package_identification[0m [1;30mLevel 1[0m _identify(src/collision_avoidance) by extensions ['ignore', 'ignore_ament_install']
[1.857s] [34mcolcon.colcon_core.package_identification[0m [1;30mLevel 1[0m _identify(src/collision_avoidance) by extension 'ignore'
[1.857s] [34mcolcon.colcon_core.package_identification[0m [1;30mLevel 1[0m _identify(src/collision_avoidance) by extension 'ignore_ament_install'
[1.860s] [34mcolcon.colcon_core.package_identification[0m [1;30mLevel 1[0m _identify(src/collision_avoidance) by extensions ['colcon_pkg']
[1.860s] [34mcolcon.colcon_core.package_identification[0m [1;30mLevel 1[0m _identify(src/collision_avoidance) by extension 'colcon_pkg'
[1.860s] [34mcolcon.colcon_core.package_identification[0m [1;30mLevel 1[0m _identify(src/collision_avoidance) by extensions ['colcon_meta']
[1.861s] [34mcolcon.colcon_core.package_identification[0m [1;30mLevel 1[0m _identify(src/collision_avoidance) by extension 'colcon_meta'
[1.861s] [34mcolcon.colcon_core.package_identification[0m [1;30mLevel 1[0m _identify(src/collision_avoidance) by extensions ['ros']
[1.861s] [34mcolcon.colcon_core.package_identification[0m [1;30mLevel 1[0m _identify(src/collision_avoidance) by extension 'ros'
[1.866s] [34mcolcon.colcon_core.package_identification[0m [1;30mDEBUG[0m [32mPackage 'src/collision_avoidance' with type 'ros.ament_cmake' and name 'collision_avoidance'[0m
[1.868s] [34mcolcon.colcon_core.package_identification[0m [1;30mLevel 1[0m _identify(src/description) by extensions ['ignore', 'ignore_ament_install']
[1.871s] [34mcolcon.colcon_core.package_identification[0m [1;30mLevel 1[0m _identify(src/description) by extension 'ignore'
[1.871s] [34mcolcon.colcon_core.package_identification[0m [1;30mLevel 1[0m _identify(src/description) by extension 'ignore_ament_install'
[1.872s] [34mcolcon.colcon_core.package_identification[0m [1;30mLevel 1[0m _identify(src/description) by extensions ['colcon_pkg']
[1.872s] [34mcolcon.colcon_core.package_identification[0m [1;30mLevel 1[0m _identify(src/description) by extension 'colcon_pkg'
[1.872s] [34mcolcon.colcon_core.package_identification[0m [1;30mLevel 1[0m _identify(src/description) by extensions ['colcon_meta']
[1.872s] [34mcolcon.colcon_core.package_identification[0m [1;30mLevel 1[0m _identify(src/description) by extension 'colcon_meta'
[1.873s] [34mcolcon.colcon_core.package_identification[0m [1;30mLevel 1[0m _identify(src/description) by extensions ['ros']
[1.873s] [34mcolcon.colcon_core.package_identification[0m [1;30mLevel 1[0m _identify(src/description) by extension 'ros'
[1.875s] [34mcolcon.colcon_core.package_identification[0m [1;30mDEBUG[0m [32mPackage 'src/description' with type 'ros.ament_cmake' and name 'description'[0m
[1.876s] [34mcolcon.colcon_core.package_identification[0m [1;30mLevel 1[0m _identify(src/interfaces) by extensions ['ignore', 'ignore_ament_install']
[1.877s] [34mcolcon.colcon_core.package_identification[0m [1;30mLevel 1[0m _identify(src/interfaces) by extension 'ignore'
[1.877s] [34mcolcon.colcon_core.package_identification[0m [1;30mLevel 1[0m _identify(src/interfaces) by extension 'ignore_ament_install'
[1.878s] [34mcolcon.colcon_core.package_identification[0m [1;30mLevel 1[0m _identify(src/interfaces) by extensions ['colcon_pkg']
[1.878s] [34mcolcon.colcon_core.package_identification[0m [1;30mLevel 1[0m _identify(src/interfaces) by extension 'colcon_pkg'
[1.878s] [34mcolcon.colcon_core.package_identification[0m [1;30mLevel 1[0m _identify(src/interfaces) by extensions ['colcon_meta']
[1.879s] [34mcolcon.colcon_core.package_identification[0m [1;30mLevel 1[0m _identify(src/interfaces) by extension 'colcon_meta'
[1.879s] [34mcolcon.colcon_core.package_identification[0m [1;30mLevel 1[0m _identify(src/interfaces) by extensions ['ros']
[1.879s] [34mcolcon.colcon_core.package_identification[0m [1;30mLevel 1[0m _identify(src/interfaces) by extension 'ros'
[1.882s] [34mcolcon.colcon_core.package_identification[0m [1;30mDEBUG[0m [32mPackage 'src/interfaces' with type 'ros.ament_cmake' and name 'interfaces'[0m
[1.883s] [34mcolcon.colcon_core.package_identification[0m [1;30mLevel 1[0m _identify(src/map) by extensions ['ignore', 'ignore_ament_install']
[1.884s] [34mcolcon.colcon_core.package_identification[0m [1;30mLevel 1[0m _identify(src/map) by extension 'ignore'
[1.884s] [34mcolcon.colcon_core.package_identification[0m [1;30mLevel 1[0m _identify(src/map) by extension 'ignore_ament_install'
[1.884s] [34mcolcon.colcon_core.package_identification[0m [1;30mLevel 1[0m _identify(src/map) by extensions ['colcon_pkg']
[1.884s] [34mcolcon.colcon_core.package_identification[0m [1;30mLevel 1[0m _identify(src/map) by extension 'colcon_pkg'
[1.885s] [34mcolcon.colcon_core.package_identification[0m [1;30mLevel 1[0m _identify(src/map) by extensions ['colcon_meta']
[1.885s] [34mcolcon.colcon_core.package_identification[0m [1;30mLevel 1[0m _identify(src/map) by extension 'colcon_meta'
[1.885s] [34mcolcon.colcon_core.package_identification[0m [1;30mLevel 1[0m _identify(src/map) by extensions ['ros']
[1.885s] [34mcolcon.colcon_core.package_identification[0m [1;30mLevel 1[0m _identify(src/map) by extension 'ros'
[1.886s] [34mcolcon.colcon_core.package_identification[0m [1;30mLevel 1[0m _identify(src/map) by extensions ['cmake', 'python']
[1.886s] [34mcolcon.colcon_core.package_identification[0m [1;30mLevel 1[0m _identify(src/map) by extension 'cmake'
[1.886s] [34mcolcon.colcon_core.package_identification[0m [1;30mLevel 1[0m _identify(src/map) by extension 'python'
[1.886s] [34mcolcon.colcon_core.package_identification[0m [1;30mLevel 1[0m _identify(src/map) by extensions ['python_setup_py']
[1.887s] [34mcolcon.colcon_core.package_identification[0m [1;30mLevel 1[0m _identify(src/map) by extension 'python_setup_py'
[1.887s] [34mcolcon.colcon_core.package_identification[0m [1;30mLevel 1[0m _identify(src/oradar_lidar) by extensions ['ignore', 'ignore_ament_install']
[1.888s] [34mcolcon.colcon_core.package_identification[0m [1;30mLevel 1[0m _identify(src/oradar_lidar) by extension 'ignore'
[1.888s] [34mcolcon.colcon_core.package_identification[0m [1;30mLevel 1[0m _identify(src/oradar_lidar) by extension 'ignore_ament_install'
[1.888s] [34mcolcon.colcon_core.package_identification[0m [1;30mLevel 1[0m _identify(src/oradar_lidar) by extensions ['colcon_pkg']
[1.889s] [34mcolcon.colcon_core.package_identification[0m [1;30mLevel 1[0m _identify(src/oradar_lidar) by extension 'colcon_pkg'
[1.889s] [34mcolcon.colcon_core.package_identification[0m [1;30mLevel 1[0m _identify(src/oradar_lidar) by extensions ['colcon_meta']
[1.889s] [34mcolcon.colcon_core.package_identification[0m [1;30mLevel 1[0m _identify(src/oradar_lidar) by extension 'colcon_meta'
[1.889s] [34mcolcon.colcon_core.package_identification[0m [1;30mLevel 1[0m _identify(src/oradar_lidar) by extensions ['ros']
[1.890s] [34mcolcon.colcon_core.package_identification[0m [1;30mLevel 1[0m _identify(src/oradar_lidar) by extension 'ros'
[1.893s] [34mcolcon.colcon_core.package_identification[0m [1;30mDEBUG[0m [32mPackage 'src/oradar_lidar' with type 'ros.ament_cmake' and name 'oradar_lidar'[0m
[1.894s] [34mcolcon.colcon_core.package_identification[0m [1;30mLevel 1[0m _identify(src/ros2_control) by extensions ['ignore', 'ignore_ament_install']
[1.894s] [34mcolcon.colcon_core.package_identification[0m [1;30mLevel 1[0m _identify(src/ros2_control) by extension 'ignore'
[1.895s] [34mcolcon.colcon_core.package_identification[0m [1;30mLevel 1[0m _identify(src/ros2_control) by extension 'ignore_ament_install'
[1.895s] [34mcolcon.colcon_core.package_identification[0m [1;30mLevel 1[0m _identify(src/ros2_control) by extensions ['colcon_pkg']
[1.895s] [34mcolcon.colcon_core.package_identification[0m [1;30mLevel 1[0m _identify(src/ros2_control) by extension 'colcon_pkg'
[1.895s] [34mcolcon.colcon_core.package_identification[0m [1;30mLevel 1[0m _identify(src/ros2_control) by extensions ['colcon_meta']
[1.896s] [34mcolcon.colcon_core.package_identification[0m [1;30mLevel 1[0m _identify(src/ros2_control) by extension 'colcon_meta'
[1.896s] [34mcolcon.colcon_core.package_identification[0m [1;30mLevel 1[0m _identify(src/ros2_control) by extensions ['ros']
[1.896s] [34mcolcon.colcon_core.package_identification[0m [1;30mLevel 1[0m _identify(src/ros2_control) by extension 'ros'
[1.897s] [34mcolcon.colcon_core.package_identification[0m [1;30mLevel 1[0m _identify(src/ros2_control) by extensions ['cmake', 'python']
[1.897s] [34mcolcon.colcon_core.package_identification[0m [1;30mLevel 1[0m _identify(src/ros2_control) by extension 'cmake'
[1.898s] [34mcolcon.colcon_core.package_identification[0m [1;30mLevel 1[0m _identify(src/ros2_control) by extension 'python'
[1.898s] [34mcolcon.colcon_core.package_identification[0m [1;30mLevel 1[0m _identify(src/ros2_control) by extensions ['python_setup_py']
[1.898s] [34mcolcon.colcon_core.package_identification[0m [1;30mLevel 1[0m _identify(src/ros2_control) by extension 'python_setup_py'
[1.899s] [34mcolcon.colcon_core.package_identification[0m [1;30mLevel 1[0m _identify(src/ros2_control/brain_controller) by extensions ['ignore', 'ignore_ament_install']
[1.899s] [34mcolcon.colcon_core.package_identification[0m [1;30mLevel 1[0m _identify(src/ros2_control/brain_controller) by extension 'ignore'
[1.899s] [34mcolcon.colcon_core.package_identification[0m [1;30mLevel 1[0m _identify(src/ros2_control/brain_controller) by extension 'ignore_ament_install'
[1.900s] [34mcolcon.colcon_core.package_identification[0m [1;30mLevel 1[0m _identify(src/ros2_control/brain_controller) by extensions ['colcon_pkg']
[1.900s] [34mcolcon.colcon_core.package_identification[0m [1;30mLevel 1[0m _identify(src/ros2_control/brain_controller) by extension 'colcon_pkg'
[1.900s] [34mcolcon.colcon_core.package_identification[0m [1;30mLevel 1[0m _identify(src/ros2_control/brain_controller) by extensions ['colcon_meta']
[1.901s] [34mcolcon.colcon_core.package_identification[0m [1;30mLevel 1[0m _identify(src/ros2_control/brain_controller) by extension 'colcon_meta'
[1.901s] [34mcolcon.colcon_core.package_identification[0m [1;30mLevel 1[0m _identify(src/ros2_control/brain_controller) by extensions ['ros']
[1.901s] [34mcolcon.colcon_core.package_identification[0m [1;30mLevel 1[0m _identify(src/ros2_control/brain_controller) by extension 'ros'
[1.908s] [34mcolcon.colcon_core.package_identification[0m [1;30mDEBUG[0m [32mPackage 'src/ros2_control/brain_controller' with type 'ros.ament_cmake' and name 'brain_controller'[0m
[1.909s] [34mcolcon.colcon_core.package_identification[0m [1;30mLevel 1[0m _identify(src/ros2_control/brain_hardware) by extensions ['ignore', 'ignore_ament_install']
[1.909s] [34mcolcon.colcon_core.package_identification[0m [1;30mLevel 1[0m _identify(src/ros2_control/brain_hardware) by extension 'ignore'
[1.910s] [34mcolcon.colcon_core.package_identification[0m [1;30mLevel 1[0m _identify(src/ros2_control/brain_hardware) by extension 'ignore_ament_install'
[1.910s] [34mcolcon.colcon_core.package_identification[0m [1;30mLevel 1[0m _identify(src/ros2_control/brain_hardware) by extensions ['colcon_pkg']
[1.910s] [34mcolcon.colcon_core.package_identification[0m [1;30mLevel 1[0m _identify(src/ros2_control/brain_hardware) by extension 'colcon_pkg'
[1.911s] [34mcolcon.colcon_core.package_identification[0m [1;30mLevel 1[0m _identify(src/ros2_control/brain_hardware) by extensions ['colcon_meta']
[1.911s] [34mcolcon.colcon_core.package_identification[0m [1;30mLevel 1[0m _identify(src/ros2_control/brain_hardware) by extension 'colcon_meta'
[1.911s] [34mcolcon.colcon_core.package_identification[0m [1;30mLevel 1[0m _identify(src/ros2_control/brain_hardware) by extensions ['ros']
[1.912s] [34mcolcon.colcon_core.package_identification[0m [1;30mLevel 1[0m _identify(src/ros2_control/brain_hardware) by extension 'ros'
[1.916s] [34mcolcon.colcon_core.package_identification[0m [1;30mDEBUG[0m [32mPackage 'src/ros2_control/brain_hardware' with type 'ros.ament_cmake' and name 'brain_hardware'[0m
[1.917s] [34mcolcon.colcon_core.package_discovery[0m [1;30mLevel 1[0m discover_packages(recursive) using defaults
[1.917s] [34mcolcon.colcon_core.package_discovery[0m [1;30mLevel 1[0m discover_packages(ignore) discover
[1.917s] [34mcolcon.colcon_core.package_discovery[0m [1;30mLevel 1[0m discover_packages(ignore) using defaults
[1.917s] [34mcolcon.colcon_core.package_discovery[0m [1;30mLevel 1[0m discover_packages(path) discover
[1.918s] [34mcolcon.colcon_core.package_discovery[0m [1;30mLevel 1[0m discover_packages(path) using defaults
[2.013s] [34mcolcon.colcon_core.package_discovery[0m [1;30mLevel 1[0m discover_packages(prefix_path) check parameters
[2.013s] [34mcolcon.colcon_core.package_discovery[0m [1;30mLevel 1[0m discover_packages(prefix_path) discover
[2.026s] [34mcolcon.colcon_installed_package_information.package_discovery[0m [1;30mDEBUG[0m [32mFound 7 installed packages in /ros2_ws/install[0m
[2.037s] [34mcolcon.colcon_installed_package_information.package_discovery[0m [1;30mDEBUG[0m [32mFound 368 installed packages in /opt/ros/humble[0m
[2.049s] [34mcolcon.colcon_core.package_discovery[0m [1;30mLevel 1[0m discover_packages(prefix_path) using defaults
[2.357s] [34mcolcon.colcon_core.verb[0m [1;30mLevel 5[0m set package 'collision_avoidance' build argument 'cmake_args' from command line to 'None'
[2.358s] [34mcolcon.colcon_core.verb[0m [1;30mLevel 5[0m set package 'collision_avoidance' build argument 'cmake_target' from command line to 'None'
[2.358s] [34mcolcon.colcon_core.verb[0m [1;30mLevel 5[0m set package 'collision_avoidance' build argument 'cmake_target_skip_unavailable' from command line to 'False'
[2.358s] [34mcolcon.colcon_core.verb[0m [1;30mLevel 5[0m set package 'collision_avoidance' build argument 'cmake_clean_cache' from command line to 'False'
[2.358s] [34mcolcon.colcon_core.verb[0m [1;30mLevel 5[0m set package 'collision_avoidance' build argument 'cmake_clean_first' from command line to 'False'
[2.358s] [34mcolcon.colcon_core.verb[0m [1;30mLevel 5[0m set package 'collision_avoidance' build argument 'cmake_force_configure' from command line to 'False'
[2.358s] [34mcolcon.colcon_core.verb[0m [1;30mLevel 5[0m set package 'collision_avoidance' build argument 'ament_cmake_args' from command line to 'None'
[2.358s] [34mcolcon.colcon_core.verb[0m [1;30mLevel 5[0m set package 'collision_avoidance' build argument 'catkin_cmake_args' from command line to 'None'
[2.359s] [34mcolcon.colcon_core.verb[0m [1;30mLevel 5[0m set package 'collision_avoidance' build argument 'catkin_skip_building_tests' from command line to 'False'
[2.359s] [34mcolcon.colcon_core.verb[0m [1;30mDEBUG[0m [32mBuilding package 'collision_avoidance' with the following arguments: {'ament_cmake_args': None, 'build_base': '/ros2_ws/build/collision_avoidance', 'catkin_cmake_args': None, 'catkin_skip_building_tests': False, 'cmake_args': None, 'cmake_clean_cache': False, 'cmake_clean_first': False, 'cmake_force_configure': False, 'cmake_target': None, 'cmake_target_skip_unavailable': False, 'install_base': '/ros2_ws/install/collision_avoidance', 'merge_install': False, 'path': '/ros2_ws/src/collision_avoidance', 'symlink_install': False, 'test_result_base': None}[0m
[2.361s] [34mcolcon.colcon_core.verb[0m [1;30mLevel 5[0m set package 'interfaces' build argument 'cmake_args' from command line to 'None'
[2.361s] [34mcolcon.colcon_core.verb[0m [1;30mLevel 5[0m set package 'interfaces' build argument 'cmake_target' from command line to 'None'
[2.361s] [34mcolcon.colcon_core.verb[0m [1;30mLevel 5[0m set package 'interfaces' build argument 'cmake_target_skip_unavailable' from command line to 'False'
[2.361s] [34mcolcon.colcon_core.verb[0m [1;30mLevel 5[0m set package 'interfaces' build argument 'cmake_clean_cache' from command line to 'False'
[2.361s] [34mcolcon.colcon_core.verb[0m [1;30mLevel 5[0m set package 'interfaces' build argument 'cmake_clean_first' from command line to 'False'
[2.362s] [34mcolcon.colcon_core.verb[0m [1;30mLevel 5[0m set package 'interfaces' build argument 'cmake_force_configure' from command line to 'False'
[2.362s] [34mcolcon.colcon_core.verb[0m [1;30mLevel 5[0m set package 'interfaces' build argument 'ament_cmake_args' from command line to 'None'
[2.362s] [34mcolcon.colcon_core.verb[0m [1;30mLevel 5[0m set package 'interfaces' build argument 'catkin_cmake_args' from command line to 'None'
[2.362s] [34mcolcon.colcon_core.verb[0m [1;30mLevel 5[0m set package 'interfaces' build argument 'catkin_skip_building_tests' from command line to 'False'
[2.362s] [34mcolcon.colcon_core.verb[0m [1;30mDEBUG[0m [32mBuilding package 'interfaces' with the following arguments: {'ament_cmake_args': None, 'build_base': '/ros2_ws/build/interfaces', 'catkin_cmake_args': None, 'catkin_skip_building_tests': False, 'cmake_args': None, 'cmake_clean_cache': False, 'cmake_clean_first': False, 'cmake_force_configure': False, 'cmake_target': None, 'cmake_target_skip_unavailable': False, 'install_base': '/ros2_ws/install/interfaces', 'merge_install': False, 'path': '/ros2_ws/src/interfaces', 'symlink_install': False, 'test_result_base': None}[0m
[2.364s] [34mcolcon.colcon_core.verb[0m [1;30mLevel 5[0m set package 'oradar_lidar' build argument 'cmake_args' from command line to 'None'
[2.364s] [34mcolcon.colcon_core.verb[0m [1;30mLevel 5[0m set package 'oradar_lidar' build argument 'cmake_target' from command line to 'None'
[2.364s] [34mcolcon.colcon_core.verb[0m [1;30mLevel 5[0m set package 'oradar_lidar' build argument 'cmake_target_skip_unavailable' from command line to 'False'
[2.364s] [34mcolcon.colcon_core.verb[0m [1;30mLevel 5[0m set package 'oradar_lidar' build argument 'cmake_clean_cache' from command line to 'False'
[2.365s] [34mcolcon.colcon_core.verb[0m [1;30mLevel 5[0m set package 'oradar_lidar' build argument 'cmake_clean_first' from command line to 'False'
[2.365s] [34mcolcon.colcon_core.verb[0m [1;30mLevel 5[0m set package 'oradar_lidar' build argument 'cmake_force_configure' from command line to 'False'
[2.365s] [34mcolcon.colcon_core.verb[0m [1;30mLevel 5[0m set package 'oradar_lidar' build argument 'ament_cmake_args' from command line to 'None'
[2.365s] [34mcolcon.colcon_core.verb[0m [1;30mLevel 5[0m set package 'oradar_lidar' build argument 'catkin_cmake_args' from command line to 'None'
[2.365s] [34mcolcon.colcon_core.verb[0m [1;30mLevel 5[0m set package 'oradar_lidar' build argument 'catkin_skip_building_tests' from command line to 'False'
[2.365s] [34mcolcon.colcon_core.verb[0m [1;30mDEBUG[0m [32mBuilding package 'oradar_lidar' with the following arguments: {'ament_cmake_args': None, 'build_base': '/ros2_ws/build/oradar_lidar', 'catkin_cmake_args': None, 'catkin_skip_building_tests': False, 'cmake_args': None, 'cmake_clean_cache': False, 'cmake_clean_first': False, 'cmake_force_configure': False, 'cmake_target': None, 'cmake_target_skip_unavailable': False, 'install_base': '/ros2_ws/install/oradar_lidar', 'merge_install': False, 'path': '/ros2_ws/src/oradar_lidar', 'symlink_install': False, 'test_result_base': None}[0m
[2.367s] [34mcolcon.colcon_core.verb[0m [1;30mLevel 5[0m set package 'brain_controller' build argument 'cmake_args' from command line to 'None'
[2.367s] [34mcolcon.colcon_core.verb[0m [1;30mLevel 5[0m set package 'brain_controller' build argument 'cmake_target' from command line to 'None'
[2.368s] [34mcolcon.colcon_core.verb[0m [1;30mLevel 5[0m set package 'brain_controller' build argument 'cmake_target_skip_unavailable' from command line to 'False'
[2.368s] [34mcolcon.colcon_core.verb[0m [1;30mLevel 5[0m set package 'brain_controller' build argument 'cmake_clean_cache' from command line to 'False'
[2.368s] [34mcolcon.colcon_core.verb[0m [1;30mLevel 5[0m set package 'brain_controller' build argument 'cmake_clean_first' from command line to 'False'
[2.368s] [34mcolcon.colcon_core.verb[0m [1;30mLevel 5[0m set package 'brain_controller' build argument 'cmake_force_configure' from command line to 'False'
[2.368s] [34mcolcon.colcon_core.verb[0m [1;30mLevel 5[0m set package 'brain_controller' build argument 'ament_cmake_args' from command line to 'None'
[2.368s] [34mcolcon.colcon_core.verb[0m [1;30mLevel 5[0m set package 'brain_controller' build argument 'catkin_cmake_args' from command line to 'None'
[2.368s] [34mcolcon.colcon_core.verb[0m [1;30mLevel 5[0m set package 'brain_controller' build argument 'catkin_skip_building_tests' from command line to 'False'
[2.368s] [34mcolcon.colcon_core.verb[0m [1;30mDEBUG[0m [32mBuilding package 'brain_controller' with the following arguments: {'ament_cmake_args': None, 'build_base': '/ros2_ws/build/brain_controller', 'catkin_cmake_args': None, 'catkin_skip_building_tests': False, 'cmake_args': None, 'cmake_clean_cache': False, 'cmake_clean_first': False, 'cmake_force_configure': False, 'cmake_target': None, 'cmake_target_skip_unavailable': False, 'install_base': '/ros2_ws/install/brain_controller', 'merge_install': False, 'path': '/ros2_ws/src/ros2_control/brain_controller', 'symlink_install': False, 'test_result_base': None}[0m
[2.370s] [34mcolcon.colcon_core.verb[0m [1;30mLevel 5[0m set package 'brain_hardware' build argument 'cmake_args' from command line to 'None'
[2.370s] [34mcolcon.colcon_core.verb[0m [1;30mLevel 5[0m set package 'brain_hardware' build argument 'cmake_target' from command line to 'None'
[2.371s] [34mcolcon.colcon_core.verb[0m [1;30mLevel 5[0m set package 'brain_hardware' build argument 'cmake_target_skip_unavailable' from command line to 'False'
[2.371s] [34mcolcon.colcon_core.verb[0m [1;30mLevel 5[0m set package 'brain_hardware' build argument 'cmake_clean_cache' from command line to 'False'
[2.371s] [34mcolcon.colcon_core.verb[0m [1;30mLevel 5[0m set package 'brain_hardware' build argument 'cmake_clean_first' from command line to 'False'
[2.371s] [34mcolcon.colcon_core.verb[0m [1;30mLevel 5[0m set package 'brain_hardware' build argument 'cmake_force_configure' from command line to 'False'
[2.371s] [34mcolcon.colcon_core.verb[0m [1;30mLevel 5[0m set package 'brain_hardware' build argument 'ament_cmake_args' from command line to 'None'
[2.371s] [34mcolcon.colcon_core.verb[0m [1;30mLevel 5[0m set package 'brain_hardware' build argument 'catkin_cmake_args' from command line to 'None'
[2.371s] [34mcolcon.colcon_core.verb[0m [1;30mLevel 5[0m set package 'brain_hardware' build argument 'catkin_skip_building_tests' from command line to 'False'
[2.372s] [34mcolcon.colcon_core.verb[0m [1;30mDEBUG[0m [32mBuilding package 'brain_hardware' with the following arguments: {'ament_cmake_args': None, 'build_base': '/ros2_ws/build/brain_hardware', 'catkin_cmake_args': None, 'catkin_skip_building_tests': False, 'cmake_args': None, 'cmake_clean_cache': False, 'cmake_clean_first': False, 'cmake_force_configure': False, 'cmake_target': None, 'cmake_target_skip_unavailable': False, 'install_base': '/ros2_ws/install/brain_hardware', 'merge_install': False, 'path': '/ros2_ws/src/ros2_control/brain_hardware', 'symlink_install': False, 'test_result_base': None}[0m
[2.373s] [34mcolcon.colcon_core.verb[0m [1;30mLevel 5[0m set package 'description' build argument 'cmake_args' from command line to 'None'
[2.374s] [34mcolcon.colcon_core.verb[0m [1;30mLevel 5[0m set package 'description' build argument 'cmake_target' from command line to 'None'
[2.374s] [34mcolcon.colcon_core.verb[0m [1;30mLevel 5[0m set package 'description' build argument 'cmake_target_skip_unavailable' from command line to 'False'
[2.374s] [34mcolcon.colcon_core.verb[0m [1;30mLevel 5[0m set package 'description' build argument 'cmake_clean_cache' from command line to 'False'
[2.374s] [34mcolcon.colcon_core.verb[0m [1;30mLevel 5[0m set package 'description' build argument 'cmake_clean_first' from command line to 'False'
[2.374s] [34mcolcon.colcon_core.verb[0m [1;30mLevel 5[0m set package 'description' build argument 'cmake_force_configure' from command line to 'False'
[2.374s] [34mcolcon.colcon_core.verb[0m [1;30mLevel 5[0m set package 'description' build argument 'ament_cmake_args' from command line to 'None'
[2.374s] [34mcolcon.colcon_core.verb[0m [1;30mLevel 5[0m set package 'description' build argument 'catkin_cmake_args' from command line to 'None'
[2.374s] [34mcolcon.colcon_core.verb[0m [1;30mLevel 5[0m set package 'description' build argument 'catkin_skip_building_tests' from command line to 'False'
[2.375s] [34mcolcon.colcon_core.verb[0m [1;30mDEBUG[0m [32mBuilding package 'description' with the following arguments: {'ament_cmake_args': None, 'build_base': '/ros2_ws/build/description', 'catkin_cmake_args': None, 'catkin_skip_building_tests': False, 'cmake_args': None, 'cmake_clean_cache': False, 'cmake_clean_first': False, 'cmake_force_configure': False, 'cmake_target': None, 'cmake_target_skip_unavailable': False, 'install_base': '/ros2_ws/install/description', 'merge_install': False, 'path': '/ros2_ws/src/description', 'symlink_install': False, 'test_result_base': None}[0m
[2.376s] [34mcolcon.colcon_core.verb[0m [1;30mLevel 5[0m set package 'bringup' build argument 'cmake_args' from command line to 'None'
[2.377s] [34mcolcon.colcon_core.verb[0m [1;30mLevel 5[0m set package 'bringup' build argument 'cmake_target' from command line to 'None'
[2.377s] [34mcolcon.colcon_core.verb[0m [1;30mLevel 5[0m set package 'bringup' build argument 'cmake_target_skip_unavailable' from command line to 'False'
[2.377s] [34mcolcon.colcon_core.verb[0m [1;30mLevel 5[0m set package 'bringup' build argument 'cmake_clean_cache' from command line to 'False'
[2.377s] [34mcolcon.colcon_core.verb[0m [1;30mLevel 5[0m set package 'bringup' build argument 'cmake_clean_first' from command line to 'False'
[2.377s] [34mcolcon.colcon_core.verb[0m [1;30mLevel 5[0m set package 'bringup' build argument 'cmake_force_configure' from command line to 'False'
[2.377s] [34mcolcon.colcon_core.verb[0m [1;30mLevel 5[0m set package 'bringup' build argument 'ament_cmake_args' from command line to 'None'
[2.377s] [34mcolcon.colcon_core.verb[0m [1;30mLevel 5[0m set package 'bringup' build argument 'catkin_cmake_args' from command line to 'None'
[2.378s] [34mcolcon.colcon_core.verb[0m [1;30mLevel 5[0m set package 'bringup' build argument 'catkin_skip_building_tests' from command line to 'False'
[2.378s] [34mcolcon.colcon_core.verb[0m [1;30mDEBUG[0m [32mBuilding package 'bringup' with the following arguments: {'ament_cmake_args': None, 'build_base': '/ros2_ws/build/bringup', 'catkin_cmake_args': None, 'catkin_skip_building_tests': False, 'cmake_args': None, 'cmake_clean_cache': False, 'cmake_clean_first': False, 'cmake_force_configure': False, 'cmake_target': None, 'cmake_target_skip_unavailable': False, 'install_base': '/ros2_ws/install/bringup', 'merge_install': False, 'path': '/ros2_ws/src/bringup', 'symlink_install': False, 'test_result_base': None}[0m
[2.378s] [34mcolcon.colcon_core.executor[0m [1;30mINFO[0m Executing jobs using 'parallel' executor
[2.382s] [34mcolcon.colcon_parallel_executor.executor.parallel[0m [1;30mDEBUG[0m [32mrun_until_complete[0m
[2.383s] [34mcolcon.colcon_ros.task.ament_cmake.build[0m [1;30mINFO[0m Building ROS package in '/ros2_ws/src/interfaces' with build type 'ament_cmake'
[2.383s] [34mcolcon.colcon_cmake.task.cmake.build[0m [1;30mINFO[0m Building CMake package in '/ros2_ws/src/interfaces'
[2.393s] [34mcolcon.colcon_core.plugin_system[0m [1;30mINFO[0m Skipping extension 'colcon_core.shell.bat': Not used on non-Windows systems
[2.394s] [34mcolcon.colcon_core.shell[0m [1;30mINFO[0m Skip shell extension 'powershell' for command environment: Not usable outside of PowerShell
[2.395s] [34mcolcon.colcon_core.shell[0m [1;30mDEBUG[0m [32mSkip shell extension 'dsv' for command environment[0m
[2.415s] [34mcolcon.colcon_ros.task.ament_cmake.build[0m [1;30mINFO[0m Building ROS package in '/ros2_ws/src/collision_avoidance' with build type 'ament_cmake'
[2.416s] [34mcolcon.colcon_cmake.task.cmake.build[0m [1;30mINFO[0m Building CMake package in '/ros2_ws/src/collision_avoidance'
[2.417s] [34mcolcon.colcon_core.shell[0m [1;30mINFO[0m Skip shell extension 'powershell' for command environment: Not usable outside of PowerShell
[2.418s] [34mcolcon.colcon_core.shell[0m [1;30mDEBUG[0m [32mSkip shell extension 'dsv' for command environment[0m
[2.438s] [34mcolcon.colcon_ros.task.ament_cmake.build[0m [1;30mINFO[0m Building ROS package in '/ros2_ws/src/oradar_lidar' with build type 'ament_cmake'
[2.438s] [34mcolcon.colcon_cmake.task.cmake.build[0m [1;30mINFO[0m Building CMake package in '/ros2_ws/src/oradar_lidar'
[2.440s] [34mcolcon.colcon_core.shell[0m [1;30mINFO[0m Skip shell extension 'powershell' for command environment: Not usable outside of PowerShell
[2.440s] [34mcolcon.colcon_core.shell[0m [1;30mDEBUG[0m [32mSkip shell extension 'dsv' for command environment[0m
[2.505s] [34mcolcon.colcon_core.event_handler.log_command[0m [1;30mDEBUG[0m [32mInvoking command in '/ros2_ws/build/interfaces': CMAKE_PREFIX_PATH=${CMAKE_PREFIX_PATH}:/opt/ros/humble /usr/bin/cmake --build /ros2_ws/build/interfaces -- -j4 -l4[0m
[2.538s] [34mcolcon.colcon_core.event_handler.log_command[0m [1;30mDEBUG[0m [32mInvoking command in '/ros2_ws/build/collision_avoidance': CMAKE_PREFIX_PATH=${CMAKE_PREFIX_PATH}:/opt/ros/humble /usr/bin/cmake --build /ros2_ws/build/collision_avoidance -- -j4 -l4[0m
[2.580s] [34mcolcon.colcon_core.event_handler.log_command[0m [1;30mDEBUG[0m [32mInvoking command in '/ros2_ws/build/oradar_lidar': CMAKE_PREFIX_PATH=${CMAKE_PREFIX_PATH}:/opt/ros/humble /usr/bin/cmake --build /ros2_ws/build/oradar_lidar -- -j4 -l4[0m
[3.297s] [34mcolcon.colcon_core.event_handler.log_command[0m [1;30mDEBUG[0m [32mInvoked command in '/ros2_ws/build/collision_avoidance' returned '0': CMAKE_PREFIX_PATH=${CMAKE_PREFIX_PATH}:/opt/ros/humble /usr/bin/cmake --build /ros2_ws/build/collision_avoidance -- -j4 -l4[0m
[3.357s] [34mcolcon.colcon_core.event_handler.log_command[0m [1;30mDEBUG[0m [32mInvoking command in '/ros2_ws/build/collision_avoidance': CMAKE_PREFIX_PATH=${CMAKE_PREFIX_PATH}:/opt/ros/humble /usr/bin/cmake --install /ros2_ws/build/collision_avoidance[0m
[3.429s] [34mcolcon.colcon_core.environment[0m [1;30mLevel 1[0m create_environment_scripts_only(collision_avoidance)
[3.448s] [34mcolcon.colcon_core.event_handler.log_command[0m [1;30mDEBUG[0m [32mInvoked command in '/ros2_ws/build/collision_avoidance' returned '0': CMAKE_PREFIX_PATH=${CMAKE_PREFIX_PATH}:/opt/ros/humble /usr/bin/cmake --install /ros2_ws/build/collision_avoidance[0m
[3.462s] [34mcolcon.colcon_core.environment[0m [1;30mLevel 1[0m checking '/ros2_ws/install/collision_avoidance' for CMake module files
[3.465s] [34mcolcon.colcon_core.environment[0m [1;30mLevel 1[0m checking '/ros2_ws/install/collision_avoidance' for CMake config files
[3.466s] [34mcolcon.colcon_core.shell[0m [1;30mLevel 1[0m create_environment_hook('collision_avoidance', 'cmake_prefix_path')
[3.469s] [34mcolcon.colcon_core.shell[0m [1;30mINFO[0m Creating environment hook '/ros2_ws/install/collision_avoidance/share/collision_avoidance/hook/cmake_prefix_path.ps1'
[3.475s] [34mcolcon.colcon_core.shell[0m [1;30mINFO[0m Creating environment descriptor '/ros2_ws/install/collision_avoidance/share/collision_avoidance/hook/cmake_prefix_path.dsv'
[3.478s] [34mcolcon.colcon_core.shell[0m [1;30mINFO[0m Creating environment hook '/ros2_ws/install/collision_avoidance/share/collision_avoidance/hook/cmake_prefix_path.sh'
[3.482s] [34mcolcon.colcon_core.environment[0m [1;30mLevel 1[0m checking '/ros2_ws/install/collision_avoidance/lib'
[3.493s] [34mcolcon.colcon_core.shell[0m [1;30mLevel 1[0m create_environment_hook('collision_avoidance', 'ld_library_path_lib')
[3.495s] [34mcolcon.colcon_core.shell[0m [1;30mINFO[0m Creating environment hook '/ros2_ws/install/collision_avoidance/share/collision_avoidance/hook/ld_library_path_lib.ps1'
[3.499s] [34mcolcon.colcon_core.shell[0m [1;30mINFO[0m Creating environment descriptor '/ros2_ws/install/collision_avoidance/share/collision_avoidance/hook/ld_library_path_lib.dsv'
[3.504s] [34mcolcon.colcon_core.shell[0m [1;30mINFO[0m Creating environment hook '/ros2_ws/install/collision_avoidance/share/collision_avoidance/hook/ld_library_path_lib.sh'
[3.508s] [34mcolcon.colcon_core.environment[0m [1;30mLevel 1[0m checking '/ros2_ws/install/collision_avoidance/bin'
[3.508s] [34mcolcon.colcon_core.environment[0m [1;30mLevel 1[0m checking '/ros2_ws/install/collision_avoidance/lib/pkgconfig/collision_avoidance.pc'
[3.510s] [34mcolcon.colcon_core.environment[0m [1;30mLevel 1[0m checking '/ros2_ws/install/collision_avoidance/lib/python3.10/site-packages'
[3.512s] [34mcolcon.colcon_core.environment[0m [1;30mLevel 1[0m checking '/ros2_ws/install/collision_avoidance/bin'
[3.515s] [34mcolcon.colcon_core.shell[0m [1;30mINFO[0m Creating package script '/ros2_ws/install/collision_avoidance/share/collision_avoidance/package.ps1'
[3.528s] [34mcolcon.colcon_core.shell[0m [1;30mINFO[0m Creating package descriptor '/ros2_ws/install/collision_avoidance/share/collision_avoidance/package.dsv'
[3.540s] [34mcolcon.colcon_core.shell[0m [1;30mINFO[0m Creating package script '/ros2_ws/install/collision_avoidance/share/collision_avoidance/package.sh'
[3.551s] [34mcolcon.colcon_core.shell[0m [1;30mINFO[0m Creating package script '/ros2_ws/install/collision_avoidance/share/collision_avoidance/package.bash'
[3.562s] [34mcolcon.colcon_core.shell[0m [1;30mINFO[0m Creating package script '/ros2_ws/install/collision_avoidance/share/collision_avoidance/package.zsh'
[3.566s] [34mcolcon.colcon_core.environment[0m [1;30mLevel 1[0m create_file_with_runtime_dependencies(/ros2_ws/install/collision_avoidance/share/colcon-core/packages/collision_avoidance)
[3.569s] [34mcolcon.colcon_core.environment[0m [1;30mLevel 1[0m create_environment_scripts_only(collision_avoidance)
[3.584s] [34mcolcon.colcon_core.environment[0m [1;30mLevel 1[0m checking '/ros2_ws/install/collision_avoidance' for CMake module files
[3.587s] [34mcolcon.colcon_core.environment[0m [1;30mLevel 1[0m checking '/ros2_ws/install/collision_avoidance' for CMake config files
[3.589s] [34mcolcon.colcon_core.shell[0m [1;30mLevel 1[0m create_environment_hook('collision_avoidance', 'cmake_prefix_path')
[3.590s] [34mcolcon.colcon_core.shell[0m [1;30mINFO[0m Creating environment hook '/ros2_ws/install/collision_avoidance/share/collision_avoidance/hook/cmake_prefix_path.ps1'
[3.592s] [34mcolcon.colcon_core.shell[0m [1;30mINFO[0m Creating environment descriptor '/ros2_ws/install/collision_avoidance/share/collision_avoidance/hook/cmake_prefix_path.dsv'
[3.594s] [34mcolcon.colcon_core.shell[0m [1;30mINFO[0m Creating environment hook '/ros2_ws/install/collision_avoidance/share/collision_avoidance/hook/cmake_prefix_path.sh'
[3.597s] [34mcolcon.colcon_core.environment[0m [1;30mLevel 1[0m checking '/ros2_ws/install/collision_avoidance/lib'
[3.598s] [34mcolcon.colcon_core.shell[0m [1;30mLevel 1[0m create_environment_hook('collision_avoidance', 'ld_library_path_lib')
[3.599s] [34mcolcon.colcon_core.shell[0m [1;30mINFO[0m Creating environment hook '/ros2_ws/install/collision_avoidance/share/collision_avoidance/hook/ld_library_path_lib.ps1'
[3.601s] [34mcolcon.colcon_core.shell[0m [1;30mINFO[0m Creating environment descriptor '/ros2_ws/install/collision_avoidance/share/collision_avoidance/hook/ld_library_path_lib.dsv'
[3.603s] [34mcolcon.colcon_core.shell[0m [1;30mINFO[0m Creating environment hook '/ros2_ws/install/collision_avoidance/share/collision_avoidance/hook/ld_library_path_lib.sh'
[3.605s] [34mcolcon.colcon_core.environment[0m [1;30mLevel 1[0m checking '/ros2_ws/install/collision_avoidance/bin'
[3.605s] [34mcolcon.colcon_core.environment[0m [1;30mLevel 1[0m checking '/ros2_ws/install/collision_avoidance/lib/pkgconfig/collision_avoidance.pc'
[3.606s] [34mcolcon.colcon_core.environment[0m [1;30mLevel 1[0m checking '/ros2_ws/install/collision_avoidance/lib/python3.10/site-packages'
[3.609s] [34mcolcon.colcon_core.environment[0m [1;30mLevel 1[0m checking '/ros2_ws/install/collision_avoidance/bin'
[3.611s] [34mcolcon.colcon_core.shell[0m [1;30mINFO[0m Creating package script '/ros2_ws/install/collision_avoidance/share/collision_avoidance/package.ps1'
[3.617s] [34mcolcon.colcon_core.shell[0m [1;30mINFO[0m Creating package descriptor '/ros2_ws/install/collision_avoidance/share/collision_avoidance/package.dsv'
[3.622s] [34mcolcon.colcon_core.shell[0m [1;30mINFO[0m Creating package script '/ros2_ws/install/collision_avoidance/share/collision_avoidance/package.sh'
[3.625s] [34mcolcon.colcon_core.shell[0m [1;30mINFO[0m Creating package script '/ros2_ws/install/collision_avoidance/share/collision_avoidance/package.bash'
[3.629s] [34mcolcon.colcon_core.shell[0m [1;30mINFO[0m Creating package script '/ros2_ws/install/collision_avoidance/share/collision_avoidance/package.zsh'
[3.633s] [34mcolcon.colcon_core.environment[0m [1;30mLevel 1[0m create_file_with_runtime_dependencies(/ros2_ws/install/collision_avoidance/share/colcon-core/packages/collision_avoidance)
[3.640s] [34mcolcon.colcon_core.event_handler.log_command[0m [1;30mDEBUG[0m [32mInvoked command in '/ros2_ws/build/oradar_lidar' returned '0': CMAKE_PREFIX_PATH=${CMAKE_PREFIX_PATH}:/opt/ros/humble /usr/bin/cmake --build /ros2_ws/build/oradar_lidar -- -j4 -l4[0m
[3.648s] [34mcolcon.colcon_core.event_handler.log_command[0m [1;30mDEBUG[0m [32mInvoking command in '/ros2_ws/build/oradar_lidar': CMAKE_PREFIX_PATH=${CMAKE_PREFIX_PATH}:/opt/ros/humble /usr/bin/cmake --install /ros2_ws/build/oradar_lidar[0m
[3.955s] [34mcolcon.colcon_core.environment[0m [1;30mLevel 1[0m create_environment_scripts_only(oradar_lidar)
[3.956s] [34mcolcon.colcon_core.environment[0m [1;30mLevel 1[0m checking '/ros2_ws/install/oradar_lidar' for CMake module files
[3.965s] [34mcolcon.colcon_core.event_handler.log_command[0m [1;30mDEBUG[0m [32mInvoked command in '/ros2_ws/build/oradar_lidar' returned '0': CMAKE_PREFIX_PATH=${CMAKE_PREFIX_PATH}:/opt/ros/humble /usr/bin/cmake --install /ros2_ws/build/oradar_lidar[0m
[3.967s] [34mcolcon.colcon_core.environment[0m [1;30mLevel 1[0m checking '/ros2_ws/install/oradar_lidar' for CMake config files
[3.975s] [34mcolcon.colcon_core.shell[0m [1;30mLevel 1[0m create_environment_hook('oradar_lidar', 'cmake_prefix_path')
[3.992s] [34mcolcon.colcon_core.shell[0m [1;30mINFO[0m Creating environment hook '/ros2_ws/install/oradar_lidar/share/oradar_lidar/hook/cmake_prefix_path.ps1'
[3.995s] [34mcolcon.colcon_core.shell[0m [1;30mINFO[0m Creating environment descriptor '/ros2_ws/install/oradar_lidar/share/oradar_lidar/hook/cmake_prefix_path.dsv'
[3.997s] [34mcolcon.colcon_core.shell[0m [1;30mINFO[0m Creating environment hook '/ros2_ws/install/oradar_lidar/share/oradar_lidar/hook/cmake_prefix_path.sh'
[4.001s] [34mcolcon.colcon_core.environment[0m [1;30mLevel 1[0m checking '/ros2_ws/install/oradar_lidar/lib'
[4.001s] [34mcolcon.colcon_core.environment[0m [1;30mLevel 1[0m checking '/ros2_ws/install/oradar_lidar/bin'
[4.001s] [34mcolcon.colcon_core.shell[0m [1;30mLevel 1[0m create_environment_hook('oradar_lidar', 'path')
[4.003s] [34mcolcon.colcon_core.shell[0m [1;30mINFO[0m Creating environment hook '/ros2_ws/install/oradar_lidar/share/oradar_lidar/hook/path.ps1'
[4.005s] [34mcolcon.colcon_core.shell[0m [1;30mINFO[0m Creating environment descriptor '/ros2_ws/install/oradar_lidar/share/oradar_lidar/hook/path.dsv'
[4.007s] [34mcolcon.colcon_core.shell[0m [1;30mINFO[0m Creating environment hook '/ros2_ws/install/oradar_lidar/share/oradar_lidar/hook/path.sh'
[4.010s] [34mcolcon.colcon_core.environment[0m [1;30mLevel 1[0m checking '/ros2_ws/install/oradar_lidar/lib/pkgconfig/oradar_lidar.pc'
[4.013s] [34mcolcon.colcon_core.environment[0m [1;30mLevel 1[0m checking '/ros2_ws/install/oradar_lidar/lib/python3.10/site-packages'
[4.016s] [34mcolcon.colcon_core.environment[0m [1;30mLevel 1[0m checking '/ros2_ws/install/oradar_lidar/bin'
[4.018s] [34mcolcon.colcon_core.shell[0m [1;30mLevel 1[0m create_environment_hook('oradar_lidar', 'pythonscriptspath')
[4.020s] [34mcolcon.colcon_core.shell[0m [1;30mINFO[0m Creating environment hook '/ros2_ws/install/oradar_lidar/share/oradar_lidar/hook/pythonscriptspath.ps1'
[4.023s] [34mcolcon.colcon_core.shell[0m [1;30mINFO[0m Creating environment descriptor '/ros2_ws/install/oradar_lidar/share/oradar_lidar/hook/pythonscriptspath.dsv'
[4.028s] [34mcolcon.colcon_core.shell[0m [1;30mINFO[0m Creating environment hook '/ros2_ws/install/oradar_lidar/share/oradar_lidar/hook/pythonscriptspath.sh'
[4.032s] [34mcolcon.colcon_core.shell[0m [1;30mINFO[0m Creating package script '/ros2_ws/install/oradar_lidar/share/oradar_lidar/package.ps1'
[4.038s] [34mcolcon.colcon_core.shell[0m [1;30mINFO[0m Creating package descriptor '/ros2_ws/install/oradar_lidar/share/oradar_lidar/package.dsv'
[4.043s] [34mcolcon.colcon_core.shell[0m [1;30mINFO[0m Creating package script '/ros2_ws/install/oradar_lidar/share/oradar_lidar/package.sh'
[4.045s] [34mcolcon.colcon_core.shell[0m [1;30mINFO[0m Creating package script '/ros2_ws/install/oradar_lidar/share/oradar_lidar/package.bash'
[4.047s] [34mcolcon.colcon_core.shell[0m [1;30mINFO[0m Creating package script '/ros2_ws/install/oradar_lidar/share/oradar_lidar/package.zsh'
[4.050s] [34mcolcon.colcon_core.environment[0m [1;30mLevel 1[0m create_file_with_runtime_dependencies(/ros2_ws/install/oradar_lidar/share/colcon-core/packages/oradar_lidar)
[4.053s] [34mcolcon.colcon_core.environment[0m [1;30mLevel 1[0m create_environment_scripts_only(oradar_lidar)
[4.055s] [34mcolcon.colcon_core.environment[0m [1;30mLevel 1[0m checking '/ros2_ws/install/oradar_lidar' for CMake module files
[4.058s] [34mcolcon.colcon_core.environment[0m [1;30mLevel 1[0m checking '/ros2_ws/install/oradar_lidar' for CMake config files
[4.061s] [34mcolcon.colcon_core.shell[0m [1;30mLevel 1[0m create_environment_hook('oradar_lidar', 'cmake_prefix_path')
[4.063s] [34mcolcon.colcon_core.shell[0m [1;30mINFO[0m Creating environment hook '/ros2_ws/install/oradar_lidar/share/oradar_lidar/hook/cmake_prefix_path.ps1'
[4.066s] [34mcolcon.colcon_core.shell[0m [1;30mINFO[0m Creating environment descriptor '/ros2_ws/install/oradar_lidar/share/oradar_lidar/hook/cmake_prefix_path.dsv'
[4.069s] [34mcolcon.colcon_core.shell[0m [1;30mINFO[0m Creating environment hook '/ros2_ws/install/oradar_lidar/share/oradar_lidar/hook/cmake_prefix_path.sh'
[4.072s] [34mcolcon.colcon_core.environment[0m [1;30mLevel 1[0m checking '/ros2_ws/install/oradar_lidar/lib'
[4.073s] [34mcolcon.colcon_core.environment[0m [1;30mLevel 1[0m checking '/ros2_ws/install/oradar_lidar/bin'
[4.073s] [34mcolcon.colcon_core.shell[0m [1;30mLevel 1[0m create_environment_hook('oradar_lidar', 'path')
[4.074s] [34mcolcon.colcon_core.shell[0m [1;30mINFO[0m Creating environment hook '/ros2_ws/install/oradar_lidar/share/oradar_lidar/hook/path.ps1'
[4.078s] [34mcolcon.colcon_core.shell[0m [1;30mINFO[0m Creating environment descriptor '/ros2_ws/install/oradar_lidar/share/oradar_lidar/hook/path.dsv'
[4.081s] [34mcolcon.colcon_core.shell[0m [1;30mINFO[0m Creating environment hook '/ros2_ws/install/oradar_lidar/share/oradar_lidar/hook/path.sh'
[4.084s] [34mcolcon.colcon_core.environment[0m [1;30mLevel 1[0m checking '/ros2_ws/install/oradar_lidar/lib/pkgconfig/oradar_lidar.pc'
[4.086s] [34mcolcon.colcon_core.environment[0m [1;30mLevel 1[0m checking '/ros2_ws/install/oradar_lidar/lib/python3.10/site-packages'
[4.088s] [34mcolcon.colcon_core.environment[0m [1;30mLevel 1[0m checking '/ros2_ws/install/oradar_lidar/bin'
[4.088s] [34mcolcon.colcon_core.shell[0m [1;30mLevel 1[0m create_environment_hook('oradar_lidar', 'pythonscriptspath')
[4.090s] [34mcolcon.colcon_core.shell[0m [1;30mINFO[0m Creating environment hook '/ros2_ws/install/oradar_lidar/share/oradar_lidar/hook/pythonscriptspath.ps1'
[4.093s] [34mcolcon.colcon_core.shell[0m [1;30mINFO[0m Creating environment descriptor '/ros2_ws/install/oradar_lidar/share/oradar_lidar/hook/pythonscriptspath.dsv'
[4.096s] [34mcolcon.colcon_core.shell[0m [1;30mINFO[0m Creating environment hook '/ros2_ws/install/oradar_lidar/share/oradar_lidar/hook/pythonscriptspath.sh'
[4.102s] [34mcolcon.colcon_core.shell[0m [1;30mINFO[0m Creating package script '/ros2_ws/install/oradar_lidar/share/oradar_lidar/package.ps1'
[4.106s] [34mcolcon.colcon_core.shell[0m [1;30mINFO[0m Creating package descriptor '/ros2_ws/install/oradar_lidar/share/oradar_lidar/package.dsv'
[4.110s] [34mcolcon.colcon_core.shell[0m [1;30mINFO[0m Creating package script '/ros2_ws/install/oradar_lidar/share/oradar_lidar/package.sh'
[4.114s] [34mcolcon.colcon_core.shell[0m [1;30mINFO[0m Creating package script '/ros2_ws/install/oradar_lidar/share/oradar_lidar/package.bash'
[4.119s] [34mcolcon.colcon_core.shell[0m [1;30mINFO[0m Creating package script '/ros2_ws/install/oradar_lidar/share/oradar_lidar/package.zsh'
[4.124s] [34mcolcon.colcon_core.environment[0m [1;30mLevel 1[0m create_file_with_runtime_dependencies(/ros2_ws/install/oradar_lidar/share/colcon-core/packages/oradar_lidar)
[5.624s] [34mcolcon.colcon_core.event_handler.log_command[0m [1;30mDEBUG[0m [32mInvoked command in '/ros2_ws/build/interfaces' returned '0': CMAKE_PREFIX_PATH=${CMAKE_PREFIX_PATH}:/opt/ros/humble /usr/bin/cmake --build /ros2_ws/build/interfaces -- -j4 -l4[0m
[5.627s] [34mcolcon.colcon_core.event_handler.log_command[0m [1;30mDEBUG[0m [32mInvoking command in '/ros2_ws/build/interfaces': CMAKE_PREFIX_PATH=${CMAKE_PREFIX_PATH}:/opt/ros/humble /usr/bin/cmake --install /ros2_ws/build/interfaces[0m
[6.196s] [34mcolcon.colcon_core.environment[0m [1;30mLevel 1[0m create_environment_scripts_only(interfaces)
[6.197s] [34mcolcon.colcon_core.environment[0m [1;30mLevel 1[0m checking '/ros2_ws/install/interfaces' for CMake module files
[6.207s] [34mcolcon.colcon_core.environment[0m [1;30mLevel 1[0m checking '/ros2_ws/install/interfaces' for CMake config files
[6.212s] [34mcolcon.colcon_core.shell[0m [1;30mLevel 1[0m create_environment_hook('interfaces', 'cmake_prefix_path')
[6.214s] [34mcolcon.colcon_core.shell[0m [1;30mINFO[0m Creating environment hook '/ros2_ws/install/interfaces/share/interfaces/hook/cmake_prefix_path.ps1'
[6.217s] [34mcolcon.colcon_core.event_handler.log_command[0m [1;30mDEBUG[0m [32mInvoked command in '/ros2_ws/build/interfaces' returned '0': CMAKE_PREFIX_PATH=${CMAKE_PREFIX_PATH}:/opt/ros/humble /usr/bin/cmake --install /ros2_ws/build/interfaces[0m
[6.218s] [34mcolcon.colcon_core.shell[0m [1;30mINFO[0m Creating environment descriptor '/ros2_ws/install/interfaces/share/interfaces/hook/cmake_prefix_path.dsv'
[6.220s] [34mcolcon.colcon_core.shell[0m [1;30mINFO[0m Creating environment hook '/ros2_ws/install/interfaces/share/interfaces/hook/cmake_prefix_path.sh'
[6.223s] [34mcolcon.colcon_core.environment[0m [1;30mLevel 1[0m checking '/ros2_ws/install/interfaces/lib'
[6.223s] [34mcolcon.colcon_core.shell[0m [1;30mLevel 1[0m create_environment_hook('interfaces', 'ld_library_path_lib')
[6.225s] [34mcolcon.colcon_core.shell[0m [1;30mINFO[0m Creating environment hook '/ros2_ws/install/interfaces/share/interfaces/hook/ld_library_path_lib.ps1'
[6.227s] [34mcolcon.colcon_core.shell[0m [1;30mINFO[0m Creating environment descriptor '/ros2_ws/install/interfaces/share/interfaces/hook/ld_library_path_lib.dsv'
[6.229s] [34mcolcon.colcon_core.shell[0m [1;30mINFO[0m Creating environment hook '/ros2_ws/install/interfaces/share/interfaces/hook/ld_library_path_lib.sh'
[6.231s] [34mcolcon.colcon_core.environment[0m [1;30mLevel 1[0m checking '/ros2_ws/install/interfaces/bin'
[6.231s] [34mcolcon.colcon_core.environment[0m [1;30mLevel 1[0m checking '/ros2_ws/install/interfaces/lib/pkgconfig/interfaces.pc'
[6.232s] [34mcolcon.colcon_core.environment[0m [1;30mLevel 1[0m checking '/ros2_ws/install/interfaces/lib/python3.10/site-packages'
[6.234s] [34mcolcon.colcon_core.environment[0m [1;30mLevel 1[0m checking '/ros2_ws/install/interfaces/bin'
[6.236s] [34mcolcon.colcon_core.shell[0m [1;30mINFO[0m Creating package script '/ros2_ws/install/interfaces/share/interfaces/package.ps1'
[6.241s] [34mcolcon.colcon_core.shell[0m [1;30mINFO[0m Creating package descriptor '/ros2_ws/install/interfaces/share/interfaces/package.dsv'
[6.246s] [34mcolcon.colcon_core.shell[0m [1;30mINFO[0m Creating package script '/ros2_ws/install/interfaces/share/interfaces/package.sh'
[6.249s] [34mcolcon.colcon_core.shell[0m [1;30mINFO[0m Creating package script '/ros2_ws/install/interfaces/share/interfaces/package.bash'
[6.252s] [34mcolcon.colcon_core.shell[0m [1;30mINFO[0m Creating package script '/ros2_ws/install/interfaces/share/interfaces/package.zsh'
[6.254s] [34mcolcon.colcon_core.environment[0m [1;30mLevel 1[0m create_file_with_runtime_dependencies(/ros2_ws/install/interfaces/share/colcon-core/packages/interfaces)
[6.257s] [34mcolcon.colcon_core.environment[0m [1;30mLevel 1[0m create_environment_scripts_only(interfaces)
[6.258s] [34mcolcon.colcon_core.environment[0m [1;30mLevel 1[0m checking '/ros2_ws/install/interfaces' for CMake module files
[6.262s] [34mcolcon.colcon_core.environment[0m [1;30mLevel 1[0m checking '/ros2_ws/install/interfaces' for CMake config files
[6.268s] [34mcolcon.colcon_core.shell[0m [1;30mLevel 1[0m create_environment_hook('interfaces', 'cmake_prefix_path')
[6.269s] [34mcolcon.colcon_core.shell[0m [1;30mINFO[0m Creating environment hook '/ros2_ws/install/interfaces/share/interfaces/hook/cmake_prefix_path.ps1'
[6.271s] [34mcolcon.colcon_core.shell[0m [1;30mINFO[0m Creating environment descriptor '/ros2_ws/install/interfaces/share/interfaces/hook/cmake_prefix_path.dsv'
[6.273s] [34mcolcon.colcon_core.shell[0m [1;30mINFO[0m Creating environment hook '/ros2_ws/install/interfaces/share/interfaces/hook/cmake_prefix_path.sh'
[6.277s] [34mcolcon.colcon_core.environment[0m [1;30mLevel 1[0m checking '/ros2_ws/install/interfaces/lib'
[6.277s] [34mcolcon.colcon_core.shell[0m [1;30mLevel 1[0m create_environment_hook('interfaces', 'ld_library_path_lib')
[6.279s] [34mcolcon.colcon_core.shell[0m [1;30mINFO[0m Creating environment hook '/ros2_ws/install/interfaces/share/interfaces/hook/ld_library_path_lib.ps1'
[6.281s] [34mcolcon.colcon_core.shell[0m [1;30mINFO[0m Creating environment descriptor '/ros2_ws/install/interfaces/share/interfaces/hook/ld_library_path_lib.dsv'
[6.283s] [34mcolcon.colcon_core.shell[0m [1;30mINFO[0m Creating environment hook '/ros2_ws/install/interfaces/share/interfaces/hook/ld_library_path_lib.sh'
[6.285s] [34mcolcon.colcon_core.environment[0m [1;30mLevel 1[0m checking '/ros2_ws/install/interfaces/bin'
[6.285s] [34mcolcon.colcon_core.environment[0m [1;30mLevel 1[0m checking '/ros2_ws/install/interfaces/lib/pkgconfig/interfaces.pc'
[6.286s] [34mcolcon.colcon_core.environment[0m [1;30mLevel 1[0m checking '/ros2_ws/install/interfaces/lib/python3.10/site-packages'
[6.289s] [34mcolcon.colcon_core.environment[0m [1;30mLevel 1[0m checking '/ros2_ws/install/interfaces/bin'
[6.291s] [34mcolcon.colcon_core.shell[0m [1;30mINFO[0m Creating package script '/ros2_ws/install/interfaces/share/interfaces/package.ps1'
[6.296s] [34mcolcon.colcon_core.shell[0m [1;30mINFO[0m Creating package descriptor '/ros2_ws/install/interfaces/share/interfaces/package.dsv'
[6.300s] [34mcolcon.colcon_core.shell[0m [1;30mINFO[0m Creating package script '/ros2_ws/install/interfaces/share/interfaces/package.sh'
[6.304s] [34mcolcon.colcon_core.shell[0m [1;30mINFO[0m Creating package script '/ros2_ws/install/interfaces/share/interfaces/package.bash'
[6.307s] [34mcolcon.colcon_core.shell[0m [1;30mINFO[0m Creating package script '/ros2_ws/install/interfaces/share/interfaces/package.zsh'
[6.310s] [34mcolcon.colcon_core.environment[0m [1;30mLevel 1[0m create_file_with_runtime_dependencies(/ros2_ws/install/interfaces/share/colcon-core/packages/interfaces)
[6.316s] [34mcolcon.colcon_ros.task.ament_cmake.build[0m [1;30mINFO[0m Building ROS package in '/ros2_ws/src/ros2_control/brain_hardware' with build type 'ament_cmake'
[6.318s] [34mcolcon.colcon_cmake.task.cmake.build[0m [1;30mINFO[0m Building CMake package in '/ros2_ws/src/ros2_control/brain_hardware'
[6.321s] [34mcolcon.colcon_core.shell[0m [1;30mINFO[0m Skip shell extension 'powershell' for command environment: Not usable outside of PowerShell
[6.321s] [34mcolcon.colcon_core.shell[0m [1;30mDEBUG[0m [32mSkip shell extension 'dsv' for command environment[0m
[6.349s] [34mcolcon.colcon_ros.task.ament_cmake.build[0m [1;30mINFO[0m Building ROS package in '/ros2_ws/src/ros2_control/brain_controller' with build type 'ament_cmake'
[6.349s] [34mcolcon.colcon_cmake.task.cmake.build[0m [1;30mINFO[0m Building CMake package in '/ros2_ws/src/ros2_control/brain_controller'
[6.351s] [34mcolcon.colcon_core.shell[0m [1;30mINFO[0m Skip shell extension 'powershell' for command environment: Not usable outside of PowerShell
[6.352s] [34mcolcon.colcon_core.shell[0m [1;30mDEBUG[0m [32mSkip shell extension 'dsv' for command environment[0m
[6.397s] [34mcolcon.colcon_core.event_handler.log_command[0m [1;30mDEBUG[0m [32mInvoking command in '/ros2_ws/build/brain_hardware': CMAKE_PREFIX_PATH=/ros2_ws/install/interfaces:/ros2_ws/install/oradar_lidar:/ros2_ws/install/bringup:/ros2_ws/install/description:/ros2_ws/install/brain_hardware:/ros2_ws/install/brain_controller:/ros2_ws/install/collision_avoidance:/opt/ros/humble LD_LIBRARY_PATH=/ros2_ws/install/interfaces/lib:/ros2_ws/install/brain_hardware/lib:/ros2_ws/install/brain_controller/lib:/ros2_ws/install/collision_avoidance/lib:/opt/ros/humble/opt/rviz_ogre_vendor/lib:/opt/ros/humble/lib/aarch64-linux-gnu:/opt/ros/humble/lib /usr/bin/cmake --build /ros2_ws/build/brain_hardware -- -j4 -l4[0m
[6.420s] [34mcolcon.colcon_core.event_handler.log_command[0m [1;30mDEBUG[0m [32mInvoking command in '/ros2_ws/build/brain_controller': CMAKE_PREFIX_PATH=/ros2_ws/install/interfaces:/ros2_ws/install/oradar_lidar:/ros2_ws/install/bringup:/ros2_ws/install/description:/ros2_ws/install/brain_hardware:/ros2_ws/install/brain_controller:/ros2_ws/install/collision_avoidance:/opt/ros/humble LD_LIBRARY_PATH=/ros2_ws/install/interfaces/lib:/ros2_ws/install/brain_hardware/lib:/ros2_ws/install/brain_controller/lib:/ros2_ws/install/collision_avoidance/lib:/opt/ros/humble/opt/rviz_ogre_vendor/lib:/opt/ros/humble/lib/aarch64-linux-gnu:/opt/ros/humble/lib /usr/bin/cmake --build /ros2_ws/build/brain_controller -- -j4 -l4[0m
[6.708s] [34mcolcon.colcon_core.event_handler.log_command[0m [1;30mDEBUG[0m [32mInvoked command in '/ros2_ws/build/brain_hardware' returned '0': CMAKE_PREFIX_PATH=/ros2_ws/install/interfaces:/ros2_ws/install/oradar_lidar:/ros2_ws/install/bringup:/ros2_ws/install/description:/ros2_ws/install/brain_hardware:/ros2_ws/install/brain_controller:/ros2_ws/install/collision_avoidance:/opt/ros/humble LD_LIBRARY_PATH=/ros2_ws/install/interfaces/lib:/ros2_ws/install/brain_hardware/lib:/ros2_ws/install/brain_controller/lib:/ros2_ws/install/collision_avoidance/lib:/opt/ros/humble/opt/rviz_ogre_vendor/lib:/opt/ros/humble/lib/aarch64-linux-gnu:/opt/ros/humble/lib /usr/bin/cmake --build /ros2_ws/build/brain_hardware -- -j4 -l4[0m
[6.715s] [34mcolcon.colcon_core.event_handler.log_command[0m [1;30mDEBUG[0m [32mInvoking command in '/ros2_ws/build/brain_hardware': CMAKE_PREFIX_PATH=/ros2_ws/install/interfaces:/ros2_ws/install/oradar_lidar:/ros2_ws/install/bringup:/ros2_ws/install/description:/ros2_ws/install/brain_hardware:/ros2_ws/install/brain_controller:/ros2_ws/install/collision_avoidance:/opt/ros/humble LD_LIBRARY_PATH=/ros2_ws/install/interfaces/lib:/ros2_ws/install/brain_hardware/lib:/ros2_ws/install/brain_controller/lib:/ros2_ws/install/collision_avoidance/lib:/opt/ros/humble/opt/rviz_ogre_vendor/lib:/opt/ros/humble/lib/aarch64-linux-gnu:/opt/ros/humble/lib /usr/bin/cmake --install /ros2_ws/build/brain_hardware[0m
[6.826s] [34mcolcon.colcon_core.environment[0m [1;30mLevel 1[0m create_environment_scripts_only(brain_hardware)
[6.828s] [34mcolcon.colcon_core.environment[0m [1;30mLevel 1[0m checking '/ros2_ws/install/brain_hardware' for CMake module files
[6.830s] [34mcolcon.colcon_core.event_handler.log_command[0m [1;30mDEBUG[0m [32mInvoked command in '/ros2_ws/build/brain_hardware' returned '0': CMAKE_PREFIX_PATH=/ros2_ws/install/interfaces:/ros2_ws/install/oradar_lidar:/ros2_ws/install/bringup:/ros2_ws/install/description:/ros2_ws/install/brain_hardware:/ros2_ws/install/brain_controller:/ros2_ws/install/collision_avoidance:/opt/ros/humble LD_LIBRARY_PATH=/ros2_ws/install/interfaces/lib:/ros2_ws/install/brain_hardware/lib:/ros2_ws/install/brain_controller/lib:/ros2_ws/install/collision_avoidance/lib:/opt/ros/humble/opt/rviz_ogre_vendor/lib:/opt/ros/humble/lib/aarch64-linux-gnu:/opt/ros/humble/lib /usr/bin/cmake --install /ros2_ws/build/brain_hardware[0m
[6.833s] [34mcolcon.colcon_core.environment[0m [1;30mLevel 1[0m checking '/ros2_ws/install/brain_hardware' for CMake config files
[6.835s] [34mcolcon.colcon_core.shell[0m [1;30mLevel 1[0m create_environment_hook('brain_hardware', 'cmake_prefix_path')
[6.836s] [34mcolcon.colcon_core.shell[0m [1;30mINFO[0m Creating environment hook '/ros2_ws/install/brain_hardware/share/brain_hardware/hook/cmake_prefix_path.ps1'
[6.838s] [34mcolcon.colcon_core.shell[0m [1;30mINFO[0m Creating environment descriptor '/ros2_ws/install/brain_hardware/share/brain_hardware/hook/cmake_prefix_path.dsv'
[6.840s] [34mcolcon.colcon_core.shell[0m [1;30mINFO[0m Creating environment hook '/ros2_ws/install/brain_hardware/share/brain_hardware/hook/cmake_prefix_path.sh'
[6.844s] [34mcolcon.colcon_core.environment[0m [1;30mLevel 1[0m checking '/ros2_ws/install/brain_hardware/lib'
[6.845s] [34mcolcon.colcon_core.shell[0m [1;30mLevel 1[0m create_environment_hook('brain_hardware', 'ld_library_path_lib')
[6.846s] [34mcolcon.colcon_core.shell[0m [1;30mINFO[0m Creating environment hook '/ros2_ws/install/brain_hardware/share/brain_hardware/hook/ld_library_path_lib.ps1'
[6.852s] [34mcolcon.colcon_core.shell[0m [1;30mINFO[0m Creating environment descriptor '/ros2_ws/install/brain_hardware/share/brain_hardware/hook/ld_library_path_lib.dsv'
[6.855s] [34mcolcon.colcon_core.shell[0m [1;30mINFO[0m Creating environment hook '/ros2_ws/install/brain_hardware/share/brain_hardware/hook/ld_library_path_lib.sh'
[6.860s] [34mcolcon.colcon_core.environment[0m [1;30mLevel 1[0m checking '/ros2_ws/install/brain_hardware/bin'
[6.861s] [34mcolcon.colcon_core.environment[0m [1;30mLevel 1[0m checking '/ros2_ws/install/brain_hardware/lib/pkgconfig/brain_hardware.pc'
[6.863s] [34mcolcon.colcon_core.environment[0m [1;30mLevel 1[0m checking '/ros2_ws/install/brain_hardware/lib/python3.10/site-packages'
[6.865s] [34mcolcon.colcon_core.environment[0m [1;30mLevel 1[0m checking '/ros2_ws/install/brain_hardware/bin'
[6.867s] [34mcolcon.colcon_core.shell[0m [1;30mINFO[0m Creating package script '/ros2_ws/install/brain_hardware/share/brain_hardware/package.ps1'
[6.871s] [34mcolcon.colcon_core.shell[0m [1;30mINFO[0m Creating package descriptor '/ros2_ws/install/brain_hardware/share/brain_hardware/package.dsv'
[6.874s] [34mcolcon.colcon_core.shell[0m [1;30mINFO[0m Creating package script '/ros2_ws/install/brain_hardware/share/brain_hardware/package.sh'
[6.878s] [34mcolcon.colcon_core.shell[0m [1;30mINFO[0m Creating package script '/ros2_ws/install/brain_hardware/share/brain_hardware/package.bash'
[6.880s] [34mcolcon.colcon_core.shell[0m [1;30mINFO[0m Creating package script '/ros2_ws/install/brain_hardware/share/brain_hardware/package.zsh'
[6.882s] [34mcolcon.colcon_core.environment[0m [1;30mLevel 1[0m create_file_with_runtime_dependencies(/ros2_ws/install/brain_hardware/share/colcon-core/packages/brain_hardware)
[6.885s] [34mcolcon.colcon_core.environment[0m [1;30mLevel 1[0m create_environment_scripts_only(brain_hardware)
[6.886s] [34mcolcon.colcon_core.environment[0m [1;30mLevel 1[0m checking '/ros2_ws/install/brain_hardware' for CMake module files
[6.889s] [34mcolcon.colcon_core.environment[0m [1;30mLevel 1[0m checking '/ros2_ws/install/brain_hardware' for CMake config files
[6.891s] [34mcolcon.colcon_core.shell[0m [1;30mLevel 1[0m create_environment_hook('brain_hardware', 'cmake_prefix_path')
[6.892s] [34mcolcon.colcon_core.shell[0m [1;30mINFO[0m Creating environment hook '/ros2_ws/install/brain_hardware/share/brain_hardware/hook/cmake_prefix_path.ps1'
[6.894s] [34mcolcon.colcon_core.shell[0m [1;30mINFO[0m Creating environment descriptor '/ros2_ws/install/brain_hardware/share/brain_hardware/hook/cmake_prefix_path.dsv'
[6.896s] [34mcolcon.colcon_core.shell[0m [1;30mINFO[0m Creating environment hook '/ros2_ws/install/brain_hardware/share/brain_hardware/hook/cmake_prefix_path.sh'
[6.899s] [34mcolcon.colcon_core.environment[0m [1;30mLevel 1[0m checking '/ros2_ws/install/brain_hardware/lib'
[6.900s] [34mcolcon.colcon_core.shell[0m [1;30mLevel 1[0m create_environment_hook('brain_hardware', 'ld_library_path_lib')
[6.901s] [34mcolcon.colcon_core.shell[0m [1;30mINFO[0m Creating environment hook '/ros2_ws/install/brain_hardware/share/brain_hardware/hook/ld_library_path_lib.ps1'
[6.904s] [34mcolcon.colcon_core.shell[0m [1;30mINFO[0m Creating environment descriptor '/ros2_ws/install/brain_hardware/share/brain_hardware/hook/ld_library_path_lib.dsv'
[6.908s] [34mcolcon.colcon_core.shell[0m [1;30mINFO[0m Creating environment hook '/ros2_ws/install/brain_hardware/share/brain_hardware/hook/ld_library_path_lib.sh'
[6.912s] [34mcolcon.colcon_core.environment[0m [1;30mLevel 1[0m checking '/ros2_ws/install/brain_hardware/bin'
[6.913s] [34mcolcon.colcon_core.environment[0m [1;30mLevel 1[0m checking '/ros2_ws/install/brain_hardware/lib/pkgconfig/brain_hardware.pc'
[6.914s] [34mcolcon.colcon_core.environment[0m [1;30mLevel 1[0m checking '/ros2_ws/install/brain_hardware/lib/python3.10/site-packages'
[6.917s] [34mcolcon.colcon_core.environment[0m [1;30mLevel 1[0m checking '/ros2_ws/install/brain_hardware/bin'
[6.918s] [34mcolcon.colcon_core.shell[0m [1;30mINFO[0m Creating package script '/ros2_ws/install/brain_hardware/share/brain_hardware/package.ps1'
[6.922s] [34mcolcon.colcon_core.shell[0m [1;30mINFO[0m Creating package descriptor '/ros2_ws/install/brain_hardware/share/brain_hardware/package.dsv'
[6.925s] [34mcolcon.colcon_core.shell[0m [1;30mINFO[0m Creating package script '/ros2_ws/install/brain_hardware/share/brain_hardware/package.sh'
[6.928s] [34mcolcon.colcon_core.shell[0m [1;30mINFO[0m Creating package script '/ros2_ws/install/brain_hardware/share/brain_hardware/package.bash'
[6.931s] [34mcolcon.colcon_core.shell[0m [1;30mINFO[0m Creating package script '/ros2_ws/install/brain_hardware/share/brain_hardware/package.zsh'
[6.933s] [34mcolcon.colcon_core.environment[0m [1;30mLevel 1[0m create_file_with_runtime_dependencies(/ros2_ws/install/brain_hardware/share/colcon-core/packages/brain_hardware)
[6.936s] [34mcolcon.colcon_ros.task.ament_cmake.build[0m [1;30mINFO[0m Building ROS package in '/ros2_ws/src/description' with build type 'ament_cmake'
[6.937s] [34mcolcon.colcon_cmake.task.cmake.build[0m [1;30mINFO[0m Building CMake package in '/ros2_ws/src/description'
[6.939s] [34mcolcon.colcon_core.shell[0m [1;30mINFO[0m Skip shell extension 'powershell' for command environment: Not usable outside of PowerShell
[6.940s] [34mcolcon.colcon_core.shell[0m [1;30mDEBUG[0m [32mSkip shell extension 'dsv' for command environment[0m
[6.985s] [34mcolcon.colcon_core.event_handler.log_command[0m [1;30mDEBUG[0m [32mInvoked command in '/ros2_ws/build/brain_controller' returned '0': CMAKE_PREFIX_PATH=/ros2_ws/install/interfaces:/ros2_ws/install/oradar_lidar:/ros2_ws/install/bringup:/ros2_ws/install/description:/ros2_ws/install/brain_hardware:/ros2_ws/install/brain_controller:/ros2_ws/install/collision_avoidance:/opt/ros/humble LD_LIBRARY_PATH=/ros2_ws/install/interfaces/lib:/ros2_ws/install/brain_hardware/lib:/ros2_ws/install/brain_controller/lib:/ros2_ws/install/collision_avoidance/lib:/opt/ros/humble/opt/rviz_ogre_vendor/lib:/opt/ros/humble/lib/aarch64-linux-gnu:/opt/ros/humble/lib /usr/bin/cmake --build /ros2_ws/build/brain_controller -- -j4 -l4[0m
[6.991s] [34mcolcon.colcon_core.event_handler.log_command[0m [1;30mDEBUG[0m [32mInvoking command in '/ros2_ws/build/brain_controller': CMAKE_PREFIX_PATH=/ros2_ws/install/interfaces:/ros2_ws/install/oradar_lidar:/ros2_ws/install/bringup:/ros2_ws/install/description:/ros2_ws/install/brain_hardware:/ros2_ws/install/brain_controller:/ros2_ws/install/collision_avoidance:/opt/ros/humble LD_LIBRARY_PATH=/ros2_ws/install/interfaces/lib:/ros2_ws/install/brain_hardware/lib:/ros2_ws/install/brain_controller/lib:/ros2_ws/install/collision_avoidance/lib:/opt/ros/humble/opt/rviz_ogre_vendor/lib:/opt/ros/humble/lib/aarch64-linux-gnu:/opt/ros/humble/lib /usr/bin/cmake --install /ros2_ws/build/brain_controller[0m
[7.057s] [34mcolcon.colcon_core.event_handler.log_command[0m [1;30mDEBUG[0m [32mInvoking command in '/ros2_ws/build/description': CMAKE_PREFIX_PATH=/ros2_ws/install/brain_hardware:/ros2_ws/install/interfaces:/ros2_ws/install/oradar_lidar:/ros2_ws/install/bringup:/ros2_ws/install/description:/ros2_ws/install/brain_controller:/ros2_ws/install/collision_avoidance:/opt/ros/humble LD_LIBRARY_PATH=/ros2_ws/install/brain_hardware/lib:/ros2_ws/install/interfaces/lib:/ros2_ws/install/brain_controller/lib:/ros2_ws/install/collision_avoidance/lib:/opt/ros/humble/opt/rviz_ogre_vendor/lib:/opt/ros/humble/lib/aarch64-linux-gnu:/opt/ros/humble/lib /usr/bin/cmake --build /ros2_ws/build/description -- -j4 -l4[0m
[7.209s] [34mcolcon.colcon_core.environment[0m [1;30mLevel 1[0m create_environment_scripts_only(brain_controller)
[7.210s] [34mcolcon.colcon_core.environment[0m [1;30mLevel 1[0m checking '/ros2_ws/install/brain_controller' for CMake module files
[7.213s] [34mcolcon.colcon_core.event_handler.log_command[0m [1;30mDEBUG[0m [32mInvoked command in '/ros2_ws/build/brain_controller' returned '0': CMAKE_PREFIX_PATH=/ros2_ws/install/interfaces:/ros2_ws/install/oradar_lidar:/ros2_ws/install/bringup:/ros2_ws/install/description:/ros2_ws/install/brain_hardware:/ros2_ws/install/brain_controller:/ros2_ws/install/collision_avoidance:/opt/ros/humble LD_LIBRARY_PATH=/ros2_ws/install/interfaces/lib:/ros2_ws/install/brain_hardware/lib:/ros2_ws/install/brain_controller/lib:/ros2_ws/install/collision_avoidance/lib:/opt/ros/humble/opt/rviz_ogre_vendor/lib:/opt/ros/humble/lib/aarch64-linux-gnu:/opt/ros/humble/lib /usr/bin/cmake --install /ros2_ws/build/brain_controller[0m
[7.216s] [34mcolcon.colcon_core.environment[0m [1;30mLevel 1[0m checking '/ros2_ws/install/brain_controller' for CMake config files
[7.218s] [34mcolcon.colcon_core.shell[0m [1;30mLevel 1[0m create_environment_hook('brain_controller', 'cmake_prefix_path')
[7.220s] [34mcolcon.colcon_core.shell[0m [1;30mINFO[0m Creating environment hook '/ros2_ws/install/brain_controller/share/brain_controller/hook/cmake_prefix_path.ps1'
[7.224s] [34mcolcon.colcon_core.shell[0m [1;30mINFO[0m Creating environment descriptor '/ros2_ws/install/brain_controller/share/brain_controller/hook/cmake_prefix_path.dsv'
[7.227s] [34mcolcon.colcon_core.shell[0m [1;30mINFO[0m Creating environment hook '/ros2_ws/install/brain_controller/share/brain_controller/hook/cmake_prefix_path.sh'
[7.231s] [34mcolcon.colcon_core.environment[0m [1;30mLevel 1[0m checking '/ros2_ws/install/brain_controller/lib'
[7.232s] [34mcolcon.colcon_core.shell[0m [1;30mLevel 1[0m create_environment_hook('brain_controller', 'ld_library_path_lib')
[7.234s] [34mcolcon.colcon_core.shell[0m [1;30mINFO[0m Creating environment hook '/ros2_ws/install/brain_controller/share/brain_controller/hook/ld_library_path_lib.ps1'
[7.237s] [34mcolcon.colcon_core.shell[0m [1;30mINFO[0m Creating environment descriptor '/ros2_ws/install/brain_controller/share/brain_controller/hook/ld_library_path_lib.dsv'
[7.241s] [34mcolcon.colcon_core.shell[0m [1;30mINFO[0m Creating environment hook '/ros2_ws/install/brain_controller/share/brain_controller/hook/ld_library_path_lib.sh'
[7.243s] [34mcolcon.colcon_core.environment[0m [1;30mLevel 1[0m checking '/ros2_ws/install/brain_controller/bin'
[7.244s] [34mcolcon.colcon_core.environment[0m [1;30mLevel 1[0m checking '/ros2_ws/install/brain_controller/lib/pkgconfig/brain_controller.pc'
[7.245s] [34mcolcon.colcon_core.environment[0m [1;30mLevel 1[0m checking '/ros2_ws/install/brain_controller/lib/python3.10/site-packages'
[7.247s] [34mcolcon.colcon_core.environment[0m [1;30mLevel 1[0m checking '/ros2_ws/install/brain_controller/bin'
[7.249s] [34mcolcon.colcon_core.shell[0m [1;30mINFO[0m Creating package script '/ros2_ws/install/brain_controller/share/brain_controller/package.ps1'
[7.256s] [34mcolcon.colcon_core.shell[0m [1;30mINFO[0m Creating package descriptor '/ros2_ws/install/brain_controller/share/brain_controller/package.dsv'
[7.260s] [34mcolcon.colcon_core.shell[0m [1;30mINFO[0m Creating package script '/ros2_ws/install/brain_controller/share/brain_controller/package.sh'
[7.264s] [34mcolcon.colcon_core.shell[0m [1;30mINFO[0m Creating package script '/ros2_ws/install/brain_controller/share/brain_controller/package.bash'
[7.268s] [34mcolcon.colcon_core.shell[0m [1;30mINFO[0m Creating package script '/ros2_ws/install/brain_controller/share/brain_controller/package.zsh'
[7.270s] [34mcolcon.colcon_core.environment[0m [1;30mLevel 1[0m create_file_with_runtime_dependencies(/ros2_ws/install/brain_controller/share/colcon-core/packages/brain_controller)
[7.273s] [34mcolcon.colcon_core.environment[0m [1;30mLevel 1[0m create_environment_scripts_only(brain_controller)
[7.275s] [34mcolcon.colcon_core.environment[0m [1;30mLevel 1[0m checking '/ros2_ws/install/brain_controller' for CMake module files
[7.278s] [34mcolcon.colcon_core.environment[0m [1;30mLevel 1[0m checking '/ros2_ws/install/brain_controller' for CMake config files
[7.280s] [34mcolcon.colcon_core.shell[0m [1;30mLevel 1[0m create_environment_hook('brain_controller', 'cmake_prefix_path')
[7.281s] [34mcolcon.colcon_core.shell[0m [1;30mINFO[0m Creating environment hook '/ros2_ws/install/brain_controller/share/brain_controller/hook/cmake_prefix_path.ps1'
[7.283s] [34mcolcon.colcon_core.shell[0m [1;30mINFO[0m Creating environment descriptor '/ros2_ws/install/brain_controller/share/brain_controller/hook/cmake_prefix_path.dsv'
[7.285s] [34mcolcon.colcon_core.shell[0m [1;30mINFO[0m Creating environment hook '/ros2_ws/install/brain_controller/share/brain_controller/hook/cmake_prefix_path.sh'
[7.288s] [34mcolcon.colcon_core.environment[0m [1;30mLevel 1[0m checking '/ros2_ws/install/brain_controller/lib'
[7.288s] [34mcolcon.colcon_core.shell[0m [1;30mLevel 1[0m create_environment_hook('brain_controller', 'ld_library_path_lib')
[7.289s] [34mcolcon.colcon_core.shell[0m [1;30mINFO[0m Creating environment hook '/ros2_ws/install/brain_controller/share/brain_controller/hook/ld_library_path_lib.ps1'
[7.291s] [34mcolcon.colcon_core.shell[0m [1;30mINFO[0m Creating environment descriptor '/ros2_ws/install/brain_controller/share/brain_controller/hook/ld_library_path_lib.dsv'
[7.293s] [34mcolcon.colcon_core.shell[0m [1;30mINFO[0m Creating environment hook '/ros2_ws/install/brain_controller/share/brain_controller/hook/ld_library_path_lib.sh'
[7.295s] [34mcolcon.colcon_core.environment[0m [1;30mLevel 1[0m checking '/ros2_ws/install/brain_controller/bin'
[7.296s] [34mcolcon.colcon_core.environment[0m [1;30mLevel 1[0m checking '/ros2_ws/install/brain_controller/lib/pkgconfig/brain_controller.pc'
[7.297s] [34mcolcon.colcon_core.environment[0m [1;30mLevel 1[0m checking '/ros2_ws/install/brain_controller/lib/python3.10/site-packages'
[7.299s] [34mcolcon.colcon_core.environment[0m [1;30mLevel 1[0m checking '/ros2_ws/install/brain_controller/bin'
[7.301s] [34mcolcon.colcon_core.shell[0m [1;30mINFO[0m Creating package script '/ros2_ws/install/brain_controller/share/brain_controller/package.ps1'
[7.305s] [34mcolcon.colcon_core.shell[0m [1;30mINFO[0m Creating package descriptor '/ros2_ws/install/brain_controller/share/brain_controller/package.dsv'
[7.308s] [34mcolcon.colcon_core.shell[0m [1;30mINFO[0m Creating package script '/ros2_ws/install/brain_controller/share/brain_controller/package.sh'
[7.311s] [34mcolcon.colcon_core.shell[0m [1;30mINFO[0m Creating package script '/ros2_ws/install/brain_controller/share/brain_controller/package.bash'
[7.313s] [34mcolcon.colcon_core.shell[0m [1;30mINFO[0m Creating package script '/ros2_ws/install/brain_controller/share/brain_controller/package.zsh'
[7.315s] [34mcolcon.colcon_core.environment[0m [1;30mLevel 1[0m create_file_with_runtime_dependencies(/ros2_ws/install/brain_controller/share/colcon-core/packages/brain_controller)
[7.322s] [34mcolcon.colcon_core.event_handler.log_command[0m [1;30mDEBUG[0m [32mInvoked command in '/ros2_ws/build/description' returned '0': CMAKE_PREFIX_PATH=/ros2_ws/install/brain_hardware:/ros2_ws/install/interfaces:/ros2_ws/install/oradar_lidar:/ros2_ws/install/bringup:/ros2_ws/install/description:/ros2_ws/install/brain_controller:/ros2_ws/install/collision_avoidance:/opt/ros/humble LD_LIBRARY_PATH=/ros2_ws/install/brain_hardware/lib:/ros2_ws/install/interfaces/lib:/ros2_ws/install/brain_controller/lib:/ros2_ws/install/collision_avoidance/lib:/opt/ros/humble/opt/rviz_ogre_vendor/lib:/opt/ros/humble/lib/aarch64-linux-gnu:/opt/ros/humble/lib /usr/bin/cmake --build /ros2_ws/build/description -- -j4 -l4[0m
[7.328s] [34mcolcon.colcon_core.event_handler.log_command[0m [1;30mDEBUG[0m [32mInvoking command in '/ros2_ws/build/description': CMAKE_PREFIX_PATH=/ros2_ws/install/brain_hardware:/ros2_ws/install/interfaces:/ros2_ws/install/oradar_lidar:/ros2_ws/install/bringup:/ros2_ws/install/description:/ros2_ws/install/brain_controller:/ros2_ws/install/collision_avoidance:/opt/ros/humble LD_LIBRARY_PATH=/ros2_ws/install/brain_hardware/lib:/ros2_ws/install/interfaces/lib:/ros2_ws/install/brain_controller/lib:/ros2_ws/install/collision_avoidance/lib:/opt/ros/humble/opt/rviz_ogre_vendor/lib:/opt/ros/humble/lib/aarch64-linux-gnu:/opt/ros/humble/lib /usr/bin/cmake --install /ros2_ws/build/description[0m
[7.445s] [34mcolcon.colcon_core.environment[0m [1;30mLevel 1[0m create_environment_scripts_only(description)
[7.447s] [34mcolcon.colcon_core.environment[0m [1;30mLevel 1[0m checking '/ros2_ws/install/description' for CMake module files
[7.450s] [34mcolcon.colcon_core.environment[0m [1;30mLevel 1[0m checking '/ros2_ws/install/description' for CMake config files
[7.454s] [34mcolcon.colcon_core.shell[0m [1;30mLevel 1[0m create_environment_hook('description', 'cmake_prefix_path')
[7.452s] [34mcolcon.colcon_core.event_handler.log_command[0m [1;30mDEBUG[0m [32mInvoked command in '/ros2_ws/build/description' returned '0': CMAKE_PREFIX_PATH=/ros2_ws/install/brain_hardware:/ros2_ws/install/interfaces:/ros2_ws/install/oradar_lidar:/ros2_ws/install/bringup:/ros2_ws/install/description:/ros2_ws/install/brain_controller:/ros2_ws/install/collision_avoidance:/opt/ros/humble LD_LIBRARY_PATH=/ros2_ws/install/brain_hardware/lib:/ros2_ws/install/interfaces/lib:/ros2_ws/install/brain_controller/lib:/ros2_ws/install/collision_avoidance/lib:/opt/ros/humble/opt/rviz_ogre_vendor/lib:/opt/ros/humble/lib/aarch64-linux-gnu:/opt/ros/humble/lib /usr/bin/cmake --install /ros2_ws/build/description[0m
[7.456s] [34mcolcon.colcon_core.shell[0m [1;30mINFO[0m Creating environment hook '/ros2_ws/install/description/share/description/hook/cmake_prefix_path.ps1'
[7.459s] [34mcolcon.colcon_core.shell[0m [1;30mINFO[0m Creating environment descriptor '/ros2_ws/install/description/share/description/hook/cmake_prefix_path.dsv'
[7.461s] [34mcolcon.colcon_core.shell[0m [1;30mINFO[0m Creating environment hook '/ros2_ws/install/description/share/description/hook/cmake_prefix_path.sh'
[7.465s] [34mcolcon.colcon_core.environment[0m [1;30mLevel 1[0m checking '/ros2_ws/install/description/bin'
[7.466s] [34mcolcon.colcon_core.environment[0m [1;30mLevel 1[0m checking '/ros2_ws/install/description/lib/pkgconfig/description.pc'
[7.467s] [34mcolcon.colcon_core.environment[0m [1;30mLevel 1[0m checking '/ros2_ws/install/description/lib/python3.10/site-packages'
[7.470s] [34mcolcon.colcon_core.environment[0m [1;30mLevel 1[0m checking '/ros2_ws/install/description/bin'
[7.471s] [34mcolcon.colcon_core.shell[0m [1;30mINFO[0m Creating package script '/ros2_ws/install/description/share/description/package.ps1'
[7.475s] [34mcolcon.colcon_core.shell[0m [1;30mINFO[0m Creating package descriptor '/ros2_ws/install/description/share/description/package.dsv'
[7.477s] [34mcolcon.colcon_core.shell[0m [1;30mINFO[0m Creating package script '/ros2_ws/install/description/share/description/package.sh'
[7.480s] [34mcolcon.colcon_core.shell[0m [1;30mINFO[0m Creating package script '/ros2_ws/install/description/share/description/package.bash'
[7.484s] [34mcolcon.colcon_core.shell[0m [1;30mINFO[0m Creating package script '/ros2_ws/install/description/share/description/package.zsh'
[7.488s] [34mcolcon.colcon_core.environment[0m [1;30mLevel 1[0m create_file_with_runtime_dependencies(/ros2_ws/install/description/share/colcon-core/packages/description)
[7.492s] [34mcolcon.colcon_core.environment[0m [1;30mLevel 1[0m create_environment_scripts_only(description)
[7.495s] [34mcolcon.colcon_core.environment[0m [1;30mLevel 1[0m checking '/ros2_ws/install/description' for CMake module files
[7.498s] [34mcolcon.colcon_core.environment[0m [1;30mLevel 1[0m checking '/ros2_ws/install/description' for CMake config files
[7.501s] [34mcolcon.colcon_core.shell[0m [1;30mLevel 1[0m create_environment_hook('description', 'cmake_prefix_path')
[7.503s] [34mcolcon.colcon_core.shell[0m [1;30mINFO[0m Creating environment hook '/ros2_ws/install/description/share/description/hook/cmake_prefix_path.ps1'
[7.506s] [34mcolcon.colcon_core.shell[0m [1;30mINFO[0m Creating environment descriptor '/ros2_ws/install/description/share/description/hook/cmake_prefix_path.dsv'
[7.508s] [34mcolcon.colcon_core.shell[0m [1;30mINFO[0m Creating environment hook '/ros2_ws/install/description/share/description/hook/cmake_prefix_path.sh'
[7.511s] [34mcolcon.colcon_core.environment[0m [1;30mLevel 1[0m checking '/ros2_ws/install/description/bin'
[7.511s] [34mcolcon.colcon_core.environment[0m [1;30mLevel 1[0m checking '/ros2_ws/install/description/lib/pkgconfig/description.pc'
[7.512s] [34mcolcon.colcon_core.environment[0m [1;30mLevel 1[0m checking '/ros2_ws/install/description/lib/python3.10/site-packages'
[7.514s] [34mcolcon.colcon_core.environment[0m [1;30mLevel 1[0m checking '/ros2_ws/install/description/bin'
[7.516s] [34mcolcon.colcon_core.shell[0m [1;30mINFO[0m Creating package script '/ros2_ws/install/description/share/description/package.ps1'
[7.519s] [34mcolcon.colcon_core.shell[0m [1;30mINFO[0m Creating package descriptor '/ros2_ws/install/description/share/description/package.dsv'
[7.522s] [34mcolcon.colcon_core.shell[0m [1;30mINFO[0m Creating package script '/ros2_ws/install/description/share/description/package.sh'
[7.524s] [34mcolcon.colcon_core.shell[0m [1;30mINFO[0m Creating package script '/ros2_ws/install/description/share/description/package.bash'
[7.526s] [34mcolcon.colcon_core.shell[0m [1;30mINFO[0m Creating package script '/ros2_ws/install/description/share/description/package.zsh'
[7.529s] [34mcolcon.colcon_core.environment[0m [1;30mLevel 1[0m create_file_with_runtime_dependencies(/ros2_ws/install/description/share/colcon-core/packages/description)
[7.530s] [34mcolcon.colcon_ros.task.ament_cmake.build[0m [1;30mINFO[0m Building ROS package in '/ros2_ws/src/bringup' with build type 'ament_cmake'
[7.531s] [34mcolcon.colcon_cmake.task.cmake.build[0m [1;30mINFO[0m Building CMake package in '/ros2_ws/src/bringup'
[7.532s] [34mcolcon.colcon_core.shell[0m [1;30mINFO[0m Skip shell extension 'powershell' for command environment: Not usable outside of PowerShell
[7.533s] [34mcolcon.colcon_core.shell[0m [1;30mDEBUG[0m [32mSkip shell extension 'dsv' for command environment[0m
[7.608s] [34mcolcon.colcon_core.event_handler.log_command[0m [1;30mDEBUG[0m [32mInvoking command in '/ros2_ws/build/bringup': CMAKE_PREFIX_PATH=/ros2_ws/install/description:/ros2_ws/install/brain_hardware:/ros2_ws/install/interfaces:/ros2_ws/install/oradar_lidar:/ros2_ws/install/bringup:/ros2_ws/install/brain_controller:/ros2_ws/install/collision_avoidance:/opt/ros/humble LD_LIBRARY_PATH=/ros2_ws/install/brain_hardware/lib:/ros2_ws/install/interfaces/lib:/ros2_ws/install/brain_controller/lib:/ros2_ws/install/collision_avoidance/lib:/opt/ros/humble/opt/rviz_ogre_vendor/lib:/opt/ros/humble/lib/aarch64-linux-gnu:/opt/ros/humble/lib /usr/bin/cmake --build /ros2_ws/build/bringup -- -j4 -l4[0m
[7.753s] [34mcolcon.colcon_core.event_handler.log_command[0m [1;30mDEBUG[0m [32mInvoked command in '/ros2_ws/build/bringup' returned '0': CMAKE_PREFIX_PATH=/ros2_ws/install/description:/ros2_ws/install/brain_hardware:/ros2_ws/install/interfaces:/ros2_ws/install/oradar_lidar:/ros2_ws/install/bringup:/ros2_ws/install/brain_controller:/ros2_ws/install/collision_avoidance:/opt/ros/humble LD_LIBRARY_PATH=/ros2_ws/install/brain_hardware/lib:/ros2_ws/install/interfaces/lib:/ros2_ws/install/brain_controller/lib:/ros2_ws/install/collision_avoidance/lib:/opt/ros/humble/opt/rviz_ogre_vendor/lib:/opt/ros/humble/lib/aarch64-linux-gnu:/opt/ros/humble/lib /usr/bin/cmake --build /ros2_ws/build/bringup -- -j4 -l4[0m
[7.762s] [34mcolcon.colcon_core.event_handler.log_command[0m [1;30mDEBUG[0m [32mInvoking command in '/ros2_ws/build/bringup': CMAKE_PREFIX_PATH=/ros2_ws/install/description:/ros2_ws/install/brain_hardware:/ros2_ws/install/interfaces:/ros2_ws/install/oradar_lidar:/ros2_ws/install/bringup:/ros2_ws/install/brain_controller:/ros2_ws/install/collision_avoidance:/opt/ros/humble LD_LIBRARY_PATH=/ros2_ws/install/brain_hardware/lib:/ros2_ws/install/interfaces/lib:/ros2_ws/install/brain_controller/lib:/ros2_ws/install/collision_avoidance/lib:/opt/ros/humble/opt/rviz_ogre_vendor/lib:/opt/ros/humble/lib/aarch64-linux-gnu:/opt/ros/humble/lib /usr/bin/cmake --install /ros2_ws/build/bringup[0m
[7.863s] [34mcolcon.colcon_core.environment[0m [1;30mLevel 1[0m create_environment_scripts_only(bringup)
[7.865s] [34mcolcon.colcon_core.environment[0m [1;30mLevel 1[0m checking '/ros2_ws/install/bringup' for CMake module files
[7.870s] [34mcolcon.colcon_core.event_handler.log_command[0m [1;30mDEBUG[0m [32mInvoked command in '/ros2_ws/build/bringup' returned '0': CMAKE_PREFIX_PATH=/ros2_ws/install/description:/ros2_ws/install/brain_hardware:/ros2_ws/install/interfaces:/ros2_ws/install/oradar_lidar:/ros2_ws/install/bringup:/ros2_ws/install/brain_controller:/ros2_ws/install/collision_avoidance:/opt/ros/humble LD_LIBRARY_PATH=/ros2_ws/install/brain_hardware/lib:/ros2_ws/install/interfaces/lib:/ros2_ws/install/brain_controller/lib:/ros2_ws/install/collision_avoidance/lib:/opt/ros/humble/opt/rviz_ogre_vendor/lib:/opt/ros/humble/lib/aarch64-linux-gnu:/opt/ros/humble/lib /usr/bin/cmake --install /ros2_ws/build/bringup[0m
[7.874s] [34mcolcon.colcon_core.environment[0m [1;30mLevel 1[0m checking '/ros2_ws/install/bringup' for CMake config files
[7.877s] [34mcolcon.colcon_core.shell[0m [1;30mLevel 1[0m create_environment_hook('bringup', 'cmake_prefix_path')
[7.880s] [34mcolcon.colcon_core.shell[0m [1;30mINFO[0m Creating environment hook '/ros2_ws/install/bringup/share/bringup/hook/cmake_prefix_path.ps1'
[7.888s] [34mcolcon.colcon_core.shell[0m [1;30mINFO[0m Creating environment descriptor '/ros2_ws/install/bringup/share/bringup/hook/cmake_prefix_path.dsv'
[7.890s] [34mcolcon.colcon_core.shell[0m [1;30mINFO[0m Creating environment hook '/ros2_ws/install/bringup/share/bringup/hook/cmake_prefix_path.sh'
[7.901s] [34mcolcon.colcon_core.environment[0m [1;30mLevel 1[0m checking '/ros2_ws/install/bringup/bin'
[7.902s] [34mcolcon.colcon_core.environment[0m [1;30mLevel 1[0m checking '/ros2_ws/install/bringup/lib/pkgconfig/bringup.pc'
[7.903s] [34mcolcon.colcon_core.environment[0m [1;30mLevel 1[0m checking '/ros2_ws/install/bringup/lib/python3.10/site-packages'
[7.909s] [34mcolcon.colcon_core.environment[0m [1;30mLevel 1[0m checking '/ros2_ws/install/bringup/bin'
[7.913s] [34mcolcon.colcon_core.shell[0m [1;30mINFO[0m Creating package script '/ros2_ws/install/bringup/share/bringup/package.ps1'
[7.919s] [34mcolcon.colcon_core.shell[0m [1;30mINFO[0m Creating package descriptor '/ros2_ws/install/bringup/share/bringup/package.dsv'
[7.923s] [34mcolcon.colcon_core.shell[0m [1;30mINFO[0m Creating package script '/ros2_ws/install/bringup/share/bringup/package.sh'
[7.927s] [34mcolcon.colcon_core.shell[0m [1;30mINFO[0m Creating package script '/ros2_ws/install/bringup/share/bringup/package.bash'
[7.929s] [34mcolcon.colcon_core.shell[0m [1;30mINFO[0m Creating package script '/ros2_ws/install/bringup/share/bringup/package.zsh'
[7.932s] [34mcolcon.colcon_core.environment[0m [1;30mLevel 1[0m create_file_with_runtime_dependencies(/ros2_ws/install/bringup/share/colcon-core/packages/bringup)
[7.935s] [34mcolcon.colcon_core.environment[0m [1;30mLevel 1[0m create_environment_scripts_only(bringup)
[7.938s] [34mcolcon.colcon_core.environment[0m [1;30mLevel 1[0m checking '/ros2_ws/install/bringup' for CMake module files
[7.941s] [34mcolcon.colcon_core.environment[0m [1;30mLevel 1[0m checking '/ros2_ws/install/bringup' for CMake config files
[7.943s] [34mcolcon.colcon_core.shell[0m [1;30mLevel 1[0m create_environment_hook('bringup', 'cmake_prefix_path')
[7.945s] [34mcolcon.colcon_core.shell[0m [1;30mINFO[0m Creating environment hook '/ros2_ws/install/bringup/share/bringup/hook/cmake_prefix_path.ps1'
[7.947s] [34mcolcon.colcon_core.shell[0m [1;30mINFO[0m Creating environment descriptor '/ros2_ws/install/bringup/share/bringup/hook/cmake_prefix_path.dsv'
[7.950s] [34mcolcon.colcon_core.shell[0m [1;30mINFO[0m Creating environment hook '/ros2_ws/install/bringup/share/bringup/hook/cmake_prefix_path.sh'
[7.954s] [34mcolcon.colcon_core.environment[0m [1;30mLevel 1[0m checking '/ros2_ws/install/bringup/bin'
[7.954s] [34mcolcon.colcon_core.environment[0m [1;30mLevel 1[0m checking '/ros2_ws/install/bringup/lib/pkgconfig/bringup.pc'
[7.956s] [34mcolcon.colcon_core.environment[0m [1;30mLevel 1[0m checking '/ros2_ws/install/bringup/lib/python3.10/site-packages'
[7.958s] [34mcolcon.colcon_core.environment[0m [1;30mLevel 1[0m checking '/ros2_ws/install/bringup/bin'
[7.960s] [34mcolcon.colcon_core.shell[0m [1;30mINFO[0m Creating package script '/ros2_ws/install/bringup/share/bringup/package.ps1'
[7.964s] [34mcolcon.colcon_core.shell[0m [1;30mINFO[0m Creating package descriptor '/ros2_ws/install/bringup/share/bringup/package.dsv'
[7.968s] [34mcolcon.colcon_core.shell[0m [1;30mINFO[0m Creating package script '/ros2_ws/install/bringup/share/bringup/package.sh'
[7.972s] [34mcolcon.colcon_core.shell[0m [1;30mINFO[0m Creating package script '/ros2_ws/install/bringup/share/bringup/package.bash'
[7.976s] [34mcolcon.colcon_core.shell[0m [1;30mINFO[0m Creating package script '/ros2_ws/install/bringup/share/bringup/package.zsh'
[7.979s] [34mcolcon.colcon_core.environment[0m [1;30mLevel 1[0m create_file_with_runtime_dependencies(/ros2_ws/install/bringup/share/colcon-core/packages/bringup)
[7.986s] [34mcolcon.colcon_parallel_executor.executor.parallel[0m [1;30mDEBUG[0m [32mclosing loop[0m
[7.988s] [34mcolcon.colcon_parallel_executor.executor.parallel[0m [1;30mDEBUG[0m [32mloop closed[0m
[7.989s] [34mcolcon.colcon_parallel_executor.executor.parallel[0m [1;30mDEBUG[0m [32mrun_until_complete finished with '0'[0m
[7.989s] [34mcolcon.colcon_core.event_reactor[0m [1;30mDEBUG[0m [32mjoining thread[0m
[8.019s] [34mcolcon.colcon_core.plugin_system[0m [1;30mINFO[0m Skipping extension 'colcon_notification.desktop_notification.notify_send': Could not find 'notify-send'
[8.020s] [34mcolcon.colcon_core.plugin_system[0m [1;30mINFO[0m Skipping extension 'colcon_notification.desktop_notification.terminal_notifier': Not used on non-Darwin systems
[8.021s] [34mcolcon.colcon_core.plugin_system[0m [1;30mINFO[0m Skipping extension 'colcon_notification.desktop_notification.win32': Not used on non-Windows systems
[8.023s] [34mcolcon.colcon_notification.desktop_notification[0m [1;30mINFO[0m Sending desktop notification using 'notify2'
[8.031s] [34mcolcon.colcon_notification.desktop_notification.notify2[0m [1;30mDEBUG[0m [32mFailed to initialize notify2: org.freedesktop.DBus.Error.Spawn.ExecFailed: /usr/bin/dbus-launch terminated abnormally without any error message[0m
[8.032s] [34mcolcon.colcon_core.event_reactor[0m [1;30mDEBUG[0m [32mjoined thread[0m
[8.034s] [34mcolcon.colcon_core.shell[0m [1;30mINFO[0m Creating prefix script '/ros2_ws/install/local_setup.ps1'
[8.040s] [34mcolcon.colcon_core.shell[0m [1;30mINFO[0m Creating prefix util module '/ros2_ws/install/_local_setup_util_ps1.py'
[8.049s] [34mcolcon.colcon_core.shell[0m [1;30mINFO[0m Creating prefix chain script '/ros2_ws/install/setup.ps1'
[8.056s] [34mcolcon.colcon_core.shell[0m [1;30mINFO[0m Creating prefix script '/ros2_ws/install/local_setup.sh'
[8.060s] [34mcolcon.colcon_core.shell[0m [1;30mINFO[0m Creating prefix util module '/ros2_ws/install/_local_setup_util_sh.py'
[8.064s] [34mcolcon.colcon_core.shell[0m [1;30mINFO[0m Creating prefix chain script '/ros2_ws/install/setup.sh'
[8.073s] [34mcolcon.colcon_core.shell[0m [1;30mINFO[0m Creating prefix script '/ros2_ws/install/local_setup.bash'
[8.077s] [34mcolcon.colcon_core.shell[0m [1;30mINFO[0m Creating prefix chain script '/ros2_ws/install/setup.bash'
[8.085s] [34mcolcon.colcon_core.shell[0m [1;30mINFO[0m Creating prefix script '/ros2_ws/install/local_setup.zsh'
[8.088s] [34mcolcon.colcon_core.shell[0m [1;30mINFO[0m Creating prefix chain script '/ros2_ws/install/setup.zsh'
