[0.000000] (-) TimerEvent: {}
[0.000599] (interfaces) JobQueued: {'identifier': 'interfaces', 'dependencies': OrderedDict()}
[0.000792] (oradar_lidar) JobQueued: {'identifier': 'oradar_lidar', 'dependencies': OrderedDict()}
[0.000922] (brain_controller) JobQueued: {'identifier': 'brain_controller', 'dependencies': OrderedDict([('interfaces', '/ros2_ws/install/interfaces')])}
[0.001545] (brain_hardware) JobQueued: {'identifier': 'brain_hardware', 'dependencies': OrderedDict([('interfaces', '/ros2_ws/install/interfaces')])}
[0.002655] (description) JobQueued: {'identifier': 'description', 'dependencies': OrderedDict([('interfaces', '/ros2_ws/install/interfaces'), ('brain_hardware', '/ros2_ws/install/brain_hardware')])}
[0.003351] (bringup) JobQueued: {'identifier': 'bringup', 'dependencies': OrderedDict([('interfaces', '/ros2_ws/install/interfaces'), ('brain_hardware', '/ros2_ws/install/brain_hardware'), ('description', '/ros2_ws/install/description')])}
[0.004077] (interfaces) JobStarted: {'identifier': 'interfaces'}
[0.037860] (oradar_lidar) JobStarted: {'identifier': 'oradar_lidar'}
[0.061196] (interfaces) JobProgress: {'identifier': 'interfaces', 'progress': 'cmake'}
[0.065643] (interfaces) JobProgress: {'identifier': 'interfaces', 'progress': 'build'}
[0.068857] (interfaces) Command: {'cmd': ['/usr/bin/cmake', '--build', '/ros2_ws/build/interfaces', '--', '-j4', '-l4'], 'cwd': '/ros2_ws/build/interfaces', 'env': OrderedDict([('LESSOPEN', '| /usr/bin/lesspipe %s'), ('HOSTNAME', '55456c0da4eb'), ('GIT_ASKPASS', '/root/.vscode-server/bin/8b3775030ed1a69b13e4f4c628c612102e30a681/extensions/git/dist/askpass.sh'), ('SHLVL', '2'), ('LD_LIBRARY_PATH', '/ros2_ws/install/brain_hardware/lib:/ros2_ws/install/brain_controller/lib:/ros2_ws/install/interfaces/lib:/opt/ros/humble/opt/rviz_ogre_vendor/lib:/opt/ros/humble/lib/aarch64-linux-gnu:/opt/ros/humble/lib'), ('BROWSER', '/root/.vscode-server/bin/8b3775030ed1a69b13e4f4c628c612102e30a681/bin/helpers/browser.sh'), ('HOME', '/root'), ('OLDPWD', '/ros2_ws/debug'), ('TERM_PROGRAM_VERSION', '1.85.2'), ('VSCODE_IPC_HOOK_CLI', '/tmp/vscode-ipc-5282fb0c-0699-4020-97d1-afaa64040b34.sock'), ('ROS_PYTHON_VERSION', '3'), ('VSCODE_GIT_ASKPASS_MAIN', '/root/.vscode-server/bin/8b3775030ed1a69b13e4f4c628c612102e30a681/extensions/git/dist/askpass-main.js'), ('PS1', '\\[\x1b]633;A\x07\\]\\u@\\h\\[\\033[01;32m\\](brain)\\[\\033[00m\\]:\\w$ \\[\x1b]633;B\x07\\]'), ('VSCODE_GIT_ASKPASS_NODE', '/root/.vscode-server/bin/8b3775030ed1a69b13e4f4c628c612102e30a681/node'), ('ROS_IP', '10.10.0.2'), ('COLORTERM', 'truecolor'), ('REMOTE_CONTAINERS', 'true'), ('COLCON_PREFIX_PATH', '/ros2_ws/install'), ('ROS_DISTRO', 'humble'), ('REMOTE_CONTAINERS_IPC', '/tmp/vscode-remote-containers-ipc-d41a1dca-a5c7-4529-b0ee-8f0db6975d15.sock'), ('_', '/usr/bin/colcon'), ('ROS_VERSION', '2'), ('TERM', 'xterm-256color'), ('ROS_LOCALHOST_ONLY', '0'), ('PATH', '/ros2_ws/install/oradar_lidar/bin:/root/.vscode-server/bin/8b3775030ed1a69b13e4f4c628c612102e30a681/bin/remote-cli:/opt/ros/humble/bin:/usr/local/sbin:/usr/local/bin:/usr/sbin:/usr/bin:/sbin:/bin'), ('REMOTE_CONTAINERS_SOCKETS', '["/tmp/vscode-ssh-auth-d41a1dca-a5c7-4529-b0ee-8f0db6975d15.sock","/root/.gnupg/S.gpg-agent"]'), ('DISPLAY', ':0'), ('LANG', 'en_US.UTF-8'), ('RMW_IMPLEMENTATION', 'rmw_fastrtps_cpp'), ('LS_COLORS', 'rs=0:di=01;34:ln=01;36:mh=00:pi=40;33:so=01;35:do=01;35:bd=40;33;01:cd=40;33;01:or=40;31;01:mi=00:su=37;41:sg=30;43:ca=30;41:tw=30;42:ow=34;42:st=37;44:ex=01;32:*.tar=01;31:*.tgz=01;31:*.arc=01;31:*.arj=01;31:*.taz=01;31:*.lha=01;31:*.lz4=01;31:*.lzh=01;31:*.lzma=01;31:*.tlz=01;31:*.txz=01;31:*.tzo=01;31:*.t7z=01;31:*.zip=01;31:*.z=01;31:*.dz=01;31:*.gz=01;31:*.lrz=01;31:*.lz=01;31:*.lzo=01;31:*.xz=01;31:*.zst=01;31:*.tzst=01;31:*.bz2=01;31:*.bz=01;31:*.tbz=01;31:*.tbz2=01;31:*.tz=01;31:*.deb=01;31:*.rpm=01;31:*.jar=01;31:*.war=01;31:*.ear=01;31:*.sar=01;31:*.rar=01;31:*.alz=01;31:*.ace=01;31:*.zoo=01;31:*.cpio=01;31:*.7z=01;31:*.rz=01;31:*.cab=01;31:*.wim=01;31:*.swm=01;31:*.dwm=01;31:*.esd=01;31:*.jpg=01;35:*.jpeg=01;35:*.mjpg=01;35:*.mjpeg=01;35:*.gif=01;35:*.bmp=01;35:*.pbm=01;35:*.pgm=01;35:*.ppm=01;35:*.tga=01;35:*.xbm=01;35:*.xpm=01;35:*.tif=01;35:*.tiff=01;35:*.png=01;35:*.svg=01;35:*.svgz=01;35:*.mng=01;35:*.pcx=01;35:*.mov=01;35:*.mpg=01;35:*.mpeg=01;35:*.m2v=01;35:*.mkv=01;35:*.webm=01;35:*.webp=01;35:*.ogm=01;35:*.mp4=01;35:*.m4v=01;35:*.mp4v=01;35:*.vob=01;35:*.qt=01;35:*.nuv=01;35:*.wmv=01;35:*.asf=01;35:*.rm=01;35:*.rmvb=01;35:*.flc=01;35:*.avi=01;35:*.fli=01;35:*.flv=01;35:*.gl=01;35:*.dl=01;35:*.xcf=01;35:*.xwd=01;35:*.yuv=01;35:*.cgm=01;35:*.emf=01;35:*.ogv=01;35:*.ogx=01;35:*.aac=00;36:*.au=00;36:*.flac=00;36:*.m4a=00;36:*.mid=00;36:*.midi=00;36:*.mka=00;36:*.mp3=00;36:*.mpc=00;36:*.ogg=00;36:*.ra=00;36:*.wav=00;36:*.oga=00;36:*.opus=00;36:*.spx=00;36:*.xspf=00;36:'), ('VSCODE_GIT_IPC_HANDLE', '/tmp/vscode-git-b3700a665a.sock'), ('TERM_PROGRAM', 'vscode'), ('SSH_AUTH_SOCK', '/tmp/vscode-ssh-auth-d41a1dca-a5c7-4529-b0ee-8f0db6975d15.sock'), ('ROS_DOMAIN_ID', '42'), ('AMENT_PREFIX_PATH', '/ros2_ws/install/oradar_lidar:/ros2_ws/install/bringup:/ros2_ws/install/description:/ros2_ws/install/brain_hardware:/ros2_ws/install/brain_controller:/ros2_ws/install/interfaces:/opt/ros/humble:'), ('SHELL', '/bin/bash'), ('LESSCLOSE', '/usr/bin/lesspipe %s %s'), ('VSCODE_GIT_ASKPASS_EXTRA_ARGS', ''), ('PWD', '/ros2_ws/build/interfaces'), ('PYTHONPATH', '/ros2_ws/install/yolov8n_ros/lib/python3.10/site-packages:/ros2_ws/install/yolo26n_ros/lib/python3.10/site-packages:/ros2_ws/install/interfaces/local/lib/python3.10/dist-packages:/opt/ros/humble/lib/python3.10/site-packages:/opt/ros/humble/local/lib/python3.10/dist-packages'), ('ROS_HOSTNAME', '10.10.0.2'), ('COLCON', '1'), ('CMAKE_PREFIX_PATH', '/ros2_ws/install/oradar_lidar:/ros2_ws/install/bringup:/ros2_ws/install/description:/ros2_ws/install/brain_hardware:/ros2_ws/install/brain_controller:/ros2_ws/install/interfaces:/opt/ros/humble:')]), 'shell': False}
[0.079947] (oradar_lidar) JobProgress: {'identifier': 'oradar_lidar', 'progress': 'cmake'}
[0.083471] (oradar_lidar) JobProgress: {'identifier': 'oradar_lidar', 'progress': 'build'}
[0.084619] (oradar_lidar) Command: {'cmd': ['/usr/bin/cmake', '--build', '/ros2_ws/build/oradar_lidar', '--', '-j4', '-l4'], 'cwd': '/ros2_ws/build/oradar_lidar', 'env': OrderedDict([('LESSOPEN', '| /usr/bin/lesspipe %s'), ('HOSTNAME', '55456c0da4eb'), ('GIT_ASKPASS', '/root/.vscode-server/bin/8b3775030ed1a69b13e4f4c628c612102e30a681/extensions/git/dist/askpass.sh'), ('SHLVL', '2'), ('LD_LIBRARY_PATH', '/ros2_ws/install/brain_hardware/lib:/ros2_ws/install/brain_controller/lib:/ros2_ws/install/interfaces/lib:/opt/ros/humble/opt/rviz_ogre_vendor/lib:/opt/ros/humble/lib/aarch64-linux-gnu:/opt/ros/humble/lib'), ('BROWSER', '/root/.vscode-server/bin/8b3775030ed1a69b13e4f4c628c612102e30a681/bin/helpers/browser.sh'), ('HOME', '/root'), ('OLDPWD', '/ros2_ws/debug'), ('TERM_PROGRAM_VERSION', '1.85.2'), ('VSCODE_IPC_HOOK_CLI', '/tmp/vscode-ipc-5282fb0c-0699-4020-97d1-afaa64040b34.sock'), ('ROS_PYTHON_VERSION', '3'), ('VSCODE_GIT_ASKPASS_MAIN', '/root/.vscode-server/bin/8b3775030ed1a69b13e4f4c628c612102e30a681/extensions/git/dist/askpass-main.js'), ('PS1', '\\[\x1b]633;A\x07\\]\\u@\\h\\[\\033[01;32m\\](brain)\\[\\033[00m\\]:\\w$ \\[\x1b]633;B\x07\\]'), ('VSCODE_GIT_ASKPASS_NODE', '/root/.vscode-server/bin/8b3775030ed1a69b13e4f4c628c612102e30a681/node'), ('ROS_IP', '10.10.0.2'), ('COLORTERM', 'truecolor'), ('REMOTE_CONTAINERS', 'true'), ('COLCON_PREFIX_PATH', '/ros2_ws/install'), ('ROS_DISTRO', 'humble'), ('REMOTE_CONTAINERS_IPC', '/tmp/vscode-remote-containers-ipc-d41a1dca-a5c7-4529-b0ee-8f0db6975d15.sock'), ('_', '/usr/bin/colcon'), ('ROS_VERSION', '2'), ('TERM', 'xterm-256color'), ('ROS_LOCALHOST_ONLY', '0'), ('PATH', '/ros2_ws/install/oradar_lidar/bin:/root/.vscode-server/bin/8b3775030ed1a69b13e4f4c628c612102e30a681/bin/remote-cli:/opt/ros/humble/bin:/usr/local/sbin:/usr/local/bin:/usr/sbin:/usr/bin:/sbin:/bin'), ('REMOTE_CONTAINERS_SOCKETS', '["/tmp/vscode-ssh-auth-d41a1dca-a5c7-4529-b0ee-8f0db6975d15.sock","/root/.gnupg/S.gpg-agent"]'), ('DISPLAY', ':0'), ('LANG', 'en_US.UTF-8'), ('RMW_IMPLEMENTATION', 'rmw_fastrtps_cpp'), ('LS_COLORS', 'rs=0:di=01;34:ln=01;36:mh=00:pi=40;33:so=01;35:do=01;35:bd=40;33;01:cd=40;33;01:or=40;31;01:mi=00:su=37;41:sg=30;43:ca=30;41:tw=30;42:ow=34;42:st=37;44:ex=01;32:*.tar=01;31:*.tgz=01;31:*.arc=01;31:*.arj=01;31:*.taz=01;31:*.lha=01;31:*.lz4=01;31:*.lzh=01;31:*.lzma=01;31:*.tlz=01;31:*.txz=01;31:*.tzo=01;31:*.t7z=01;31:*.zip=01;31:*.z=01;31:*.dz=01;31:*.gz=01;31:*.lrz=01;31:*.lz=01;31:*.lzo=01;31:*.xz=01;31:*.zst=01;31:*.tzst=01;31:*.bz2=01;31:*.bz=01;31:*.tbz=01;31:*.tbz2=01;31:*.tz=01;31:*.deb=01;31:*.rpm=01;31:*.jar=01;31:*.war=01;31:*.ear=01;31:*.sar=01;31:*.rar=01;31:*.alz=01;31:*.ace=01;31:*.zoo=01;31:*.cpio=01;31:*.7z=01;31:*.rz=01;31:*.cab=01;31:*.wim=01;31:*.swm=01;31:*.dwm=01;31:*.esd=01;31:*.jpg=01;35:*.jpeg=01;35:*.mjpg=01;35:*.mjpeg=01;35:*.gif=01;35:*.bmp=01;35:*.pbm=01;35:*.pgm=01;35:*.ppm=01;35:*.tga=01;35:*.xbm=01;35:*.xpm=01;35:*.tif=01;35:*.tiff=01;35:*.png=01;35:*.svg=01;35:*.svgz=01;35:*.mng=01;35:*.pcx=01;35:*.mov=01;35:*.mpg=01;35:*.mpeg=01;35:*.m2v=01;35:*.mkv=01;35:*.webm=01;35:*.webp=01;35:*.ogm=01;35:*.mp4=01;35:*.m4v=01;35:*.mp4v=01;35:*.vob=01;35:*.qt=01;35:*.nuv=01;35:*.wmv=01;35:*.asf=01;35:*.rm=01;35:*.rmvb=01;35:*.flc=01;35:*.avi=01;35:*.fli=01;35:*.flv=01;35:*.gl=01;35:*.dl=01;35:*.xcf=01;35:*.xwd=01;35:*.yuv=01;35:*.cgm=01;35:*.emf=01;35:*.ogv=01;35:*.ogx=01;35:*.aac=00;36:*.au=00;36:*.flac=00;36:*.m4a=00;36:*.mid=00;36:*.midi=00;36:*.mka=00;36:*.mp3=00;36:*.mpc=00;36:*.ogg=00;36:*.ra=00;36:*.wav=00;36:*.oga=00;36:*.opus=00;36:*.spx=00;36:*.xspf=00;36:'), ('VSCODE_GIT_IPC_HANDLE', '/tmp/vscode-git-b3700a665a.sock'), ('TERM_PROGRAM', 'vscode'), ('SSH_AUTH_SOCK', '/tmp/vscode-ssh-auth-d41a1dca-a5c7-4529-b0ee-8f0db6975d15.sock'), ('ROS_DOMAIN_ID', '42'), ('AMENT_PREFIX_PATH', '/ros2_ws/install/oradar_lidar:/ros2_ws/install/bringup:/ros2_ws/install/description:/ros2_ws/install/brain_hardware:/ros2_ws/install/brain_controller:/ros2_ws/install/interfaces:/opt/ros/humble:'), ('SHELL', '/bin/bash'), ('LESSCLOSE', '/usr/bin/lesspipe %s %s'), ('VSCODE_GIT_ASKPASS_EXTRA_ARGS', ''), ('PWD', '/ros2_ws/build/oradar_lidar'), ('PYTHONPATH', '/ros2_ws/install/yolov8n_ros/lib/python3.10/site-packages:/ros2_ws/install/yolo26n_ros/lib/python3.10/site-packages:/ros2_ws/install/interfaces/local/lib/python3.10/dist-packages:/opt/ros/humble/lib/python3.10/site-packages:/opt/ros/humble/local/lib/python3.10/dist-packages'), ('ROS_HOSTNAME', '10.10.0.2'), ('COLCON', '1'), ('CMAKE_PREFIX_PATH', '/ros2_ws/install/oradar_lidar:/ros2_ws/install/bringup:/ros2_ws/install/description:/ros2_ws/install/brain_hardware:/ros2_ws/install/brain_controller:/ros2_ws/install/interfaces:/opt/ros/humble:')]), 'shell': False}
[0.098860] (-) TimerEvent: {}
[0.199657] (-) TimerEvent: {}
[0.268499] (interfaces) StdoutLine: {'line': b'[ 10%] Built target interfaces__rosidl_generator_c\n'}
[0.300897] (-) TimerEvent: {}
[0.308084] (interfaces) StdoutLine: {'line': b'[ 12%] Built target interfaces__rs\n'}
[0.314857] (interfaces) StdoutLine: {'line': b'[ 15%] Built target interfaces__cpp\n'}
[0.329429] (interfaces) StdoutLine: {'line': b'[ 15%] Built target ament_cmake_python_symlink_interfaces\n'}
[0.348680] (oradar_lidar) StdoutLine: {'line': b'[ 60%] Built target oradar_sdk\n'}
[0.386583] (interfaces) StdoutLine: {'line': b'[ 25%] Built target interfaces__rosidl_typesupport_fastrtps_c\n'}
[0.401090] (-) TimerEvent: {}
[0.441481] (interfaces) StdoutLine: {'line': b'[ 35%] Built target interfaces__rosidl_typesupport_introspection_c\n'}
[0.462515] (interfaces) StdoutLine: {'line': b'[ 45%] Built target interfaces__rosidl_typesupport_c\n'}
[0.489904] (oradar_lidar) StdoutLine: {'line': b'[ 70%] Built target blocking_test\n'}
[0.501255] (-) TimerEvent: {}
[0.503688] (interfaces) StdoutLine: {'line': b'[ 55%] Built target interfaces__rosidl_typesupport_fastrtps_cpp\n'}
[0.523782] (oradar_lidar) StdoutLine: {'line': b'[ 80%] Built target non-blocking_test\n'}
[0.534638] (oradar_lidar) StdoutLine: {'line': b'[ 90%] Built target blocking_c_api_test\n'}
[0.545622] (oradar_lidar) StdoutLine: {'line': b'[100%] Built target oradar_scan\n'}
[0.601433] (-) TimerEvent: {}
[0.617245] (oradar_lidar) CommandEnded: {'returncode': 0}
[0.619730] (interfaces) StdoutLine: {'line': b'[ 65%] Built target interfaces__rosidl_typesupport_introspection_cpp\n'}
[0.642091] (interfaces) StdoutLine: {'line': b'[ 75%] Built target interfaces__rosidl_typesupport_cpp\n'}
[0.670404] (oradar_lidar) JobProgress: {'identifier': 'oradar_lidar', 'progress': 'install'}
[0.699372] (oradar_lidar) Command: {'cmd': ['/usr/bin/cmake', '--install', '/ros2_ws/build/oradar_lidar'], 'cwd': '/ros2_ws/build/oradar_lidar', 'env': OrderedDict([('LESSOPEN', '| /usr/bin/lesspipe %s'), ('HOSTNAME', '55456c0da4eb'), ('GIT_ASKPASS', '/root/.vscode-server/bin/8b3775030ed1a69b13e4f4c628c612102e30a681/extensions/git/dist/askpass.sh'), ('SHLVL', '2'), ('LD_LIBRARY_PATH', '/ros2_ws/install/brain_hardware/lib:/ros2_ws/install/brain_controller/lib:/ros2_ws/install/interfaces/lib:/opt/ros/humble/opt/rviz_ogre_vendor/lib:/opt/ros/humble/lib/aarch64-linux-gnu:/opt/ros/humble/lib'), ('BROWSER', '/root/.vscode-server/bin/8b3775030ed1a69b13e4f4c628c612102e30a681/bin/helpers/browser.sh'), ('HOME', '/root'), ('OLDPWD', '/ros2_ws/debug'), ('TERM_PROGRAM_VERSION', '1.85.2'), ('VSCODE_IPC_HOOK_CLI', '/tmp/vscode-ipc-5282fb0c-0699-4020-97d1-afaa64040b34.sock'), ('ROS_PYTHON_VERSION', '3'), ('VSCODE_GIT_ASKPASS_MAIN', '/root/.vscode-server/bin/8b3775030ed1a69b13e4f4c628c612102e30a681/extensions/git/dist/askpass-main.js'), ('PS1', '\\[\x1b]633;A\x07\\]\\u@\\h\\[\\033[01;32m\\](brain)\\[\\033[00m\\]:\\w$ \\[\x1b]633;B\x07\\]'), ('VSCODE_GIT_ASKPASS_NODE', '/root/.vscode-server/bin/8b3775030ed1a69b13e4f4c628c612102e30a681/node'), ('ROS_IP', '10.10.0.2'), ('COLORTERM', 'truecolor'), ('REMOTE_CONTAINERS', 'true'), ('COLCON_PREFIX_PATH', '/ros2_ws/install'), ('ROS_DISTRO', 'humble'), ('REMOTE_CONTAINERS_IPC', '/tmp/vscode-remote-containers-ipc-d41a1dca-a5c7-4529-b0ee-8f0db6975d15.sock'), ('_', '/usr/bin/colcon'), ('ROS_VERSION', '2'), ('TERM', 'xterm-256color'), ('ROS_LOCALHOST_ONLY', '0'), ('PATH', '/ros2_ws/install/oradar_lidar/bin:/root/.vscode-server/bin/8b3775030ed1a69b13e4f4c628c612102e30a681/bin/remote-cli:/opt/ros/humble/bin:/usr/local/sbin:/usr/local/bin:/usr/sbin:/usr/bin:/sbin:/bin'), ('REMOTE_CONTAINERS_SOCKETS', '["/tmp/vscode-ssh-auth-d41a1dca-a5c7-4529-b0ee-8f0db6975d15.sock","/root/.gnupg/S.gpg-agent"]'), ('DISPLAY', ':0'), ('LANG', 'en_US.UTF-8'), ('RMW_IMPLEMENTATION', 'rmw_fastrtps_cpp'), ('LS_COLORS', 'rs=0:di=01;34:ln=01;36:mh=00:pi=40;33:so=01;35:do=01;35:bd=40;33;01:cd=40;33;01:or=40;31;01:mi=00:su=37;41:sg=30;43:ca=30;41:tw=30;42:ow=34;42:st=37;44:ex=01;32:*.tar=01;31:*.tgz=01;31:*.arc=01;31:*.arj=01;31:*.taz=01;31:*.lha=01;31:*.lz4=01;31:*.lzh=01;31:*.lzma=01;31:*.tlz=01;31:*.txz=01;31:*.tzo=01;31:*.t7z=01;31:*.zip=01;31:*.z=01;31:*.dz=01;31:*.gz=01;31:*.lrz=01;31:*.lz=01;31:*.lzo=01;31:*.xz=01;31:*.zst=01;31:*.tzst=01;31:*.bz2=01;31:*.bz=01;31:*.tbz=01;31:*.tbz2=01;31:*.tz=01;31:*.deb=01;31:*.rpm=01;31:*.jar=01;31:*.war=01;31:*.ear=01;31:*.sar=01;31:*.rar=01;31:*.alz=01;31:*.ace=01;31:*.zoo=01;31:*.cpio=01;31:*.7z=01;31:*.rz=01;31:*.cab=01;31:*.wim=01;31:*.swm=01;31:*.dwm=01;31:*.esd=01;31:*.jpg=01;35:*.jpeg=01;35:*.mjpg=01;35:*.mjpeg=01;35:*.gif=01;35:*.bmp=01;35:*.pbm=01;35:*.pgm=01;35:*.ppm=01;35:*.tga=01;35:*.xbm=01;35:*.xpm=01;35:*.tif=01;35:*.tiff=01;35:*.png=01;35:*.svg=01;35:*.svgz=01;35:*.mng=01;35:*.pcx=01;35:*.mov=01;35:*.mpg=01;35:*.mpeg=01;35:*.m2v=01;35:*.mkv=01;35:*.webm=01;35:*.webp=01;35:*.ogm=01;35:*.mp4=01;35:*.m4v=01;35:*.mp4v=01;35:*.vob=01;35:*.qt=01;35:*.nuv=01;35:*.wmv=01;35:*.asf=01;35:*.rm=01;35:*.rmvb=01;35:*.flc=01;35:*.avi=01;35:*.fli=01;35:*.flv=01;35:*.gl=01;35:*.dl=01;35:*.xcf=01;35:*.xwd=01;35:*.yuv=01;35:*.cgm=01;35:*.emf=01;35:*.ogv=01;35:*.ogx=01;35:*.aac=00;36:*.au=00;36:*.flac=00;36:*.m4a=00;36:*.mid=00;36:*.midi=00;36:*.mka=00;36:*.mp3=00;36:*.mpc=00;36:*.ogg=00;36:*.ra=00;36:*.wav=00;36:*.oga=00;36:*.opus=00;36:*.spx=00;36:*.xspf=00;36:'), ('VSCODE_GIT_IPC_HANDLE', '/tmp/vscode-git-b3700a665a.sock'), ('TERM_PROGRAM', 'vscode'), ('SSH_AUTH_SOCK', '/tmp/vscode-ssh-auth-d41a1dca-a5c7-4529-b0ee-8f0db6975d15.sock'), ('ROS_DOMAIN_ID', '42'), ('AMENT_PREFIX_PATH', '/ros2_ws/install/oradar_lidar:/ros2_ws/install/bringup:/ros2_ws/install/description:/ros2_ws/install/brain_hardware:/ros2_ws/install/brain_controller:/ros2_ws/install/interfaces:/opt/ros/humble:'), ('SHELL', '/bin/bash'), ('LESSCLOSE', '/usr/bin/lesspipe %s %s'), ('VSCODE_GIT_ASKPASS_EXTRA_ARGS', ''), ('PWD', '/ros2_ws/build/oradar_lidar'), ('PYTHONPATH', '/ros2_ws/install/yolov8n_ros/lib/python3.10/site-packages:/ros2_ws/install/yolo26n_ros/lib/python3.10/site-packages:/ros2_ws/install/interfaces/local/lib/python3.10/dist-packages:/opt/ros/humble/lib/python3.10/site-packages:/opt/ros/humble/local/lib/python3.10/dist-packages'), ('ROS_HOSTNAME', '10.10.0.2'), ('COLCON', '1'), ('CMAKE_PREFIX_PATH', '/ros2_ws/install/oradar_lidar:/ros2_ws/install/bringup:/ros2_ws/install/description:/ros2_ws/install/brain_hardware:/ros2_ws/install/brain_controller:/ros2_ws/install/interfaces:/opt/ros/humble:')]), 'shell': False}
[0.704807] (-) TimerEvent: {}
[0.758635] (oradar_lidar) StdoutLine: {'line': b'-- Install configuration: "RELEASE"\n'}
[0.779121] (oradar_lidar) StdoutLine: {'line': b'-- Execute custom install script\n'}
[0.791620] (interfaces) StdoutLine: {'line': b'[ 75%] Built target interfaces\n'}
[0.804749] (-) TimerEvent: {}
[0.809330] (oradar_lidar) StdoutLine: {'line': b'-- Up-to-date symlink: /ros2_ws/install/oradar_lidar/bin/blocking_test\n'}
[0.810507] (oradar_lidar) StdoutLine: {'line': b'-- Up-to-date symlink: /ros2_ws/install/oradar_lidar/bin/non-blocking_test\n'}
[0.815858] (oradar_lidar) StdoutLine: {'line': b'-- Up-to-date symlink: /ros2_ws/install/oradar_lidar/bin/blocking_c_api_test\n'}
[0.816668] (oradar_lidar) StdoutLine: {'line': b'-- Up-to-date symlink: /ros2_ws/install/oradar_lidar/include/core/base/datatype.h\n'}
[0.818129] (oradar_lidar) StdoutLine: {'line': b'-- Up-to-date symlink: /ros2_ws/install/oradar_lidar/include/core/base/locker.h\n'}
[0.818962] (oradar_lidar) StdoutLine: {'line': b'-- Up-to-date symlink: /ros2_ws/install/oradar_lidar/include/core/base/thread.h\n'}
[0.820437] (oradar_lidar) StdoutLine: {'line': b'-- Up-to-date symlink: /ros2_ws/install/oradar_lidar/include/core/base/timer.h\n'}
[0.822179] (oradar_lidar) StdoutLine: {'line': b'-- Up-to-date symlink: /ros2_ws/install/oradar_lidar/include/core/base/typedef.h\n'}
[0.823894] (oradar_lidar) StdoutLine: {'line': b'-- Up-to-date symlink: /ros2_ws/install/oradar_lidar/include/core/base/utils.h\n'}
[0.825402] (oradar_lidar) StdoutLine: {'line': b'-- Up-to-date symlink: /ros2_ws/install/oradar_lidar/include/core/base/v8stdint.h\n'}
[0.826955] (oradar_lidar) StdoutLine: {'line': b'-- Up-to-date symlink: /ros2_ws/install/oradar_lidar/include/core/common/ChannelDevice.h\n'}
[0.828596] (oradar_lidar) StdoutLine: {'line': b'-- Up-to-date symlink: /ros2_ws/install/oradar_lidar/include/core/math/angles.h\n'}
[0.830182] (oradar_lidar) StdoutLine: {'line': b'-- Up-to-date symlink: /ros2_ws/install/oradar_lidar/include/core/network/ActiveSocket.h\n'}
[0.831825] (oradar_lidar) StdoutLine: {'line': b'-- Up-to-date symlink: /ros2_ws/install/oradar_lidar/include/core/network/PassiveSocket.h\n'}
[0.833540] (oradar_lidar) StdoutLine: {'line': b'-- Up-to-date symlink: /ros2_ws/install/oradar_lidar/include/core/network/SimpleSocket.h\n'}
[0.835136] (oradar_lidar) StdoutLine: {'line': b'-- Up-to-date symlink: /ros2_ws/install/oradar_lidar/include/core/network/StatTimer.h\n'}
[0.840026] (oradar_lidar) StdoutLine: {'line': b'-- Up-to-date symlink: /ros2_ws/install/oradar_lidar/include/core/serial/common.h\n'}
[0.840953] (oradar_lidar) StdoutLine: {'line': b'-- Up-to-date symlink: /ros2_ws/install/oradar_lidar/include/core/serial/serial.h\n'}
[0.843722] (oradar_lidar) StdoutLine: {'line': b'-- Up-to-date symlink: /ros2_ws/install/oradar_lidar/include/core/serial/impl/unix/lock.h\n'}
[0.845550] (oradar_lidar) StdoutLine: {'line': b'-- Up-to-date symlink: /ros2_ws/install/oradar_lidar/include/core/serial/impl/unix/unix.h\n'}
[0.849164] (oradar_lidar) StdoutLine: {'line': b'-- Up-to-date symlink: /ros2_ws/install/oradar_lidar/include/core/serial/impl/unix/unix_serial.h\n'}
[0.850162] (oradar_lidar) StdoutLine: {'line': b'-- Up-to-date symlink: /ros2_ws/install/oradar_lidar/include/src/ord_lidar_c_api_driver.h\n'}
[0.855972] (oradar_lidar) StdoutLine: {'line': b'-- Up-to-date symlink: /ros2_ws/install/oradar_lidar/include/src/ord_lidar_driver.h\n'}
[0.856517] (oradar_lidar) StdoutLine: {'line': b'-- Up-to-date symlink: /ros2_ws/install/oradar_lidar/include/src/ordlidar_protocol.h\n'}
[0.857017] (oradar_lidar) StdoutLine: {'line': b'-- Up-to-date symlink: /ros2_ws/install/oradar_lidar/include/src/filters/FullScanFilter.h\n'}
[0.857513] (oradar_lidar) StdoutLine: {'line': b'-- Up-to-date symlink: /ros2_ws/install/oradar_lidar/lib/liboradar_sdk.a\n'}
[0.857959] (oradar_lidar) StdoutLine: {'line': b'-- Up-to-date symlink: /ros2_ws/install/oradar_lidar/lib/oradar_lidar/oradar_scan\n'}
[0.871687] (oradar_lidar) StdoutLine: {'line': b'-- Up-to-date symlink: /ros2_ws/install/oradar_lidar/share/oradar_lidar//launch/ms200_scan.launch\n'}
[0.872372] (oradar_lidar) StdoutLine: {'line': b'-- Up-to-date symlink: /ros2_ws/install/oradar_lidar/share/oradar_lidar//launch/ms200_scan.launch.py\n'}
[0.873441] (oradar_lidar) StdoutLine: {'line': b'-- Up-to-date symlink: /ros2_ws/install/oradar_lidar/share/oradar_lidar//launch/ms200_scan_gmapping.launch.py\n'}
[0.873884] (oradar_lidar) StdoutLine: {'line': b'-- Up-to-date symlink: /ros2_ws/install/oradar_lidar/share/oradar_lidar//launch/ms200_scan_view.launch\n'}
[0.874284] (oradar_lidar) StdoutLine: {'line': b'-- Up-to-date symlink: /ros2_ws/install/oradar_lidar/share/oradar_lidar//launch/ms200_scan_view.launch.py\n'}
[0.874672] (oradar_lidar) StdoutLine: {'line': b'-- Up-to-date symlink: /ros2_ws/install/oradar_lidar/share/oradar_lidar//rviz2/oradar_scan.rviz\n'}
[0.875054] (oradar_lidar) StdoutLine: {'line': b'-- Up-to-date symlink: /ros2_ws/install/oradar_lidar/share/ament_index/resource_index/package_run_dependencies/oradar_lidar\n'}
[0.901464] (oradar_lidar) StdoutLine: {'line': b'-- Up-to-date symlink: /ros2_ws/install/oradar_lidar/share/ament_index/resource_index/parent_prefix_path/oradar_lidar\n'}
[0.902149] (oradar_lidar) StdoutLine: {'line': b'-- Up-to-date symlink: /ros2_ws/install/oradar_lidar/share/oradar_lidar/environment/ament_prefix_path.sh\n'}
[0.902629] (oradar_lidar) StdoutLine: {'line': b'-- Up-to-date symlink: /ros2_ws/install/oradar_lidar/share/oradar_lidar/environment/ament_prefix_path.dsv\n'}
[0.903037] (oradar_lidar) StdoutLine: {'line': b'-- Up-to-date symlink: /ros2_ws/install/oradar_lidar/share/oradar_lidar/environment/path.sh\n'}
[0.903436] (oradar_lidar) StdoutLine: {'line': b'-- Up-to-date symlink: /ros2_ws/install/oradar_lidar/share/oradar_lidar/environment/path.dsv\n'}
[0.903970] (oradar_lidar) StdoutLine: {'line': b'-- Up-to-date symlink: /ros2_ws/install/oradar_lidar/share/oradar_lidar/local_setup.bash\n'}
[0.904452] (oradar_lidar) StdoutLine: {'line': b'-- Up-to-date symlink: /ros2_ws/install/oradar_lidar/share/oradar_lidar/local_setup.sh\n'}
[0.904949] (-) TimerEvent: {}
[0.905424] (oradar_lidar) StdoutLine: {'line': b'-- Up-to-date symlink: /ros2_ws/install/oradar_lidar/share/oradar_lidar/local_setup.zsh\n'}
[0.905899] (oradar_lidar) StdoutLine: {'line': b'-- Up-to-date symlink: /ros2_ws/install/oradar_lidar/share/oradar_lidar/local_setup.dsv\n'}
[0.906376] (oradar_lidar) StdoutLine: {'line': b'-- Symlinking: /ros2_ws/install/oradar_lidar/share/oradar_lidar/package.dsv\n'}
[0.906828] (interfaces) StdoutLine: {'line': b'[ 77%] Built target interfaces__py\n'}
[0.932282] (oradar_lidar) StdoutLine: {'line': b'-- Up-to-date symlink: /ros2_ws/install/oradar_lidar/share/ament_index/resource_index/packages/oradar_lidar\n'}
[0.934194] (oradar_lidar) StdoutLine: {'line': b'-- Up-to-date symlink: /ros2_ws/install/oradar_lidar/share/oradar_lidar/cmake/oradar_lidarConfig.cmake\n'}
[0.937873] (oradar_lidar) StdoutLine: {'line': b'-- Up-to-date symlink: /ros2_ws/install/oradar_lidar/share/oradar_lidar/cmake/oradar_lidarConfig-version.cmake\n'}
[0.938676] (oradar_lidar) StdoutLine: {'line': b'-- Up-to-date symlink: /ros2_ws/install/oradar_lidar/share/oradar_lidar/package.xml\n'}
[0.965742] (oradar_lidar) CommandEnded: {'returncode': 0}
[0.994150] (interfaces) StdoutLine: {'line': b'[ 85%] Built target interfaces__rosidl_generator_py\n'}
[1.007738] (-) TimerEvent: {}
[1.110243] (-) TimerEvent: {}
[1.132504] (oradar_lidar) JobEnded: {'identifier': 'oradar_lidar', 'rc': 0}
[1.155863] (interfaces) StdoutLine: {'line': b'[ 90%] Built target interfaces__rosidl_typesupport_fastrtps_c__pyext\n'}
[1.203786] (interfaces) StdoutLine: {'line': b'[ 95%] Built target interfaces__rosidl_typesupport_introspection_c__pyext\n'}
[1.210418] (-) TimerEvent: {}
[1.216119] (interfaces) StdoutLine: {'line': b'[100%] Built target interfaces__rosidl_typesupport_c__pyext\n'}
[1.310641] (-) TimerEvent: {}
[1.411394] (-) TimerEvent: {}
[1.512117] (-) TimerEvent: {}
[1.612804] (-) TimerEvent: {}
[1.713514] (-) TimerEvent: {}
[1.814431] (-) TimerEvent: {}
[1.915095] (-) TimerEvent: {}
[2.016942] (-) TimerEvent: {}
[2.053541] (interfaces) StdoutLine: {'line': b'running egg_info\n'}
[2.073276] (interfaces) StdoutLine: {'line': b"writing manifest file 'interfaces.egg-info/SOURCES.txt'\n"}
[2.118739] (-) TimerEvent: {}
[2.210410] (interfaces) StdoutLine: {'line': b'[100%] Built target ament_cmake_python_build_interfaces_egg\n'}
[2.218975] (-) TimerEvent: {}
[2.250929] (interfaces) CommandEnded: {'returncode': 0}
[2.254399] (interfaces) JobProgress: {'identifier': 'interfaces', 'progress': 'install'}
[2.254565] (interfaces) Command: {'cmd': ['/usr/bin/cmake', '--install', '/ros2_ws/build/interfaces'], 'cwd': '/ros2_ws/build/interfaces', 'env': OrderedDict([('LESSOPEN', '| /usr/bin/lesspipe %s'), ('HOSTNAME', '55456c0da4eb'), ('GIT_ASKPASS', '/root/.vscode-server/bin/8b3775030ed1a69b13e4f4c628c612102e30a681/extensions/git/dist/askpass.sh'), ('SHLVL', '2'), ('LD_LIBRARY_PATH', '/ros2_ws/install/brain_hardware/lib:/ros2_ws/install/brain_controller/lib:/ros2_ws/install/interfaces/lib:/opt/ros/humble/opt/rviz_ogre_vendor/lib:/opt/ros/humble/lib/aarch64-linux-gnu:/opt/ros/humble/lib'), ('BROWSER', '/root/.vscode-server/bin/8b3775030ed1a69b13e4f4c628c612102e30a681/bin/helpers/browser.sh'), ('HOME', '/root'), ('OLDPWD', '/ros2_ws/debug'), ('TERM_PROGRAM_VERSION', '1.85.2'), ('VSCODE_IPC_HOOK_CLI', '/tmp/vscode-ipc-5282fb0c-0699-4020-97d1-afaa64040b34.sock'), ('ROS_PYTHON_VERSION', '3'), ('VSCODE_GIT_ASKPASS_MAIN', '/root/.vscode-server/bin/8b3775030ed1a69b13e4f4c628c612102e30a681/extensions/git/dist/askpass-main.js'), ('PS1', '\\[\x1b]633;A\x07\\]\\u@\\h\\[\\033[01;32m\\](brain)\\[\\033[00m\\]:\\w$ \\[\x1b]633;B\x07\\]'), ('VSCODE_GIT_ASKPASS_NODE', '/root/.vscode-server/bin/8b3775030ed1a69b13e4f4c628c612102e30a681/node'), ('ROS_IP', '10.10.0.2'), ('COLORTERM', 'truecolor'), ('REMOTE_CONTAINERS', 'true'), ('COLCON_PREFIX_PATH', '/ros2_ws/install'), ('ROS_DISTRO', 'humble'), ('REMOTE_CONTAINERS_IPC', '/tmp/vscode-remote-containers-ipc-d41a1dca-a5c7-4529-b0ee-8f0db6975d15.sock'), ('_', '/usr/bin/colcon'), ('ROS_VERSION', '2'), ('TERM', 'xterm-256color'), ('ROS_LOCALHOST_ONLY', '0'), ('PATH', '/ros2_ws/install/oradar_lidar/bin:/root/.vscode-server/bin/8b3775030ed1a69b13e4f4c628c612102e30a681/bin/remote-cli:/opt/ros/humble/bin:/usr/local/sbin:/usr/local/bin:/usr/sbin:/usr/bin:/sbin:/bin'), ('REMOTE_CONTAINERS_SOCKETS', '["/tmp/vscode-ssh-auth-d41a1dca-a5c7-4529-b0ee-8f0db6975d15.sock","/root/.gnupg/S.gpg-agent"]'), ('DISPLAY', ':0'), ('LANG', 'en_US.UTF-8'), ('RMW_IMPLEMENTATION', 'rmw_fastrtps_cpp'), ('LS_COLORS', 'rs=0:di=01;34:ln=01;36:mh=00:pi=40;33:so=01;35:do=01;35:bd=40;33;01:cd=40;33;01:or=40;31;01:mi=00:su=37;41:sg=30;43:ca=30;41:tw=30;42:ow=34;42:st=37;44:ex=01;32:*.tar=01;31:*.tgz=01;31:*.arc=01;31:*.arj=01;31:*.taz=01;31:*.lha=01;31:*.lz4=01;31:*.lzh=01;31:*.lzma=01;31:*.tlz=01;31:*.txz=01;31:*.tzo=01;31:*.t7z=01;31:*.zip=01;31:*.z=01;31:*.dz=01;31:*.gz=01;31:*.lrz=01;31:*.lz=01;31:*.lzo=01;31:*.xz=01;31:*.zst=01;31:*.tzst=01;31:*.bz2=01;31:*.bz=01;31:*.tbz=01;31:*.tbz2=01;31:*.tz=01;31:*.deb=01;31:*.rpm=01;31:*.jar=01;31:*.war=01;31:*.ear=01;31:*.sar=01;31:*.rar=01;31:*.alz=01;31:*.ace=01;31:*.zoo=01;31:*.cpio=01;31:*.7z=01;31:*.rz=01;31:*.cab=01;31:*.wim=01;31:*.swm=01;31:*.dwm=01;31:*.esd=01;31:*.jpg=01;35:*.jpeg=01;35:*.mjpg=01;35:*.mjpeg=01;35:*.gif=01;35:*.bmp=01;35:*.pbm=01;35:*.pgm=01;35:*.ppm=01;35:*.tga=01;35:*.xbm=01;35:*.xpm=01;35:*.tif=01;35:*.tiff=01;35:*.png=01;35:*.svg=01;35:*.svgz=01;35:*.mng=01;35:*.pcx=01;35:*.mov=01;35:*.mpg=01;35:*.mpeg=01;35:*.m2v=01;35:*.mkv=01;35:*.webm=01;35:*.webp=01;35:*.ogm=01;35:*.mp4=01;35:*.m4v=01;35:*.mp4v=01;35:*.vob=01;35:*.qt=01;35:*.nuv=01;35:*.wmv=01;35:*.asf=01;35:*.rm=01;35:*.rmvb=01;35:*.flc=01;35:*.avi=01;35:*.fli=01;35:*.flv=01;35:*.gl=01;35:*.dl=01;35:*.xcf=01;35:*.xwd=01;35:*.yuv=01;35:*.cgm=01;35:*.emf=01;35:*.ogv=01;35:*.ogx=01;35:*.aac=00;36:*.au=00;36:*.flac=00;36:*.m4a=00;36:*.mid=00;36:*.midi=00;36:*.mka=00;36:*.mp3=00;36:*.mpc=00;36:*.ogg=00;36:*.ra=00;36:*.wav=00;36:*.oga=00;36:*.opus=00;36:*.spx=00;36:*.xspf=00;36:'), ('VSCODE_GIT_IPC_HANDLE', '/tmp/vscode-git-b3700a665a.sock'), ('TERM_PROGRAM', 'vscode'), ('SSH_AUTH_SOCK', '/tmp/vscode-ssh-auth-d41a1dca-a5c7-4529-b0ee-8f0db6975d15.sock'), ('ROS_DOMAIN_ID', '42'), ('AMENT_PREFIX_PATH', '/ros2_ws/install/oradar_lidar:/ros2_ws/install/bringup:/ros2_ws/install/description:/ros2_ws/install/brain_hardware:/ros2_ws/install/brain_controller:/ros2_ws/install/interfaces:/opt/ros/humble:'), ('SHELL', '/bin/bash'), ('LESSCLOSE', '/usr/bin/lesspipe %s %s'), ('VSCODE_GIT_ASKPASS_EXTRA_ARGS', ''), ('PWD', '/ros2_ws/build/interfaces'), ('PYTHONPATH', '/ros2_ws/install/yolov8n_ros/lib/python3.10/site-packages:/ros2_ws/install/yolo26n_ros/lib/python3.10/site-packages:/ros2_ws/install/interfaces/local/lib/python3.10/dist-packages:/opt/ros/humble/lib/python3.10/site-packages:/opt/ros/humble/local/lib/python3.10/dist-packages'), ('ROS_HOSTNAME', '10.10.0.2'), ('COLCON', '1'), ('CMAKE_PREFIX_PATH', '/ros2_ws/install/oradar_lidar:/ros2_ws/install/bringup:/ros2_ws/install/description:/ros2_ws/install/brain_hardware:/ros2_ws/install/brain_controller:/ros2_ws/install/interfaces:/opt/ros/humble:')]), 'shell': False}
[2.277606] (interfaces) StdoutLine: {'line': b'-- Install configuration: ""\n'}
[2.280386] (interfaces) StdoutLine: {'line': b'-- Execute custom install script\n'}
[2.281213] (interfaces) StdoutLine: {'line': b'-- Up-to-date symlink: /ros2_ws/install/interfaces/share/ament_index/resource_index/rosidl_interfaces/interfaces\n'}
[2.283934] (interfaces) StdoutLine: {'line': b'-- Up-to-date symlink: /ros2_ws/install/interfaces/include/interfaces/interfaces/msg/detail/motor_cmd__functions.h\n'}
[2.284943] (interfaces) StdoutLine: {'line': b'-- Up-to-date symlink: /ros2_ws/install/interfaces/include/interfaces/interfaces/msg/detail/motor_cmd__struct.h\n'}
[2.304769] (interfaces) StdoutLine: {'line': b'-- Up-to-date symlink: /ros2_ws/install/interfaces/include/interfaces/interfaces/msg/detail/motor_cmd__type_support.h\n'}
[2.307490] (interfaces) StdoutLine: {'line': b'-- Up-to-date symlink: /ros2_ws/install/interfaces/include/interfaces/interfaces/msg/detail/motor_states__functions.h\n'}
[2.308155] (interfaces) StdoutLine: {'line': b'-- Up-to-date symlink: /ros2_ws/install/interfaces/include/interfaces/interfaces/msg/detail/motor_states__struct.h\n'}
[2.310354] (interfaces) StdoutLine: {'line': b'-- Up-to-date symlink: /ros2_ws/install/interfaces/include/interfaces/interfaces/msg/detail/motor_states__type_support.h\n'}
[2.314352] (interfaces) StdoutLine: {'line': b'-- Up-to-date symlink: /ros2_ws/install/interfaces/include/interfaces/interfaces/msg/motor_cmd.h\n'}
[2.315433] (interfaces) StdoutLine: {'line': b'-- Up-to-date symlink: /ros2_ws/install/interfaces/include/interfaces/interfaces/msg/motor_states.h\n'}
[2.317938] (interfaces) StdoutLine: {'line': b'-- Up-to-date symlink: /ros2_ws/install/interfaces/include/interfaces/interfaces/msg/rosidl_generator_c__visibility_control.h\n'}
[2.320648] (-) TimerEvent: {}
[2.321206] (interfaces) StdoutLine: {'line': b'-- Up-to-date symlink: /ros2_ws/install/interfaces/share/interfaces/environment/library_path.sh\n'}
[2.321864] (interfaces) StdoutLine: {'line': b'-- Up-to-date symlink: /ros2_ws/install/interfaces/share/interfaces/environment/library_path.dsv\n'}
[2.322323] (interfaces) StdoutLine: {'line': b'-- Up-to-date symlink: /ros2_ws/install/interfaces/include/interfaces/interfaces/msg/detail/motor_cmd__rosidl_typesupport_fastrtps_c.h\n'}
[2.322776] (interfaces) StdoutLine: {'line': b'-- Up-to-date symlink: /ros2_ws/install/interfaces/include/interfaces/interfaces/msg/detail/motor_states__rosidl_typesupport_fastrtps_c.h\n'}
[2.323203] (interfaces) StdoutLine: {'line': b'-- Up-to-date symlink: /ros2_ws/install/interfaces/include/interfaces/interfaces/msg/rosidl_typesupport_fastrtps_c__visibility_control.h\n'}
[2.325226] (interfaces) StdoutLine: {'line': b'-- Up-to-date symlink: /ros2_ws/install/interfaces/include/interfaces/interfaces/msg/detail/motor_cmd__rosidl_typesupport_introspection_c.h\n'}
[2.325822] (interfaces) StdoutLine: {'line': b'-- Up-to-date symlink: /ros2_ws/install/interfaces/include/interfaces/interfaces/msg/detail/motor_states__rosidl_typesupport_introspection_c.h\n'}
[2.326260] (interfaces) StdoutLine: {'line': b'-- Up-to-date symlink: /ros2_ws/install/interfaces/include/interfaces/interfaces/msg/rosidl_typesupport_introspection_c__visibility_control.h\n'}
[2.326766] (interfaces) StdoutLine: {'line': b'-- Up-to-date symlink: /ros2_ws/install/interfaces/include/interfaces/interfaces/msg/detail/motor_cmd__builder.hpp\n'}
[2.341713] (interfaces) StdoutLine: {'line': b'-- Up-to-date symlink: /ros2_ws/install/interfaces/include/interfaces/interfaces/msg/detail/motor_cmd__struct.hpp\n'}
[2.343921] (interfaces) StdoutLine: {'line': b'-- Up-to-date symlink: /ros2_ws/install/interfaces/include/interfaces/interfaces/msg/detail/motor_cmd__traits.hpp\n'}
[2.345646] (interfaces) StdoutLine: {'line': b'-- Up-to-date symlink: /ros2_ws/install/interfaces/include/interfaces/interfaces/msg/detail/motor_cmd__type_support.hpp\n'}
[2.346097] (interfaces) StdoutLine: {'line': b'-- Up-to-date symlink: /ros2_ws/install/interfaces/include/interfaces/interfaces/msg/detail/motor_states__builder.hpp\n'}
[2.346478] (interfaces) StdoutLine: {'line': b'-- Up-to-date symlink: /ros2_ws/install/interfaces/include/interfaces/interfaces/msg/detail/motor_states__struct.hpp\n'}
[2.346856] (interfaces) StdoutLine: {'line': b'-- Up-to-date symlink: /ros2_ws/install/interfaces/include/interfaces/interfaces/msg/detail/motor_states__traits.hpp\n'}
[2.347219] (interfaces) StdoutLine: {'line': b'-- Up-to-date symlink: /ros2_ws/install/interfaces/include/interfaces/interfaces/msg/detail/motor_states__type_support.hpp\n'}
[2.347712] (interfaces) StdoutLine: {'line': b'-- Up-to-date symlink: /ros2_ws/install/interfaces/include/interfaces/interfaces/msg/motor_cmd.hpp\n'}
[2.348150] (interfaces) StdoutLine: {'line': b'-- Up-to-date symlink: /ros2_ws/install/interfaces/include/interfaces/interfaces/msg/motor_states.hpp\n'}
[2.348564] (interfaces) StdoutLine: {'line': b'-- Up-to-date symlink: /ros2_ws/install/interfaces/include/interfaces/interfaces/msg/rosidl_generator_cpp__visibility_control.hpp\n'}
[2.349074] (interfaces) StdoutLine: {'line': b'-- Up-to-date symlink: /ros2_ws/install/interfaces/include/interfaces/interfaces/msg/detail/motor_cmd__rosidl_typesupport_fastrtps_cpp.hpp\n'}
[2.349561] (interfaces) StdoutLine: {'line': b'-- Up-to-date symlink: /ros2_ws/install/interfaces/include/interfaces/interfaces/msg/detail/motor_states__rosidl_typesupport_fastrtps_cpp.hpp\n'}
[2.349993] (interfaces) StdoutLine: {'line': b'-- Up-to-date symlink: /ros2_ws/install/interfaces/include/interfaces/interfaces/msg/rosidl_typesupport_fastrtps_cpp__visibility_control.h\n'}
[2.350414] (interfaces) StdoutLine: {'line': b'-- Up-to-date symlink: /ros2_ws/install/interfaces/include/interfaces/interfaces/msg/detail/motor_cmd__rosidl_typesupport_introspection_cpp.hpp\n'}
[2.350819] (interfaces) StdoutLine: {'line': b'-- Up-to-date symlink: /ros2_ws/install/interfaces/include/interfaces/interfaces/msg/detail/motor_states__rosidl_typesupport_introspection_cpp.hpp\n'}
[2.351246] (interfaces) StdoutLine: {'line': b'-- Up-to-date symlink: /ros2_ws/install/interfaces/share/interfaces/environment/pythonpath.sh\n'}
[2.351728] (interfaces) StdoutLine: {'line': b'-- Up-to-date symlink: /ros2_ws/install/interfaces/share/interfaces/environment/pythonpath.dsv\n'}
[2.352194] (interfaces) StdoutLine: {'line': b'-- Up-to-date symlink: /ros2_ws/install/interfaces/local/lib/python3.10/dist-packages/interfaces-0.0.0-py3.10.egg-info/PKG-INFO\n'}
[2.352616] (interfaces) StdoutLine: {'line': b'-- Up-to-date symlink: /ros2_ws/install/interfaces/local/lib/python3.10/dist-packages/interfaces-0.0.0-py3.10.egg-info/SOURCES.txt\n'}
[2.353066] (interfaces) StdoutLine: {'line': b'-- Up-to-date symlink: /ros2_ws/install/interfaces/local/lib/python3.10/dist-packages/interfaces-0.0.0-py3.10.egg-info/dependency_links.txt\n'}
[2.353499] (interfaces) StdoutLine: {'line': b'-- Up-to-date symlink: /ros2_ws/install/interfaces/local/lib/python3.10/dist-packages/interfaces-0.0.0-py3.10.egg-info/top_level.txt\n'}
[2.353983] (interfaces) StdoutLine: {'line': b'-- Up-to-date symlink: /ros2_ws/install/interfaces/local/lib/python3.10/dist-packages/interfaces/__init__.py\n'}
[2.358559] (interfaces) StdoutLine: {'line': b'-- Up-to-date symlink: /ros2_ws/install/interfaces/local/lib/python3.10/dist-packages/interfaces/_interfaces_s.ep.rosidl_typesupport_c.c\n'}
[2.359160] (interfaces) StdoutLine: {'line': b'-- Up-to-date symlink: /ros2_ws/install/interfaces/local/lib/python3.10/dist-packages/interfaces/_interfaces_s.ep.rosidl_typesupport_fastrtps_c.c\n'}
[2.359747] (interfaces) StdoutLine: {'line': b'-- Up-to-date symlink: /ros2_ws/install/interfaces/local/lib/python3.10/dist-packages/interfaces/_interfaces_s.ep.rosidl_typesupport_introspection_c.c\n'}
[2.360148] (interfaces) StdoutLine: {'line': b'-- Up-to-date symlink: /ros2_ws/install/interfaces/local/lib/python3.10/dist-packages/interfaces/interfaces_s__rosidl_typesupport_c.cpython-310-aarch64-linux-gnu.so\n'}
[2.360512] (interfaces) StdoutLine: {'line': b'-- Up-to-date symlink: /ros2_ws/install/interfaces/local/lib/python3.10/dist-packages/interfaces/interfaces_s__rosidl_typesupport_fastrtps_c.cpython-310-aarch64-linux-gnu.so\n'}
[2.360900] (interfaces) StdoutLine: {'line': b'-- Up-to-date symlink: /ros2_ws/install/interfaces/local/lib/python3.10/dist-packages/interfaces/interfaces_s__rosidl_typesupport_introspection_c.cpython-310-aarch64-linux-gnu.so\n'}
[2.361263] (interfaces) StdoutLine: {'line': b'-- Up-to-date symlink: /ros2_ws/install/interfaces/local/lib/python3.10/dist-packages/interfaces/libinterfaces__rosidl_generator_py.so\n'}
[2.361625] (interfaces) StdoutLine: {'line': b'-- Up-to-date symlink: /ros2_ws/install/interfaces/local/lib/python3.10/dist-packages/interfaces/msg/__init__.py\n'}
[2.361963] (interfaces) StdoutLine: {'line': b'-- Up-to-date symlink: /ros2_ws/install/interfaces/local/lib/python3.10/dist-packages/interfaces/msg/_motor_cmd.py\n'}
[2.362300] (interfaces) StdoutLine: {'line': b'-- Up-to-date symlink: /ros2_ws/install/interfaces/local/lib/python3.10/dist-packages/interfaces/msg/_motor_cmd_s.c\n'}
[2.362628] (interfaces) StdoutLine: {'line': b'-- Up-to-date symlink: /ros2_ws/install/interfaces/local/lib/python3.10/dist-packages/interfaces/msg/_motor_states.py\n'}
[2.362965] (interfaces) StdoutLine: {'line': b'-- Up-to-date symlink: /ros2_ws/install/interfaces/local/lib/python3.10/dist-packages/interfaces/msg/_motor_states_s.c\n'}
[2.363296] (interfaces) StdoutLine: {'line': b'-- Up-to-date symlink: /ros2_ws/install/interfaces/local/lib/python3.10/dist-packages/interfaces/interfaces_s__rosidl_typesupport_fastrtps_c.cpython-310-aarch64-linux-gnu.so\n'}
[2.363718] (interfaces) StdoutLine: {'line': b'-- Up-to-date symlink: /ros2_ws/install/interfaces/local/lib/python3.10/dist-packages/interfaces/interfaces_s__rosidl_typesupport_introspection_c.cpython-310-aarch64-linux-gnu.so\n'}
[2.364118] (interfaces) StdoutLine: {'line': b'-- Up-to-date symlink: /ros2_ws/install/interfaces/local/lib/python3.10/dist-packages/interfaces/interfaces_s__rosidl_typesupport_c.cpython-310-aarch64-linux-gnu.so\n'}
[2.364523] (interfaces) StdoutLine: {'line': b'-- Up-to-date symlink: /ros2_ws/install/interfaces/share/ament_index/resource_index/rust_packages/interfaces\n'}
[2.364866] (interfaces) StdoutLine: {'line': b'-- Up-to-date symlink: /ros2_ws/install/interfaces/share/interfaces/rust/Cargo.toml\n'}
[2.365271] (interfaces) StdoutLine: {'line': b'-- Up-to-date symlink: /ros2_ws/install/interfaces/share/interfaces/rust/build.rs\n'}
[2.365715] (interfaces) StdoutLine: {'line': b'-- Up-to-date symlink: /ros2_ws/install/interfaces/share/interfaces/rust/src/lib.rs\n'}
[2.366154] (interfaces) StdoutLine: {'line': b'-- Up-to-date symlink: /ros2_ws/install/interfaces/share/interfaces/rust/src/msg.rs\n'}
[2.366583] (interfaces) StdoutLine: {'line': b'-- Up-to-date symlink: /ros2_ws/install/interfaces/share/interfaces/rust/src/msg/rmw.rs\n'}
[2.366985] (interfaces) StdoutLine: {'line': b'-- Up-to-date symlink: /ros2_ws/install/interfaces/share/interfaces/msg/MotorCmd.idl\n'}
[2.367381] (interfaces) StdoutLine: {'line': b'-- Up-to-date symlink: /ros2_ws/install/interfaces/share/interfaces/msg/MotorStates.idl\n'}
[2.367870] (interfaces) StdoutLine: {'line': b'-- Up-to-date symlink: /ros2_ws/install/interfaces/share/interfaces/msg/MotorCmd.msg\n'}
[2.368312] (interfaces) StdoutLine: {'line': b'-- Up-to-date symlink: /ros2_ws/install/interfaces/share/interfaces/msg/MotorStates.msg\n'}
[2.368737] (interfaces) StdoutLine: {'line': b'-- Up-to-date symlink: /ros2_ws/install/interfaces/share/ament_index/resource_index/package_run_dependencies/interfaces\n'}
[2.369164] (interfaces) StdoutLine: {'line': b'-- Up-to-date symlink: /ros2_ws/install/interfaces/share/ament_index/resource_index/parent_prefix_path/interfaces\n'}
[2.369640] (interfaces) StdoutLine: {'line': b'-- Up-to-date symlink: /ros2_ws/install/interfaces/share/interfaces/environment/ament_prefix_path.sh\n'}
[2.370112] (interfaces) StdoutLine: {'line': b'-- Up-to-date symlink: /ros2_ws/install/interfaces/share/interfaces/environment/ament_prefix_path.dsv\n'}
[2.370561] (interfaces) StdoutLine: {'line': b'-- Up-to-date symlink: /ros2_ws/install/interfaces/share/interfaces/environment/path.sh\n'}
[2.370969] (interfaces) StdoutLine: {'line': b'-- Up-to-date symlink: /ros2_ws/install/interfaces/share/interfaces/environment/path.dsv\n'}
[2.371368] (interfaces) StdoutLine: {'line': b'-- Up-to-date symlink: /ros2_ws/install/interfaces/share/interfaces/local_setup.bash\n'}
[2.371880] (interfaces) StdoutLine: {'line': b'-- Up-to-date symlink: /ros2_ws/install/interfaces/share/interfaces/local_setup.sh\n'}
[2.372312] (interfaces) StdoutLine: {'line': b'-- Up-to-date symlink: /ros2_ws/install/interfaces/share/interfaces/local_setup.zsh\n'}
[2.372755] (interfaces) StdoutLine: {'line': b'-- Up-to-date symlink: /ros2_ws/install/interfaces/share/interfaces/local_setup.dsv\n'}
[2.373514] (interfaces) StdoutLine: {'line': b'-- Symlinking: /ros2_ws/install/interfaces/share/interfaces/package.dsv\n'}
[2.400192] (interfaces) StdoutLine: {'line': b'-- Up-to-date symlink: /ros2_ws/install/interfaces/share/ament_index/resource_index/packages/interfaces\n'}
[2.400908] (interfaces) StdoutLine: {'line': b'-- Up-to-date symlink: /ros2_ws/install/interfaces/share/interfaces/cmake/rosidl_cmake-extras.cmake\n'}
[2.401485] (interfaces) StdoutLine: {'line': b'-- Up-to-date symlink: /ros2_ws/install/interfaces/share/interfaces/cmake/ament_cmake_export_include_directories-extras.cmake\n'}
[2.402105] (interfaces) StdoutLine: {'line': b'-- Up-to-date symlink: /ros2_ws/install/interfaces/share/interfaces/cmake/ament_cmake_export_libraries-extras.cmake\n'}
[2.402739] (interfaces) StdoutLine: {'line': b'-- Up-to-date symlink: /ros2_ws/install/interfaces/share/interfaces/cmake/ament_cmake_export_targets-extras.cmake\n'}
[2.403408] (interfaces) StdoutLine: {'line': b'-- Up-to-date symlink: /ros2_ws/install/interfaces/share/interfaces/cmake/rosidl_cmake_export_typesupport_targets-extras.cmake\n'}
[2.404124] (interfaces) StdoutLine: {'line': b'-- Up-to-date symlink: /ros2_ws/install/interfaces/share/interfaces/cmake/ament_cmake_export_dependencies-extras.cmake\n'}
[2.404741] (interfaces) StdoutLine: {'line': b'-- Up-to-date symlink: /ros2_ws/install/interfaces/share/interfaces/cmake/rosidl_cmake_export_typesupport_libraries-extras.cmake\n'}
[2.405379] (interfaces) StdoutLine: {'line': b'-- Up-to-date symlink: /ros2_ws/install/interfaces/share/interfaces/cmake/rosidl_cmake_aggregate_target-extras.cmake\n'}
[2.406076] (interfaces) StdoutLine: {'line': b'-- Up-to-date symlink: /ros2_ws/install/interfaces/share/interfaces/cmake/interfacesConfig.cmake\n'}
[2.406579] (interfaces) StdoutLine: {'line': b'-- Up-to-date symlink: /ros2_ws/install/interfaces/share/interfaces/cmake/interfacesConfig-version.cmake\n'}
[2.407107] (interfaces) StdoutLine: {'line': b'-- Up-to-date symlink: /ros2_ws/install/interfaces/share/interfaces/package.xml\n'}
[2.408043] (interfaces) StdoutLine: {'line': b'-- Up-to-date: /ros2_ws/install/interfaces/lib/libinterfaces__rosidl_generator_c.so\n'}
[2.411063] (interfaces) StdoutLine: {'line': b'-- Up-to-date: /ros2_ws/install/interfaces/lib/libinterfaces__rosidl_typesupport_fastrtps_c.so\n'}
[2.412044] (interfaces) StdoutLine: {'line': b'-- Up-to-date: /ros2_ws/install/interfaces/lib/libinterfaces__rosidl_typesupport_introspection_c.so\n'}
[2.413109] (interfaces) StdoutLine: {'line': b'-- Up-to-date: /ros2_ws/install/interfaces/lib/libinterfaces__rosidl_typesupport_c.so\n'}
[2.413968] (interfaces) StdoutLine: {'line': b'-- Up-to-date: /ros2_ws/install/interfaces/lib/libinterfaces__rosidl_typesupport_fastrtps_cpp.so\n'}
[2.414373] (interfaces) StdoutLine: {'line': b'-- Up-to-date: /ros2_ws/install/interfaces/lib/libinterfaces__rosidl_typesupport_introspection_cpp.so\n'}
[2.415419] (interfaces) StdoutLine: {'line': b'-- Up-to-date: /ros2_ws/install/interfaces/lib/libinterfaces__rosidl_typesupport_cpp.so\n'}
[2.420820] (-) TimerEvent: {}
[2.521506] (-) TimerEvent: {}
[2.573677] (interfaces) StdoutLine: {'line': b"Listing '/ros2_ws/install/interfaces/local/lib/python3.10/dist-packages/interfaces'...\n"}
[2.574384] (interfaces) StdoutLine: {'line': b"Listing '/ros2_ws/install/interfaces/local/lib/python3.10/dist-packages/interfaces/msg'...\n"}
[2.602770] (interfaces) StdoutLine: {'line': b'-- Up-to-date: /ros2_ws/install/interfaces/lib/libinterfaces__rosidl_generator_py.so\n'}
[2.605285] (interfaces) StdoutLine: {'line': b'-- Up-to-date: /ros2_ws/install/interfaces/share/interfaces/cmake/export_interfaces__rosidl_generator_cExport.cmake\n'}
[2.606067] (interfaces) StdoutLine: {'line': b'-- Up-to-date: /ros2_ws/install/interfaces/share/interfaces/cmake/export_interfaces__rosidl_generator_cExport-noconfig.cmake\n'}
[2.606556] (interfaces) StdoutLine: {'line': b'-- Up-to-date: /ros2_ws/install/interfaces/share/interfaces/cmake/export_interfaces__rosidl_typesupport_fastrtps_cExport.cmake\n'}
[2.609701] (interfaces) StdoutLine: {'line': b'-- Up-to-date: /ros2_ws/install/interfaces/share/interfaces/cmake/export_interfaces__rosidl_typesupport_fastrtps_cExport-noconfig.cmake\n'}
[2.610306] (interfaces) StdoutLine: {'line': b'-- Up-to-date: /ros2_ws/install/interfaces/share/interfaces/cmake/interfaces__rosidl_typesupport_introspection_cExport.cmake\n'}
[2.610769] (interfaces) StdoutLine: {'line': b'-- Up-to-date: /ros2_ws/install/interfaces/share/interfaces/cmake/interfaces__rosidl_typesupport_introspection_cExport-noconfig.cmake\n'}
[2.611223] (interfaces) StdoutLine: {'line': b'-- Up-to-date: /ros2_ws/install/interfaces/share/interfaces/cmake/interfaces__rosidl_typesupport_cExport.cmake\n'}
[2.611710] (interfaces) StdoutLine: {'line': b'-- Up-to-date: /ros2_ws/install/interfaces/share/interfaces/cmake/interfaces__rosidl_typesupport_cExport-noconfig.cmake\n'}
[2.612192] (interfaces) StdoutLine: {'line': b'-- Up-to-date: /ros2_ws/install/interfaces/share/interfaces/cmake/export_interfaces__rosidl_generator_cppExport.cmake\n'}
[2.628013] (-) TimerEvent: {}
[2.628461] (interfaces) StdoutLine: {'line': b'-- Up-to-date: /ros2_ws/install/interfaces/share/interfaces/cmake/export_interfaces__rosidl_typesupport_fastrtps_cppExport.cmake\n'}
[2.629035] (interfaces) StdoutLine: {'line': b'-- Up-to-date: /ros2_ws/install/interfaces/share/interfaces/cmake/export_interfaces__rosidl_typesupport_fastrtps_cppExport-noconfig.cmake\n'}
[2.629427] (interfaces) StdoutLine: {'line': b'-- Up-to-date: /ros2_ws/install/interfaces/share/interfaces/cmake/interfaces__rosidl_typesupport_introspection_cppExport.cmake\n'}
[2.629809] (interfaces) StdoutLine: {'line': b'-- Up-to-date: /ros2_ws/install/interfaces/share/interfaces/cmake/interfaces__rosidl_typesupport_introspection_cppExport-noconfig.cmake\n'}
[2.630154] (interfaces) StdoutLine: {'line': b'-- Up-to-date: /ros2_ws/install/interfaces/share/interfaces/cmake/interfaces__rosidl_typesupport_cppExport.cmake\n'}
[2.630501] (interfaces) StdoutLine: {'line': b'-- Up-to-date: /ros2_ws/install/interfaces/share/interfaces/cmake/interfaces__rosidl_typesupport_cppExport-noconfig.cmake\n'}
[2.630847] (interfaces) StdoutLine: {'line': b'-- Up-to-date: /ros2_ws/install/interfaces/share/interfaces/cmake/export_interfaces__rosidl_generator_pyExport.cmake\n'}
[2.631204] (interfaces) StdoutLine: {'line': b'-- Up-to-date: /ros2_ws/install/interfaces/share/interfaces/cmake/export_interfaces__rosidl_generator_pyExport-noconfig.cmake\n'}
[2.631608] (interfaces) CommandEnded: {'returncode': 0}
[2.728180] (-) TimerEvent: {}
[2.810904] (interfaces) JobEnded: {'identifier': 'interfaces', 'rc': 0}
[2.812656] (brain_hardware) JobStarted: {'identifier': 'brain_hardware'}
[2.828397] (-) TimerEvent: {}
[2.853107] (brain_controller) JobStarted: {'identifier': 'brain_controller'}
[2.899796] (brain_controller) JobProgress: {'identifier': 'brain_controller', 'progress': 'cmake'}
[2.906091] (brain_controller) JobProgress: {'identifier': 'brain_controller', 'progress': 'build'}
[2.907769] (brain_controller) Command: {'cmd': ['/usr/bin/cmake', '--build', '/ros2_ws/build/brain_controller', '--', '-j4', '-l4'], 'cwd': '/ros2_ws/build/brain_controller', 'env': OrderedDict([('LESSOPEN', '| /usr/bin/lesspipe %s'), ('HOSTNAME', '55456c0da4eb'), ('GIT_ASKPASS', '/root/.vscode-server/bin/8b3775030ed1a69b13e4f4c628c612102e30a681/extensions/git/dist/askpass.sh'), ('SHLVL', '2'), ('LD_LIBRARY_PATH', '/ros2_ws/install/interfaces/lib:/ros2_ws/install/brain_hardware/lib:/ros2_ws/install/brain_controller/lib:/opt/ros/humble/opt/rviz_ogre_vendor/lib:/opt/ros/humble/lib/aarch64-linux-gnu:/opt/ros/humble/lib'), ('BROWSER', '/root/.vscode-server/bin/8b3775030ed1a69b13e4f4c628c612102e30a681/bin/helpers/browser.sh'), ('HOME', '/root'), ('OLDPWD', '/ros2_ws/debug'), ('TERM_PROGRAM_VERSION', '1.85.2'), ('VSCODE_IPC_HOOK_CLI', '/tmp/vscode-ipc-5282fb0c-0699-4020-97d1-afaa64040b34.sock'), ('ROS_PYTHON_VERSION', '3'), ('VSCODE_GIT_ASKPASS_MAIN', '/root/.vscode-server/bin/8b3775030ed1a69b13e4f4c628c612102e30a681/extensions/git/dist/askpass-main.js'), ('PS1', '\\[\x1b]633;A\x07\\]\\u@\\h\\[\\033[01;32m\\](brain)\\[\\033[00m\\]:\\w$ \\[\x1b]633;B\x07\\]'), ('VSCODE_GIT_ASKPASS_NODE', '/root/.vscode-server/bin/8b3775030ed1a69b13e4f4c628c612102e30a681/node'), ('ROS_IP', '10.10.0.2'), ('COLORTERM', 'truecolor'), ('REMOTE_CONTAINERS', 'true'), ('COLCON_PREFIX_PATH', '/ros2_ws/install'), ('ROS_DISTRO', 'humble'), ('REMOTE_CONTAINERS_IPC', '/tmp/vscode-remote-containers-ipc-d41a1dca-a5c7-4529-b0ee-8f0db6975d15.sock'), ('_', '/usr/bin/colcon'), ('ROS_VERSION', '2'), ('TERM', 'xterm-256color'), ('ROS_LOCALHOST_ONLY', '0'), ('PATH', '/ros2_ws/install/oradar_lidar/bin:/root/.vscode-server/bin/8b3775030ed1a69b13e4f4c628c612102e30a681/bin/remote-cli:/opt/ros/humble/bin:/usr/local/sbin:/usr/local/bin:/usr/sbin:/usr/bin:/sbin:/bin'), ('REMOTE_CONTAINERS_SOCKETS', '["/tmp/vscode-ssh-auth-d41a1dca-a5c7-4529-b0ee-8f0db6975d15.sock","/root/.gnupg/S.gpg-agent"]'), ('DISPLAY', ':0'), ('LANG', 'en_US.UTF-8'), ('RMW_IMPLEMENTATION', 'rmw_fastrtps_cpp'), ('LS_COLORS', 'rs=0:di=01;34:ln=01;36:mh=00:pi=40;33:so=01;35:do=01;35:bd=40;33;01:cd=40;33;01:or=40;31;01:mi=00:su=37;41:sg=30;43:ca=30;41:tw=30;42:ow=34;42:st=37;44:ex=01;32:*.tar=01;31:*.tgz=01;31:*.arc=01;31:*.arj=01;31:*.taz=01;31:*.lha=01;31:*.lz4=01;31:*.lzh=01;31:*.lzma=01;31:*.tlz=01;31:*.txz=01;31:*.tzo=01;31:*.t7z=01;31:*.zip=01;31:*.z=01;31:*.dz=01;31:*.gz=01;31:*.lrz=01;31:*.lz=01;31:*.lzo=01;31:*.xz=01;31:*.zst=01;31:*.tzst=01;31:*.bz2=01;31:*.bz=01;31:*.tbz=01;31:*.tbz2=01;31:*.tz=01;31:*.deb=01;31:*.rpm=01;31:*.jar=01;31:*.war=01;31:*.ear=01;31:*.sar=01;31:*.rar=01;31:*.alz=01;31:*.ace=01;31:*.zoo=01;31:*.cpio=01;31:*.7z=01;31:*.rz=01;31:*.cab=01;31:*.wim=01;31:*.swm=01;31:*.dwm=01;31:*.esd=01;31:*.jpg=01;35:*.jpeg=01;35:*.mjpg=01;35:*.mjpeg=01;35:*.gif=01;35:*.bmp=01;35:*.pbm=01;35:*.pgm=01;35:*.ppm=01;35:*.tga=01;35:*.xbm=01;35:*.xpm=01;35:*.tif=01;35:*.tiff=01;35:*.png=01;35:*.svg=01;35:*.svgz=01;35:*.mng=01;35:*.pcx=01;35:*.mov=01;35:*.mpg=01;35:*.mpeg=01;35:*.m2v=01;35:*.mkv=01;35:*.webm=01;35:*.webp=01;35:*.ogm=01;35:*.mp4=01;35:*.m4v=01;35:*.mp4v=01;35:*.vob=01;35:*.qt=01;35:*.nuv=01;35:*.wmv=01;35:*.asf=01;35:*.rm=01;35:*.rmvb=01;35:*.flc=01;35:*.avi=01;35:*.fli=01;35:*.flv=01;35:*.gl=01;35:*.dl=01;35:*.xcf=01;35:*.xwd=01;35:*.yuv=01;35:*.cgm=01;35:*.emf=01;35:*.ogv=01;35:*.ogx=01;35:*.aac=00;36:*.au=00;36:*.flac=00;36:*.m4a=00;36:*.mid=00;36:*.midi=00;36:*.mka=00;36:*.mp3=00;36:*.mpc=00;36:*.ogg=00;36:*.ra=00;36:*.wav=00;36:*.oga=00;36:*.opus=00;36:*.spx=00;36:*.xspf=00;36:'), ('VSCODE_GIT_IPC_HANDLE', '/tmp/vscode-git-b3700a665a.sock'), ('TERM_PROGRAM', 'vscode'), ('SSH_AUTH_SOCK', '/tmp/vscode-ssh-auth-d41a1dca-a5c7-4529-b0ee-8f0db6975d15.sock'), ('ROS_DOMAIN_ID', '42'), ('AMENT_PREFIX_PATH', '/ros2_ws/install/oradar_lidar:/ros2_ws/install/bringup:/ros2_ws/install/description:/ros2_ws/install/brain_hardware:/ros2_ws/install/brain_controller:/ros2_ws/install/interfaces:/opt/ros/humble:'), ('SHELL', '/bin/bash'), ('LESSCLOSE', '/usr/bin/lesspipe %s %s'), ('VSCODE_GIT_ASKPASS_EXTRA_ARGS', ''), ('PWD', '/ros2_ws/build/brain_controller'), ('PYTHONPATH', '/ros2_ws/install/yolov8n_ros/lib/python3.10/site-packages:/ros2_ws/install/yolo26n_ros/lib/python3.10/site-packages:/ros2_ws/install/interfaces/local/lib/python3.10/dist-packages:/opt/ros/humble/lib/python3.10/site-packages:/opt/ros/humble/local/lib/python3.10/dist-packages'), ('ROS_HOSTNAME', '10.10.0.2'), ('COLCON', '1'), ('CMAKE_PREFIX_PATH', '/ros2_ws/install/interfaces:/ros2_ws/install/oradar_lidar:/ros2_ws/install/bringup:/ros2_ws/install/description:/ros2_ws/install/brain_hardware:/ros2_ws/install/brain_controller:/opt/ros/humble:')]), 'shell': False}
[2.927376] (brain_hardware) JobProgress: {'identifier': 'brain_hardware', 'progress': 'cmake'}
[2.928809] (-) TimerEvent: {}
[2.930666] (brain_hardware) JobProgress: {'identifier': 'brain_hardware', 'progress': 'build'}
[2.932558] (brain_hardware) Command: {'cmd': ['/usr/bin/cmake', '--build', '/ros2_ws/build/brain_hardware', '--', '-j4', '-l4'], 'cwd': '/ros2_ws/build/brain_hardware', 'env': OrderedDict([('LESSOPEN', '| /usr/bin/lesspipe %s'), ('HOSTNAME', '55456c0da4eb'), ('GIT_ASKPASS', '/root/.vscode-server/bin/8b3775030ed1a69b13e4f4c628c612102e30a681/extensions/git/dist/askpass.sh'), ('SHLVL', '2'), ('LD_LIBRARY_PATH', '/ros2_ws/install/interfaces/lib:/ros2_ws/install/brain_hardware/lib:/ros2_ws/install/brain_controller/lib:/opt/ros/humble/opt/rviz_ogre_vendor/lib:/opt/ros/humble/lib/aarch64-linux-gnu:/opt/ros/humble/lib'), ('BROWSER', '/root/.vscode-server/bin/8b3775030ed1a69b13e4f4c628c612102e30a681/bin/helpers/browser.sh'), ('HOME', '/root'), ('OLDPWD', '/ros2_ws/debug'), ('TERM_PROGRAM_VERSION', '1.85.2'), ('VSCODE_IPC_HOOK_CLI', '/tmp/vscode-ipc-5282fb0c-0699-4020-97d1-afaa64040b34.sock'), ('ROS_PYTHON_VERSION', '3'), ('VSCODE_GIT_ASKPASS_MAIN', '/root/.vscode-server/bin/8b3775030ed1a69b13e4f4c628c612102e30a681/extensions/git/dist/askpass-main.js'), ('PS1', '\\[\x1b]633;A\x07\\]\\u@\\h\\[\\033[01;32m\\](brain)\\[\\033[00m\\]:\\w$ \\[\x1b]633;B\x07\\]'), ('VSCODE_GIT_ASKPASS_NODE', '/root/.vscode-server/bin/8b3775030ed1a69b13e4f4c628c612102e30a681/node'), ('ROS_IP', '10.10.0.2'), ('COLORTERM', 'truecolor'), ('REMOTE_CONTAINERS', 'true'), ('COLCON_PREFIX_PATH', '/ros2_ws/install'), ('ROS_DISTRO', 'humble'), ('REMOTE_CONTAINERS_IPC', '/tmp/vscode-remote-containers-ipc-d41a1dca-a5c7-4529-b0ee-8f0db6975d15.sock'), ('_', '/usr/bin/colcon'), ('ROS_VERSION', '2'), ('TERM', 'xterm-256color'), ('ROS_LOCALHOST_ONLY', '0'), ('PATH', '/ros2_ws/install/oradar_lidar/bin:/root/.vscode-server/bin/8b3775030ed1a69b13e4f4c628c612102e30a681/bin/remote-cli:/opt/ros/humble/bin:/usr/local/sbin:/usr/local/bin:/usr/sbin:/usr/bin:/sbin:/bin'), ('REMOTE_CONTAINERS_SOCKETS', '["/tmp/vscode-ssh-auth-d41a1dca-a5c7-4529-b0ee-8f0db6975d15.sock","/root/.gnupg/S.gpg-agent"]'), ('DISPLAY', ':0'), ('LANG', 'en_US.UTF-8'), ('RMW_IMPLEMENTATION', 'rmw_fastrtps_cpp'), ('LS_COLORS', 'rs=0:di=01;34:ln=01;36:mh=00:pi=40;33:so=01;35:do=01;35:bd=40;33;01:cd=40;33;01:or=40;31;01:mi=00:su=37;41:sg=30;43:ca=30;41:tw=30;42:ow=34;42:st=37;44:ex=01;32:*.tar=01;31:*.tgz=01;31:*.arc=01;31:*.arj=01;31:*.taz=01;31:*.lha=01;31:*.lz4=01;31:*.lzh=01;31:*.lzma=01;31:*.tlz=01;31:*.txz=01;31:*.tzo=01;31:*.t7z=01;31:*.zip=01;31:*.z=01;31:*.dz=01;31:*.gz=01;31:*.lrz=01;31:*.lz=01;31:*.lzo=01;31:*.xz=01;31:*.zst=01;31:*.tzst=01;31:*.bz2=01;31:*.bz=01;31:*.tbz=01;31:*.tbz2=01;31:*.tz=01;31:*.deb=01;31:*.rpm=01;31:*.jar=01;31:*.war=01;31:*.ear=01;31:*.sar=01;31:*.rar=01;31:*.alz=01;31:*.ace=01;31:*.zoo=01;31:*.cpio=01;31:*.7z=01;31:*.rz=01;31:*.cab=01;31:*.wim=01;31:*.swm=01;31:*.dwm=01;31:*.esd=01;31:*.jpg=01;35:*.jpeg=01;35:*.mjpg=01;35:*.mjpeg=01;35:*.gif=01;35:*.bmp=01;35:*.pbm=01;35:*.pgm=01;35:*.ppm=01;35:*.tga=01;35:*.xbm=01;35:*.xpm=01;35:*.tif=01;35:*.tiff=01;35:*.png=01;35:*.svg=01;35:*.svgz=01;35:*.mng=01;35:*.pcx=01;35:*.mov=01;35:*.mpg=01;35:*.mpeg=01;35:*.m2v=01;35:*.mkv=01;35:*.webm=01;35:*.webp=01;35:*.ogm=01;35:*.mp4=01;35:*.m4v=01;35:*.mp4v=01;35:*.vob=01;35:*.qt=01;35:*.nuv=01;35:*.wmv=01;35:*.asf=01;35:*.rm=01;35:*.rmvb=01;35:*.flc=01;35:*.avi=01;35:*.fli=01;35:*.flv=01;35:*.gl=01;35:*.dl=01;35:*.xcf=01;35:*.xwd=01;35:*.yuv=01;35:*.cgm=01;35:*.emf=01;35:*.ogv=01;35:*.ogx=01;35:*.aac=00;36:*.au=00;36:*.flac=00;36:*.m4a=00;36:*.mid=00;36:*.midi=00;36:*.mka=00;36:*.mp3=00;36:*.mpc=00;36:*.ogg=00;36:*.ra=00;36:*.wav=00;36:*.oga=00;36:*.opus=00;36:*.spx=00;36:*.xspf=00;36:'), ('VSCODE_GIT_IPC_HANDLE', '/tmp/vscode-git-b3700a665a.sock'), ('TERM_PROGRAM', 'vscode'), ('SSH_AUTH_SOCK', '/tmp/vscode-ssh-auth-d41a1dca-a5c7-4529-b0ee-8f0db6975d15.sock'), ('ROS_DOMAIN_ID', '42'), ('AMENT_PREFIX_PATH', '/ros2_ws/install/oradar_lidar:/ros2_ws/install/bringup:/ros2_ws/install/description:/ros2_ws/install/brain_hardware:/ros2_ws/install/brain_controller:/ros2_ws/install/interfaces:/opt/ros/humble:'), ('SHELL', '/bin/bash'), ('LESSCLOSE', '/usr/bin/lesspipe %s %s'), ('VSCODE_GIT_ASKPASS_EXTRA_ARGS', ''), ('PWD', '/ros2_ws/build/brain_hardware'), ('PYTHONPATH', '/ros2_ws/install/yolov8n_ros/lib/python3.10/site-packages:/ros2_ws/install/yolo26n_ros/lib/python3.10/site-packages:/ros2_ws/install/interfaces/local/lib/python3.10/dist-packages:/opt/ros/humble/lib/python3.10/site-packages:/opt/ros/humble/local/lib/python3.10/dist-packages'), ('ROS_HOSTNAME', '10.10.0.2'), ('COLCON', '1'), ('CMAKE_PREFIX_PATH', '/ros2_ws/install/interfaces:/ros2_ws/install/oradar_lidar:/ros2_ws/install/bringup:/ros2_ws/install/description:/ros2_ws/install/brain_hardware:/ros2_ws/install/brain_controller:/opt/ros/humble:')]), 'shell': False}
[3.029014] (-) TimerEvent: {}
[3.130434] (-) TimerEvent: {}
[3.216498] (brain_controller) StdoutLine: {'line': b'\x1b[35m\x1b[1mConsolidate compiler generated dependencies of target brain_controller\x1b[0m\n'}
[3.230603] (-) TimerEvent: {}
[3.257246] (brain_hardware) StdoutLine: {'line': b'[100%] Built target brain_hardware\n'}
[3.296127] (brain_hardware) CommandEnded: {'returncode': 0}
[3.297791] (brain_hardware) JobProgress: {'identifier': 'brain_hardware', 'progress': 'install'}
[3.297960] (brain_hardware) Command: {'cmd': ['/usr/bin/cmake', '--install', '/ros2_ws/build/brain_hardware'], 'cwd': '/ros2_ws/build/brain_hardware', 'env': OrderedDict([('LESSOPEN', '| /usr/bin/lesspipe %s'), ('HOSTNAME', '55456c0da4eb'), ('GIT_ASKPASS', '/root/.vscode-server/bin/8b3775030ed1a69b13e4f4c628c612102e30a681/extensions/git/dist/askpass.sh'), ('SHLVL', '2'), ('LD_LIBRARY_PATH', '/ros2_ws/install/interfaces/lib:/ros2_ws/install/brain_hardware/lib:/ros2_ws/install/brain_controller/lib:/opt/ros/humble/opt/rviz_ogre_vendor/lib:/opt/ros/humble/lib/aarch64-linux-gnu:/opt/ros/humble/lib'), ('BROWSER', '/root/.vscode-server/bin/8b3775030ed1a69b13e4f4c628c612102e30a681/bin/helpers/browser.sh'), ('HOME', '/root'), ('OLDPWD', '/ros2_ws/debug'), ('TERM_PROGRAM_VERSION', '1.85.2'), ('VSCODE_IPC_HOOK_CLI', '/tmp/vscode-ipc-5282fb0c-0699-4020-97d1-afaa64040b34.sock'), ('ROS_PYTHON_VERSION', '3'), ('VSCODE_GIT_ASKPASS_MAIN', '/root/.vscode-server/bin/8b3775030ed1a69b13e4f4c628c612102e30a681/extensions/git/dist/askpass-main.js'), ('PS1', '\\[\x1b]633;A\x07\\]\\u@\\h\\[\\033[01;32m\\](brain)\\[\\033[00m\\]:\\w$ \\[\x1b]633;B\x07\\]'), ('VSCODE_GIT_ASKPASS_NODE', '/root/.vscode-server/bin/8b3775030ed1a69b13e4f4c628c612102e30a681/node'), ('ROS_IP', '10.10.0.2'), ('COLORTERM', 'truecolor'), ('REMOTE_CONTAINERS', 'true'), ('COLCON_PREFIX_PATH', '/ros2_ws/install'), ('ROS_DISTRO', 'humble'), ('REMOTE_CONTAINERS_IPC', '/tmp/vscode-remote-containers-ipc-d41a1dca-a5c7-4529-b0ee-8f0db6975d15.sock'), ('_', '/usr/bin/colcon'), ('ROS_VERSION', '2'), ('TERM', 'xterm-256color'), ('ROS_LOCALHOST_ONLY', '0'), ('PATH', '/ros2_ws/install/oradar_lidar/bin:/root/.vscode-server/bin/8b3775030ed1a69b13e4f4c628c612102e30a681/bin/remote-cli:/opt/ros/humble/bin:/usr/local/sbin:/usr/local/bin:/usr/sbin:/usr/bin:/sbin:/bin'), ('REMOTE_CONTAINERS_SOCKETS', '["/tmp/vscode-ssh-auth-d41a1dca-a5c7-4529-b0ee-8f0db6975d15.sock","/root/.gnupg/S.gpg-agent"]'), ('DISPLAY', ':0'), ('LANG', 'en_US.UTF-8'), ('RMW_IMPLEMENTATION', 'rmw_fastrtps_cpp'), ('LS_COLORS', 'rs=0:di=01;34:ln=01;36:mh=00:pi=40;33:so=01;35:do=01;35:bd=40;33;01:cd=40;33;01:or=40;31;01:mi=00:su=37;41:sg=30;43:ca=30;41:tw=30;42:ow=34;42:st=37;44:ex=01;32:*.tar=01;31:*.tgz=01;31:*.arc=01;31:*.arj=01;31:*.taz=01;31:*.lha=01;31:*.lz4=01;31:*.lzh=01;31:*.lzma=01;31:*.tlz=01;31:*.txz=01;31:*.tzo=01;31:*.t7z=01;31:*.zip=01;31:*.z=01;31:*.dz=01;31:*.gz=01;31:*.lrz=01;31:*.lz=01;31:*.lzo=01;31:*.xz=01;31:*.zst=01;31:*.tzst=01;31:*.bz2=01;31:*.bz=01;31:*.tbz=01;31:*.tbz2=01;31:*.tz=01;31:*.deb=01;31:*.rpm=01;31:*.jar=01;31:*.war=01;31:*.ear=01;31:*.sar=01;31:*.rar=01;31:*.alz=01;31:*.ace=01;31:*.zoo=01;31:*.cpio=01;31:*.7z=01;31:*.rz=01;31:*.cab=01;31:*.wim=01;31:*.swm=01;31:*.dwm=01;31:*.esd=01;31:*.jpg=01;35:*.jpeg=01;35:*.mjpg=01;35:*.mjpeg=01;35:*.gif=01;35:*.bmp=01;35:*.pbm=01;35:*.pgm=01;35:*.ppm=01;35:*.tga=01;35:*.xbm=01;35:*.xpm=01;35:*.tif=01;35:*.tiff=01;35:*.png=01;35:*.svg=01;35:*.svgz=01;35:*.mng=01;35:*.pcx=01;35:*.mov=01;35:*.mpg=01;35:*.mpeg=01;35:*.m2v=01;35:*.mkv=01;35:*.webm=01;35:*.webp=01;35:*.ogm=01;35:*.mp4=01;35:*.m4v=01;35:*.mp4v=01;35:*.vob=01;35:*.qt=01;35:*.nuv=01;35:*.wmv=01;35:*.asf=01;35:*.rm=01;35:*.rmvb=01;35:*.flc=01;35:*.avi=01;35:*.fli=01;35:*.flv=01;35:*.gl=01;35:*.dl=01;35:*.xcf=01;35:*.xwd=01;35:*.yuv=01;35:*.cgm=01;35:*.emf=01;35:*.ogv=01;35:*.ogx=01;35:*.aac=00;36:*.au=00;36:*.flac=00;36:*.m4a=00;36:*.mid=00;36:*.midi=00;36:*.mka=00;36:*.mp3=00;36:*.mpc=00;36:*.ogg=00;36:*.ra=00;36:*.wav=00;36:*.oga=00;36:*.opus=00;36:*.spx=00;36:*.xspf=00;36:'), ('VSCODE_GIT_IPC_HANDLE', '/tmp/vscode-git-b3700a665a.sock'), ('TERM_PROGRAM', 'vscode'), ('SSH_AUTH_SOCK', '/tmp/vscode-ssh-auth-d41a1dca-a5c7-4529-b0ee-8f0db6975d15.sock'), ('ROS_DOMAIN_ID', '42'), ('AMENT_PREFIX_PATH', '/ros2_ws/install/oradar_lidar:/ros2_ws/install/bringup:/ros2_ws/install/description:/ros2_ws/install/brain_hardware:/ros2_ws/install/brain_controller:/ros2_ws/install/interfaces:/opt/ros/humble:'), ('SHELL', '/bin/bash'), ('LESSCLOSE', '/usr/bin/lesspipe %s %s'), ('VSCODE_GIT_ASKPASS_EXTRA_ARGS', ''), ('PWD', '/ros2_ws/build/brain_hardware'), ('PYTHONPATH', '/ros2_ws/install/yolov8n_ros/lib/python3.10/site-packages:/ros2_ws/install/yolo26n_ros/lib/python3.10/site-packages:/ros2_ws/install/interfaces/local/lib/python3.10/dist-packages:/opt/ros/humble/lib/python3.10/site-packages:/opt/ros/humble/local/lib/python3.10/dist-packages'), ('ROS_HOSTNAME', '10.10.0.2'), ('COLCON', '1'), ('CMAKE_PREFIX_PATH', '/ros2_ws/install/interfaces:/ros2_ws/install/oradar_lidar:/ros2_ws/install/bringup:/ros2_ws/install/description:/ros2_ws/install/brain_hardware:/ros2_ws/install/brain_controller:/opt/ros/humble:')]), 'shell': False}
[3.312110] (brain_controller) StdoutLine: {'line': b'[100%] Built target brain_controller\n'}
[3.330827] (-) TimerEvent: {}
[3.336565] (brain_hardware) StdoutLine: {'line': b'-- Install configuration: ""\n'}
[3.340630] (brain_hardware) StdoutLine: {'line': b'-- Execute custom install script\n'}
[3.341356] (brain_hardware) StdoutLine: {'line': b'-- Up-to-date symlink: /ros2_ws/install/brain_hardware/share/brain_hardware//brain_hardware_plugins.xml\n'}
[3.344594] (brain_hardware) StdoutLine: {'line': b'-- Up-to-date symlink: /ros2_ws/install/brain_hardware/lib/libbrain_hardware.so\n'}
[3.346381] (brain_hardware) StdoutLine: {'line': b'-- Up-to-date symlink: /ros2_ws/install/brain_hardware/include/brain_hardware/brain_hardware/brain_system_hardware.hpp\n'}
[3.349138] (brain_hardware) StdoutLine: {'line': b'-- Up-to-date symlink: /ros2_ws/install/brain_hardware/share/brain_hardware/brain_hardware_plugins.xml\n'}
[3.350956] (brain_hardware) StdoutLine: {'line': b'-- Up-to-date symlink: /ros2_ws/install/brain_hardware/share/brain_hardware/environment/library_path.sh\n'}
[3.351776] (brain_hardware) StdoutLine: {'line': b'-- Up-to-date symlink: /ros2_ws/install/brain_hardware/share/brain_hardware/environment/library_path.dsv\n'}
[3.352555] (brain_hardware) StdoutLine: {'line': b'-- Up-to-date symlink: /ros2_ws/install/brain_hardware/share/ament_index/resource_index/package_run_dependencies/brain_hardware\n'}
[3.353478] (brain_hardware) StdoutLine: {'line': b'-- Up-to-date symlink: /ros2_ws/install/brain_hardware/share/ament_index/resource_index/parent_prefix_path/brain_hardware\n'}
[3.354351] (brain_hardware) StdoutLine: {'line': b'-- Up-to-date symlink: /ros2_ws/install/brain_hardware/share/brain_hardware/environment/ament_prefix_path.sh\n'}
[3.356172] (brain_hardware) StdoutLine: {'line': b'-- Up-to-date symlink: /ros2_ws/install/brain_hardware/share/brain_hardware/environment/ament_prefix_path.dsv\n'}
[3.358341] (brain_hardware) StdoutLine: {'line': b'-- Up-to-date symlink: /ros2_ws/install/brain_hardware/share/brain_hardware/environment/path.sh\n'}
[3.358793] (brain_hardware) StdoutLine: {'line': b'-- Up-to-date symlink: /ros2_ws/install/brain_hardware/share/brain_hardware/environment/path.dsv\n'}
[3.359224] (brain_hardware) StdoutLine: {'line': b'-- Up-to-date symlink: /ros2_ws/install/brain_hardware/share/brain_hardware/local_setup.bash\n'}
[3.359754] (brain_hardware) StdoutLine: {'line': b'-- Up-to-date symlink: /ros2_ws/install/brain_hardware/share/brain_hardware/local_setup.sh\n'}
[3.360203] (brain_controller) CommandEnded: {'returncode': 0}
[3.361579] (brain_hardware) StdoutLine: {'line': b'-- Up-to-date symlink: /ros2_ws/install/brain_hardware/share/brain_hardware/local_setup.zsh\n'}
[3.362036] (brain_hardware) StdoutLine: {'line': b'-- Up-to-date symlink: /ros2_ws/install/brain_hardware/share/brain_hardware/local_setup.dsv\n'}
[3.362509] (brain_hardware) StdoutLine: {'line': b'-- Symlinking: /ros2_ws/install/brain_hardware/share/brain_hardware/package.dsv\n'}
[3.362980] (brain_controller) JobProgress: {'identifier': 'brain_controller', 'progress': 'install'}
[3.363133] (brain_controller) Command: {'cmd': ['/usr/bin/cmake', '--install', '/ros2_ws/build/brain_controller'], 'cwd': '/ros2_ws/build/brain_controller', 'env': OrderedDict([('LESSOPEN', '| /usr/bin/lesspipe %s'), ('HOSTNAME', '55456c0da4eb'), ('GIT_ASKPASS', '/root/.vscode-server/bin/8b3775030ed1a69b13e4f4c628c612102e30a681/extensions/git/dist/askpass.sh'), ('SHLVL', '2'), ('LD_LIBRARY_PATH', '/ros2_ws/install/interfaces/lib:/ros2_ws/install/brain_hardware/lib:/ros2_ws/install/brain_controller/lib:/opt/ros/humble/opt/rviz_ogre_vendor/lib:/opt/ros/humble/lib/aarch64-linux-gnu:/opt/ros/humble/lib'), ('BROWSER', '/root/.vscode-server/bin/8b3775030ed1a69b13e4f4c628c612102e30a681/bin/helpers/browser.sh'), ('HOME', '/root'), ('OLDPWD', '/ros2_ws/debug'), ('TERM_PROGRAM_VERSION', '1.85.2'), ('VSCODE_IPC_HOOK_CLI', '/tmp/vscode-ipc-5282fb0c-0699-4020-97d1-afaa64040b34.sock'), ('ROS_PYTHON_VERSION', '3'), ('VSCODE_GIT_ASKPASS_MAIN', '/root/.vscode-server/bin/8b3775030ed1a69b13e4f4c628c612102e30a681/extensions/git/dist/askpass-main.js'), ('PS1', '\\[\x1b]633;A\x07\\]\\u@\\h\\[\\033[01;32m\\](brain)\\[\\033[00m\\]:\\w$ \\[\x1b]633;B\x07\\]'), ('VSCODE_GIT_ASKPASS_NODE', '/root/.vscode-server/bin/8b3775030ed1a69b13e4f4c628c612102e30a681/node'), ('ROS_IP', '10.10.0.2'), ('COLORTERM', 'truecolor'), ('REMOTE_CONTAINERS', 'true'), ('COLCON_PREFIX_PATH', '/ros2_ws/install'), ('ROS_DISTRO', 'humble'), ('REMOTE_CONTAINERS_IPC', '/tmp/vscode-remote-containers-ipc-d41a1dca-a5c7-4529-b0ee-8f0db6975d15.sock'), ('_', '/usr/bin/colcon'), ('ROS_VERSION', '2'), ('TERM', 'xterm-256color'), ('ROS_LOCALHOST_ONLY', '0'), ('PATH', '/ros2_ws/install/oradar_lidar/bin:/root/.vscode-server/bin/8b3775030ed1a69b13e4f4c628c612102e30a681/bin/remote-cli:/opt/ros/humble/bin:/usr/local/sbin:/usr/local/bin:/usr/sbin:/usr/bin:/sbin:/bin'), ('REMOTE_CONTAINERS_SOCKETS', '["/tmp/vscode-ssh-auth-d41a1dca-a5c7-4529-b0ee-8f0db6975d15.sock","/root/.gnupg/S.gpg-agent"]'), ('DISPLAY', ':0'), ('LANG', 'en_US.UTF-8'), ('RMW_IMPLEMENTATION', 'rmw_fastrtps_cpp'), ('LS_COLORS', 'rs=0:di=01;34:ln=01;36:mh=00:pi=40;33:so=01;35:do=01;35:bd=40;33;01:cd=40;33;01:or=40;31;01:mi=00:su=37;41:sg=30;43:ca=30;41:tw=30;42:ow=34;42:st=37;44:ex=01;32:*.tar=01;31:*.tgz=01;31:*.arc=01;31:*.arj=01;31:*.taz=01;31:*.lha=01;31:*.lz4=01;31:*.lzh=01;31:*.lzma=01;31:*.tlz=01;31:*.txz=01;31:*.tzo=01;31:*.t7z=01;31:*.zip=01;31:*.z=01;31:*.dz=01;31:*.gz=01;31:*.lrz=01;31:*.lz=01;31:*.lzo=01;31:*.xz=01;31:*.zst=01;31:*.tzst=01;31:*.bz2=01;31:*.bz=01;31:*.tbz=01;31:*.tbz2=01;31:*.tz=01;31:*.deb=01;31:*.rpm=01;31:*.jar=01;31:*.war=01;31:*.ear=01;31:*.sar=01;31:*.rar=01;31:*.alz=01;31:*.ace=01;31:*.zoo=01;31:*.cpio=01;31:*.7z=01;31:*.rz=01;31:*.cab=01;31:*.wim=01;31:*.swm=01;31:*.dwm=01;31:*.esd=01;31:*.jpg=01;35:*.jpeg=01;35:*.mjpg=01;35:*.mjpeg=01;35:*.gif=01;35:*.bmp=01;35:*.pbm=01;35:*.pgm=01;35:*.ppm=01;35:*.tga=01;35:*.xbm=01;35:*.xpm=01;35:*.tif=01;35:*.tiff=01;35:*.png=01;35:*.svg=01;35:*.svgz=01;35:*.mng=01;35:*.pcx=01;35:*.mov=01;35:*.mpg=01;35:*.mpeg=01;35:*.m2v=01;35:*.mkv=01;35:*.webm=01;35:*.webp=01;35:*.ogm=01;35:*.mp4=01;35:*.m4v=01;35:*.mp4v=01;35:*.vob=01;35:*.qt=01;35:*.nuv=01;35:*.wmv=01;35:*.asf=01;35:*.rm=01;35:*.rmvb=01;35:*.flc=01;35:*.avi=01;35:*.fli=01;35:*.flv=01;35:*.gl=01;35:*.dl=01;35:*.xcf=01;35:*.xwd=01;35:*.yuv=01;35:*.cgm=01;35:*.emf=01;35:*.ogv=01;35:*.ogx=01;35:*.aac=00;36:*.au=00;36:*.flac=00;36:*.m4a=00;36:*.mid=00;36:*.midi=00;36:*.mka=00;36:*.mp3=00;36:*.mpc=00;36:*.ogg=00;36:*.ra=00;36:*.wav=00;36:*.oga=00;36:*.opus=00;36:*.spx=00;36:*.xspf=00;36:'), ('VSCODE_GIT_IPC_HANDLE', '/tmp/vscode-git-b3700a665a.sock'), ('TERM_PROGRAM', 'vscode'), ('SSH_AUTH_SOCK', '/tmp/vscode-ssh-auth-d41a1dca-a5c7-4529-b0ee-8f0db6975d15.sock'), ('ROS_DOMAIN_ID', '42'), ('AMENT_PREFIX_PATH', '/ros2_ws/install/oradar_lidar:/ros2_ws/install/bringup:/ros2_ws/install/description:/ros2_ws/install/brain_hardware:/ros2_ws/install/brain_controller:/ros2_ws/install/interfaces:/opt/ros/humble:'), ('SHELL', '/bin/bash'), ('LESSCLOSE', '/usr/bin/lesspipe %s %s'), ('VSCODE_GIT_ASKPASS_EXTRA_ARGS', ''), ('PWD', '/ros2_ws/build/brain_controller'), ('PYTHONPATH', '/ros2_ws/install/yolov8n_ros/lib/python3.10/site-packages:/ros2_ws/install/yolo26n_ros/lib/python3.10/site-packages:/ros2_ws/install/interfaces/local/lib/python3.10/dist-packages:/opt/ros/humble/lib/python3.10/site-packages:/opt/ros/humble/local/lib/python3.10/dist-packages'), ('ROS_HOSTNAME', '10.10.0.2'), ('COLCON', '1'), ('CMAKE_PREFIX_PATH', '/ros2_ws/install/interfaces:/ros2_ws/install/oradar_lidar:/ros2_ws/install/bringup:/ros2_ws/install/description:/ros2_ws/install/brain_hardware:/ros2_ws/install/brain_controller:/opt/ros/humble:')]), 'shell': False}
[3.382343] (brain_controller) StdoutLine: {'line': b'-- Install configuration: ""\n'}
[3.384929] (brain_controller) StdoutLine: {'line': b'-- Execute custom install script\n'}
[3.387317] (brain_controller) StdoutLine: {'line': b'-- Up-to-date symlink: /ros2_ws/install/brain_controller/share/brain_controller//brain_controller_plugins.xml\n'}
[3.389702] (brain_controller) StdoutLine: {'line': b'-- Up-to-date symlink: /ros2_ws/install/brain_controller/lib/libbrain_controller.so\n'}
[3.392437] (brain_controller) StdoutLine: {'line': b'-- Up-to-date symlink: /ros2_ws/install/brain_controller/include/brain_controller/brain_controller/brain_controller.hpp\n'}
[3.394361] (brain_controller) StdoutLine: {'line': b'-- Up-to-date symlink: /ros2_ws/install/brain_controller/share/brain_controller/brain_controller_plugins.xml\n'}
[3.396665] (brain_controller) StdoutLine: {'line': b'-- Up-to-date symlink: /ros2_ws/install/brain_controller/share/brain_controller/environment/library_path.sh\n'}
[3.397626] (brain_hardware) StdoutLine: {'line': b'-- Up-to-date symlink: /ros2_ws/install/brain_hardware/share/ament_index/resource_index/packages/brain_hardware\n'}
[3.398947] (brain_hardware) StdoutLine: {'line': b'-- Up-to-date symlink: /ros2_ws/install/brain_hardware/share/ament_index/resource_index/hardware_interface__pluginlib__plugin/brain_hardware\n'}
[3.399803] (brain_hardware) StdoutLine: {'line': b'-- Up-to-date symlink: /ros2_ws/install/brain_hardware/share/brain_hardware/cmake/ament_cmake_export_include_directories-extras.cmake\n'}
[3.401322] (brain_hardware) StdoutLine: {'line': b'-- Up-to-date symlink: /ros2_ws/install/brain_hardware/share/brain_hardware/cmake/ament_cmake_export_libraries-extras.cmake\n'}
[3.401950] (brain_hardware) StdoutLine: {'line': b'-- Up-to-date symlink: /ros2_ws/install/brain_hardware/share/brain_hardware/cmake/ament_cmake_export_dependencies-extras.cmake\n'}
[3.402688] (brain_hardware) StdoutLine: {'line': b'-- Up-to-date symlink: /ros2_ws/install/brain_hardware/share/brain_hardware/cmake/brain_hardwareConfig.cmake\n'}
[3.403119] (brain_controller) StdoutLine: {'line': b'-- Up-to-date symlink: /ros2_ws/install/brain_controller/share/brain_controller/environment/library_path.dsv\n'}
[3.422064] (brain_hardware) StdoutLine: {'line': b'-- Up-to-date symlink: /ros2_ws/install/brain_hardware/share/brain_hardware/cmake/brain_hardwareConfig-version.cmake\n'}
[3.422761] (brain_hardware) StdoutLine: {'line': b'-- Up-to-date symlink: /ros2_ws/install/brain_hardware/share/brain_hardware/package.xml\n'}
[3.423310] (brain_controller) StdoutLine: {'line': b'-- Up-to-date symlink: /ros2_ws/install/brain_controller/share/ament_index/resource_index/package_run_dependencies/brain_controller\n'}
[3.431368] (-) TimerEvent: {}
[3.431937] (brain_controller) StdoutLine: {'line': b'-- Up-to-date symlink: /ros2_ws/install/brain_controller/share/ament_index/resource_index/parent_prefix_path/brain_controller\n'}
[3.432598] (brain_controller) StdoutLine: {'line': b'-- Up-to-date symlink: /ros2_ws/install/brain_controller/share/brain_controller/environment/ament_prefix_path.sh\n'}
[3.433134] (brain_controller) StdoutLine: {'line': b'-- Up-to-date symlink: /ros2_ws/install/brain_controller/share/brain_controller/environment/ament_prefix_path.dsv\n'}
[3.433841] (brain_controller) StdoutLine: {'line': b'-- Up-to-date symlink: /ros2_ws/install/brain_controller/share/brain_controller/environment/path.sh\n'}
[3.434450] (brain_controller) StdoutLine: {'line': b'-- Up-to-date symlink: /ros2_ws/install/brain_controller/share/brain_controller/environment/path.dsv\n'}
[3.434984] (brain_hardware) CommandEnded: {'returncode': 0}
[3.444188] (brain_controller) StdoutLine: {'line': b'-- Up-to-date symlink: /ros2_ws/install/brain_controller/share/brain_controller/local_setup.bash\n'}
[3.448124] (brain_controller) StdoutLine: {'line': b'-- Up-to-date symlink: /ros2_ws/install/brain_controller/share/brain_controller/local_setup.sh\n'}
[3.454184] (brain_controller) StdoutLine: {'line': b'-- Up-to-date symlink: /ros2_ws/install/brain_controller/share/brain_controller/local_setup.zsh\n'}
[3.455520] (brain_controller) StdoutLine: {'line': b'-- Up-to-date symlink: /ros2_ws/install/brain_controller/share/brain_controller/local_setup.dsv\n'}
[3.456287] (brain_controller) StdoutLine: {'line': b'-- Symlinking: /ros2_ws/install/brain_controller/share/brain_controller/package.dsv\n'}
[3.456890] (brain_controller) StdoutLine: {'line': b'-- Up-to-date symlink: /ros2_ws/install/brain_controller/share/ament_index/resource_index/packages/brain_controller\n'}
[3.457464] (brain_controller) StdoutLine: {'line': b'-- Up-to-date symlink: /ros2_ws/install/brain_controller/share/ament_index/resource_index/controller_interface__pluginlib__plugin/brain_controller\n'}
[3.462904] (brain_controller) StdoutLine: {'line': b'-- Up-to-date symlink: /ros2_ws/install/brain_controller/share/brain_controller/cmake/ament_cmake_export_include_directories-extras.cmake\n'}
[3.463511] (brain_controller) StdoutLine: {'line': b'-- Up-to-date symlink: /ros2_ws/install/brain_controller/share/brain_controller/cmake/ament_cmake_export_libraries-extras.cmake\n'}
[3.464129] (brain_controller) StdoutLine: {'line': b'-- Up-to-date symlink: /ros2_ws/install/brain_controller/share/brain_controller/cmake/ament_cmake_export_dependencies-extras.cmake\n'}
[3.465066] (brain_controller) StdoutLine: {'line': b'-- Up-to-date symlink: /ros2_ws/install/brain_controller/share/brain_controller/cmake/brain_controllerConfig.cmake\n'}
[3.467338] (brain_controller) StdoutLine: {'line': b'-- Up-to-date symlink: /ros2_ws/install/brain_controller/share/brain_controller/cmake/brain_controllerConfig-version.cmake\n'}
[3.467953] (brain_controller) StdoutLine: {'line': b'-- Up-to-date symlink: /ros2_ws/install/brain_controller/share/brain_controller/package.xml\n'}
[3.531476] (brain_hardware) JobEnded: {'identifier': 'brain_hardware', 'rc': 0}
[3.535453] (-) TimerEvent: {}
[3.536065] (description) JobStarted: {'identifier': 'description'}
[3.557494] (brain_controller) CommandEnded: {'returncode': 0}
[3.635645] (-) TimerEvent: {}
[3.640104] (brain_controller) JobEnded: {'identifier': 'brain_controller', 'rc': 0}
[3.644652] (description) JobProgress: {'identifier': 'description', 'progress': 'cmake'}
[3.646312] (description) JobProgress: {'identifier': 'description', 'progress': 'build'}
[3.647058] (description) Command: {'cmd': ['/usr/bin/cmake', '--build', '/ros2_ws/build/description', '--', '-j4', '-l4'], 'cwd': '/ros2_ws/build/description', 'env': OrderedDict([('LESSOPEN', '| /usr/bin/lesspipe %s'), ('HOSTNAME', '55456c0da4eb'), ('GIT_ASKPASS', '/root/.vscode-server/bin/8b3775030ed1a69b13e4f4c628c612102e30a681/extensions/git/dist/askpass.sh'), ('SHLVL', '2'), ('LD_LIBRARY_PATH', '/ros2_ws/install/brain_hardware/lib:/ros2_ws/install/interfaces/lib:/ros2_ws/install/brain_controller/lib:/opt/ros/humble/opt/rviz_ogre_vendor/lib:/opt/ros/humble/lib/aarch64-linux-gnu:/opt/ros/humble/lib'), ('BROWSER', '/root/.vscode-server/bin/8b3775030ed1a69b13e4f4c628c612102e30a681/bin/helpers/browser.sh'), ('HOME', '/root'), ('OLDPWD', '/ros2_ws/debug'), ('TERM_PROGRAM_VERSION', '1.85.2'), ('VSCODE_IPC_HOOK_CLI', '/tmp/vscode-ipc-5282fb0c-0699-4020-97d1-afaa64040b34.sock'), ('ROS_PYTHON_VERSION', '3'), ('VSCODE_GIT_ASKPASS_MAIN', '/root/.vscode-server/bin/8b3775030ed1a69b13e4f4c628c612102e30a681/extensions/git/dist/askpass-main.js'), ('PS1', '\\[\x1b]633;A\x07\\]\\u@\\h\\[\\033[01;32m\\](brain)\\[\\033[00m\\]:\\w$ \\[\x1b]633;B\x07\\]'), ('VSCODE_GIT_ASKPASS_NODE', '/root/.vscode-server/bin/8b3775030ed1a69b13e4f4c628c612102e30a681/node'), ('ROS_IP', '10.10.0.2'), ('COLORTERM', 'truecolor'), ('REMOTE_CONTAINERS', 'true'), ('COLCON_PREFIX_PATH', '/ros2_ws/install'), ('ROS_DISTRO', 'humble'), ('REMOTE_CONTAINERS_IPC', '/tmp/vscode-remote-containers-ipc-d41a1dca-a5c7-4529-b0ee-8f0db6975d15.sock'), ('_', '/usr/bin/colcon'), ('ROS_VERSION', '2'), ('TERM', 'xterm-256color'), ('ROS_LOCALHOST_ONLY', '0'), ('PATH', '/ros2_ws/install/oradar_lidar/bin:/root/.vscode-server/bin/8b3775030ed1a69b13e4f4c628c612102e30a681/bin/remote-cli:/opt/ros/humble/bin:/usr/local/sbin:/usr/local/bin:/usr/sbin:/usr/bin:/sbin:/bin'), ('REMOTE_CONTAINERS_SOCKETS', '["/tmp/vscode-ssh-auth-d41a1dca-a5c7-4529-b0ee-8f0db6975d15.sock","/root/.gnupg/S.gpg-agent"]'), ('DISPLAY', ':0'), ('LANG', 'en_US.UTF-8'), ('RMW_IMPLEMENTATION', 'rmw_fastrtps_cpp'), ('LS_COLORS', 'rs=0:di=01;34:ln=01;36:mh=00:pi=40;33:so=01;35:do=01;35:bd=40;33;01:cd=40;33;01:or=40;31;01:mi=00:su=37;41:sg=30;43:ca=30;41:tw=30;42:ow=34;42:st=37;44:ex=01;32:*.tar=01;31:*.tgz=01;31:*.arc=01;31:*.arj=01;31:*.taz=01;31:*.lha=01;31:*.lz4=01;31:*.lzh=01;31:*.lzma=01;31:*.tlz=01;31:*.txz=01;31:*.tzo=01;31:*.t7z=01;31:*.zip=01;31:*.z=01;31:*.dz=01;31:*.gz=01;31:*.lrz=01;31:*.lz=01;31:*.lzo=01;31:*.xz=01;31:*.zst=01;31:*.tzst=01;31:*.bz2=01;31:*.bz=01;31:*.tbz=01;31:*.tbz2=01;31:*.tz=01;31:*.deb=01;31:*.rpm=01;31:*.jar=01;31:*.war=01;31:*.ear=01;31:*.sar=01;31:*.rar=01;31:*.alz=01;31:*.ace=01;31:*.zoo=01;31:*.cpio=01;31:*.7z=01;31:*.rz=01;31:*.cab=01;31:*.wim=01;31:*.swm=01;31:*.dwm=01;31:*.esd=01;31:*.jpg=01;35:*.jpeg=01;35:*.mjpg=01;35:*.mjpeg=01;35:*.gif=01;35:*.bmp=01;35:*.pbm=01;35:*.pgm=01;35:*.ppm=01;35:*.tga=01;35:*.xbm=01;35:*.xpm=01;35:*.tif=01;35:*.tiff=01;35:*.png=01;35:*.svg=01;35:*.svgz=01;35:*.mng=01;35:*.pcx=01;35:*.mov=01;35:*.mpg=01;35:*.mpeg=01;35:*.m2v=01;35:*.mkv=01;35:*.webm=01;35:*.webp=01;35:*.ogm=01;35:*.mp4=01;35:*.m4v=01;35:*.mp4v=01;35:*.vob=01;35:*.qt=01;35:*.nuv=01;35:*.wmv=01;35:*.asf=01;35:*.rm=01;35:*.rmvb=01;35:*.flc=01;35:*.avi=01;35:*.fli=01;35:*.flv=01;35:*.gl=01;35:*.dl=01;35:*.xcf=01;35:*.xwd=01;35:*.yuv=01;35:*.cgm=01;35:*.emf=01;35:*.ogv=01;35:*.ogx=01;35:*.aac=00;36:*.au=00;36:*.flac=00;36:*.m4a=00;36:*.mid=00;36:*.midi=00;36:*.mka=00;36:*.mp3=00;36:*.mpc=00;36:*.ogg=00;36:*.ra=00;36:*.wav=00;36:*.oga=00;36:*.opus=00;36:*.spx=00;36:*.xspf=00;36:'), ('VSCODE_GIT_IPC_HANDLE', '/tmp/vscode-git-b3700a665a.sock'), ('TERM_PROGRAM', 'vscode'), ('SSH_AUTH_SOCK', '/tmp/vscode-ssh-auth-d41a1dca-a5c7-4529-b0ee-8f0db6975d15.sock'), ('ROS_DOMAIN_ID', '42'), ('AMENT_PREFIX_PATH', '/ros2_ws/install/oradar_lidar:/ros2_ws/install/bringup:/ros2_ws/install/description:/ros2_ws/install/brain_hardware:/ros2_ws/install/brain_controller:/ros2_ws/install/interfaces:/opt/ros/humble:'), ('SHELL', '/bin/bash'), ('LESSCLOSE', '/usr/bin/lesspipe %s %s'), ('VSCODE_GIT_ASKPASS_EXTRA_ARGS', ''), ('PWD', '/ros2_ws/build/description'), ('PYTHONPATH', '/ros2_ws/install/yolov8n_ros/lib/python3.10/site-packages:/ros2_ws/install/yolo26n_ros/lib/python3.10/site-packages:/ros2_ws/install/interfaces/local/lib/python3.10/dist-packages:/opt/ros/humble/lib/python3.10/site-packages:/opt/ros/humble/local/lib/python3.10/dist-packages'), ('ROS_HOSTNAME', '10.10.0.2'), ('COLCON', '1'), ('CMAKE_PREFIX_PATH', '/ros2_ws/install/brain_hardware:/ros2_ws/install/interfaces:/ros2_ws/install/oradar_lidar:/ros2_ws/install/bringup:/ros2_ws/install/description:/ros2_ws/install/brain_controller:/opt/ros/humble:')]), 'shell': False}
[3.735848] (-) TimerEvent: {}
[3.774302] (description) CommandEnded: {'returncode': 0}
[3.778931] (description) JobProgress: {'identifier': 'description', 'progress': 'install'}
[3.779403] (description) Command: {'cmd': ['/usr/bin/cmake', '--install', '/ros2_ws/build/description'], 'cwd': '/ros2_ws/build/description', 'env': OrderedDict([('LESSOPEN', '| /usr/bin/lesspipe %s'), ('HOSTNAME', '55456c0da4eb'), ('GIT_ASKPASS', '/root/.vscode-server/bin/8b3775030ed1a69b13e4f4c628c612102e30a681/extensions/git/dist/askpass.sh'), ('SHLVL', '2'), ('LD_LIBRARY_PATH', '/ros2_ws/install/brain_hardware/lib:/ros2_ws/install/interfaces/lib:/ros2_ws/install/brain_controller/lib:/opt/ros/humble/opt/rviz_ogre_vendor/lib:/opt/ros/humble/lib/aarch64-linux-gnu:/opt/ros/humble/lib'), ('BROWSER', '/root/.vscode-server/bin/8b3775030ed1a69b13e4f4c628c612102e30a681/bin/helpers/browser.sh'), ('HOME', '/root'), ('OLDPWD', '/ros2_ws/debug'), ('TERM_PROGRAM_VERSION', '1.85.2'), ('VSCODE_IPC_HOOK_CLI', '/tmp/vscode-ipc-5282fb0c-0699-4020-97d1-afaa64040b34.sock'), ('ROS_PYTHON_VERSION', '3'), ('VSCODE_GIT_ASKPASS_MAIN', '/root/.vscode-server/bin/8b3775030ed1a69b13e4f4c628c612102e30a681/extensions/git/dist/askpass-main.js'), ('PS1', '\\[\x1b]633;A\x07\\]\\u@\\h\\[\\033[01;32m\\](brain)\\[\\033[00m\\]:\\w$ \\[\x1b]633;B\x07\\]'), ('VSCODE_GIT_ASKPASS_NODE', '/root/.vscode-server/bin/8b3775030ed1a69b13e4f4c628c612102e30a681/node'), ('ROS_IP', '10.10.0.2'), ('COLORTERM', 'truecolor'), ('REMOTE_CONTAINERS', 'true'), ('COLCON_PREFIX_PATH', '/ros2_ws/install'), ('ROS_DISTRO', 'humble'), ('REMOTE_CONTAINERS_IPC', '/tmp/vscode-remote-containers-ipc-d41a1dca-a5c7-4529-b0ee-8f0db6975d15.sock'), ('_', '/usr/bin/colcon'), ('ROS_VERSION', '2'), ('TERM', 'xterm-256color'), ('ROS_LOCALHOST_ONLY', '0'), ('PATH', '/ros2_ws/install/oradar_lidar/bin:/root/.vscode-server/bin/8b3775030ed1a69b13e4f4c628c612102e30a681/bin/remote-cli:/opt/ros/humble/bin:/usr/local/sbin:/usr/local/bin:/usr/sbin:/usr/bin:/sbin:/bin'), ('REMOTE_CONTAINERS_SOCKETS', '["/tmp/vscode-ssh-auth-d41a1dca-a5c7-4529-b0ee-8f0db6975d15.sock","/root/.gnupg/S.gpg-agent"]'), ('DISPLAY', ':0'), ('LANG', 'en_US.UTF-8'), ('RMW_IMPLEMENTATION', 'rmw_fastrtps_cpp'), ('LS_COLORS', 'rs=0:di=01;34:ln=01;36:mh=00:pi=40;33:so=01;35:do=01;35:bd=40;33;01:cd=40;33;01:or=40;31;01:mi=00:su=37;41:sg=30;43:ca=30;41:tw=30;42:ow=34;42:st=37;44:ex=01;32:*.tar=01;31:*.tgz=01;31:*.arc=01;31:*.arj=01;31:*.taz=01;31:*.lha=01;31:*.lz4=01;31:*.lzh=01;31:*.lzma=01;31:*.tlz=01;31:*.txz=01;31:*.tzo=01;31:*.t7z=01;31:*.zip=01;31:*.z=01;31:*.dz=01;31:*.gz=01;31:*.lrz=01;31:*.lz=01;31:*.lzo=01;31:*.xz=01;31:*.zst=01;31:*.tzst=01;31:*.bz2=01;31:*.bz=01;31:*.tbz=01;31:*.tbz2=01;31:*.tz=01;31:*.deb=01;31:*.rpm=01;31:*.jar=01;31:*.war=01;31:*.ear=01;31:*.sar=01;31:*.rar=01;31:*.alz=01;31:*.ace=01;31:*.zoo=01;31:*.cpio=01;31:*.7z=01;31:*.rz=01;31:*.cab=01;31:*.wim=01;31:*.swm=01;31:*.dwm=01;31:*.esd=01;31:*.jpg=01;35:*.jpeg=01;35:*.mjpg=01;35:*.mjpeg=01;35:*.gif=01;35:*.bmp=01;35:*.pbm=01;35:*.pgm=01;35:*.ppm=01;35:*.tga=01;35:*.xbm=01;35:*.xpm=01;35:*.tif=01;35:*.tiff=01;35:*.png=01;35:*.svg=01;35:*.svgz=01;35:*.mng=01;35:*.pcx=01;35:*.mov=01;35:*.mpg=01;35:*.mpeg=01;35:*.m2v=01;35:*.mkv=01;35:*.webm=01;35:*.webp=01;35:*.ogm=01;35:*.mp4=01;35:*.m4v=01;35:*.mp4v=01;35:*.vob=01;35:*.qt=01;35:*.nuv=01;35:*.wmv=01;35:*.asf=01;35:*.rm=01;35:*.rmvb=01;35:*.flc=01;35:*.avi=01;35:*.fli=01;35:*.flv=01;35:*.gl=01;35:*.dl=01;35:*.xcf=01;35:*.xwd=01;35:*.yuv=01;35:*.cgm=01;35:*.emf=01;35:*.ogv=01;35:*.ogx=01;35:*.aac=00;36:*.au=00;36:*.flac=00;36:*.m4a=00;36:*.mid=00;36:*.midi=00;36:*.mka=00;36:*.mp3=00;36:*.mpc=00;36:*.ogg=00;36:*.ra=00;36:*.wav=00;36:*.oga=00;36:*.opus=00;36:*.spx=00;36:*.xspf=00;36:'), ('VSCODE_GIT_IPC_HANDLE', '/tmp/vscode-git-b3700a665a.sock'), ('TERM_PROGRAM', 'vscode'), ('SSH_AUTH_SOCK', '/tmp/vscode-ssh-auth-d41a1dca-a5c7-4529-b0ee-8f0db6975d15.sock'), ('ROS_DOMAIN_ID', '42'), ('AMENT_PREFIX_PATH', '/ros2_ws/install/oradar_lidar:/ros2_ws/install/bringup:/ros2_ws/install/description:/ros2_ws/install/brain_hardware:/ros2_ws/install/brain_controller:/ros2_ws/install/interfaces:/opt/ros/humble:'), ('SHELL', '/bin/bash'), ('LESSCLOSE', '/usr/bin/lesspipe %s %s'), ('VSCODE_GIT_ASKPASS_EXTRA_ARGS', ''), ('PWD', '/ros2_ws/build/description'), ('PYTHONPATH', '/ros2_ws/install/yolov8n_ros/lib/python3.10/site-packages:/ros2_ws/install/yolo26n_ros/lib/python3.10/site-packages:/ros2_ws/install/interfaces/local/lib/python3.10/dist-packages:/opt/ros/humble/lib/python3.10/site-packages:/opt/ros/humble/local/lib/python3.10/dist-packages'), ('ROS_HOSTNAME', '10.10.0.2'), ('COLCON', '1'), ('CMAKE_PREFIX_PATH', '/ros2_ws/install/brain_hardware:/ros2_ws/install/interfaces:/ros2_ws/install/oradar_lidar:/ros2_ws/install/bringup:/ros2_ws/install/description:/ros2_ws/install/brain_controller:/opt/ros/humble:')]), 'shell': False}
[3.801742] (description) StdoutLine: {'line': b'-- Install configuration: ""\n'}
[3.803100] (description) StdoutLine: {'line': b'-- Execute custom install script\n'}
[3.804741] (description) StdoutLine: {'line': b'-- Up-to-date symlink: /ros2_ws/install/description/share/description/urdf/ascamera.xacro\n'}
[3.805324] (description) StdoutLine: {'line': b'-- Up-to-date symlink: /ros2_ws/install/description/share/description/urdf/description.urdf.xacro\n'}
[3.805790] (description) StdoutLine: {'line': b'-- Up-to-date symlink: /ros2_ws/install/description/share/description/urdf/materials.xacro\n'}
[3.806649] (description) StdoutLine: {'line': b'-- Up-to-date symlink: /ros2_ws/install/description/share/description/config/behavior_trees/navigate_to_pose_without_backup.xml\n'}
[3.807143] (description) StdoutLine: {'line': b'-- Up-to-date symlink: /ros2_ws/install/description/share/description/config/behavior_trees/navigate_without_backup.xml\n'}
[3.807662] (description) StdoutLine: {'line': b'-- Up-to-date symlink: /ros2_ws/install/description/share/description/config/brain_controllers.yaml\n'}
[3.808157] (description) StdoutLine: {'line': b'-- Up-to-date symlink: /ros2_ws/install/description/share/description/config/ekf.yaml\n'}
[3.808633] (description) StdoutLine: {'line': b'-- Up-to-date symlink: /ros2_ws/install/description/share/description/config/ekf_3d.yaml\n'}
[3.809057] (description) StdoutLine: {'line': b'-- Up-to-date symlink: /ros2_ws/install/description/share/description/config/nav2_params.yaml\n'}
[3.809588] (description) StdoutLine: {'line': b'-- Up-to-date symlink: /ros2_ws/install/description/share/description/config/nav2_params_pointcloud.yaml\n'}
[3.809937] (description) StdoutLine: {'line': b'-- Up-to-date symlink: /ros2_ws/install/description/share/description/config/slam_params.yaml\n'}
[3.810380] (description) StdoutLine: {'line': b'-- Up-to-date symlink: /ros2_ws/install/description/share/description/launch/display.launch.py\n'}
[3.811120] (description) StdoutLine: {'line': b'-- Up-to-date symlink: /ros2_ws/install/description/share/description/rviz/view.rviz\n'}
[3.811703] (description) StdoutLine: {'line': b'-- Up-to-date symlink: /ros2_ws/install/description/share/description/rviz/view_pointcloud.rviz\n'}
[3.812675] (description) StdoutLine: {'line': b'-- Up-to-date symlink: /ros2_ws/install/description/share/ament_index/resource_index/package_run_dependencies/description\n'}
[3.813342] (description) StdoutLine: {'line': b'-- Up-to-date symlink: /ros2_ws/install/description/share/ament_index/resource_index/parent_prefix_path/description\n'}
[3.814037] (description) StdoutLine: {'line': b'-- Up-to-date symlink: /ros2_ws/install/description/share/description/environment/ament_prefix_path.sh\n'}
[3.814555] (description) StdoutLine: {'line': b'-- Up-to-date symlink: /ros2_ws/install/description/share/description/environment/ament_prefix_path.dsv\n'}
[3.815191] (description) StdoutLine: {'line': b'-- Up-to-date symlink: /ros2_ws/install/description/share/description/environment/path.sh\n'}
[3.815834] (description) StdoutLine: {'line': b'-- Up-to-date symlink: /ros2_ws/install/description/share/description/environment/path.dsv\n'}
[3.816413] (description) StdoutLine: {'line': b'-- Up-to-date symlink: /ros2_ws/install/description/share/description/local_setup.bash\n'}
[3.816970] (description) StdoutLine: {'line': b'-- Up-to-date symlink: /ros2_ws/install/description/share/description/local_setup.sh\n'}
[3.817517] (description) StdoutLine: {'line': b'-- Up-to-date symlink: /ros2_ws/install/description/share/description/local_setup.zsh\n'}
[3.818064] (description) StdoutLine: {'line': b'-- Up-to-date symlink: /ros2_ws/install/description/share/description/local_setup.dsv\n'}
[3.818518] (description) StdoutLine: {'line': b'-- Symlinking: /ros2_ws/install/description/share/description/package.dsv\n'}
[3.835988] (-) TimerEvent: {}
[3.846765] (description) StdoutLine: {'line': b'-- Up-to-date symlink: /ros2_ws/install/description/share/ament_index/resource_index/packages/description\n'}
[3.847949] (description) StdoutLine: {'line': b'-- Up-to-date symlink: /ros2_ws/install/description/share/description/cmake/descriptionConfig.cmake\n'}
[3.848435] (description) StdoutLine: {'line': b'-- Up-to-date symlink: /ros2_ws/install/description/share/description/cmake/descriptionConfig-version.cmake\n'}
[3.848815] (description) StdoutLine: {'line': b'-- Up-to-date symlink: /ros2_ws/install/description/share/description/package.xml\n'}
[3.853449] (description) CommandEnded: {'returncode': 0}
[3.936193] (-) TimerEvent: {}
[3.984565] (description) JobEnded: {'identifier': 'description', 'rc': 0}
[3.989087] (bringup) JobStarted: {'identifier': 'bringup'}
[4.034333] (bringup) JobProgress: {'identifier': 'bringup', 'progress': 'cmake'}
[4.036438] (bringup) JobProgress: {'identifier': 'bringup', 'progress': 'build'}
[4.036606] (-) TimerEvent: {}
[4.037617] (bringup) Command: {'cmd': ['/usr/bin/cmake', '--build', '/ros2_ws/build/bringup', '--', '-j4', '-l4'], 'cwd': '/ros2_ws/build/bringup', 'env': OrderedDict([('LESSOPEN', '| /usr/bin/lesspipe %s'), ('HOSTNAME', '55456c0da4eb'), ('GIT_ASKPASS', '/root/.vscode-server/bin/8b3775030ed1a69b13e4f4c628c612102e30a681/extensions/git/dist/askpass.sh'), ('SHLVL', '2'), ('LD_LIBRARY_PATH', '/ros2_ws/install/brain_hardware/lib:/ros2_ws/install/interfaces/lib:/ros2_ws/install/brain_controller/lib:/opt/ros/humble/opt/rviz_ogre_vendor/lib:/opt/ros/humble/lib/aarch64-linux-gnu:/opt/ros/humble/lib'), ('BROWSER', '/root/.vscode-server/bin/8b3775030ed1a69b13e4f4c628c612102e30a681/bin/helpers/browser.sh'), ('HOME', '/root'), ('OLDPWD', '/ros2_ws/debug'), ('TERM_PROGRAM_VERSION', '1.85.2'), ('VSCODE_IPC_HOOK_CLI', '/tmp/vscode-ipc-5282fb0c-0699-4020-97d1-afaa64040b34.sock'), ('ROS_PYTHON_VERSION', '3'), ('VSCODE_GIT_ASKPASS_MAIN', '/root/.vscode-server/bin/8b3775030ed1a69b13e4f4c628c612102e30a681/extensions/git/dist/askpass-main.js'), ('PS1', '\\[\x1b]633;A\x07\\]\\u@\\h\\[\\033[01;32m\\](brain)\\[\\033[00m\\]:\\w$ \\[\x1b]633;B\x07\\]'), ('VSCODE_GIT_ASKPASS_NODE', '/root/.vscode-server/bin/8b3775030ed1a69b13e4f4c628c612102e30a681/node'), ('ROS_IP', '10.10.0.2'), ('COLORTERM', 'truecolor'), ('REMOTE_CONTAINERS', 'true'), ('COLCON_PREFIX_PATH', '/ros2_ws/install'), ('ROS_DISTRO', 'humble'), ('REMOTE_CONTAINERS_IPC', '/tmp/vscode-remote-containers-ipc-d41a1dca-a5c7-4529-b0ee-8f0db6975d15.sock'), ('_', '/usr/bin/colcon'), ('ROS_VERSION', '2'), ('TERM', 'xterm-256color'), ('ROS_LOCALHOST_ONLY', '0'), ('PATH', '/ros2_ws/install/oradar_lidar/bin:/root/.vscode-server/bin/8b3775030ed1a69b13e4f4c628c612102e30a681/bin/remote-cli:/opt/ros/humble/bin:/usr/local/sbin:/usr/local/bin:/usr/sbin:/usr/bin:/sbin:/bin'), ('REMOTE_CONTAINERS_SOCKETS', '["/tmp/vscode-ssh-auth-d41a1dca-a5c7-4529-b0ee-8f0db6975d15.sock","/root/.gnupg/S.gpg-agent"]'), ('DISPLAY', ':0'), ('LANG', 'en_US.UTF-8'), ('RMW_IMPLEMENTATION', 'rmw_fastrtps_cpp'), ('LS_COLORS', 'rs=0:di=01;34:ln=01;36:mh=00:pi=40;33:so=01;35:do=01;35:bd=40;33;01:cd=40;33;01:or=40;31;01:mi=00:su=37;41:sg=30;43:ca=30;41:tw=30;42:ow=34;42:st=37;44:ex=01;32:*.tar=01;31:*.tgz=01;31:*.arc=01;31:*.arj=01;31:*.taz=01;31:*.lha=01;31:*.lz4=01;31:*.lzh=01;31:*.lzma=01;31:*.tlz=01;31:*.txz=01;31:*.tzo=01;31:*.t7z=01;31:*.zip=01;31:*.z=01;31:*.dz=01;31:*.gz=01;31:*.lrz=01;31:*.lz=01;31:*.lzo=01;31:*.xz=01;31:*.zst=01;31:*.tzst=01;31:*.bz2=01;31:*.bz=01;31:*.tbz=01;31:*.tbz2=01;31:*.tz=01;31:*.deb=01;31:*.rpm=01;31:*.jar=01;31:*.war=01;31:*.ear=01;31:*.sar=01;31:*.rar=01;31:*.alz=01;31:*.ace=01;31:*.zoo=01;31:*.cpio=01;31:*.7z=01;31:*.rz=01;31:*.cab=01;31:*.wim=01;31:*.swm=01;31:*.dwm=01;31:*.esd=01;31:*.jpg=01;35:*.jpeg=01;35:*.mjpg=01;35:*.mjpeg=01;35:*.gif=01;35:*.bmp=01;35:*.pbm=01;35:*.pgm=01;35:*.ppm=01;35:*.tga=01;35:*.xbm=01;35:*.xpm=01;35:*.tif=01;35:*.tiff=01;35:*.png=01;35:*.svg=01;35:*.svgz=01;35:*.mng=01;35:*.pcx=01;35:*.mov=01;35:*.mpg=01;35:*.mpeg=01;35:*.m2v=01;35:*.mkv=01;35:*.webm=01;35:*.webp=01;35:*.ogm=01;35:*.mp4=01;35:*.m4v=01;35:*.mp4v=01;35:*.vob=01;35:*.qt=01;35:*.nuv=01;35:*.wmv=01;35:*.asf=01;35:*.rm=01;35:*.rmvb=01;35:*.flc=01;35:*.avi=01;35:*.fli=01;35:*.flv=01;35:*.gl=01;35:*.dl=01;35:*.xcf=01;35:*.xwd=01;35:*.yuv=01;35:*.cgm=01;35:*.emf=01;35:*.ogv=01;35:*.ogx=01;35:*.aac=00;36:*.au=00;36:*.flac=00;36:*.m4a=00;36:*.mid=00;36:*.midi=00;36:*.mka=00;36:*.mp3=00;36:*.mpc=00;36:*.ogg=00;36:*.ra=00;36:*.wav=00;36:*.oga=00;36:*.opus=00;36:*.spx=00;36:*.xspf=00;36:'), ('VSCODE_GIT_IPC_HANDLE', '/tmp/vscode-git-b3700a665a.sock'), ('TERM_PROGRAM', 'vscode'), ('SSH_AUTH_SOCK', '/tmp/vscode-ssh-auth-d41a1dca-a5c7-4529-b0ee-8f0db6975d15.sock'), ('ROS_DOMAIN_ID', '42'), ('AMENT_PREFIX_PATH', '/ros2_ws/install/oradar_lidar:/ros2_ws/install/bringup:/ros2_ws/install/description:/ros2_ws/install/brain_hardware:/ros2_ws/install/brain_controller:/ros2_ws/install/interfaces:/opt/ros/humble:'), ('SHELL', '/bin/bash'), ('LESSCLOSE', '/usr/bin/lesspipe %s %s'), ('VSCODE_GIT_ASKPASS_EXTRA_ARGS', ''), ('PWD', '/ros2_ws/build/bringup'), ('PYTHONPATH', '/ros2_ws/install/yolov8n_ros/lib/python3.10/site-packages:/ros2_ws/install/yolo26n_ros/lib/python3.10/site-packages:/ros2_ws/install/interfaces/local/lib/python3.10/dist-packages:/opt/ros/humble/lib/python3.10/site-packages:/opt/ros/humble/local/lib/python3.10/dist-packages'), ('ROS_HOSTNAME', '10.10.0.2'), ('COLCON', '1'), ('CMAKE_PREFIX_PATH', '/ros2_ws/install/description:/ros2_ws/install/brain_hardware:/ros2_ws/install/interfaces:/ros2_ws/install/oradar_lidar:/ros2_ws/install/bringup:/ros2_ws/install/brain_controller:/opt/ros/humble:')]), 'shell': False}
[4.136803] (-) TimerEvent: {}
[4.163156] (bringup) CommandEnded: {'returncode': 0}
[4.168331] (bringup) JobProgress: {'identifier': 'bringup', 'progress': 'install'}
[4.170903] (bringup) Command: {'cmd': ['/usr/bin/cmake', '--install', '/ros2_ws/build/bringup'], 'cwd': '/ros2_ws/build/bringup', 'env': OrderedDict([('LESSOPEN', '| /usr/bin/lesspipe %s'), ('HOSTNAME', '55456c0da4eb'), ('GIT_ASKPASS', '/root/.vscode-server/bin/8b3775030ed1a69b13e4f4c628c612102e30a681/extensions/git/dist/askpass.sh'), ('SHLVL', '2'), ('LD_LIBRARY_PATH', '/ros2_ws/install/brain_hardware/lib:/ros2_ws/install/interfaces/lib:/ros2_ws/install/brain_controller/lib:/opt/ros/humble/opt/rviz_ogre_vendor/lib:/opt/ros/humble/lib/aarch64-linux-gnu:/opt/ros/humble/lib'), ('BROWSER', '/root/.vscode-server/bin/8b3775030ed1a69b13e4f4c628c612102e30a681/bin/helpers/browser.sh'), ('HOME', '/root'), ('OLDPWD', '/ros2_ws/debug'), ('TERM_PROGRAM_VERSION', '1.85.2'), ('VSCODE_IPC_HOOK_CLI', '/tmp/vscode-ipc-5282fb0c-0699-4020-97d1-afaa64040b34.sock'), ('ROS_PYTHON_VERSION', '3'), ('VSCODE_GIT_ASKPASS_MAIN', '/root/.vscode-server/bin/8b3775030ed1a69b13e4f4c628c612102e30a681/extensions/git/dist/askpass-main.js'), ('PS1', '\\[\x1b]633;A\x07\\]\\u@\\h\\[\\033[01;32m\\](brain)\\[\\033[00m\\]:\\w$ \\[\x1b]633;B\x07\\]'), ('VSCODE_GIT_ASKPASS_NODE', '/root/.vscode-server/bin/8b3775030ed1a69b13e4f4c628c612102e30a681/node'), ('ROS_IP', '10.10.0.2'), ('COLORTERM', 'truecolor'), ('REMOTE_CONTAINERS', 'true'), ('COLCON_PREFIX_PATH', '/ros2_ws/install'), ('ROS_DISTRO', 'humble'), ('REMOTE_CONTAINERS_IPC', '/tmp/vscode-remote-containers-ipc-d41a1dca-a5c7-4529-b0ee-8f0db6975d15.sock'), ('_', '/usr/bin/colcon'), ('ROS_VERSION', '2'), ('TERM', 'xterm-256color'), ('ROS_LOCALHOST_ONLY', '0'), ('PATH', '/ros2_ws/install/oradar_lidar/bin:/root/.vscode-server/bin/8b3775030ed1a69b13e4f4c628c612102e30a681/bin/remote-cli:/opt/ros/humble/bin:/usr/local/sbin:/usr/local/bin:/usr/sbin:/usr/bin:/sbin:/bin'), ('REMOTE_CONTAINERS_SOCKETS', '["/tmp/vscode-ssh-auth-d41a1dca-a5c7-4529-b0ee-8f0db6975d15.sock","/root/.gnupg/S.gpg-agent"]'), ('DISPLAY', ':0'), ('LANG', 'en_US.UTF-8'), ('RMW_IMPLEMENTATION', 'rmw_fastrtps_cpp'), ('LS_COLORS', 'rs=0:di=01;34:ln=01;36:mh=00:pi=40;33:so=01;35:do=01;35:bd=40;33;01:cd=40;33;01:or=40;31;01:mi=00:su=37;41:sg=30;43:ca=30;41:tw=30;42:ow=34;42:st=37;44:ex=01;32:*.tar=01;31:*.tgz=01;31:*.arc=01;31:*.arj=01;31:*.taz=01;31:*.lha=01;31:*.lz4=01;31:*.lzh=01;31:*.lzma=01;31:*.tlz=01;31:*.txz=01;31:*.tzo=01;31:*.t7z=01;31:*.zip=01;31:*.z=01;31:*.dz=01;31:*.gz=01;31:*.lrz=01;31:*.lz=01;31:*.lzo=01;31:*.xz=01;31:*.zst=01;31:*.tzst=01;31:*.bz2=01;31:*.bz=01;31:*.tbz=01;31:*.tbz2=01;31:*.tz=01;31:*.deb=01;31:*.rpm=01;31:*.jar=01;31:*.war=01;31:*.ear=01;31:*.sar=01;31:*.rar=01;31:*.alz=01;31:*.ace=01;31:*.zoo=01;31:*.cpio=01;31:*.7z=01;31:*.rz=01;31:*.cab=01;31:*.wim=01;31:*.swm=01;31:*.dwm=01;31:*.esd=01;31:*.jpg=01;35:*.jpeg=01;35:*.mjpg=01;35:*.mjpeg=01;35:*.gif=01;35:*.bmp=01;35:*.pbm=01;35:*.pgm=01;35:*.ppm=01;35:*.tga=01;35:*.xbm=01;35:*.xpm=01;35:*.tif=01;35:*.tiff=01;35:*.png=01;35:*.svg=01;35:*.svgz=01;35:*.mng=01;35:*.pcx=01;35:*.mov=01;35:*.mpg=01;35:*.mpeg=01;35:*.m2v=01;35:*.mkv=01;35:*.webm=01;35:*.webp=01;35:*.ogm=01;35:*.mp4=01;35:*.m4v=01;35:*.mp4v=01;35:*.vob=01;35:*.qt=01;35:*.nuv=01;35:*.wmv=01;35:*.asf=01;35:*.rm=01;35:*.rmvb=01;35:*.flc=01;35:*.avi=01;35:*.fli=01;35:*.flv=01;35:*.gl=01;35:*.dl=01;35:*.xcf=01;35:*.xwd=01;35:*.yuv=01;35:*.cgm=01;35:*.emf=01;35:*.ogv=01;35:*.ogx=01;35:*.aac=00;36:*.au=00;36:*.flac=00;36:*.m4a=00;36:*.mid=00;36:*.midi=00;36:*.mka=00;36:*.mp3=00;36:*.mpc=00;36:*.ogg=00;36:*.ra=00;36:*.wav=00;36:*.oga=00;36:*.opus=00;36:*.spx=00;36:*.xspf=00;36:'), ('VSCODE_GIT_IPC_HANDLE', '/tmp/vscode-git-b3700a665a.sock'), ('TERM_PROGRAM', 'vscode'), ('SSH_AUTH_SOCK', '/tmp/vscode-ssh-auth-d41a1dca-a5c7-4529-b0ee-8f0db6975d15.sock'), ('ROS_DOMAIN_ID', '42'), ('AMENT_PREFIX_PATH', '/ros2_ws/install/oradar_lidar:/ros2_ws/install/bringup:/ros2_ws/install/description:/ros2_ws/install/brain_hardware:/ros2_ws/install/brain_controller:/ros2_ws/install/interfaces:/opt/ros/humble:'), ('SHELL', '/bin/bash'), ('LESSCLOSE', '/usr/bin/lesspipe %s %s'), ('VSCODE_GIT_ASKPASS_EXTRA_ARGS', ''), ('PWD', '/ros2_ws/build/bringup'), ('PYTHONPATH', '/ros2_ws/install/yolov8n_ros/lib/python3.10/site-packages:/ros2_ws/install/yolo26n_ros/lib/python3.10/site-packages:/ros2_ws/install/interfaces/local/lib/python3.10/dist-packages:/opt/ros/humble/lib/python3.10/site-packages:/opt/ros/humble/local/lib/python3.10/dist-packages'), ('ROS_HOSTNAME', '10.10.0.2'), ('COLCON', '1'), ('CMAKE_PREFIX_PATH', '/ros2_ws/install/description:/ros2_ws/install/brain_hardware:/ros2_ws/install/interfaces:/ros2_ws/install/oradar_lidar:/ros2_ws/install/bringup:/ros2_ws/install/brain_controller:/opt/ros/humble:')]), 'shell': False}
[4.195410] (bringup) StdoutLine: {'line': b'-- Install configuration: ""\n'}
[4.197079] (bringup) StdoutLine: {'line': b'-- Execute custom install script\n'}
[4.198436] (bringup) StdoutLine: {'line': b'-- Up-to-date symlink: /ros2_ws/install/bringup/share/bringup/launch/aurora_include.launch.py\n'}
[4.199100] (bringup) StdoutLine: {'line': b'-- Up-to-date symlink: /ros2_ws/install/bringup/share/bringup/launch/brain_localization.launch.py\n'}
[4.199792] (bringup) StdoutLine: {'line': b'-- Up-to-date symlink: /ros2_ws/install/bringup/share/bringup/launch/brain_localization_pointcloud.launch.py\n'}
[4.200247] (bringup) StdoutLine: {'line': b'-- Up-to-date symlink: /ros2_ws/install/bringup/share/bringup/launch/brain_mapping.launch.py\n'}
[4.200779] (bringup) StdoutLine: {'line': b'-- Up-to-date symlink: /ros2_ws/install/bringup/share/bringup/launch/brain_slam_nav.launch.py\n'}
[4.201188] (bringup) StdoutLine: {'line': b'-- Up-to-date symlink: /ros2_ws/install/bringup/share/bringup/launch/brain_slam_nav_pointcloud.launch.py\n'}
[4.201666] (bringup) StdoutLine: {'line': b'-- Up-to-date symlink: /ros2_ws/install/bringup/share/ament_index/resource_index/package_run_dependencies/bringup\n'}
[4.202238] (bringup) StdoutLine: {'line': b'-- Up-to-date symlink: /ros2_ws/install/bringup/share/ament_index/resource_index/parent_prefix_path/bringup\n'}
[4.202731] (bringup) StdoutLine: {'line': b'-- Up-to-date symlink: /ros2_ws/install/bringup/share/bringup/environment/ament_prefix_path.sh\n'}
[4.203176] (bringup) StdoutLine: {'line': b'-- Up-to-date symlink: /ros2_ws/install/bringup/share/bringup/environment/ament_prefix_path.dsv\n'}
[4.203961] (bringup) StdoutLine: {'line': b'-- Up-to-date symlink: /ros2_ws/install/bringup/share/bringup/environment/path.sh\n'}
[4.204518] (bringup) StdoutLine: {'line': b'-- Up-to-date symlink: /ros2_ws/install/bringup/share/bringup/environment/path.dsv\n'}
[4.205102] (bringup) StdoutLine: {'line': b'-- Up-to-date symlink: /ros2_ws/install/bringup/share/bringup/local_setup.bash\n'}
[4.205666] (bringup) StdoutLine: {'line': b'-- Up-to-date symlink: /ros2_ws/install/bringup/share/bringup/local_setup.sh\n'}
[4.206214] (bringup) StdoutLine: {'line': b'-- Up-to-date symlink: /ros2_ws/install/bringup/share/bringup/local_setup.zsh\n'}
[4.207067] (bringup) StdoutLine: {'line': b'-- Up-to-date symlink: /ros2_ws/install/bringup/share/bringup/local_setup.dsv\n'}
[4.225990] (bringup) StdoutLine: {'line': b'-- Symlinking: /ros2_ws/install/bringup/share/bringup/package.dsv\n'}
[4.237106] (-) TimerEvent: {}
[4.244405] (bringup) StdoutLine: {'line': b'-- Up-to-date symlink: /ros2_ws/install/bringup/share/ament_index/resource_index/packages/bringup\n'}
[4.247356] (bringup) StdoutLine: {'line': b'-- Up-to-date symlink: /ros2_ws/install/bringup/share/bringup/cmake/bringupConfig.cmake\n'}
[4.248102] (bringup) StdoutLine: {'line': b'-- Up-to-date symlink: /ros2_ws/install/bringup/share/bringup/cmake/bringupConfig-version.cmake\n'}
[4.248835] (bringup) StdoutLine: {'line': b'-- Up-to-date symlink: /ros2_ws/install/bringup/share/bringup/package.xml\n'}
[4.251641] (bringup) CommandEnded: {'returncode': 0}
[4.318651] (bringup) JobEnded: {'identifier': 'bringup', 'rc': 0}
[4.321950] (-) EventReactorShutdown: {}
