[0.653s] [34mcolcon[0m [1;30mDEBUG[0m [32mCommand line arguments: ['/usr/bin/colcon', 'build'][0m
[0.653s] [34mcolcon[0m [1;30mDEBUG[0m [32mParsed command line arguments: Namespace(log_base=None, log_level=None, verb_name='build', build_base='build', install_base='install', merge_install=False, symlink_install=False, test_result_base=None, continue_on_error=False, executor='parallel', parallel_workers=4, event_handlers=None, ignore_user_meta=False, metas=['./colcon.meta'], base_paths=['.'], packages_ignore=None, packages_ignore_regex=None, paths=None, packages_up_to=None, packages_up_to_regex=None, packages_above=None, packages_above_and_dependencies=None, packages_above_depth=None, packages_select_by_dep=None, packages_skip_by_dep=None, packages_skip_up_to=None, packages_select_build_failed=False, packages_skip_build_finished=False, packages_select_test_failures=False, packages_skip_test_passed=False, packages_select=None, packages_skip=None, packages_select_regex=None, packages_skip_regex=None, packages_start=None, packages_end=None, allow_overriding=[], cmake_args=None, cmake_target=None, cmake_target_skip_unavailable=False, cmake_clean_cache=False, cmake_clean_first=False, cmake_force_configure=False, ament_cmake_args=None, catkin_cmake_args=None, catkin_skip_building_tests=False, verb_parser=<colcon_defaults.argument_parser.defaults.DefaultArgumentsDecorator object at 0x7fa67f9ed0>, verb_extension=<colcon_core.verb.build.BuildVerb object at 0x7fa699b760>, main=<bound method BuildVerb.main of <colcon_core.verb.build.BuildVerb object at 0x7fa699b760>>)[0m
[2.516s] [34mcolcon.colcon_core.package_discovery[0m [1;30mLevel 1[0m discover_packages(colcon_meta) check parameters
[2.517s] [34mcolcon.colcon_core.package_discovery[0m [1;30mLevel 1[0m discover_packages(recursive) check parameters
[2.518s] [34mcolcon.colcon_core.package_discovery[0m [1;30mLevel 1[0m discover_packages(ignore) check parameters
[2.518s] [34mcolcon.colcon_core.package_discovery[0m [1;30mLevel 1[0m discover_packages(path) check parameters
[2.519s] [34mcolcon.colcon_core.package_discovery[0m [1;30mLevel 1[0m discover_packages(colcon_meta) discover
[2.519s] [34mcolcon.colcon_core.package_discovery[0m [1;30mLevel 1[0m discover_packages(recursive) discover
[2.520s] [34mcolcon.colcon_core.package_discovery[0m [1;30mINFO[0m Crawling recursively for packages in '/ros2_ws'
[2.521s] [34mcolcon.colcon_core.package_identification[0m [1;30mLevel 1[0m _identify(.) by extensions ['ignore', 'ignore_ament_install']
[2.522s] [34mcolcon.colcon_core.package_identification[0m [1;30mLevel 1[0m _identify(.) by extension 'ignore'
[2.522s] [34mcolcon.colcon_core.package_identification[0m [1;30mLevel 1[0m _identify(.) by extension 'ignore_ament_install'
[2.523s] [34mcolcon.colcon_core.package_identification[0m [1;30mLevel 1[0m _identify(.) by extensions ['colcon_pkg']
[2.524s] [34mcolcon.colcon_core.package_identification[0m [1;30mLevel 1[0m _identify(.) by extension 'colcon_pkg'
[2.524s] [34mcolcon.colcon_core.package_identification[0m [1;30mLevel 1[0m _identify(.) by extensions ['colcon_meta']
[2.525s] [34mcolcon.colcon_core.package_identification[0m [1;30mLevel 1[0m _identify(.) by extension 'colcon_meta'
[2.526s] [34mcolcon.colcon_core.package_identification[0m [1;30mLevel 1[0m _identify(.) by extensions ['ros']
[2.526s] [34mcolcon.colcon_core.package_identification[0m [1;30mLevel 1[0m _identify(.) by extension 'ros'
[2.585s] [34mcolcon.colcon_core.package_identification[0m [1;30mLevel 1[0m _identify(.) by extensions ['cmake', 'python']
[2.585s] [34mcolcon.colcon_core.package_identification[0m [1;30mLevel 1[0m _identify(.) by extension 'cmake'
[2.586s] [34mcolcon.colcon_core.package_identification[0m [1;30mLevel 1[0m _identify(.) by extension 'python'
[2.587s] [34mcolcon.colcon_core.package_identification[0m [1;30mLevel 1[0m _identify(.) by extensions ['python_setup_py']
[2.587s] [34mcolcon.colcon_core.package_identification[0m [1;30mLevel 1[0m _identify(.) by extension 'python_setup_py'
[2.588s] [34mcolcon.colcon_core.package_identification[0m [1;30mLevel 1[0m _identify(build) by extensions ['ignore', 'ignore_ament_install']
[2.588s] [34mcolcon.colcon_core.package_identification[0m [1;30mLevel 1[0m _identify(build) by extension 'ignore'
[2.588s] [34mcolcon.colcon_core.package_identification[0m [1;30mLevel 1[0m _identify(build) ignored
[2.589s] [34mcolcon.colcon_core.package_identification[0m [1;30mLevel 1[0m _identify(debug) by extensions ['ignore', 'ignore_ament_install']
[2.590s] [34mcolcon.colcon_core.package_identification[0m [1;30mLevel 1[0m _identify(debug) by extension 'ignore'
[2.590s] [34mcolcon.colcon_core.package_identification[0m [1;30mLevel 1[0m _identify(debug) by extension 'ignore_ament_install'
[2.590s] [34mcolcon.colcon_core.package_identification[0m [1;30mLevel 1[0m _identify(debug) by extensions ['colcon_pkg']
[2.590s] [34mcolcon.colcon_core.package_identification[0m [1;30mLevel 1[0m _identify(debug) by extension 'colcon_pkg'
[2.591s] [34mcolcon.colcon_core.package_identification[0m [1;30mLevel 1[0m _identify(debug) by extensions ['colcon_meta']
[2.591s] [34mcolcon.colcon_core.package_identification[0m [1;30mLevel 1[0m _identify(debug) by extension 'colcon_meta'
[2.591s] [34mcolcon.colcon_core.package_identification[0m [1;30mLevel 1[0m _identify(debug) by extensions ['ros']
[2.591s] [34mcolcon.colcon_core.package_identification[0m [1;30mLevel 1[0m _identify(debug) by extension 'ros'
[2.592s] [34mcolcon.colcon_core.package_identification[0m [1;30mLevel 1[0m _identify(debug) by extensions ['cmake', 'python']
[2.592s] [34mcolcon.colcon_core.package_identification[0m [1;30mLevel 1[0m _identify(debug) by extension 'cmake'
[2.592s] [34mcolcon.colcon_core.package_identification[0m [1;30mLevel 1[0m _identify(debug) by extension 'python'
[2.593s] [34mcolcon.colcon_core.package_identification[0m [1;30mLevel 1[0m _identify(debug) by extensions ['python_setup_py']
[2.593s] [34mcolcon.colcon_core.package_identification[0m [1;30mLevel 1[0m _identify(debug) by extension 'python_setup_py'
[2.593s] [34mcolcon.colcon_core.package_identification[0m [1;30mLevel 1[0m _identify(install) by extensions ['ignore', 'ignore_ament_install']
[2.594s] [34mcolcon.colcon_core.package_identification[0m [1;30mLevel 1[0m _identify(install) by extension 'ignore'
[2.594s] [34mcolcon.colcon_core.package_identification[0m [1;30mLevel 1[0m _identify(install) ignored
[2.595s] [34mcolcon.colcon_core.package_identification[0m [1;30mLevel 1[0m _identify(log) by extensions ['ignore', 'ignore_ament_install']
[2.596s] [34mcolcon.colcon_core.package_identification[0m [1;30mLevel 1[0m _identify(log) by extension 'ignore'
[2.596s] [34mcolcon.colcon_core.package_identification[0m [1;30mLevel 1[0m _identify(log) ignored
[2.597s] [34mcolcon.colcon_core.package_identification[0m [1;30mLevel 1[0m _identify(src) by extensions ['ignore', 'ignore_ament_install']
[2.597s] [34mcolcon.colcon_core.package_identification[0m [1;30mLevel 1[0m _identify(src) by extension 'ignore'
[2.598s] [34mcolcon.colcon_core.package_identification[0m [1;30mLevel 1[0m _identify(src) by extension 'ignore_ament_install'
[2.598s] [34mcolcon.colcon_core.package_identification[0m [1;30mLevel 1[0m _identify(src) by extensions ['colcon_pkg']
[2.598s] [34mcolcon.colcon_core.package_identification[0m [1;30mLevel 1[0m _identify(src) by extension 'colcon_pkg'
[2.598s] [34mcolcon.colcon_core.package_identification[0m [1;30mLevel 1[0m _identify(src) by extensions ['colcon_meta']
[2.599s] [34mcolcon.colcon_core.package_identification[0m [1;30mLevel 1[0m _identify(src) by extension 'colcon_meta'
[2.599s] [34mcolcon.colcon_core.package_identification[0m [1;30mLevel 1[0m _identify(src) by extensions ['ros']
[2.599s] [34mcolcon.colcon_core.package_identification[0m [1;30mLevel 1[0m _identify(src) by extension 'ros'
[2.599s] [34mcolcon.colcon_core.package_identification[0m [1;30mLevel 1[0m _identify(src) by extensions ['cmake', 'python']
[2.600s] [34mcolcon.colcon_core.package_identification[0m [1;30mLevel 1[0m _identify(src) by extension 'cmake'
[2.600s] [34mcolcon.colcon_core.package_identification[0m [1;30mLevel 1[0m _identify(src) by extension 'python'
[2.600s] [34mcolcon.colcon_core.package_identification[0m [1;30mLevel 1[0m _identify(src) by extensions ['python_setup_py']
[2.600s] [34mcolcon.colcon_core.package_identification[0m [1;30mLevel 1[0m _identify(src) by extension 'python_setup_py'
[2.601s] [34mcolcon.colcon_core.package_identification[0m [1;30mLevel 1[0m _identify(src/aurora) by extensions ['ignore', 'ignore_ament_install']
[2.601s] [34mcolcon.colcon_core.package_identification[0m [1;30mLevel 1[0m _identify(src/aurora) by extension 'ignore'
[2.602s] [34mcolcon.colcon_core.package_identification[0m [1;30mLevel 1[0m _identify(src/aurora) by extension 'ignore_ament_install'
[2.602s] [34mcolcon.colcon_core.package_identification[0m [1;30mLevel 1[0m _identify(src/aurora) by extensions ['colcon_pkg']
[2.602s] [34mcolcon.colcon_core.package_identification[0m [1;30mLevel 1[0m _identify(src/aurora) by extension 'colcon_pkg'
[2.602s] [34mcolcon.colcon_core.package_identification[0m [1;30mLevel 1[0m _identify(src/aurora) by extensions ['colcon_meta']
[2.603s] [34mcolcon.colcon_core.package_identification[0m [1;30mLevel 1[0m _identify(src/aurora) by extension 'colcon_meta'
[2.603s] [34mcolcon.colcon_core.package_identification[0m [1;30mLevel 1[0m _identify(src/aurora) by extensions ['ros']
[2.603s] [34mcolcon.colcon_core.package_identification[0m [1;30mLevel 1[0m _identify(src/aurora) by extension 'ros'
[2.604s] [34mcolcon.colcon_core.package_identification[0m [1;30mLevel 1[0m _identify(src/aurora) by extensions ['cmake', 'python']
[2.604s] [34mcolcon.colcon_core.package_identification[0m [1;30mLevel 1[0m _identify(src/aurora) by extension 'cmake'
[2.604s] [34mcolcon.colcon_core.package_identification[0m [1;30mLevel 1[0m _identify(src/aurora) by extension 'python'
[2.604s] [34mcolcon.colcon_core.package_identification[0m [1;30mLevel 1[0m _identify(src/aurora) by extensions ['python_setup_py']
[2.604s] [34mcolcon.colcon_core.package_identification[0m [1;30mLevel 1[0m _identify(src/aurora) by extension 'python_setup_py'
[2.605s] [34mcolcon.colcon_core.package_identification[0m [1;30mLevel 1[0m _identify(src/aurora/aurora930-ros-driver-humble-aarch64-0.2.4) by extensions ['ignore', 'ignore_ament_install']
[2.605s] [34mcolcon.colcon_core.package_identification[0m [1;30mLevel 1[0m _identify(src/aurora/aurora930-ros-driver-humble-aarch64-0.2.4) by extension 'ignore'
[2.606s] [34mcolcon.colcon_core.package_identification[0m [1;30mLevel 1[0m _identify(src/aurora/aurora930-ros-driver-humble-aarch64-0.2.4) by extension 'ignore_ament_install'
[2.606s] [34mcolcon.colcon_core.package_identification[0m [1;30mLevel 1[0m _identify(src/aurora/aurora930-ros-driver-humble-aarch64-0.2.4) by extensions ['colcon_pkg']
[2.606s] [34mcolcon.colcon_core.package_identification[0m [1;30mLevel 1[0m _identify(src/aurora/aurora930-ros-driver-humble-aarch64-0.2.4) by extension 'colcon_pkg'
[2.606s] [34mcolcon.colcon_core.package_identification[0m [1;30mLevel 1[0m _identify(src/aurora/aurora930-ros-driver-humble-aarch64-0.2.4) by extensions ['colcon_meta']
[2.607s] [34mcolcon.colcon_core.package_identification[0m [1;30mLevel 1[0m _identify(src/aurora/aurora930-ros-driver-humble-aarch64-0.2.4) by extension 'colcon_meta'
[2.607s] [34mcolcon.colcon_core.package_identification[0m [1;30mLevel 1[0m _identify(src/aurora/aurora930-ros-driver-humble-aarch64-0.2.4) by extensions ['ros']
[2.607s] [34mcolcon.colcon_core.package_identification[0m [1;30mLevel 1[0m _identify(src/aurora/aurora930-ros-driver-humble-aarch64-0.2.4) by extension 'ros'
[2.608s] [34mcolcon.colcon_core.package_identification[0m [1;30mLevel 1[0m _identify(src/aurora/aurora930-ros-driver-humble-aarch64-0.2.4) by extensions ['cmake', 'python']
[2.608s] [34mcolcon.colcon_core.package_identification[0m [1;30mLevel 1[0m _identify(src/aurora/aurora930-ros-driver-humble-aarch64-0.2.4) by extension 'cmake'
[2.608s] [34mcolcon.colcon_core.package_identification[0m [1;30mLevel 1[0m _identify(src/aurora/aurora930-ros-driver-humble-aarch64-0.2.4) by extension 'python'
[2.609s] [34mcolcon.colcon_core.package_identification[0m [1;30mLevel 1[0m _identify(src/aurora/aurora930-ros-driver-humble-aarch64-0.2.4) by extensions ['python_setup_py']
[2.609s] [34mcolcon.colcon_core.package_identification[0m [1;30mLevel 1[0m _identify(src/aurora/aurora930-ros-driver-humble-aarch64-0.2.4) by extension 'python_setup_py'
[2.609s] [34mcolcon.colcon_core.package_identification[0m [1;30mLevel 1[0m _identify(src/bringup) by extensions ['ignore', 'ignore_ament_install']
[2.610s] [34mcolcon.colcon_core.package_identification[0m [1;30mLevel 1[0m _identify(src/bringup) by extension 'ignore'
[2.610s] [34mcolcon.colcon_core.package_identification[0m [1;30mLevel 1[0m _identify(src/bringup) by extension 'ignore_ament_install'
[2.610s] [34mcolcon.colcon_core.package_identification[0m [1;30mLevel 1[0m _identify(src/bringup) by extensions ['colcon_pkg']
[2.611s] [34mcolcon.colcon_core.package_identification[0m [1;30mLevel 1[0m _identify(src/bringup) by extension 'colcon_pkg'
[2.611s] [34mcolcon.colcon_core.package_identification[0m [1;30mLevel 1[0m _identify(src/bringup) by extensions ['colcon_meta']
[2.611s] [34mcolcon.colcon_core.package_identification[0m [1;30mLevel 1[0m _identify(src/bringup) by extension 'colcon_meta'
[2.612s] [34mcolcon.colcon_core.package_identification[0m [1;30mLevel 1[0m _identify(src/bringup) by extensions ['ros']
[2.612s] [34mcolcon.colcon_core.package_identification[0m [1;30mLevel 1[0m _identify(src/bringup) by extension 'ros'
[2.627s] [34mcolcon.colcon_core.package_identification[0m [1;30mDEBUG[0m [32mPackage 'src/bringup' with type 'ros.ament_cmake' and name 'bringup'[0m
[2.628s] [34mcolcon.colcon_core.package_identification[0m [1;30mLevel 1[0m _identify(src/collision_avoidance) by extensions ['ignore', 'ignore_ament_install']
[2.629s] [34mcolcon.colcon_core.package_identification[0m [1;30mLevel 1[0m _identify(src/collision_avoidance) by extension 'ignore'
[2.629s] [34mcolcon.colcon_core.package_identification[0m [1;30mLevel 1[0m _identify(src/collision_avoidance) by extension 'ignore_ament_install'
[2.630s] [34mcolcon.colcon_core.package_identification[0m [1;30mLevel 1[0m _identify(src/collision_avoidance) by extensions ['colcon_pkg']
[2.630s] [34mcolcon.colcon_core.package_identification[0m [1;30mLevel 1[0m _identify(src/collision_avoidance) by extension 'colcon_pkg'
[2.630s] [34mcolcon.colcon_core.package_identification[0m [1;30mLevel 1[0m _identify(src/collision_avoidance) by extensions ['colcon_meta']
[2.631s] [34mcolcon.colcon_core.package_identification[0m [1;30mLevel 1[0m _identify(src/collision_avoidance) by extension 'colcon_meta'
[2.631s] [34mcolcon.colcon_core.package_identification[0m [1;30mLevel 1[0m _identify(src/collision_avoidance) by extensions ['ros']
[2.631s] [34mcolcon.colcon_core.package_identification[0m [1;30mLevel 1[0m _identify(src/collision_avoidance) by extension 'ros'
[2.637s] [34mcolcon.colcon_core.package_identification[0m [1;30mDEBUG[0m [32mPackage 'src/collision_avoidance' with type 'ros.ament_cmake' and name 'collision_avoidance'[0m
[2.637s] [34mcolcon.colcon_core.package_identification[0m [1;30mLevel 1[0m _identify(src/description) by extensions ['ignore', 'ignore_ament_install']
[2.638s] [34mcolcon.colcon_core.package_identification[0m [1;30mLevel 1[0m _identify(src/description) by extension 'ignore'
[2.638s] [34mcolcon.colcon_core.package_identification[0m [1;30mLevel 1[0m _identify(src/description) by extension 'ignore_ament_install'
[2.639s] [34mcolcon.colcon_core.package_identification[0m [1;30mLevel 1[0m _identify(src/description) by extensions ['colcon_pkg']
[2.639s] [34mcolcon.colcon_core.package_identification[0m [1;30mLevel 1[0m _identify(src/description) by extension 'colcon_pkg'
[2.639s] [34mcolcon.colcon_core.package_identification[0m [1;30mLevel 1[0m _identify(src/description) by extensions ['colcon_meta']
[2.639s] [34mcolcon.colcon_core.package_identification[0m [1;30mLevel 1[0m _identify(src/description) by extension 'colcon_meta'
[2.640s] [34mcolcon.colcon_core.package_identification[0m [1;30mLevel 1[0m _identify(src/description) by extensions ['ros']
[2.640s] [34mcolcon.colcon_core.package_identification[0m [1;30mLevel 1[0m _identify(src/description) by extension 'ros'
[2.643s] [34mcolcon.colcon_core.package_identification[0m [1;30mDEBUG[0m [32mPackage 'src/description' with type 'ros.ament_cmake' and name 'description'[0m
[2.644s] [34mcolcon.colcon_core.package_identification[0m [1;30mLevel 1[0m _identify(src/interfaces) by extensions ['ignore', 'ignore_ament_install']
[2.644s] [34mcolcon.colcon_core.package_identification[0m [1;30mLevel 1[0m _identify(src/interfaces) by extension 'ignore'
[2.645s] [34mcolcon.colcon_core.package_identification[0m [1;30mLevel 1[0m _identify(src/interfaces) by extension 'ignore_ament_install'
[2.645s] [34mcolcon.colcon_core.package_identification[0m [1;30mLevel 1[0m _identify(src/interfaces) by extensions ['colcon_pkg']
[2.646s] [34mcolcon.colcon_core.package_identification[0m [1;30mLevel 1[0m _identify(src/interfaces) by extension 'colcon_pkg'
[2.646s] [34mcolcon.colcon_core.package_identification[0m [1;30mLevel 1[0m _identify(src/interfaces) by extensions ['colcon_meta']
[2.646s] [34mcolcon.colcon_core.package_identification[0m [1;30mLevel 1[0m _identify(src/interfaces) by extension 'colcon_meta'
[2.647s] [34mcolcon.colcon_core.package_identification[0m [1;30mLevel 1[0m _identify(src/interfaces) by extensions ['ros']
[2.647s] [34mcolcon.colcon_core.package_identification[0m [1;30mLevel 1[0m _identify(src/interfaces) by extension 'ros'
[2.651s] [34mcolcon.colcon_core.package_identification[0m [1;30mDEBUG[0m [32mPackage 'src/interfaces' with type 'ros.ament_cmake' and name 'interfaces'[0m
[2.652s] [34mcolcon.colcon_core.package_identification[0m [1;30mLevel 1[0m _identify(src/map) by extensions ['ignore', 'ignore_ament_install']
[2.652s] [34mcolcon.colcon_core.package_identification[0m [1;30mLevel 1[0m _identify(src/map) by extension 'ignore'
[2.653s] [34mcolcon.colcon_core.package_identification[0m [1;30mLevel 1[0m _identify(src/map) by extension 'ignore_ament_install'
[2.653s] [34mcolcon.colcon_core.package_identification[0m [1;30mLevel 1[0m _identify(src/map) by extensions ['colcon_pkg']
[2.653s] [34mcolcon.colcon_core.package_identification[0m [1;30mLevel 1[0m _identify(src/map) by extension 'colcon_pkg'
[2.653s] [34mcolcon.colcon_core.package_identification[0m [1;30mLevel 1[0m _identify(src/map) by extensions ['colcon_meta']
[2.654s] [34mcolcon.colcon_core.package_identification[0m [1;30mLevel 1[0m _identify(src/map) by extension 'colcon_meta'
[2.654s] [34mcolcon.colcon_core.package_identification[0m [1;30mLevel 1[0m _identify(src/map) by extensions ['ros']
[2.654s] [34mcolcon.colcon_core.package_identification[0m [1;30mLevel 1[0m _identify(src/map) by extension 'ros'
[2.655s] [34mcolcon.colcon_core.package_identification[0m [1;30mLevel 1[0m _identify(src/map) by extensions ['cmake', 'python']
[2.655s] [34mcolcon.colcon_core.package_identification[0m [1;30mLevel 1[0m _identify(src/map) by extension 'cmake'
[2.656s] [34mcolcon.colcon_core.package_identification[0m [1;30mLevel 1[0m _identify(src/map) by extension 'python'
[2.656s] [34mcolcon.colcon_core.package_identification[0m [1;30mLevel 1[0m _identify(src/map) by extensions ['python_setup_py']
[2.656s] [34mcolcon.colcon_core.package_identification[0m [1;30mLevel 1[0m _identify(src/map) by extension 'python_setup_py'
[2.657s] [34mcolcon.colcon_core.package_identification[0m [1;30mLevel 1[0m _identify(src/oradar_lidar) by extensions ['ignore', 'ignore_ament_install']
[2.657s] [34mcolcon.colcon_core.package_identification[0m [1;30mLevel 1[0m _identify(src/oradar_lidar) by extension 'ignore'
[2.658s] [34mcolcon.colcon_core.package_identification[0m [1;30mLevel 1[0m _identify(src/oradar_lidar) by extension 'ignore_ament_install'
[2.658s] [34mcolcon.colcon_core.package_identification[0m [1;30mLevel 1[0m _identify(src/oradar_lidar) by extensions ['colcon_pkg']
[2.658s] [34mcolcon.colcon_core.package_identification[0m [1;30mLevel 1[0m _identify(src/oradar_lidar) by extension 'colcon_pkg'
[2.659s] [34mcolcon.colcon_core.package_identification[0m [1;30mLevel 1[0m _identify(src/oradar_lidar) by extensions ['colcon_meta']
[2.659s] [34mcolcon.colcon_core.package_identification[0m [1;30mLevel 1[0m _identify(src/oradar_lidar) by extension 'colcon_meta'
[2.659s] [34mcolcon.colcon_core.package_identification[0m [1;30mLevel 1[0m _identify(src/oradar_lidar) by extensions ['ros']
[2.660s] [34mcolcon.colcon_core.package_identification[0m [1;30mLevel 1[0m _identify(src/oradar_lidar) by extension 'ros'
[2.664s] [34mcolcon.colcon_core.package_identification[0m [1;30mDEBUG[0m [32mPackage 'src/oradar_lidar' with type 'ros.ament_cmake' and name 'oradar_lidar'[0m
[2.665s] [34mcolcon.colcon_core.package_identification[0m [1;30mLevel 1[0m _identify(src/ros2_control) by extensions ['ignore', 'ignore_ament_install']
[2.671s] [34mcolcon.colcon_core.package_identification[0m [1;30mLevel 1[0m _identify(src/ros2_control) by extension 'ignore'
[2.672s] [34mcolcon.colcon_core.package_identification[0m [1;30mLevel 1[0m _identify(src/ros2_control) by extension 'ignore_ament_install'
[2.672s] [34mcolcon.colcon_core.package_identification[0m [1;30mLevel 1[0m _identify(src/ros2_control) by extensions ['colcon_pkg']
[2.673s] [34mcolcon.colcon_core.package_identification[0m [1;30mLevel 1[0m _identify(src/ros2_control) by extension 'colcon_pkg'
[2.673s] [34mcolcon.colcon_core.package_identification[0m [1;30mLevel 1[0m _identify(src/ros2_control) by extensions ['colcon_meta']
[2.673s] [34mcolcon.colcon_core.package_identification[0m [1;30mLevel 1[0m _identify(src/ros2_control) by extension 'colcon_meta'
[2.673s] [34mcolcon.colcon_core.package_identification[0m [1;30mLevel 1[0m _identify(src/ros2_control) by extensions ['ros']
[2.673s] [34mcolcon.colcon_core.package_identification[0m [1;30mLevel 1[0m _identify(src/ros2_control) by extension 'ros'
[2.674s] [34mcolcon.colcon_core.package_identification[0m [1;30mLevel 1[0m _identify(src/ros2_control) by extensions ['cmake', 'python']
[2.674s] [34mcolcon.colcon_core.package_identification[0m [1;30mLevel 1[0m _identify(src/ros2_control) by extension 'cmake'
[2.674s] [34mcolcon.colcon_core.package_identification[0m [1;30mLevel 1[0m _identify(src/ros2_control) by extension 'python'
[2.675s] [34mcolcon.colcon_core.package_identification[0m [1;30mLevel 1[0m _identify(src/ros2_control) by extensions ['python_setup_py']
[2.675s] [34mcolcon.colcon_core.package_identification[0m [1;30mLevel 1[0m _identify(src/ros2_control) by extension 'python_setup_py'
[2.675s] [34mcolcon.colcon_core.package_identification[0m [1;30mLevel 1[0m _identify(src/ros2_control/brain_controller) by extensions ['ignore', 'ignore_ament_install']
[2.676s] [34mcolcon.colcon_core.package_identification[0m [1;30mLevel 1[0m _identify(src/ros2_control/brain_controller) by extension 'ignore'
[2.676s] [34mcolcon.colcon_core.package_identification[0m [1;30mLevel 1[0m _identify(src/ros2_control/brain_controller) by extension 'ignore_ament_install'
[2.677s] [34mcolcon.colcon_core.package_identification[0m [1;30mLevel 1[0m _identify(src/ros2_control/brain_controller) by extensions ['colcon_pkg']
[2.677s] [34mcolcon.colcon_core.package_identification[0m [1;30mLevel 1[0m _identify(src/ros2_control/brain_controller) by extension 'colcon_pkg'
[2.677s] [34mcolcon.colcon_core.package_identification[0m [1;30mLevel 1[0m _identify(src/ros2_control/brain_controller) by extensions ['colcon_meta']
[2.677s] [34mcolcon.colcon_core.package_identification[0m [1;30mLevel 1[0m _identify(src/ros2_control/brain_controller) by extension 'colcon_meta'
[2.678s] [34mcolcon.colcon_core.package_identification[0m [1;30mLevel 1[0m _identify(src/ros2_control/brain_controller) by extensions ['ros']
[2.678s] [34mcolcon.colcon_core.package_identification[0m [1;30mLevel 1[0m _identify(src/ros2_control/brain_controller) by extension 'ros'
[2.686s] [34mcolcon.colcon_core.package_identification[0m [1;30mDEBUG[0m [32mPackage 'src/ros2_control/brain_controller' with type 'ros.ament_cmake' and name 'brain_controller'[0m
[2.687s] [34mcolcon.colcon_core.package_identification[0m [1;30mLevel 1[0m _identify(src/ros2_control/brain_hardware) by extensions ['ignore', 'ignore_ament_install']
[2.687s] [34mcolcon.colcon_core.package_identification[0m [1;30mLevel 1[0m _identify(src/ros2_control/brain_hardware) by extension 'ignore'
[2.688s] [34mcolcon.colcon_core.package_identification[0m [1;30mLevel 1[0m _identify(src/ros2_control/brain_hardware) by extension 'ignore_ament_install'
[2.688s] [34mcolcon.colcon_core.package_identification[0m [1;30mLevel 1[0m _identify(src/ros2_control/brain_hardware) by extensions ['colcon_pkg']
[2.688s] [34mcolcon.colcon_core.package_identification[0m [1;30mLevel 1[0m _identify(src/ros2_control/brain_hardware) by extension 'colcon_pkg'
[2.689s] [34mcolcon.colcon_core.package_identification[0m [1;30mLevel 1[0m _identify(src/ros2_control/brain_hardware) by extensions ['colcon_meta']
[2.690s] [34mcolcon.colcon_core.package_identification[0m [1;30mLevel 1[0m _identify(src/ros2_control/brain_hardware) by extension 'colcon_meta'
[2.690s] [34mcolcon.colcon_core.package_identification[0m [1;30mLevel 1[0m _identify(src/ros2_control/brain_hardware) by extensions ['ros']
[2.690s] [34mcolcon.colcon_core.package_identification[0m [1;30mLevel 1[0m _identify(src/ros2_control/brain_hardware) by extension 'ros'
[2.695s] [34mcolcon.colcon_core.package_identification[0m [1;30mDEBUG[0m [32mPackage 'src/ros2_control/brain_hardware' with type 'ros.ament_cmake' and name 'brain_hardware'[0m
[2.696s] [34mcolcon.colcon_core.package_discovery[0m [1;30mLevel 1[0m discover_packages(recursive) using defaults
[2.696s] [34mcolcon.colcon_core.package_discovery[0m [1;30mLevel 1[0m discover_packages(ignore) discover
[2.696s] [34mcolcon.colcon_core.package_discovery[0m [1;30mLevel 1[0m discover_packages(ignore) using defaults
[2.696s] [34mcolcon.colcon_core.package_discovery[0m [1;30mLevel 1[0m discover_packages(path) discover
[2.696s] [34mcolcon.colcon_core.package_discovery[0m [1;30mLevel 1[0m discover_packages(path) using defaults
[2.785s] [34mcolcon.colcon_core.package_discovery[0m [1;30mLevel 1[0m discover_packages(prefix_path) check parameters
[2.785s] [34mcolcon.colcon_core.package_discovery[0m [1;30mLevel 1[0m discover_packages(prefix_path) discover
[2.799s] [34mcolcon.colcon_installed_package_information.package_discovery[0m [1;30mDEBUG[0m [32mFound 7 installed packages in /ros2_ws/install[0m
[2.810s] [34mcolcon.colcon_installed_package_information.package_discovery[0m [1;30mDEBUG[0m [32mFound 381 installed packages in /opt/ros/humble[0m
[2.832s] [34mcolcon.colcon_core.package_discovery[0m [1;30mLevel 1[0m discover_packages(prefix_path) using defaults
[3.301s] [34mcolcon.colcon_core.verb[0m [1;30mLevel 5[0m set package 'collision_avoidance' build argument 'cmake_args' from command line to 'None'
[3.302s] [34mcolcon.colcon_core.verb[0m [1;30mLevel 5[0m set package 'collision_avoidance' build argument 'cmake_target' from command line to 'None'
[3.302s] [34mcolcon.colcon_core.verb[0m [1;30mLevel 5[0m set package 'collision_avoidance' build argument 'cmake_target_skip_unavailable' from command line to 'False'
[3.303s] [34mcolcon.colcon_core.verb[0m [1;30mLevel 5[0m set package 'collision_avoidance' build argument 'cmake_clean_cache' from command line to 'False'
[3.304s] [34mcolcon.colcon_core.verb[0m [1;30mLevel 5[0m set package 'collision_avoidance' build argument 'cmake_clean_first' from command line to 'False'
[3.304s] [34mcolcon.colcon_core.verb[0m [1;30mLevel 5[0m set package 'collision_avoidance' build argument 'cmake_force_configure' from command line to 'False'
[3.305s] [34mcolcon.colcon_core.verb[0m [1;30mLevel 5[0m set package 'collision_avoidance' build argument 'ament_cmake_args' from command line to 'None'
[3.305s] [34mcolcon.colcon_core.verb[0m [1;30mLevel 5[0m set package 'collision_avoidance' build argument 'catkin_cmake_args' from command line to 'None'
[3.305s] [34mcolcon.colcon_core.verb[0m [1;30mLevel 5[0m set package 'collision_avoidance' build argument 'catkin_skip_building_tests' from command line to 'False'
[3.306s] [34mcolcon.colcon_core.verb[0m [1;30mDEBUG[0m [32mBuilding package 'collision_avoidance' with the following arguments: {'ament_cmake_args': None, 'build_base': '/ros2_ws/build/collision_avoidance', 'catkin_cmake_args': None, 'catkin_skip_building_tests': False, 'cmake_args': None, 'cmake_clean_cache': False, 'cmake_clean_first': False, 'cmake_force_configure': False, 'cmake_target': None, 'cmake_target_skip_unavailable': False, 'install_base': '/ros2_ws/install/collision_avoidance', 'merge_install': False, 'path': '/ros2_ws/src/collision_avoidance', 'symlink_install': False, 'test_result_base': None}[0m
[3.308s] [34mcolcon.colcon_core.verb[0m [1;30mLevel 5[0m set package 'interfaces' build argument 'cmake_args' from command line to 'None'
[3.309s] [34mcolcon.colcon_core.verb[0m [1;30mLevel 5[0m set package 'interfaces' build argument 'cmake_target' from command line to 'None'
[3.309s] [34mcolcon.colcon_core.verb[0m [1;30mLevel 5[0m set package 'interfaces' build argument 'cmake_target_skip_unavailable' from command line to 'False'
[3.309s] [34mcolcon.colcon_core.verb[0m [1;30mLevel 5[0m set package 'interfaces' build argument 'cmake_clean_cache' from command line to 'False'
[3.309s] [34mcolcon.colcon_core.verb[0m [1;30mLevel 5[0m set package 'interfaces' build argument 'cmake_clean_first' from command line to 'False'
[3.309s] [34mcolcon.colcon_core.verb[0m [1;30mLevel 5[0m set package 'interfaces' build argument 'cmake_force_configure' from command line to 'False'
[3.310s] [34mcolcon.colcon_core.verb[0m [1;30mLevel 5[0m set package 'interfaces' build argument 'ament_cmake_args' from command line to 'None'
[3.310s] [34mcolcon.colcon_core.verb[0m [1;30mLevel 5[0m set package 'interfaces' build argument 'catkin_cmake_args' from command line to 'None'
[3.310s] [34mcolcon.colcon_core.verb[0m [1;30mLevel 5[0m set package 'interfaces' build argument 'catkin_skip_building_tests' from command line to 'False'
[3.310s] [34mcolcon.colcon_core.verb[0m [1;30mDEBUG[0m [32mBuilding package 'interfaces' with the following arguments: {'ament_cmake_args': None, 'build_base': '/ros2_ws/build/interfaces', 'catkin_cmake_args': None, 'catkin_skip_building_tests': False, 'cmake_args': None, 'cmake_clean_cache': False, 'cmake_clean_first': False, 'cmake_force_configure': False, 'cmake_target': None, 'cmake_target_skip_unavailable': False, 'install_base': '/ros2_ws/install/interfaces', 'merge_install': False, 'path': '/ros2_ws/src/interfaces', 'symlink_install': False, 'test_result_base': None}[0m
[3.313s] [34mcolcon.colcon_core.verb[0m [1;30mLevel 5[0m set package 'oradar_lidar' build argument 'cmake_args' from command line to 'None'
[3.313s] [34mcolcon.colcon_core.verb[0m [1;30mLevel 5[0m set package 'oradar_lidar' build argument 'cmake_target' from command line to 'None'
[3.313s] [34mcolcon.colcon_core.verb[0m [1;30mLevel 5[0m set package 'oradar_lidar' build argument 'cmake_target_skip_unavailable' from command line to 'False'
[3.313s] [34mcolcon.colcon_core.verb[0m [1;30mLevel 5[0m set package 'oradar_lidar' build argument 'cmake_clean_cache' from command line to 'False'
[3.313s] [34mcolcon.colcon_core.verb[0m [1;30mLevel 5[0m set package 'oradar_lidar' build argument 'cmake_clean_first' from command line to 'False'
[3.314s] [34mcolcon.colcon_core.verb[0m [1;30mLevel 5[0m set package 'oradar_lidar' build argument 'cmake_force_configure' from command line to 'False'
[3.314s] [34mcolcon.colcon_core.verb[0m [1;30mLevel 5[0m set package 'oradar_lidar' build argument 'ament_cmake_args' from command line to 'None'
[3.314s] [34mcolcon.colcon_core.verb[0m [1;30mLevel 5[0m set package 'oradar_lidar' build argument 'catkin_cmake_args' from command line to 'None'
[3.314s] [34mcolcon.colcon_core.verb[0m [1;30mLevel 5[0m set package 'oradar_lidar' build argument 'catkin_skip_building_tests' from command line to 'False'
[3.314s] [34mcolcon.colcon_core.verb[0m [1;30mDEBUG[0m [32mBuilding package 'oradar_lidar' with the following arguments: {'ament_cmake_args': None, 'build_base': '/ros2_ws/build/oradar_lidar', 'catkin_cmake_args': None, 'catkin_skip_building_tests': False, 'cmake_args': None, 'cmake_clean_cache': False, 'cmake_clean_first': False, 'cmake_force_configure': False, 'cmake_target': None, 'cmake_target_skip_unavailable': False, 'install_base': '/ros2_ws/install/oradar_lidar', 'merge_install': False, 'path': '/ros2_ws/src/oradar_lidar', 'symlink_install': False, 'test_result_base': None}[0m
[3.317s] [34mcolcon.colcon_core.verb[0m [1;30mLevel 5[0m set package 'brain_controller' build argument 'cmake_args' from command line to 'None'
[3.317s] [34mcolcon.colcon_core.verb[0m [1;30mLevel 5[0m set package 'brain_controller' build argument 'cmake_target' from command line to 'None'
[3.317s] [34mcolcon.colcon_core.verb[0m [1;30mLevel 5[0m set package 'brain_controller' build argument 'cmake_target_skip_unavailable' from command line to 'False'
[3.317s] [34mcolcon.colcon_core.verb[0m [1;30mLevel 5[0m set package 'brain_controller' build argument 'cmake_clean_cache' from command line to 'False'
[3.317s] [34mcolcon.colcon_core.verb[0m [1;30mLevel 5[0m set package 'brain_controller' build argument 'cmake_clean_first' from command line to 'False'
[3.318s] [34mcolcon.colcon_core.verb[0m [1;30mLevel 5[0m set package 'brain_controller' build argument 'cmake_force_configure' from command line to 'False'
[3.318s] [34mcolcon.colcon_core.verb[0m [1;30mLevel 5[0m set package 'brain_controller' build argument 'ament_cmake_args' from command line to 'None'
[3.318s] [34mcolcon.colcon_core.verb[0m [1;30mLevel 5[0m set package 'brain_controller' build argument 'catkin_cmake_args' from command line to 'None'
[3.318s] [34mcolcon.colcon_core.verb[0m [1;30mLevel 5[0m set package 'brain_controller' build argument 'catkin_skip_building_tests' from command line to 'False'
[3.318s] [34mcolcon.colcon_core.verb[0m [1;30mDEBUG[0m [32mBuilding package 'brain_controller' with the following arguments: {'ament_cmake_args': None, 'build_base': '/ros2_ws/build/brain_controller', 'catkin_cmake_args': None, 'catkin_skip_building_tests': False, 'cmake_args': None, 'cmake_clean_cache': False, 'cmake_clean_first': False, 'cmake_force_configure': False, 'cmake_target': None, 'cmake_target_skip_unavailable': False, 'install_base': '/ros2_ws/install/brain_controller', 'merge_install': False, 'path': '/ros2_ws/src/ros2_control/brain_controller', 'symlink_install': False, 'test_result_base': None}[0m
[3.321s] [34mcolcon.colcon_core.verb[0m [1;30mLevel 5[0m set package 'brain_hardware' build argument 'cmake_args' from command line to 'None'
[3.321s] [34mcolcon.colcon_core.verb[0m [1;30mLevel 5[0m set package 'brain_hardware' build argument 'cmake_target' from command line to 'None'
[3.321s] [34mcolcon.colcon_core.verb[0m [1;30mLevel 5[0m set package 'brain_hardware' build argument 'cmake_target_skip_unavailable' from command line to 'False'
[3.321s] [34mcolcon.colcon_core.verb[0m [1;30mLevel 5[0m set package 'brain_hardware' build argument 'cmake_clean_cache' from command line to 'False'
[3.322s] [34mcolcon.colcon_core.verb[0m [1;30mLevel 5[0m set package 'brain_hardware' build argument 'cmake_clean_first' from command line to 'False'
[3.322s] [34mcolcon.colcon_core.verb[0m [1;30mLevel 5[0m set package 'brain_hardware' build argument 'cmake_force_configure' from command line to 'False'
[3.322s] [34mcolcon.colcon_core.verb[0m [1;30mLevel 5[0m set package 'brain_hardware' build argument 'ament_cmake_args' from command line to 'None'
[3.322s] [34mcolcon.colcon_core.verb[0m [1;30mLevel 5[0m set package 'brain_hardware' build argument 'catkin_cmake_args' from command line to 'None'
[3.322s] [34mcolcon.colcon_core.verb[0m [1;30mLevel 5[0m set package 'brain_hardware' build argument 'catkin_skip_building_tests' from command line to 'False'
[3.323s] [34mcolcon.colcon_core.verb[0m [1;30mDEBUG[0m [32mBuilding package 'brain_hardware' with the following arguments: {'ament_cmake_args': None, 'build_base': '/ros2_ws/build/brain_hardware', 'catkin_cmake_args': None, 'catkin_skip_building_tests': False, 'cmake_args': None, 'cmake_clean_cache': False, 'cmake_clean_first': False, 'cmake_force_configure': False, 'cmake_target': None, 'cmake_target_skip_unavailable': False, 'install_base': '/ros2_ws/install/brain_hardware', 'merge_install': False, 'path': '/ros2_ws/src/ros2_control/brain_hardware', 'symlink_install': False, 'test_result_base': None}[0m
[3.326s] [34mcolcon.colcon_core.verb[0m [1;30mLevel 5[0m set package 'description' build argument 'cmake_args' from command line to 'None'
[3.326s] [34mcolcon.colcon_core.verb[0m [1;30mLevel 5[0m set package 'description' build argument 'cmake_target' from command line to 'None'
[3.327s] [34mcolcon.colcon_core.verb[0m [1;30mLevel 5[0m set package 'description' build argument 'cmake_target_skip_unavailable' from command line to 'False'
[3.328s] [34mcolcon.colcon_core.verb[0m [1;30mLevel 5[0m set package 'description' build argument 'cmake_clean_cache' from command line to 'False'
[3.328s] [34mcolcon.colcon_core.verb[0m [1;30mLevel 5[0m set package 'description' build argument 'cmake_clean_first' from command line to 'False'
[3.329s] [34mcolcon.colcon_core.verb[0m [1;30mLevel 5[0m set package 'description' build argument 'cmake_force_configure' from command line to 'False'
[3.329s] [34mcolcon.colcon_core.verb[0m [1;30mLevel 5[0m set package 'description' build argument 'ament_cmake_args' from command line to 'None'
[3.330s] [34mcolcon.colcon_core.verb[0m [1;30mLevel 5[0m set package 'description' build argument 'catkin_cmake_args' from command line to 'None'
[3.330s] [34mcolcon.colcon_core.verb[0m [1;30mLevel 5[0m set package 'description' build argument 'catkin_skip_building_tests' from command line to 'False'
[3.331s] [34mcolcon.colcon_core.verb[0m [1;30mDEBUG[0m [32mBuilding package 'description' with the following arguments: {'ament_cmake_args': None, 'build_base': '/ros2_ws/build/description', 'catkin_cmake_args': None, 'catkin_skip_building_tests': False, 'cmake_args': None, 'cmake_clean_cache': False, 'cmake_clean_first': False, 'cmake_force_configure': False, 'cmake_target': None, 'cmake_target_skip_unavailable': False, 'install_base': '/ros2_ws/install/description', 'merge_install': False, 'path': '/ros2_ws/src/description', 'symlink_install': False, 'test_result_base': None}[0m
[3.334s] [34mcolcon.colcon_core.verb[0m [1;30mLevel 5[0m set package 'bringup' build argument 'cmake_args' from command line to 'None'
[3.334s] [34mcolcon.colcon_core.verb[0m [1;30mLevel 5[0m set package 'bringup' build argument 'cmake_target' from command line to 'None'
[3.335s] [34mcolcon.colcon_core.verb[0m [1;30mLevel 5[0m set package 'bringup' build argument 'cmake_target_skip_unavailable' from command line to 'False'
[3.336s] [34mcolcon.colcon_core.verb[0m [1;30mLevel 5[0m set package 'bringup' build argument 'cmake_clean_cache' from command line to 'False'
[3.336s] [34mcolcon.colcon_core.verb[0m [1;30mLevel 5[0m set package 'bringup' build argument 'cmake_clean_first' from command line to 'False'
[3.337s] [34mcolcon.colcon_core.verb[0m [1;30mLevel 5[0m set package 'bringup' build argument 'cmake_force_configure' from command line to 'False'
[3.337s] [34mcolcon.colcon_core.verb[0m [1;30mLevel 5[0m set package 'bringup' build argument 'ament_cmake_args' from command line to 'None'
[3.337s] [34mcolcon.colcon_core.verb[0m [1;30mLevel 5[0m set package 'bringup' build argument 'catkin_cmake_args' from command line to 'None'
[3.338s] [34mcolcon.colcon_core.verb[0m [1;30mLevel 5[0m set package 'bringup' build argument 'catkin_skip_building_tests' from command line to 'False'
[3.338s] [34mcolcon.colcon_core.verb[0m [1;30mDEBUG[0m [32mBuilding package 'bringup' with the following arguments: {'ament_cmake_args': None, 'build_base': '/ros2_ws/build/bringup', 'catkin_cmake_args': None, 'catkin_skip_building_tests': False, 'cmake_args': None, 'cmake_clean_cache': False, 'cmake_clean_first': False, 'cmake_force_configure': False, 'cmake_target': None, 'cmake_target_skip_unavailable': False, 'install_base': '/ros2_ws/install/bringup', 'merge_install': False, 'path': '/ros2_ws/src/bringup', 'symlink_install': False, 'test_result_base': None}[0m
[3.340s] [34mcolcon.colcon_core.executor[0m [1;30mINFO[0m Executing jobs using 'parallel' executor
[3.344s] [34mcolcon.colcon_parallel_executor.executor.parallel[0m [1;30mDEBUG[0m [32mrun_until_complete[0m
[3.345s] [34mcolcon.colcon_ros.task.ament_cmake.build[0m [1;30mINFO[0m Building ROS package in '/ros2_ws/src/interfaces' with build type 'ament_cmake'
[3.346s] [34mcolcon.colcon_cmake.task.cmake.build[0m [1;30mINFO[0m Building CMake package in '/ros2_ws/src/interfaces'
[3.356s] [34mcolcon.colcon_core.plugin_system[0m [1;30mINFO[0m Skipping extension 'colcon_core.shell.bat': Not used on non-Windows systems
[3.363s] [34mcolcon.colcon_core.shell[0m [1;30mINFO[0m Skip shell extension 'powershell' for command environment: Not usable outside of PowerShell
[3.364s] [34mcolcon.colcon_core.shell[0m [1;30mDEBUG[0m [32mSkip shell extension 'dsv' for command environment[0m
[3.415s] [34mcolcon.colcon_ros.task.ament_cmake.build[0m [1;30mINFO[0m Building ROS package in '/ros2_ws/src/collision_avoidance' with build type 'ament_cmake'
[3.416s] [34mcolcon.colcon_cmake.task.cmake.build[0m [1;30mINFO[0m Building CMake package in '/ros2_ws/src/collision_avoidance'
[3.417s] [34mcolcon.colcon_core.shell[0m [1;30mINFO[0m Skip shell extension 'powershell' for command environment: Not usable outside of PowerShell
[3.417s] [34mcolcon.colcon_core.shell[0m [1;30mDEBUG[0m [32mSkip shell extension 'dsv' for command environment[0m
[3.447s] [34mcolcon.colcon_ros.task.ament_cmake.build[0m [1;30mINFO[0m Building ROS package in '/ros2_ws/src/oradar_lidar' with build type 'ament_cmake'
[3.448s] [34mcolcon.colcon_cmake.task.cmake.build[0m [1;30mINFO[0m Building CMake package in '/ros2_ws/src/oradar_lidar'
[3.449s] [34mcolcon.colcon_core.shell[0m [1;30mINFO[0m Skip shell extension 'powershell' for command environment: Not usable outside of PowerShell
[3.449s] [34mcolcon.colcon_core.shell[0m [1;30mDEBUG[0m [32mSkip shell extension 'dsv' for command environment[0m
[3.496s] [34mcolcon.colcon_core.event_handler.log_command[0m [1;30mDEBUG[0m [32mInvoking command in '/ros2_ws/build/interfaces': CMAKE_PREFIX_PATH=${CMAKE_PREFIX_PATH}:/opt/ros/humble /usr/bin/cmake --build /ros2_ws/build/interfaces -- -j4 -l4[0m
[3.523s] [34mcolcon.colcon_core.event_handler.log_command[0m [1;30mDEBUG[0m [32mInvoking command in '/ros2_ws/build/collision_avoidance': CMAKE_PREFIX_PATH=${CMAKE_PREFIX_PATH}:/opt/ros/humble /usr/bin/cmake --build /ros2_ws/build/collision_avoidance -- -j4 -l4[0m
[3.584s] [34mcolcon.colcon_core.event_handler.log_command[0m [1;30mDEBUG[0m [32mInvoking command in '/ros2_ws/build/oradar_lidar': CMAKE_PREFIX_PATH=${CMAKE_PREFIX_PATH}:/opt/ros/humble /usr/bin/cmake --build /ros2_ws/build/oradar_lidar -- -j4 -l4[0m
[4.641s] [34mcolcon.colcon_core.event_handler.log_command[0m [1;30mDEBUG[0m [32mInvoked command in '/ros2_ws/build/collision_avoidance' returned '0': CMAKE_PREFIX_PATH=${CMAKE_PREFIX_PATH}:/opt/ros/humble /usr/bin/cmake --build /ros2_ws/build/collision_avoidance -- -j4 -l4[0m
[4.719s] [34mcolcon.colcon_core.event_handler.log_command[0m [1;30mDEBUG[0m [32mInvoking command in '/ros2_ws/build/collision_avoidance': CMAKE_PREFIX_PATH=${CMAKE_PREFIX_PATH}:/opt/ros/humble /usr/bin/cmake --install /ros2_ws/build/collision_avoidance[0m
[4.730s] [34mcolcon.colcon_core.event_handler.log_command[0m [1;30mDEBUG[0m [32mInvoked command in '/ros2_ws/build/oradar_lidar' returned '0': CMAKE_PREFIX_PATH=${CMAKE_PREFIX_PATH}:/opt/ros/humble /usr/bin/cmake --build /ros2_ws/build/oradar_lidar -- -j4 -l4[0m
[4.748s] [34mcolcon.colcon_core.event_handler.log_command[0m [1;30mDEBUG[0m [32mInvoking command in '/ros2_ws/build/oradar_lidar': CMAKE_PREFIX_PATH=${CMAKE_PREFIX_PATH}:/opt/ros/humble /usr/bin/cmake --install /ros2_ws/build/oradar_lidar[0m
[4.934s] [34mcolcon.colcon_core.environment[0m [1;30mLevel 1[0m create_environment_scripts_only(collision_avoidance)
[4.936s] [34mcolcon.colcon_core.event_handler.log_command[0m [1;30mDEBUG[0m [32mInvoked command in '/ros2_ws/build/collision_avoidance' returned '0': CMAKE_PREFIX_PATH=${CMAKE_PREFIX_PATH}:/opt/ros/humble /usr/bin/cmake --install /ros2_ws/build/collision_avoidance[0m
[4.955s] [34mcolcon.colcon_core.environment[0m [1;30mLevel 1[0m checking '/ros2_ws/install/collision_avoidance' for CMake module files
[4.958s] [34mcolcon.colcon_core.environment[0m [1;30mLevel 1[0m checking '/ros2_ws/install/collision_avoidance' for CMake config files
[4.992s] [34mcolcon.colcon_core.shell[0m [1;30mLevel 1[0m create_environment_hook('collision_avoidance', 'cmake_prefix_path')
[4.994s] [34mcolcon.colcon_core.shell[0m [1;30mINFO[0m Creating environment hook '/ros2_ws/install/collision_avoidance/share/collision_avoidance/hook/cmake_prefix_path.ps1'
[5.011s] [34mcolcon.colcon_core.shell[0m [1;30mINFO[0m Creating environment descriptor '/ros2_ws/install/collision_avoidance/share/collision_avoidance/hook/cmake_prefix_path.dsv'
[5.019s] [34mcolcon.colcon_core.shell[0m [1;30mINFO[0m Creating environment hook '/ros2_ws/install/collision_avoidance/share/collision_avoidance/hook/cmake_prefix_path.sh'
[5.029s] [34mcolcon.colcon_core.environment[0m [1;30mLevel 1[0m checking '/ros2_ws/install/collision_avoidance/lib'
[5.030s] [34mcolcon.colcon_core.shell[0m [1;30mLevel 1[0m create_environment_hook('collision_avoidance', 'ld_library_path_lib')
[5.035s] [34mcolcon.colcon_core.shell[0m [1;30mINFO[0m Creating environment hook '/ros2_ws/install/collision_avoidance/share/collision_avoidance/hook/ld_library_path_lib.ps1'
[5.039s] [34mcolcon.colcon_core.shell[0m [1;30mINFO[0m Creating environment descriptor '/ros2_ws/install/collision_avoidance/share/collision_avoidance/hook/ld_library_path_lib.dsv'
[5.043s] [34mcolcon.colcon_core.shell[0m [1;30mINFO[0m Creating environment hook '/ros2_ws/install/collision_avoidance/share/collision_avoidance/hook/ld_library_path_lib.sh'
[5.048s] [34mcolcon.colcon_core.environment[0m [1;30mLevel 1[0m checking '/ros2_ws/install/collision_avoidance/bin'
[5.049s] [34mcolcon.colcon_core.environment[0m [1;30mLevel 1[0m checking '/ros2_ws/install/collision_avoidance/lib/pkgconfig/collision_avoidance.pc'
[5.053s] [34mcolcon.colcon_core.environment[0m [1;30mLevel 1[0m checking '/ros2_ws/install/collision_avoidance/lib/python3.10/site-packages'
[5.056s] [34mcolcon.colcon_core.environment[0m [1;30mLevel 1[0m checking '/ros2_ws/install/collision_avoidance/bin'
[5.059s] [34mcolcon.colcon_core.shell[0m [1;30mINFO[0m Creating package script '/ros2_ws/install/collision_avoidance/share/collision_avoidance/package.ps1'
[5.069s] [34mcolcon.colcon_core.shell[0m [1;30mINFO[0m Creating package descriptor '/ros2_ws/install/collision_avoidance/share/collision_avoidance/package.dsv'
[5.076s] [34mcolcon.colcon_core.shell[0m [1;30mINFO[0m Creating package script '/ros2_ws/install/collision_avoidance/share/collision_avoidance/package.sh'
[5.083s] [34mcolcon.colcon_core.shell[0m [1;30mINFO[0m Creating package script '/ros2_ws/install/collision_avoidance/share/collision_avoidance/package.bash'
[5.122s] [34mcolcon.colcon_core.shell[0m [1;30mINFO[0m Creating package script '/ros2_ws/install/collision_avoidance/share/collision_avoidance/package.zsh'
[5.130s] [34mcolcon.colcon_core.environment[0m [1;30mLevel 1[0m create_file_with_runtime_dependencies(/ros2_ws/install/collision_avoidance/share/colcon-core/packages/collision_avoidance)
[5.136s] [34mcolcon.colcon_core.environment[0m [1;30mLevel 1[0m create_environment_scripts_only(collision_avoidance)
[5.139s] [34mcolcon.colcon_core.environment[0m [1;30mLevel 1[0m checking '/ros2_ws/install/collision_avoidance' for CMake module files
[5.144s] [34mcolcon.colcon_core.environment[0m [1;30mLevel 1[0m checking '/ros2_ws/install/collision_avoidance' for CMake config files
[5.146s] [34mcolcon.colcon_core.shell[0m [1;30mLevel 1[0m create_environment_hook('collision_avoidance', 'cmake_prefix_path')
[5.148s] [34mcolcon.colcon_core.shell[0m [1;30mINFO[0m Creating environment hook '/ros2_ws/install/collision_avoidance/share/collision_avoidance/hook/cmake_prefix_path.ps1'
[5.154s] [34mcolcon.colcon_core.shell[0m [1;30mINFO[0m Creating environment descriptor '/ros2_ws/install/collision_avoidance/share/collision_avoidance/hook/cmake_prefix_path.dsv'
[5.158s] [34mcolcon.colcon_core.shell[0m [1;30mINFO[0m Creating environment hook '/ros2_ws/install/collision_avoidance/share/collision_avoidance/hook/cmake_prefix_path.sh'
[5.166s] [34mcolcon.colcon_core.environment[0m [1;30mLevel 1[0m checking '/ros2_ws/install/collision_avoidance/lib'
[5.167s] [34mcolcon.colcon_core.shell[0m [1;30mLevel 1[0m create_environment_hook('collision_avoidance', 'ld_library_path_lib')
[5.190s] [34mcolcon.colcon_core.shell[0m [1;30mINFO[0m Creating environment hook '/ros2_ws/install/collision_avoidance/share/collision_avoidance/hook/ld_library_path_lib.ps1'
[5.196s] [34mcolcon.colcon_core.shell[0m [1;30mINFO[0m Creating environment descriptor '/ros2_ws/install/collision_avoidance/share/collision_avoidance/hook/ld_library_path_lib.dsv'
[5.201s] [34mcolcon.colcon_core.shell[0m [1;30mINFO[0m Creating environment hook '/ros2_ws/install/collision_avoidance/share/collision_avoidance/hook/ld_library_path_lib.sh'
[5.212s] [34mcolcon.colcon_core.environment[0m [1;30mLevel 1[0m checking '/ros2_ws/install/collision_avoidance/bin'
[5.213s] [34mcolcon.colcon_core.environment[0m [1;30mLevel 1[0m checking '/ros2_ws/install/collision_avoidance/lib/pkgconfig/collision_avoidance.pc'
[5.218s] [34mcolcon.colcon_core.environment[0m [1;30mLevel 1[0m checking '/ros2_ws/install/collision_avoidance/lib/python3.10/site-packages'
[5.228s] [34mcolcon.colcon_core.environment[0m [1;30mLevel 1[0m checking '/ros2_ws/install/collision_avoidance/bin'
[5.235s] [34mcolcon.colcon_core.shell[0m [1;30mINFO[0m Creating package script '/ros2_ws/install/collision_avoidance/share/collision_avoidance/package.ps1'
[5.260s] [34mcolcon.colcon_core.shell[0m [1;30mINFO[0m Creating package descriptor '/ros2_ws/install/collision_avoidance/share/collision_avoidance/package.dsv'
[5.272s] [34mcolcon.colcon_core.shell[0m [1;30mINFO[0m Creating package script '/ros2_ws/install/collision_avoidance/share/collision_avoidance/package.sh'
[5.281s] [34mcolcon.colcon_core.shell[0m [1;30mINFO[0m Creating package script '/ros2_ws/install/collision_avoidance/share/collision_avoidance/package.bash'
[5.287s] [34mcolcon.colcon_core.shell[0m [1;30mINFO[0m Creating package script '/ros2_ws/install/collision_avoidance/share/collision_avoidance/package.zsh'
[5.292s] [34mcolcon.colcon_core.environment[0m [1;30mLevel 1[0m create_file_with_runtime_dependencies(/ros2_ws/install/collision_avoidance/share/colcon-core/packages/collision_avoidance)
[5.302s] [34mcolcon.colcon_core.environment[0m [1;30mLevel 1[0m create_environment_scripts_only(oradar_lidar)
[5.305s] [34mcolcon.colcon_core.event_handler.log_command[0m [1;30mDEBUG[0m [32mInvoked command in '/ros2_ws/build/oradar_lidar' returned '0': CMAKE_PREFIX_PATH=${CMAKE_PREFIX_PATH}:/opt/ros/humble /usr/bin/cmake --install /ros2_ws/build/oradar_lidar[0m
[5.309s] [34mcolcon.colcon_core.environment[0m [1;30mLevel 1[0m checking '/ros2_ws/install/oradar_lidar' for CMake module files
[5.313s] [34mcolcon.colcon_core.environment[0m [1;30mLevel 1[0m checking '/ros2_ws/install/oradar_lidar' for CMake config files
[5.318s] [34mcolcon.colcon_core.shell[0m [1;30mLevel 1[0m create_environment_hook('oradar_lidar', 'cmake_prefix_path')
[5.322s] [34mcolcon.colcon_core.shell[0m [1;30mINFO[0m Creating environment hook '/ros2_ws/install/oradar_lidar/share/oradar_lidar/hook/cmake_prefix_path.ps1'
[5.326s] [34mcolcon.colcon_core.shell[0m [1;30mINFO[0m Creating environment descriptor '/ros2_ws/install/oradar_lidar/share/oradar_lidar/hook/cmake_prefix_path.dsv'
[5.330s] [34mcolcon.colcon_core.shell[0m [1;30mINFO[0m Creating environment hook '/ros2_ws/install/oradar_lidar/share/oradar_lidar/hook/cmake_prefix_path.sh'
[5.339s] [34mcolcon.colcon_core.environment[0m [1;30mLevel 1[0m checking '/ros2_ws/install/oradar_lidar/lib'
[5.340s] [34mcolcon.colcon_core.environment[0m [1;30mLevel 1[0m checking '/ros2_ws/install/oradar_lidar/bin'
[5.343s] [34mcolcon.colcon_core.shell[0m [1;30mLevel 1[0m create_environment_hook('oradar_lidar', 'path')
[5.348s] [34mcolcon.colcon_core.shell[0m [1;30mINFO[0m Creating environment hook '/ros2_ws/install/oradar_lidar/share/oradar_lidar/hook/path.ps1'
[5.354s] [34mcolcon.colcon_core.shell[0m [1;30mINFO[0m Creating environment descriptor '/ros2_ws/install/oradar_lidar/share/oradar_lidar/hook/path.dsv'
[5.360s] [34mcolcon.colcon_core.shell[0m [1;30mINFO[0m Creating environment hook '/ros2_ws/install/oradar_lidar/share/oradar_lidar/hook/path.sh'
[5.376s] [34mcolcon.colcon_core.environment[0m [1;30mLevel 1[0m checking '/ros2_ws/install/oradar_lidar/lib/pkgconfig/oradar_lidar.pc'
[5.383s] [34mcolcon.colcon_core.environment[0m [1;30mLevel 1[0m checking '/ros2_ws/install/oradar_lidar/lib/python3.10/site-packages'
[5.392s] [34mcolcon.colcon_core.environment[0m [1;30mLevel 1[0m checking '/ros2_ws/install/oradar_lidar/bin'
[5.396s] [34mcolcon.colcon_core.shell[0m [1;30mLevel 1[0m create_environment_hook('oradar_lidar', 'pythonscriptspath')
[5.403s] [34mcolcon.colcon_core.shell[0m [1;30mINFO[0m Creating environment hook '/ros2_ws/install/oradar_lidar/share/oradar_lidar/hook/pythonscriptspath.ps1'
[5.414s] [34mcolcon.colcon_core.shell[0m [1;30mINFO[0m Creating environment descriptor '/ros2_ws/install/oradar_lidar/share/oradar_lidar/hook/pythonscriptspath.dsv'
[5.420s] [34mcolcon.colcon_core.shell[0m [1;30mINFO[0m Creating environment hook '/ros2_ws/install/oradar_lidar/share/oradar_lidar/hook/pythonscriptspath.sh'
[5.430s] [34mcolcon.colcon_core.shell[0m [1;30mINFO[0m Creating package script '/ros2_ws/install/oradar_lidar/share/oradar_lidar/package.ps1'
[5.454s] [34mcolcon.colcon_core.shell[0m [1;30mINFO[0m Creating package descriptor '/ros2_ws/install/oradar_lidar/share/oradar_lidar/package.dsv'
[5.471s] [34mcolcon.colcon_core.shell[0m [1;30mINFO[0m Creating package script '/ros2_ws/install/oradar_lidar/share/oradar_lidar/package.sh'
[5.479s] [34mcolcon.colcon_core.shell[0m [1;30mINFO[0m Creating package script '/ros2_ws/install/oradar_lidar/share/oradar_lidar/package.bash'
[5.483s] [34mcolcon.colcon_core.shell[0m [1;30mINFO[0m Creating package script '/ros2_ws/install/oradar_lidar/share/oradar_lidar/package.zsh'
[5.492s] [34mcolcon.colcon_core.environment[0m [1;30mLevel 1[0m create_file_with_runtime_dependencies(/ros2_ws/install/oradar_lidar/share/colcon-core/packages/oradar_lidar)
[5.498s] [34mcolcon.colcon_core.environment[0m [1;30mLevel 1[0m create_environment_scripts_only(oradar_lidar)
[5.513s] [34mcolcon.colcon_core.environment[0m [1;30mLevel 1[0m checking '/ros2_ws/install/oradar_lidar' for CMake module files
[5.518s] [34mcolcon.colcon_core.environment[0m [1;30mLevel 1[0m checking '/ros2_ws/install/oradar_lidar' for CMake config files
[5.523s] [34mcolcon.colcon_core.shell[0m [1;30mLevel 1[0m create_environment_hook('oradar_lidar', 'cmake_prefix_path')
[5.526s] [34mcolcon.colcon_core.shell[0m [1;30mINFO[0m Creating environment hook '/ros2_ws/install/oradar_lidar/share/oradar_lidar/hook/cmake_prefix_path.ps1'
[5.530s] [34mcolcon.colcon_core.shell[0m [1;30mINFO[0m Creating environment descriptor '/ros2_ws/install/oradar_lidar/share/oradar_lidar/hook/cmake_prefix_path.dsv'
[5.534s] [34mcolcon.colcon_core.shell[0m [1;30mINFO[0m Creating environment hook '/ros2_ws/install/oradar_lidar/share/oradar_lidar/hook/cmake_prefix_path.sh'
[5.538s] [34mcolcon.colcon_core.environment[0m [1;30mLevel 1[0m checking '/ros2_ws/install/oradar_lidar/lib'
[5.539s] [34mcolcon.colcon_core.environment[0m [1;30mLevel 1[0m checking '/ros2_ws/install/oradar_lidar/bin'
[5.540s] [34mcolcon.colcon_core.shell[0m [1;30mLevel 1[0m create_environment_hook('oradar_lidar', 'path')
[5.541s] [34mcolcon.colcon_core.shell[0m [1;30mINFO[0m Creating environment hook '/ros2_ws/install/oradar_lidar/share/oradar_lidar/hook/path.ps1'
[5.544s] [34mcolcon.colcon_core.shell[0m [1;30mINFO[0m Creating environment descriptor '/ros2_ws/install/oradar_lidar/share/oradar_lidar/hook/path.dsv'
[5.547s] [34mcolcon.colcon_core.shell[0m [1;30mINFO[0m Creating environment hook '/ros2_ws/install/oradar_lidar/share/oradar_lidar/hook/path.sh'
[5.551s] [34mcolcon.colcon_core.environment[0m [1;30mLevel 1[0m checking '/ros2_ws/install/oradar_lidar/lib/pkgconfig/oradar_lidar.pc'
[5.552s] [34mcolcon.colcon_core.environment[0m [1;30mLevel 1[0m checking '/ros2_ws/install/oradar_lidar/lib/python3.10/site-packages'
[5.555s] [34mcolcon.colcon_core.environment[0m [1;30mLevel 1[0m checking '/ros2_ws/install/oradar_lidar/bin'
[5.556s] [34mcolcon.colcon_core.shell[0m [1;30mLevel 1[0m create_environment_hook('oradar_lidar', 'pythonscriptspath')
[5.558s] [34mcolcon.colcon_core.shell[0m [1;30mINFO[0m Creating environment hook '/ros2_ws/install/oradar_lidar/share/oradar_lidar/hook/pythonscriptspath.ps1'
[5.561s] [34mcolcon.colcon_core.shell[0m [1;30mINFO[0m Creating environment descriptor '/ros2_ws/install/oradar_lidar/share/oradar_lidar/hook/pythonscriptspath.dsv'
[5.563s] [34mcolcon.colcon_core.shell[0m [1;30mINFO[0m Creating environment hook '/ros2_ws/install/oradar_lidar/share/oradar_lidar/hook/pythonscriptspath.sh'
[5.569s] [34mcolcon.colcon_core.shell[0m [1;30mINFO[0m Creating package script '/ros2_ws/install/oradar_lidar/share/oradar_lidar/package.ps1'
[5.573s] [34mcolcon.colcon_core.shell[0m [1;30mINFO[0m Creating package descriptor '/ros2_ws/install/oradar_lidar/share/oradar_lidar/package.dsv'
[5.577s] [34mcolcon.colcon_core.shell[0m [1;30mINFO[0m Creating package script '/ros2_ws/install/oradar_lidar/share/oradar_lidar/package.sh'
[5.580s] [34mcolcon.colcon_core.shell[0m [1;30mINFO[0m Creating package script '/ros2_ws/install/oradar_lidar/share/oradar_lidar/package.bash'
[5.582s] [34mcolcon.colcon_core.shell[0m [1;30mINFO[0m Creating package script '/ros2_ws/install/oradar_lidar/share/oradar_lidar/package.zsh'
[5.585s] [34mcolcon.colcon_core.environment[0m [1;30mLevel 1[0m create_file_with_runtime_dependencies(/ros2_ws/install/oradar_lidar/share/colcon-core/packages/oradar_lidar)
[6.785s] [34mcolcon.colcon_core.event_handler.log_command[0m [1;30mDEBUG[0m [32mInvoked command in '/ros2_ws/build/interfaces' returned '0': CMAKE_PREFIX_PATH=${CMAKE_PREFIX_PATH}:/opt/ros/humble /usr/bin/cmake --build /ros2_ws/build/interfaces -- -j4 -l4[0m
[6.805s] [34mcolcon.colcon_core.event_handler.log_command[0m [1;30mDEBUG[0m [32mInvoking command in '/ros2_ws/build/interfaces': CMAKE_PREFIX_PATH=${CMAKE_PREFIX_PATH}:/opt/ros/humble /usr/bin/cmake --install /ros2_ws/build/interfaces[0m
[7.394s] [34mcolcon.colcon_core.environment[0m [1;30mLevel 1[0m create_environment_scripts_only(interfaces)
[7.396s] [34mcolcon.colcon_core.environment[0m [1;30mLevel 1[0m checking '/ros2_ws/install/interfaces' for CMake module files
[7.403s] [34mcolcon.colcon_core.event_handler.log_command[0m [1;30mDEBUG[0m [32mInvoked command in '/ros2_ws/build/interfaces' returned '0': CMAKE_PREFIX_PATH=${CMAKE_PREFIX_PATH}:/opt/ros/humble /usr/bin/cmake --install /ros2_ws/build/interfaces[0m
[7.406s] [34mcolcon.colcon_core.environment[0m [1;30mLevel 1[0m checking '/ros2_ws/install/interfaces' for CMake config files
[7.411s] [34mcolcon.colcon_core.shell[0m [1;30mLevel 1[0m create_environment_hook('interfaces', 'cmake_prefix_path')
[7.412s] [34mcolcon.colcon_core.shell[0m [1;30mINFO[0m Creating environment hook '/ros2_ws/install/interfaces/share/interfaces/hook/cmake_prefix_path.ps1'
[7.415s] [34mcolcon.colcon_core.shell[0m [1;30mINFO[0m Creating environment descriptor '/ros2_ws/install/interfaces/share/interfaces/hook/cmake_prefix_path.dsv'
[7.417s] [34mcolcon.colcon_core.shell[0m [1;30mINFO[0m Creating environment hook '/ros2_ws/install/interfaces/share/interfaces/hook/cmake_prefix_path.sh'
[7.421s] [34mcolcon.colcon_core.environment[0m [1;30mLevel 1[0m checking '/ros2_ws/install/interfaces/lib'
[7.422s] [34mcolcon.colcon_core.shell[0m [1;30mLevel 1[0m create_environment_hook('interfaces', 'ld_library_path_lib')
[7.423s] [34mcolcon.colcon_core.shell[0m [1;30mINFO[0m Creating environment hook '/ros2_ws/install/interfaces/share/interfaces/hook/ld_library_path_lib.ps1'
[7.425s] [34mcolcon.colcon_core.shell[0m [1;30mINFO[0m Creating environment descriptor '/ros2_ws/install/interfaces/share/interfaces/hook/ld_library_path_lib.dsv'
[7.427s] [34mcolcon.colcon_core.shell[0m [1;30mINFO[0m Creating environment hook '/ros2_ws/install/interfaces/share/interfaces/hook/ld_library_path_lib.sh'
[7.429s] [34mcolcon.colcon_core.environment[0m [1;30mLevel 1[0m checking '/ros2_ws/install/interfaces/bin'
[7.429s] [34mcolcon.colcon_core.environment[0m [1;30mLevel 1[0m checking '/ros2_ws/install/interfaces/lib/pkgconfig/interfaces.pc'
[7.430s] [34mcolcon.colcon_core.environment[0m [1;30mLevel 1[0m checking '/ros2_ws/install/interfaces/lib/python3.10/site-packages'
[7.432s] [34mcolcon.colcon_core.environment[0m [1;30mLevel 1[0m checking '/ros2_ws/install/interfaces/bin'
[7.434s] [34mcolcon.colcon_core.shell[0m [1;30mINFO[0m Creating package script '/ros2_ws/install/interfaces/share/interfaces/package.ps1'
[7.437s] [34mcolcon.colcon_core.shell[0m [1;30mINFO[0m Creating package descriptor '/ros2_ws/install/interfaces/share/interfaces/package.dsv'
[7.440s] [34mcolcon.colcon_core.shell[0m [1;30mINFO[0m Creating package script '/ros2_ws/install/interfaces/share/interfaces/package.sh'
[7.442s] [34mcolcon.colcon_core.shell[0m [1;30mINFO[0m Creating package script '/ros2_ws/install/interfaces/share/interfaces/package.bash'
[7.444s] [34mcolcon.colcon_core.shell[0m [1;30mINFO[0m Creating package script '/ros2_ws/install/interfaces/share/interfaces/package.zsh'
[7.446s] [34mcolcon.colcon_core.environment[0m [1;30mLevel 1[0m create_file_with_runtime_dependencies(/ros2_ws/install/interfaces/share/colcon-core/packages/interfaces)
[7.449s] [34mcolcon.colcon_core.environment[0m [1;30mLevel 1[0m create_environment_scripts_only(interfaces)
[7.450s] [34mcolcon.colcon_core.environment[0m [1;30mLevel 1[0m checking '/ros2_ws/install/interfaces' for CMake module files
[7.454s] [34mcolcon.colcon_core.environment[0m [1;30mLevel 1[0m checking '/ros2_ws/install/interfaces' for CMake config files
[7.459s] [34mcolcon.colcon_core.shell[0m [1;30mLevel 1[0m create_environment_hook('interfaces', 'cmake_prefix_path')
[7.460s] [34mcolcon.colcon_core.shell[0m [1;30mINFO[0m Creating environment hook '/ros2_ws/install/interfaces/share/interfaces/hook/cmake_prefix_path.ps1'
[7.463s] [34mcolcon.colcon_core.shell[0m [1;30mINFO[0m Creating environment descriptor '/ros2_ws/install/interfaces/share/interfaces/hook/cmake_prefix_path.dsv'
[7.465s] [34mcolcon.colcon_core.shell[0m [1;30mINFO[0m Creating environment hook '/ros2_ws/install/interfaces/share/interfaces/hook/cmake_prefix_path.sh'
[7.468s] [34mcolcon.colcon_core.environment[0m [1;30mLevel 1[0m checking '/ros2_ws/install/interfaces/lib'
[7.468s] [34mcolcon.colcon_core.shell[0m [1;30mLevel 1[0m create_environment_hook('interfaces', 'ld_library_path_lib')
[7.470s] [34mcolcon.colcon_core.shell[0m [1;30mINFO[0m Creating environment hook '/ros2_ws/install/interfaces/share/interfaces/hook/ld_library_path_lib.ps1'
[7.472s] [34mcolcon.colcon_core.shell[0m [1;30mINFO[0m Creating environment descriptor '/ros2_ws/install/interfaces/share/interfaces/hook/ld_library_path_lib.dsv'
[7.476s] [34mcolcon.colcon_core.shell[0m [1;30mINFO[0m Creating environment hook '/ros2_ws/install/interfaces/share/interfaces/hook/ld_library_path_lib.sh'
[7.478s] [34mcolcon.colcon_core.environment[0m [1;30mLevel 1[0m checking '/ros2_ws/install/interfaces/bin'
[7.478s] [34mcolcon.colcon_core.environment[0m [1;30mLevel 1[0m checking '/ros2_ws/install/interfaces/lib/pkgconfig/interfaces.pc'
[7.480s] [34mcolcon.colcon_core.environment[0m [1;30mLevel 1[0m checking '/ros2_ws/install/interfaces/lib/python3.10/site-packages'
[7.481s] [34mcolcon.colcon_core.environment[0m [1;30mLevel 1[0m checking '/ros2_ws/install/interfaces/bin'
[7.483s] [34mcolcon.colcon_core.shell[0m [1;30mINFO[0m Creating package script '/ros2_ws/install/interfaces/share/interfaces/package.ps1'
[7.487s] [34mcolcon.colcon_core.shell[0m [1;30mINFO[0m Creating package descriptor '/ros2_ws/install/interfaces/share/interfaces/package.dsv'
[7.491s] [34mcolcon.colcon_core.shell[0m [1;30mINFO[0m Creating package script '/ros2_ws/install/interfaces/share/interfaces/package.sh'
[7.494s] [34mcolcon.colcon_core.shell[0m [1;30mINFO[0m Creating package script '/ros2_ws/install/interfaces/share/interfaces/package.bash'
[7.496s] [34mcolcon.colcon_core.shell[0m [1;30mINFO[0m Creating package script '/ros2_ws/install/interfaces/share/interfaces/package.zsh'
[7.498s] [34mcolcon.colcon_core.environment[0m [1;30mLevel 1[0m create_file_with_runtime_dependencies(/ros2_ws/install/interfaces/share/colcon-core/packages/interfaces)
[7.501s] [34mcolcon.colcon_ros.task.ament_cmake.build[0m [1;30mINFO[0m Building ROS package in '/ros2_ws/src/ros2_control/brain_hardware' with build type 'ament_cmake'
[7.502s] [34mcolcon.colcon_cmake.task.cmake.build[0m [1;30mINFO[0m Building CMake package in '/ros2_ws/src/ros2_control/brain_hardware'
[7.503s] [34mcolcon.colcon_core.shell[0m [1;30mINFO[0m Skip shell extension 'powershell' for command environment: Not usable outside of PowerShell
[7.504s] [34mcolcon.colcon_core.shell[0m [1;30mDEBUG[0m [32mSkip shell extension 'dsv' for command environment[0m
[7.526s] [34mcolcon.colcon_ros.task.ament_cmake.build[0m [1;30mINFO[0m Building ROS package in '/ros2_ws/src/ros2_control/brain_controller' with build type 'ament_cmake'
[7.528s] [34mcolcon.colcon_cmake.task.cmake.build[0m [1;30mINFO[0m Building CMake package in '/ros2_ws/src/ros2_control/brain_controller'
[7.529s] [34mcolcon.colcon_core.shell[0m [1;30mINFO[0m Skip shell extension 'powershell' for command environment: Not usable outside of PowerShell
[7.529s] [34mcolcon.colcon_core.shell[0m [1;30mDEBUG[0m [32mSkip shell extension 'dsv' for command environment[0m
[7.589s] [34mcolcon.colcon_core.event_handler.log_command[0m [1;30mDEBUG[0m [32mInvoking command in '/ros2_ws/build/brain_hardware': CMAKE_PREFIX_PATH=/ros2_ws/install/interfaces:/ros2_ws/install/oradar_lidar:/ros2_ws/install/bringup:/ros2_ws/install/description:/ros2_ws/install/brain_hardware:/ros2_ws/install/brain_controller:/ros2_ws/install/collision_avoidance:/opt/ros/humble LD_LIBRARY_PATH=/ros2_ws/install/interfaces/lib:/ros2_ws/install/brain_hardware/lib:/ros2_ws/install/brain_controller/lib:/ros2_ws/install/collision_avoidance/lib:/opt/ros/humble/opt/rviz_ogre_vendor/lib:/opt/ros/humble/lib/aarch64-linux-gnu:/opt/ros/humble/lib /usr/bin/cmake --build /ros2_ws/build/brain_hardware -- -j4 -l4[0m
[7.623s] [34mcolcon.colcon_core.event_handler.log_command[0m [1;30mDEBUG[0m [32mInvoking command in '/ros2_ws/build/brain_controller': CMAKE_PREFIX_PATH=/ros2_ws/install/interfaces:/ros2_ws/install/oradar_lidar:/ros2_ws/install/bringup:/ros2_ws/install/description:/ros2_ws/install/brain_hardware:/ros2_ws/install/brain_controller:/ros2_ws/install/collision_avoidance:/opt/ros/humble LD_LIBRARY_PATH=/ros2_ws/install/interfaces/lib:/ros2_ws/install/brain_hardware/lib:/ros2_ws/install/brain_controller/lib:/ros2_ws/install/collision_avoidance/lib:/opt/ros/humble/opt/rviz_ogre_vendor/lib:/opt/ros/humble/lib/aarch64-linux-gnu:/opt/ros/humble/lib /usr/bin/cmake --build /ros2_ws/build/brain_controller -- -j4 -l4[0m
[8.042s] [34mcolcon.colcon_core.event_handler.log_command[0m [1;30mDEBUG[0m [32mInvoked command in '/ros2_ws/build/brain_hardware' returned '0': CMAKE_PREFIX_PATH=/ros2_ws/install/interfaces:/ros2_ws/install/oradar_lidar:/ros2_ws/install/bringup:/ros2_ws/install/description:/ros2_ws/install/brain_hardware:/ros2_ws/install/brain_controller:/ros2_ws/install/collision_avoidance:/opt/ros/humble LD_LIBRARY_PATH=/ros2_ws/install/interfaces/lib:/ros2_ws/install/brain_hardware/lib:/ros2_ws/install/brain_controller/lib:/ros2_ws/install/collision_avoidance/lib:/opt/ros/humble/opt/rviz_ogre_vendor/lib:/opt/ros/humble/lib/aarch64-linux-gnu:/opt/ros/humble/lib /usr/bin/cmake --build /ros2_ws/build/brain_hardware -- -j4 -l4[0m
[8.053s] [34mcolcon.colcon_core.event_handler.log_command[0m [1;30mDEBUG[0m [32mInvoking command in '/ros2_ws/build/brain_hardware': CMAKE_PREFIX_PATH=/ros2_ws/install/interfaces:/ros2_ws/install/oradar_lidar:/ros2_ws/install/bringup:/ros2_ws/install/description:/ros2_ws/install/brain_hardware:/ros2_ws/install/brain_controller:/ros2_ws/install/collision_avoidance:/opt/ros/humble LD_LIBRARY_PATH=/ros2_ws/install/interfaces/lib:/ros2_ws/install/brain_hardware/lib:/ros2_ws/install/brain_controller/lib:/ros2_ws/install/collision_avoidance/lib:/opt/ros/humble/opt/rviz_ogre_vendor/lib:/opt/ros/humble/lib/aarch64-linux-gnu:/opt/ros/humble/lib /usr/bin/cmake --install /ros2_ws/build/brain_hardware[0m
[8.085s] [34mcolcon.colcon_core.event_handler.log_command[0m [1;30mDEBUG[0m [32mInvoked command in '/ros2_ws/build/brain_controller' returned '0': CMAKE_PREFIX_PATH=/ros2_ws/install/interfaces:/ros2_ws/install/oradar_lidar:/ros2_ws/install/bringup:/ros2_ws/install/description:/ros2_ws/install/brain_hardware:/ros2_ws/install/brain_controller:/ros2_ws/install/collision_avoidance:/opt/ros/humble LD_LIBRARY_PATH=/ros2_ws/install/interfaces/lib:/ros2_ws/install/brain_hardware/lib:/ros2_ws/install/brain_controller/lib:/ros2_ws/install/collision_avoidance/lib:/opt/ros/humble/opt/rviz_ogre_vendor/lib:/opt/ros/humble/lib/aarch64-linux-gnu:/opt/ros/humble/lib /usr/bin/cmake --build /ros2_ws/build/brain_controller -- -j4 -l4[0m
[8.102s] [34mcolcon.colcon_core.event_handler.log_command[0m [1;30mDEBUG[0m [32mInvoking command in '/ros2_ws/build/brain_controller': CMAKE_PREFIX_PATH=/ros2_ws/install/interfaces:/ros2_ws/install/oradar_lidar:/ros2_ws/install/bringup:/ros2_ws/install/description:/ros2_ws/install/brain_hardware:/ros2_ws/install/brain_controller:/ros2_ws/install/collision_avoidance:/opt/ros/humble LD_LIBRARY_PATH=/ros2_ws/install/interfaces/lib:/ros2_ws/install/brain_hardware/lib:/ros2_ws/install/brain_controller/lib:/ros2_ws/install/collision_avoidance/lib:/opt/ros/humble/opt/rviz_ogre_vendor/lib:/opt/ros/humble/lib/aarch64-linux-gnu:/opt/ros/humble/lib /usr/bin/cmake --install /ros2_ws/build/brain_controller[0m
[8.205s] [34mcolcon.colcon_core.environment[0m [1;30mLevel 1[0m create_environment_scripts_only(brain_controller)
[8.206s] [34mcolcon.colcon_core.environment[0m [1;30mLevel 1[0m checking '/ros2_ws/install/brain_controller' for CMake module files
[8.210s] [34mcolcon.colcon_core.event_handler.log_command[0m [1;30mDEBUG[0m [32mInvoked command in '/ros2_ws/build/brain_controller' returned '0': CMAKE_PREFIX_PATH=/ros2_ws/install/interfaces:/ros2_ws/install/oradar_lidar:/ros2_ws/install/bringup:/ros2_ws/install/description:/ros2_ws/install/brain_hardware:/ros2_ws/install/brain_controller:/ros2_ws/install/collision_avoidance:/opt/ros/humble LD_LIBRARY_PATH=/ros2_ws/install/interfaces/lib:/ros2_ws/install/brain_hardware/lib:/ros2_ws/install/brain_controller/lib:/ros2_ws/install/collision_avoidance/lib:/opt/ros/humble/opt/rviz_ogre_vendor/lib:/opt/ros/humble/lib/aarch64-linux-gnu:/opt/ros/humble/lib /usr/bin/cmake --install /ros2_ws/build/brain_controller[0m
[8.213s] [34mcolcon.colcon_core.environment[0m [1;30mLevel 1[0m checking '/ros2_ws/install/brain_controller' for CMake config files
[8.217s] [34mcolcon.colcon_core.shell[0m [1;30mLevel 1[0m create_environment_hook('brain_controller', 'cmake_prefix_path')
[8.219s] [34mcolcon.colcon_core.shell[0m [1;30mINFO[0m Creating environment hook '/ros2_ws/install/brain_controller/share/brain_controller/hook/cmake_prefix_path.ps1'
[8.223s] [34mcolcon.colcon_core.shell[0m [1;30mINFO[0m Creating environment descriptor '/ros2_ws/install/brain_controller/share/brain_controller/hook/cmake_prefix_path.dsv'
[8.241s] [34mcolcon.colcon_core.shell[0m [1;30mINFO[0m Creating environment hook '/ros2_ws/install/brain_controller/share/brain_controller/hook/cmake_prefix_path.sh'
[8.247s] [34mcolcon.colcon_core.environment[0m [1;30mLevel 1[0m checking '/ros2_ws/install/brain_controller/lib'
[8.248s] [34mcolcon.colcon_core.shell[0m [1;30mLevel 1[0m create_environment_hook('brain_controller', 'ld_library_path_lib')
[8.249s] [34mcolcon.colcon_core.shell[0m [1;30mINFO[0m Creating environment hook '/ros2_ws/install/brain_controller/share/brain_controller/hook/ld_library_path_lib.ps1'
[8.252s] [34mcolcon.colcon_core.shell[0m [1;30mINFO[0m Creating environment descriptor '/ros2_ws/install/brain_controller/share/brain_controller/hook/ld_library_path_lib.dsv'
[8.254s] [34mcolcon.colcon_core.shell[0m [1;30mINFO[0m Creating environment hook '/ros2_ws/install/brain_controller/share/brain_controller/hook/ld_library_path_lib.sh'
[8.257s] [34mcolcon.colcon_core.environment[0m [1;30mLevel 1[0m checking '/ros2_ws/install/brain_controller/bin'
[8.257s] [34mcolcon.colcon_core.environment[0m [1;30mLevel 1[0m checking '/ros2_ws/install/brain_controller/lib/pkgconfig/brain_controller.pc'
[8.259s] [34mcolcon.colcon_core.environment[0m [1;30mLevel 1[0m checking '/ros2_ws/install/brain_controller/lib/python3.10/site-packages'
[8.261s] [34mcolcon.colcon_core.environment[0m [1;30mLevel 1[0m checking '/ros2_ws/install/brain_controller/bin'
[8.263s] [34mcolcon.colcon_core.shell[0m [1;30mINFO[0m Creating package script '/ros2_ws/install/brain_controller/share/brain_controller/package.ps1'
[8.267s] [34mcolcon.colcon_core.shell[0m [1;30mINFO[0m Creating package descriptor '/ros2_ws/install/brain_controller/share/brain_controller/package.dsv'
[8.270s] [34mcolcon.colcon_core.shell[0m [1;30mINFO[0m Creating package script '/ros2_ws/install/brain_controller/share/brain_controller/package.sh'
[8.275s] [34mcolcon.colcon_core.shell[0m [1;30mINFO[0m Creating package script '/ros2_ws/install/brain_controller/share/brain_controller/package.bash'
[8.278s] [34mcolcon.colcon_core.shell[0m [1;30mINFO[0m Creating package script '/ros2_ws/install/brain_controller/share/brain_controller/package.zsh'
[8.281s] [34mcolcon.colcon_core.environment[0m [1;30mLevel 1[0m create_file_with_runtime_dependencies(/ros2_ws/install/brain_controller/share/colcon-core/packages/brain_controller)
[8.286s] [34mcolcon.colcon_core.environment[0m [1;30mLevel 1[0m create_environment_scripts_only(brain_controller)
[8.288s] [34mcolcon.colcon_core.environment[0m [1;30mLevel 1[0m checking '/ros2_ws/install/brain_controller' for CMake module files
[8.291s] [34mcolcon.colcon_core.environment[0m [1;30mLevel 1[0m checking '/ros2_ws/install/brain_controller' for CMake config files
[8.293s] [34mcolcon.colcon_core.shell[0m [1;30mLevel 1[0m create_environment_hook('brain_controller', 'cmake_prefix_path')
[8.295s] [34mcolcon.colcon_core.shell[0m [1;30mINFO[0m Creating environment hook '/ros2_ws/install/brain_controller/share/brain_controller/hook/cmake_prefix_path.ps1'
[8.298s] [34mcolcon.colcon_core.shell[0m [1;30mINFO[0m Creating environment descriptor '/ros2_ws/install/brain_controller/share/brain_controller/hook/cmake_prefix_path.dsv'
[8.301s] [34mcolcon.colcon_core.shell[0m [1;30mINFO[0m Creating environment hook '/ros2_ws/install/brain_controller/share/brain_controller/hook/cmake_prefix_path.sh'
[8.306s] [34mcolcon.colcon_core.environment[0m [1;30mLevel 1[0m checking '/ros2_ws/install/brain_controller/lib'
[8.307s] [34mcolcon.colcon_core.shell[0m [1;30mLevel 1[0m create_environment_hook('brain_controller', 'ld_library_path_lib')
[8.308s] [34mcolcon.colcon_core.shell[0m [1;30mINFO[0m Creating environment hook '/ros2_ws/install/brain_controller/share/brain_controller/hook/ld_library_path_lib.ps1'
[8.310s] [34mcolcon.colcon_core.shell[0m [1;30mINFO[0m Creating environment descriptor '/ros2_ws/install/brain_controller/share/brain_controller/hook/ld_library_path_lib.dsv'
[8.315s] [34mcolcon.colcon_core.shell[0m [1;30mINFO[0m Creating environment hook '/ros2_ws/install/brain_controller/share/brain_controller/hook/ld_library_path_lib.sh'
[8.318s] [34mcolcon.colcon_core.environment[0m [1;30mLevel 1[0m checking '/ros2_ws/install/brain_controller/bin'
[8.319s] [34mcolcon.colcon_core.environment[0m [1;30mLevel 1[0m checking '/ros2_ws/install/brain_controller/lib/pkgconfig/brain_controller.pc'
[8.321s] [34mcolcon.colcon_core.environment[0m [1;30mLevel 1[0m checking '/ros2_ws/install/brain_controller/lib/python3.10/site-packages'
[8.323s] [34mcolcon.colcon_core.environment[0m [1;30mLevel 1[0m checking '/ros2_ws/install/brain_controller/bin'
[8.326s] [34mcolcon.colcon_core.shell[0m [1;30mINFO[0m Creating package script '/ros2_ws/install/brain_controller/share/brain_controller/package.ps1'
[8.331s] [34mcolcon.colcon_core.shell[0m [1;30mINFO[0m Creating package descriptor '/ros2_ws/install/brain_controller/share/brain_controller/package.dsv'
[8.334s] [34mcolcon.colcon_core.shell[0m [1;30mINFO[0m Creating package script '/ros2_ws/install/brain_controller/share/brain_controller/package.sh'
[8.338s] [34mcolcon.colcon_core.shell[0m [1;30mINFO[0m Creating package script '/ros2_ws/install/brain_controller/share/brain_controller/package.bash'
[8.342s] [34mcolcon.colcon_core.shell[0m [1;30mINFO[0m Creating package script '/ros2_ws/install/brain_controller/share/brain_controller/package.zsh'
[8.346s] [34mcolcon.colcon_core.environment[0m [1;30mLevel 1[0m create_file_with_runtime_dependencies(/ros2_ws/install/brain_controller/share/colcon-core/packages/brain_controller)
[8.352s] [34mcolcon.colcon_core.environment[0m [1;30mLevel 1[0m create_environment_scripts_only(brain_hardware)
[8.357s] [34mcolcon.colcon_core.event_handler.log_command[0m [1;30mDEBUG[0m [32mInvoked command in '/ros2_ws/build/brain_hardware' returned '0': CMAKE_PREFIX_PATH=/ros2_ws/install/interfaces:/ros2_ws/install/oradar_lidar:/ros2_ws/install/bringup:/ros2_ws/install/description:/ros2_ws/install/brain_hardware:/ros2_ws/install/brain_controller:/ros2_ws/install/collision_avoidance:/opt/ros/humble LD_LIBRARY_PATH=/ros2_ws/install/interfaces/lib:/ros2_ws/install/brain_hardware/lib:/ros2_ws/install/brain_controller/lib:/ros2_ws/install/collision_avoidance/lib:/opt/ros/humble/opt/rviz_ogre_vendor/lib:/opt/ros/humble/lib/aarch64-linux-gnu:/opt/ros/humble/lib /usr/bin/cmake --install /ros2_ws/build/brain_hardware[0m
[8.359s] [34mcolcon.colcon_core.environment[0m [1;30mLevel 1[0m checking '/ros2_ws/install/brain_hardware' for CMake module files
[8.365s] [34mcolcon.colcon_core.environment[0m [1;30mLevel 1[0m checking '/ros2_ws/install/brain_hardware' for CMake config files
[8.368s] [34mcolcon.colcon_core.shell[0m [1;30mLevel 1[0m create_environment_hook('brain_hardware', 'cmake_prefix_path')
[8.371s] [34mcolcon.colcon_core.shell[0m [1;30mINFO[0m Creating environment hook '/ros2_ws/install/brain_hardware/share/brain_hardware/hook/cmake_prefix_path.ps1'
[8.375s] [34mcolcon.colcon_core.shell[0m [1;30mINFO[0m Creating environment descriptor '/ros2_ws/install/brain_hardware/share/brain_hardware/hook/cmake_prefix_path.dsv'
[8.379s] [34mcolcon.colcon_core.shell[0m [1;30mINFO[0m Creating environment hook '/ros2_ws/install/brain_hardware/share/brain_hardware/hook/cmake_prefix_path.sh'
[8.383s] [34mcolcon.colcon_core.environment[0m [1;30mLevel 1[0m checking '/ros2_ws/install/brain_hardware/lib'
[8.384s] [34mcolcon.colcon_core.shell[0m [1;30mLevel 1[0m create_environment_hook('brain_hardware', 'ld_library_path_lib')
[8.386s] [34mcolcon.colcon_core.shell[0m [1;30mINFO[0m Creating environment hook '/ros2_ws/install/brain_hardware/share/brain_hardware/hook/ld_library_path_lib.ps1'
[8.389s] [34mcolcon.colcon_core.shell[0m [1;30mINFO[0m Creating environment descriptor '/ros2_ws/install/brain_hardware/share/brain_hardware/hook/ld_library_path_lib.dsv'
[8.392s] [34mcolcon.colcon_core.shell[0m [1;30mINFO[0m Creating environment hook '/ros2_ws/install/brain_hardware/share/brain_hardware/hook/ld_library_path_lib.sh'
[8.396s] [34mcolcon.colcon_core.environment[0m [1;30mLevel 1[0m checking '/ros2_ws/install/brain_hardware/bin'
[8.396s] [34mcolcon.colcon_core.environment[0m [1;30mLevel 1[0m checking '/ros2_ws/install/brain_hardware/lib/pkgconfig/brain_hardware.pc'
[8.398s] [34mcolcon.colcon_core.environment[0m [1;30mLevel 1[0m checking '/ros2_ws/install/brain_hardware/lib/python3.10/site-packages'
[8.400s] [34mcolcon.colcon_core.environment[0m [1;30mLevel 1[0m checking '/ros2_ws/install/brain_hardware/bin'
[8.402s] [34mcolcon.colcon_core.shell[0m [1;30mINFO[0m Creating package script '/ros2_ws/install/brain_hardware/share/brain_hardware/package.ps1'
[8.407s] [34mcolcon.colcon_core.shell[0m [1;30mINFO[0m Creating package descriptor '/ros2_ws/install/brain_hardware/share/brain_hardware/package.dsv'
[8.411s] [34mcolcon.colcon_core.shell[0m [1;30mINFO[0m Creating package script '/ros2_ws/install/brain_hardware/share/brain_hardware/package.sh'
[8.414s] [34mcolcon.colcon_core.shell[0m [1;30mINFO[0m Creating package script '/ros2_ws/install/brain_hardware/share/brain_hardware/package.bash'
[8.417s] [34mcolcon.colcon_core.shell[0m [1;30mINFO[0m Creating package script '/ros2_ws/install/brain_hardware/share/brain_hardware/package.zsh'
[8.425s] [34mcolcon.colcon_core.environment[0m [1;30mLevel 1[0m create_file_with_runtime_dependencies(/ros2_ws/install/brain_hardware/share/colcon-core/packages/brain_hardware)
[8.429s] [34mcolcon.colcon_core.environment[0m [1;30mLevel 1[0m create_environment_scripts_only(brain_hardware)
[8.430s] [34mcolcon.colcon_core.environment[0m [1;30mLevel 1[0m checking '/ros2_ws/install/brain_hardware' for CMake module files
[8.435s] [34mcolcon.colcon_core.environment[0m [1;30mLevel 1[0m checking '/ros2_ws/install/brain_hardware' for CMake config files
[8.437s] [34mcolcon.colcon_core.shell[0m [1;30mLevel 1[0m create_environment_hook('brain_hardware', 'cmake_prefix_path')
[8.439s] [34mcolcon.colcon_core.shell[0m [1;30mINFO[0m Creating environment hook '/ros2_ws/install/brain_hardware/share/brain_hardware/hook/cmake_prefix_path.ps1'
[8.444s] [34mcolcon.colcon_core.shell[0m [1;30mINFO[0m Creating environment descriptor '/ros2_ws/install/brain_hardware/share/brain_hardware/hook/cmake_prefix_path.dsv'
[8.447s] [34mcolcon.colcon_core.shell[0m [1;30mINFO[0m Creating environment hook '/ros2_ws/install/brain_hardware/share/brain_hardware/hook/cmake_prefix_path.sh'
[8.451s] [34mcolcon.colcon_core.environment[0m [1;30mLevel 1[0m checking '/ros2_ws/install/brain_hardware/lib'
[8.452s] [34mcolcon.colcon_core.shell[0m [1;30mLevel 1[0m create_environment_hook('brain_hardware', 'ld_library_path_lib')
[8.453s] [34mcolcon.colcon_core.shell[0m [1;30mINFO[0m Creating environment hook '/ros2_ws/install/brain_hardware/share/brain_hardware/hook/ld_library_path_lib.ps1'
[8.457s] [34mcolcon.colcon_core.shell[0m [1;30mINFO[0m Creating environment descriptor '/ros2_ws/install/brain_hardware/share/brain_hardware/hook/ld_library_path_lib.dsv'
[8.460s] [34mcolcon.colcon_core.shell[0m [1;30mINFO[0m Creating environment hook '/ros2_ws/install/brain_hardware/share/brain_hardware/hook/ld_library_path_lib.sh'
[8.463s] [34mcolcon.colcon_core.environment[0m [1;30mLevel 1[0m checking '/ros2_ws/install/brain_hardware/bin'
[8.463s] [34mcolcon.colcon_core.environment[0m [1;30mLevel 1[0m checking '/ros2_ws/install/brain_hardware/lib/pkgconfig/brain_hardware.pc'
[8.465s] [34mcolcon.colcon_core.environment[0m [1;30mLevel 1[0m checking '/ros2_ws/install/brain_hardware/lib/python3.10/site-packages'
[8.467s] [34mcolcon.colcon_core.environment[0m [1;30mLevel 1[0m checking '/ros2_ws/install/brain_hardware/bin'
[8.477s] [34mcolcon.colcon_core.shell[0m [1;30mINFO[0m Creating package script '/ros2_ws/install/brain_hardware/share/brain_hardware/package.ps1'
[8.482s] [34mcolcon.colcon_core.shell[0m [1;30mINFO[0m Creating package descriptor '/ros2_ws/install/brain_hardware/share/brain_hardware/package.dsv'
[8.494s] [34mcolcon.colcon_core.shell[0m [1;30mINFO[0m Creating package script '/ros2_ws/install/brain_hardware/share/brain_hardware/package.sh'
[8.504s] [34mcolcon.colcon_core.shell[0m [1;30mINFO[0m Creating package script '/ros2_ws/install/brain_hardware/share/brain_hardware/package.bash'
[8.508s] [34mcolcon.colcon_core.shell[0m [1;30mINFO[0m Creating package script '/ros2_ws/install/brain_hardware/share/brain_hardware/package.zsh'
[8.524s] [34mcolcon.colcon_core.environment[0m [1;30mLevel 1[0m create_file_with_runtime_dependencies(/ros2_ws/install/brain_hardware/share/colcon-core/packages/brain_hardware)
[8.528s] [34mcolcon.colcon_ros.task.ament_cmake.build[0m [1;30mINFO[0m Building ROS package in '/ros2_ws/src/description' with build type 'ament_cmake'
[8.530s] [34mcolcon.colcon_cmake.task.cmake.build[0m [1;30mINFO[0m Building CMake package in '/ros2_ws/src/description'
[8.531s] [34mcolcon.colcon_core.shell[0m [1;30mINFO[0m Skip shell extension 'powershell' for command environment: Not usable outside of PowerShell
[8.533s] [34mcolcon.colcon_core.shell[0m [1;30mDEBUG[0m [32mSkip shell extension 'dsv' for command environment[0m
[8.747s] [34mcolcon.colcon_core.event_handler.log_command[0m [1;30mDEBUG[0m [32mInvoking command in '/ros2_ws/build/description': CMAKE_PREFIX_PATH=/ros2_ws/install/brain_hardware:/ros2_ws/install/interfaces:/ros2_ws/install/oradar_lidar:/ros2_ws/install/bringup:/ros2_ws/install/description:/ros2_ws/install/brain_controller:/ros2_ws/install/collision_avoidance:/opt/ros/humble LD_LIBRARY_PATH=/ros2_ws/install/brain_hardware/lib:/ros2_ws/install/interfaces/lib:/ros2_ws/install/brain_controller/lib:/ros2_ws/install/collision_avoidance/lib:/opt/ros/humble/opt/rviz_ogre_vendor/lib:/opt/ros/humble/lib/aarch64-linux-gnu:/opt/ros/humble/lib /usr/bin/cmake --build /ros2_ws/build/description -- -j4 -l4[0m
[9.191s] [34mcolcon.colcon_core.event_handler.log_command[0m [1;30mDEBUG[0m [32mInvoked command in '/ros2_ws/build/description' returned '0': CMAKE_PREFIX_PATH=/ros2_ws/install/brain_hardware:/ros2_ws/install/interfaces:/ros2_ws/install/oradar_lidar:/ros2_ws/install/bringup:/ros2_ws/install/description:/ros2_ws/install/brain_controller:/ros2_ws/install/collision_avoidance:/opt/ros/humble LD_LIBRARY_PATH=/ros2_ws/install/brain_hardware/lib:/ros2_ws/install/interfaces/lib:/ros2_ws/install/brain_controller/lib:/ros2_ws/install/collision_avoidance/lib:/opt/ros/humble/opt/rviz_ogre_vendor/lib:/opt/ros/humble/lib/aarch64-linux-gnu:/opt/ros/humble/lib /usr/bin/cmake --build /ros2_ws/build/description -- -j4 -l4[0m
[9.221s] [34mcolcon.colcon_core.event_handler.log_command[0m [1;30mDEBUG[0m [32mInvoking command in '/ros2_ws/build/description': CMAKE_PREFIX_PATH=/ros2_ws/install/brain_hardware:/ros2_ws/install/interfaces:/ros2_ws/install/oradar_lidar:/ros2_ws/install/bringup:/ros2_ws/install/description:/ros2_ws/install/brain_controller:/ros2_ws/install/collision_avoidance:/opt/ros/humble LD_LIBRARY_PATH=/ros2_ws/install/brain_hardware/lib:/ros2_ws/install/interfaces/lib:/ros2_ws/install/brain_controller/lib:/ros2_ws/install/collision_avoidance/lib:/opt/ros/humble/opt/rviz_ogre_vendor/lib:/opt/ros/humble/lib/aarch64-linux-gnu:/opt/ros/humble/lib /usr/bin/cmake --install /ros2_ws/build/description[0m
[9.358s] [34mcolcon.colcon_core.environment[0m [1;30mLevel 1[0m create_environment_scripts_only(description)
[9.361s] [34mcolcon.colcon_core.environment[0m [1;30mLevel 1[0m checking '/ros2_ws/install/description' for CMake module files
[9.360s] [34mcolcon.colcon_core.event_handler.log_command[0m [1;30mDEBUG[0m [32mInvoked command in '/ros2_ws/build/description' returned '0': CMAKE_PREFIX_PATH=/ros2_ws/install/brain_hardware:/ros2_ws/install/interfaces:/ros2_ws/install/oradar_lidar:/ros2_ws/install/bringup:/ros2_ws/install/description:/ros2_ws/install/brain_controller:/ros2_ws/install/collision_avoidance:/opt/ros/humble LD_LIBRARY_PATH=/ros2_ws/install/brain_hardware/lib:/ros2_ws/install/interfaces/lib:/ros2_ws/install/brain_controller/lib:/ros2_ws/install/collision_avoidance/lib:/opt/ros/humble/opt/rviz_ogre_vendor/lib:/opt/ros/humble/lib/aarch64-linux-gnu:/opt/ros/humble/lib /usr/bin/cmake --install /ros2_ws/build/description[0m
[9.365s] [34mcolcon.colcon_core.environment[0m [1;30mLevel 1[0m checking '/ros2_ws/install/description' for CMake config files
[9.368s] [34mcolcon.colcon_core.shell[0m [1;30mLevel 1[0m create_environment_hook('description', 'cmake_prefix_path')
[9.369s] [34mcolcon.colcon_core.shell[0m [1;30mINFO[0m Creating environment hook '/ros2_ws/install/description/share/description/hook/cmake_prefix_path.ps1'
[9.371s] [34mcolcon.colcon_core.shell[0m [1;30mINFO[0m Creating environment descriptor '/ros2_ws/install/description/share/description/hook/cmake_prefix_path.dsv'
[9.373s] [34mcolcon.colcon_core.shell[0m [1;30mINFO[0m Creating environment hook '/ros2_ws/install/description/share/description/hook/cmake_prefix_path.sh'
[9.381s] [34mcolcon.colcon_core.environment[0m [1;30mLevel 1[0m checking '/ros2_ws/install/description/bin'
[9.381s] [34mcolcon.colcon_core.environment[0m [1;30mLevel 1[0m checking '/ros2_ws/install/description/lib/pkgconfig/description.pc'
[9.382s] [34mcolcon.colcon_core.environment[0m [1;30mLevel 1[0m checking '/ros2_ws/install/description/lib/python3.10/site-packages'
[9.384s] [34mcolcon.colcon_core.environment[0m [1;30mLevel 1[0m checking '/ros2_ws/install/description/bin'
[9.387s] [34mcolcon.colcon_core.shell[0m [1;30mINFO[0m Creating package script '/ros2_ws/install/description/share/description/package.ps1'
[9.391s] [34mcolcon.colcon_core.shell[0m [1;30mINFO[0m Creating package descriptor '/ros2_ws/install/description/share/description/package.dsv'
[9.395s] [34mcolcon.colcon_core.shell[0m [1;30mINFO[0m Creating package script '/ros2_ws/install/description/share/description/package.sh'
[9.399s] [34mcolcon.colcon_core.shell[0m [1;30mINFO[0m Creating package script '/ros2_ws/install/description/share/description/package.bash'
[9.402s] [34mcolcon.colcon_core.shell[0m [1;30mINFO[0m Creating package script '/ros2_ws/install/description/share/description/package.zsh'
[9.405s] [34mcolcon.colcon_core.environment[0m [1;30mLevel 1[0m create_file_with_runtime_dependencies(/ros2_ws/install/description/share/colcon-core/packages/description)
[9.409s] [34mcolcon.colcon_core.environment[0m [1;30mLevel 1[0m create_environment_scripts_only(description)
[9.411s] [34mcolcon.colcon_core.environment[0m [1;30mLevel 1[0m checking '/ros2_ws/install/description' for CMake module files
[9.414s] [34mcolcon.colcon_core.environment[0m [1;30mLevel 1[0m checking '/ros2_ws/install/description' for CMake config files
[9.417s] [34mcolcon.colcon_core.shell[0m [1;30mLevel 1[0m create_environment_hook('description', 'cmake_prefix_path')
[9.419s] [34mcolcon.colcon_core.shell[0m [1;30mINFO[0m Creating environment hook '/ros2_ws/install/description/share/description/hook/cmake_prefix_path.ps1'
[9.423s] [34mcolcon.colcon_core.shell[0m [1;30mINFO[0m Creating environment descriptor '/ros2_ws/install/description/share/description/hook/cmake_prefix_path.dsv'
[9.426s] [34mcolcon.colcon_core.shell[0m [1;30mINFO[0m Creating environment hook '/ros2_ws/install/description/share/description/hook/cmake_prefix_path.sh'
[9.430s] [34mcolcon.colcon_core.environment[0m [1;30mLevel 1[0m checking '/ros2_ws/install/description/bin'
[9.431s] [34mcolcon.colcon_core.environment[0m [1;30mLevel 1[0m checking '/ros2_ws/install/description/lib/pkgconfig/description.pc'
[9.432s] [34mcolcon.colcon_core.environment[0m [1;30mLevel 1[0m checking '/ros2_ws/install/description/lib/python3.10/site-packages'
[9.435s] [34mcolcon.colcon_core.environment[0m [1;30mLevel 1[0m checking '/ros2_ws/install/description/bin'
[9.438s] [34mcolcon.colcon_core.shell[0m [1;30mINFO[0m Creating package script '/ros2_ws/install/description/share/description/package.ps1'
[9.444s] [34mcolcon.colcon_core.shell[0m [1;30mINFO[0m Creating package descriptor '/ros2_ws/install/description/share/description/package.dsv'
[9.458s] [34mcolcon.colcon_core.shell[0m [1;30mINFO[0m Creating package script '/ros2_ws/install/description/share/description/package.sh'
[9.462s] [34mcolcon.colcon_core.shell[0m [1;30mINFO[0m Creating package script '/ros2_ws/install/description/share/description/package.bash'
[9.466s] [34mcolcon.colcon_core.shell[0m [1;30mINFO[0m Creating package script '/ros2_ws/install/description/share/description/package.zsh'
[9.469s] [34mcolcon.colcon_core.environment[0m [1;30mLevel 1[0m create_file_with_runtime_dependencies(/ros2_ws/install/description/share/colcon-core/packages/description)
[9.474s] [34mcolcon.colcon_ros.task.ament_cmake.build[0m [1;30mINFO[0m Building ROS package in '/ros2_ws/src/bringup' with build type 'ament_cmake'
[9.476s] [34mcolcon.colcon_cmake.task.cmake.build[0m [1;30mINFO[0m Building CMake package in '/ros2_ws/src/bringup'
[9.478s] [34mcolcon.colcon_core.shell[0m [1;30mINFO[0m Skip shell extension 'powershell' for command environment: Not usable outside of PowerShell
[9.479s] [34mcolcon.colcon_core.shell[0m [1;30mDEBUG[0m [32mSkip shell extension 'dsv' for command environment[0m
[9.566s] [34mcolcon.colcon_core.event_handler.log_command[0m [1;30mDEBUG[0m [32mInvoking command in '/ros2_ws/build/bringup': CMAKE_PREFIX_PATH=/ros2_ws/install/description:/ros2_ws/install/brain_hardware:/ros2_ws/install/interfaces:/ros2_ws/install/oradar_lidar:/ros2_ws/install/bringup:/ros2_ws/install/brain_controller:/ros2_ws/install/collision_avoidance:/opt/ros/humble LD_LIBRARY_PATH=/ros2_ws/install/brain_hardware/lib:/ros2_ws/install/interfaces/lib:/ros2_ws/install/brain_controller/lib:/ros2_ws/install/collision_avoidance/lib:/opt/ros/humble/opt/rviz_ogre_vendor/lib:/opt/ros/humble/lib/aarch64-linux-gnu:/opt/ros/humble/lib /usr/bin/cmake --build /ros2_ws/build/bringup -- -j4 -l4[0m
[9.760s] [34mcolcon.colcon_core.event_handler.log_command[0m [1;30mDEBUG[0m [32mInvoked command in '/ros2_ws/build/bringup' returned '0': CMAKE_PREFIX_PATH=/ros2_ws/install/description:/ros2_ws/install/brain_hardware:/ros2_ws/install/interfaces:/ros2_ws/install/oradar_lidar:/ros2_ws/install/bringup:/ros2_ws/install/brain_controller:/ros2_ws/install/collision_avoidance:/opt/ros/humble LD_LIBRARY_PATH=/ros2_ws/install/brain_hardware/lib:/ros2_ws/install/interfaces/lib:/ros2_ws/install/brain_controller/lib:/ros2_ws/install/collision_avoidance/lib:/opt/ros/humble/opt/rviz_ogre_vendor/lib:/opt/ros/humble/lib/aarch64-linux-gnu:/opt/ros/humble/lib /usr/bin/cmake --build /ros2_ws/build/bringup -- -j4 -l4[0m
[9.767s] [34mcolcon.colcon_core.event_handler.log_command[0m [1;30mDEBUG[0m [32mInvoking command in '/ros2_ws/build/bringup': CMAKE_PREFIX_PATH=/ros2_ws/install/description:/ros2_ws/install/brain_hardware:/ros2_ws/install/interfaces:/ros2_ws/install/oradar_lidar:/ros2_ws/install/bringup:/ros2_ws/install/brain_controller:/ros2_ws/install/collision_avoidance:/opt/ros/humble LD_LIBRARY_PATH=/ros2_ws/install/brain_hardware/lib:/ros2_ws/install/interfaces/lib:/ros2_ws/install/brain_controller/lib:/ros2_ws/install/collision_avoidance/lib:/opt/ros/humble/opt/rviz_ogre_vendor/lib:/opt/ros/humble/lib/aarch64-linux-gnu:/opt/ros/humble/lib /usr/bin/cmake --install /ros2_ws/build/bringup[0m
[9.903s] [34mcolcon.colcon_core.environment[0m [1;30mLevel 1[0m create_environment_scripts_only(bringup)
[9.905s] [34mcolcon.colcon_core.environment[0m [1;30mLevel 1[0m checking '/ros2_ws/install/bringup' for CMake module files
[9.906s] [34mcolcon.colcon_core.event_handler.log_command[0m [1;30mDEBUG[0m [32mInvoked command in '/ros2_ws/build/bringup' returned '0': CMAKE_PREFIX_PATH=/ros2_ws/install/description:/ros2_ws/install/brain_hardware:/ros2_ws/install/interfaces:/ros2_ws/install/oradar_lidar:/ros2_ws/install/bringup:/ros2_ws/install/brain_controller:/ros2_ws/install/collision_avoidance:/opt/ros/humble LD_LIBRARY_PATH=/ros2_ws/install/brain_hardware/lib:/ros2_ws/install/interfaces/lib:/ros2_ws/install/brain_controller/lib:/ros2_ws/install/collision_avoidance/lib:/opt/ros/humble/opt/rviz_ogre_vendor/lib:/opt/ros/humble/lib/aarch64-linux-gnu:/opt/ros/humble/lib /usr/bin/cmake --install /ros2_ws/build/bringup[0m
[9.910s] [34mcolcon.colcon_core.environment[0m [1;30mLevel 1[0m checking '/ros2_ws/install/bringup' for CMake config files
[9.914s] [34mcolcon.colcon_core.shell[0m [1;30mLevel 1[0m create_environment_hook('bringup', 'cmake_prefix_path')
[9.916s] [34mcolcon.colcon_core.shell[0m [1;30mINFO[0m Creating environment hook '/ros2_ws/install/bringup/share/bringup/hook/cmake_prefix_path.ps1'
[9.918s] [34mcolcon.colcon_core.shell[0m [1;30mINFO[0m Creating environment descriptor '/ros2_ws/install/bringup/share/bringup/hook/cmake_prefix_path.dsv'
[9.920s] [34mcolcon.colcon_core.shell[0m [1;30mINFO[0m Creating environment hook '/ros2_ws/install/bringup/share/bringup/hook/cmake_prefix_path.sh'
[9.923s] [34mcolcon.colcon_core.environment[0m [1;30mLevel 1[0m checking '/ros2_ws/install/bringup/lib'
[9.924s] [34mcolcon.colcon_core.environment[0m [1;30mLevel 1[0m checking '/ros2_ws/install/bringup/bin'
[9.924s] [34mcolcon.colcon_core.environment[0m [1;30mLevel 1[0m checking '/ros2_ws/install/bringup/lib/pkgconfig/bringup.pc'
[9.929s] [34mcolcon.colcon_core.environment[0m [1;30mLevel 1[0m checking '/ros2_ws/install/bringup/lib/python3.10/site-packages'
[9.932s] [34mcolcon.colcon_core.environment[0m [1;30mLevel 1[0m checking '/ros2_ws/install/bringup/bin'
[9.934s] [34mcolcon.colcon_core.shell[0m [1;30mINFO[0m Creating package script '/ros2_ws/install/bringup/share/bringup/package.ps1'
[9.937s] [34mcolcon.colcon_core.shell[0m [1;30mINFO[0m Creating package descriptor '/ros2_ws/install/bringup/share/bringup/package.dsv'
[9.943s] [34mcolcon.colcon_core.shell[0m [1;30mINFO[0m Creating package script '/ros2_ws/install/bringup/share/bringup/package.sh'
[9.947s] [34mcolcon.colcon_core.shell[0m [1;30mINFO[0m Creating package script '/ros2_ws/install/bringup/share/bringup/package.bash'
[9.951s] [34mcolcon.colcon_core.shell[0m [1;30mINFO[0m Creating package script '/ros2_ws/install/bringup/share/bringup/package.zsh'
[9.954s] [34mcolcon.colcon_core.environment[0m [1;30mLevel 1[0m create_file_with_runtime_dependencies(/ros2_ws/install/bringup/share/colcon-core/packages/bringup)
[9.958s] [34mcolcon.colcon_core.environment[0m [1;30mLevel 1[0m create_environment_scripts_only(bringup)
[9.960s] [34mcolcon.colcon_core.environment[0m [1;30mLevel 1[0m checking '/ros2_ws/install/bringup' for CMake module files
[9.963s] [34mcolcon.colcon_core.environment[0m [1;30mLevel 1[0m checking '/ros2_ws/install/bringup' for CMake config files
[9.969s] [34mcolcon.colcon_core.shell[0m [1;30mLevel 1[0m create_environment_hook('bringup', 'cmake_prefix_path')
[9.971s] [34mcolcon.colcon_core.shell[0m [1;30mINFO[0m Creating environment hook '/ros2_ws/install/bringup/share/bringup/hook/cmake_prefix_path.ps1'
[9.973s] [34mcolcon.colcon_core.shell[0m [1;30mINFO[0m Creating environment descriptor '/ros2_ws/install/bringup/share/bringup/hook/cmake_prefix_path.dsv'
[9.975s] [34mcolcon.colcon_core.shell[0m [1;30mINFO[0m Creating environment hook '/ros2_ws/install/bringup/share/bringup/hook/cmake_prefix_path.sh'
[9.978s] [34mcolcon.colcon_core.environment[0m [1;30mLevel 1[0m checking '/ros2_ws/install/bringup/lib'
[9.979s] [34mcolcon.colcon_core.environment[0m [1;30mLevel 1[0m checking '/ros2_ws/install/bringup/bin'
[9.980s] [34mcolcon.colcon_core.environment[0m [1;30mLevel 1[0m checking '/ros2_ws/install/bringup/lib/pkgconfig/bringup.pc'
[9.981s] [34mcolcon.colcon_core.environment[0m [1;30mLevel 1[0m checking '/ros2_ws/install/bringup/lib/python3.10/site-packages'
[9.984s] [34mcolcon.colcon_core.environment[0m [1;30mLevel 1[0m checking '/ros2_ws/install/bringup/bin'
[9.986s] [34mcolcon.colcon_core.shell[0m [1;30mINFO[0m Creating package script '/ros2_ws/install/bringup/share/bringup/package.ps1'
[9.993s] [34mcolcon.colcon_core.shell[0m [1;30mINFO[0m Creating package descriptor '/ros2_ws/install/bringup/share/bringup/package.dsv'
[9.997s] [34mcolcon.colcon_core.shell[0m [1;30mINFO[0m Creating package script '/ros2_ws/install/bringup/share/bringup/package.sh'
[10.000s] [34mcolcon.colcon_core.shell[0m [1;30mINFO[0m Creating package script '/ros2_ws/install/bringup/share/bringup/package.bash'
[10.002s] [34mcolcon.colcon_core.shell[0m [1;30mINFO[0m Creating package script '/ros2_ws/install/bringup/share/bringup/package.zsh'
[10.004s] [34mcolcon.colcon_core.environment[0m [1;30mLevel 1[0m create_file_with_runtime_dependencies(/ros2_ws/install/bringup/share/colcon-core/packages/bringup)
[10.007s] [34mcolcon.colcon_parallel_executor.executor.parallel[0m [1;30mDEBUG[0m [32mclosing loop[0m
[10.009s] [34mcolcon.colcon_parallel_executor.executor.parallel[0m [1;30mDEBUG[0m [32mloop closed[0m
[10.010s] [34mcolcon.colcon_parallel_executor.executor.parallel[0m [1;30mDEBUG[0m [32mrun_until_complete finished with '0'[0m
[10.011s] [34mcolcon.colcon_core.event_reactor[0m [1;30mDEBUG[0m [32mjoining thread[0m
[10.038s] [34mcolcon.colcon_core.plugin_system[0m [1;30mINFO[0m Skipping extension 'colcon_notification.desktop_notification.notify_send': Could not find 'notify-send'
[10.038s] [34mcolcon.colcon_core.plugin_system[0m [1;30mINFO[0m Skipping extension 'colcon_notification.desktop_notification.terminal_notifier': Not used on non-Darwin systems
[10.039s] [34mcolcon.colcon_core.plugin_system[0m [1;30mINFO[0m Skipping extension 'colcon_notification.desktop_notification.win32': Not used on non-Windows systems
[10.039s] [34mcolcon.colcon_notification.desktop_notification[0m [1;30mINFO[0m Sending desktop notification using 'notify2'
[10.047s] [34mcolcon.colcon_notification.desktop_notification.notify2[0m [1;30mDEBUG[0m [32mFailed to initialize notify2: org.freedesktop.DBus.Error.Spawn.ExecFailed: /usr/bin/dbus-launch terminated abnormally without any error message[0m
[10.048s] [34mcolcon.colcon_core.event_reactor[0m [1;30mDEBUG[0m [32mjoined thread[0m
[10.052s] [34mcolcon.colcon_core.shell[0m [1;30mINFO[0m Creating prefix script '/ros2_ws/install/local_setup.ps1'
[10.064s] [34mcolcon.colcon_core.shell[0m [1;30mINFO[0m Creating prefix util module '/ros2_ws/install/_local_setup_util_ps1.py'
[10.074s] [34mcolcon.colcon_core.shell[0m [1;30mINFO[0m Creating prefix chain script '/ros2_ws/install/setup.ps1'
[10.082s] [34mcolcon.colcon_core.shell[0m [1;30mINFO[0m Creating prefix script '/ros2_ws/install/local_setup.sh'
[10.085s] [34mcolcon.colcon_core.shell[0m [1;30mINFO[0m Creating prefix util module '/ros2_ws/install/_local_setup_util_sh.py'
[10.088s] [34mcolcon.colcon_core.shell[0m [1;30mINFO[0m Creating prefix chain script '/ros2_ws/install/setup.sh'
[10.095s] [34mcolcon.colcon_core.shell[0m [1;30mINFO[0m Creating prefix script '/ros2_ws/install/local_setup.bash'
[10.097s] [34mcolcon.colcon_core.shell[0m [1;30mINFO[0m Creating prefix chain script '/ros2_ws/install/setup.bash'
[10.104s] [34mcolcon.colcon_core.shell[0m [1;30mINFO[0m Creating prefix script '/ros2_ws/install/local_setup.zsh'
[10.106s] [34mcolcon.colcon_core.shell[0m [1;30mINFO[0m Creating prefix chain script '/ros2_ws/install/setup.zsh'
