[0.000000] (-) TimerEvent: {}
[0.000435] (interfaces) JobQueued: {'identifier': 'interfaces', 'dependencies': OrderedDict()}
[0.000605] (oradar_lidar) JobQueued: {'identifier': 'oradar_lidar', 'dependencies': OrderedDict()}
[0.000764] (brain_controller) JobQueued: {'identifier': 'brain_controller', 'dependencies': OrderedDict([('interfaces', '/ros2_ws/install/interfaces')])}
[0.000919] (brain_hardware) JobQueued: {'identifier': 'brain_hardware', 'dependencies': OrderedDict([('interfaces', '/ros2_ws/install/interfaces')])}
[0.001264] (description) JobQueued: {'identifier': 'description', 'dependencies': OrderedDict([('interfaces', '/ros2_ws/install/interfaces'), ('brain_hardware', '/ros2_ws/install/brain_hardware')])}
[0.001436] (bringup) JobQueued: {'identifier': 'bringup', 'dependencies': OrderedDict([('interfaces', '/ros2_ws/install/interfaces'), ('brain_hardware', '/ros2_ws/install/brain_hardware'), ('description', '/ros2_ws/install/description')])}
[0.001543] (interfaces) JobStarted: {'identifier': 'interfaces'}
[0.038742] (oradar_lidar) JobStarted: {'identifier': 'oradar_lidar'}
[0.060825] (interfaces) JobProgress: {'identifier': 'interfaces', 'progress': 'cmake'}
[0.064606] (interfaces) JobProgress: {'identifier': 'interfaces', 'progress': 'build'}
[0.067430] (interfaces) Command: {'cmd': ['/usr/bin/cmake', '--build', '/ros2_ws/build/interfaces', '--', '-j4', '-l4'], 'cwd': '/ros2_ws/build/interfaces', 'env': OrderedDict([('LESSOPEN', '| /usr/bin/lesspipe %s'), ('HOSTNAME', '55456c0da4eb'), ('GIT_ASKPASS', '/root/.vscode-server/bin/8b3775030ed1a69b13e4f4c628c612102e30a681/extensions/git/dist/askpass.sh'), ('SHLVL', '2'), ('LD_LIBRARY_PATH', '/ros2_ws/install/brain_hardware/lib:/ros2_ws/install/brain_controller/lib:/ros2_ws/install/interfaces/lib:/opt/ros/humble/opt/rviz_ogre_vendor/lib:/opt/ros/humble/lib/aarch64-linux-gnu:/opt/ros/humble/lib'), ('BROWSER', '/root/.vscode-server/bin/8b3775030ed1a69b13e4f4c628c612102e30a681/bin/helpers/browser.sh'), ('HOME', '/root'), ('TERM_PROGRAM_VERSION', '1.85.2'), ('VSCODE_IPC_HOOK_CLI', '/tmp/vscode-ipc-ad6559a4-5ab0-4e86-b14d-4455ed090bdd.sock'), ('ROS_PYTHON_VERSION', '3'), ('VSCODE_GIT_ASKPASS_MAIN', '/root/.vscode-server/bin/8b3775030ed1a69b13e4f4c628c612102e30a681/extensions/git/dist/askpass-main.js'), ('PS1', '\\[\x1b]633;A\x07\\]\\u@\\h\\[\\033[01;32m\\](brain)\\[\\033[00m\\]:\\w$ \\[\x1b]633;B\x07\\]'), ('VSCODE_GIT_ASKPASS_NODE', '/root/.vscode-server/bin/8b3775030ed1a69b13e4f4c628c612102e30a681/node'), ('ROS_IP', '10.10.0.2'), ('COLORTERM', 'truecolor'), ('REMOTE_CONTAINERS', 'true'), ('COLCON_PREFIX_PATH', '/ros2_ws/install'), ('ROS_DISTRO', 'humble'), ('REMOTE_CONTAINERS_IPC', '/tmp/vscode-remote-containers-ipc-d0350a5e-c46b-434d-a6ca-a97a5d403a14.sock'), ('_', '/usr/bin/colcon'), ('ROS_VERSION', '2'), ('TERM', 'xterm-256color'), ('ROS_LOCALHOST_ONLY', '0'), ('PATH', '/ros2_ws/install/oradar_lidar/bin:/root/.vscode-server/bin/8b3775030ed1a69b13e4f4c628c612102e30a681/bin/remote-cli:/opt/ros/humble/bin:/usr/local/sbin:/usr/local/bin:/usr/sbin:/usr/bin:/sbin:/bin'), ('REMOTE_CONTAINERS_SOCKETS', '["/tmp/vscode-ssh-auth-d0350a5e-c46b-434d-a6ca-a97a5d403a14.sock","/root/.gnupg/S.gpg-agent"]'), ('DISPLAY', ':0'), ('LANG', 'en_US.UTF-8'), ('RMW_IMPLEMENTATION', 'rmw_fastrtps_cpp'), ('LS_COLORS', 'rs=0:di=01;34:ln=01;36:mh=00:pi=40;33:so=01;35:do=01;35:bd=40;33;01:cd=40;33;01:or=40;31;01:mi=00:su=37;41:sg=30;43:ca=30;41:tw=30;42:ow=34;42:st=37;44:ex=01;32:*.tar=01;31:*.tgz=01;31:*.arc=01;31:*.arj=01;31:*.taz=01;31:*.lha=01;31:*.lz4=01;31:*.lzh=01;31:*.lzma=01;31:*.tlz=01;31:*.txz=01;31:*.tzo=01;31:*.t7z=01;31:*.zip=01;31:*.z=01;31:*.dz=01;31:*.gz=01;31:*.lrz=01;31:*.lz=01;31:*.lzo=01;31:*.xz=01;31:*.zst=01;31:*.tzst=01;31:*.bz2=01;31:*.bz=01;31:*.tbz=01;31:*.tbz2=01;31:*.tz=01;31:*.deb=01;31:*.rpm=01;31:*.jar=01;31:*.war=01;31:*.ear=01;31:*.sar=01;31:*.rar=01;31:*.alz=01;31:*.ace=01;31:*.zoo=01;31:*.cpio=01;31:*.7z=01;31:*.rz=01;31:*.cab=01;31:*.wim=01;31:*.swm=01;31:*.dwm=01;31:*.esd=01;31:*.jpg=01;35:*.jpeg=01;35:*.mjpg=01;35:*.mjpeg=01;35:*.gif=01;35:*.bmp=01;35:*.pbm=01;35:*.pgm=01;35:*.ppm=01;35:*.tga=01;35:*.xbm=01;35:*.xpm=01;35:*.tif=01;35:*.tiff=01;35:*.png=01;35:*.svg=01;35:*.svgz=01;35:*.mng=01;35:*.pcx=01;35:*.mov=01;35:*.mpg=01;35:*.mpeg=01;35:*.m2v=01;35:*.mkv=01;35:*.webm=01;35:*.webp=01;35:*.ogm=01;35:*.mp4=01;35:*.m4v=01;35:*.mp4v=01;35:*.vob=01;35:*.qt=01;35:*.nuv=01;35:*.wmv=01;35:*.asf=01;35:*.rm=01;35:*.rmvb=01;35:*.flc=01;35:*.avi=01;35:*.fli=01;35:*.flv=01;35:*.gl=01;35:*.dl=01;35:*.xcf=01;35:*.xwd=01;35:*.yuv=01;35:*.cgm=01;35:*.emf=01;35:*.ogv=01;35:*.ogx=01;35:*.aac=00;36:*.au=00;36:*.flac=00;36:*.m4a=00;36:*.mid=00;36:*.midi=00;36:*.mka=00;36:*.mp3=00;36:*.mpc=00;36:*.ogg=00;36:*.ra=00;36:*.wav=00;36:*.oga=00;36:*.opus=00;36:*.spx=00;36:*.xspf=00;36:'), ('VSCODE_GIT_IPC_HANDLE', '/tmp/vscode-git-b3700a665a.sock'), ('TERM_PROGRAM', 'vscode'), ('SSH_AUTH_SOCK', '/tmp/vscode-ssh-auth-d0350a5e-c46b-434d-a6ca-a97a5d403a14.sock'), ('ROS_DOMAIN_ID', '42'), ('AMENT_PREFIX_PATH', '/ros2_ws/install/oradar_lidar:/ros2_ws/install/bringup:/ros2_ws/install/description:/ros2_ws/install/brain_hardware:/ros2_ws/install/brain_controller:/ros2_ws/install/interfaces:/opt/ros/humble'), ('SHELL', '/bin/bash'), ('LESSCLOSE', '/usr/bin/lesspipe %s %s'), ('VSCODE_GIT_ASKPASS_EXTRA_ARGS', ''), ('PWD', '/ros2_ws/build/interfaces'), ('PYTHONPATH', '/ros2_ws/install/interfaces/local/lib/python3.10/dist-packages:/opt/ros/humble/lib/python3.10/site-packages:/opt/ros/humble/local/lib/python3.10/dist-packages'), ('ROS_HOSTNAME', '10.10.0.2'), ('COLCON', '1'), ('CMAKE_PREFIX_PATH', '/ros2_ws/install/oradar_lidar:/ros2_ws/install/bringup:/ros2_ws/install/description:/ros2_ws/install/brain_hardware:/ros2_ws/install/brain_controller:/ros2_ws/install/interfaces:/opt/ros/humble')]), 'shell': False}
[0.082408] (oradar_lidar) JobProgress: {'identifier': 'oradar_lidar', 'progress': 'cmake'}
[0.095096] (oradar_lidar) JobProgress: {'identifier': 'oradar_lidar', 'progress': 'build'}
[0.096628] (oradar_lidar) Command: {'cmd': ['/usr/bin/cmake', '--build', '/ros2_ws/build/oradar_lidar', '--', '-j4', '-l4'], 'cwd': '/ros2_ws/build/oradar_lidar', 'env': OrderedDict([('LESSOPEN', '| /usr/bin/lesspipe %s'), ('HOSTNAME', '55456c0da4eb'), ('GIT_ASKPASS', '/root/.vscode-server/bin/8b3775030ed1a69b13e4f4c628c612102e30a681/extensions/git/dist/askpass.sh'), ('SHLVL', '2'), ('LD_LIBRARY_PATH', '/ros2_ws/install/brain_hardware/lib:/ros2_ws/install/brain_controller/lib:/ros2_ws/install/interfaces/lib:/opt/ros/humble/opt/rviz_ogre_vendor/lib:/opt/ros/humble/lib/aarch64-linux-gnu:/opt/ros/humble/lib'), ('BROWSER', '/root/.vscode-server/bin/8b3775030ed1a69b13e4f4c628c612102e30a681/bin/helpers/browser.sh'), ('HOME', '/root'), ('TERM_PROGRAM_VERSION', '1.85.2'), ('VSCODE_IPC_HOOK_CLI', '/tmp/vscode-ipc-ad6559a4-5ab0-4e86-b14d-4455ed090bdd.sock'), ('ROS_PYTHON_VERSION', '3'), ('VSCODE_GIT_ASKPASS_MAIN', '/root/.vscode-server/bin/8b3775030ed1a69b13e4f4c628c612102e30a681/extensions/git/dist/askpass-main.js'), ('PS1', '\\[\x1b]633;A\x07\\]\\u@\\h\\[\\033[01;32m\\](brain)\\[\\033[00m\\]:\\w$ \\[\x1b]633;B\x07\\]'), ('VSCODE_GIT_ASKPASS_NODE', '/root/.vscode-server/bin/8b3775030ed1a69b13e4f4c628c612102e30a681/node'), ('ROS_IP', '10.10.0.2'), ('COLORTERM', 'truecolor'), ('REMOTE_CONTAINERS', 'true'), ('COLCON_PREFIX_PATH', '/ros2_ws/install'), ('ROS_DISTRO', 'humble'), ('REMOTE_CONTAINERS_IPC', '/tmp/vscode-remote-containers-ipc-d0350a5e-c46b-434d-a6ca-a97a5d403a14.sock'), ('_', '/usr/bin/colcon'), ('ROS_VERSION', '2'), ('TERM', 'xterm-256color'), ('ROS_LOCALHOST_ONLY', '0'), ('PATH', '/ros2_ws/install/oradar_lidar/bin:/root/.vscode-server/bin/8b3775030ed1a69b13e4f4c628c612102e30a681/bin/remote-cli:/opt/ros/humble/bin:/usr/local/sbin:/usr/local/bin:/usr/sbin:/usr/bin:/sbin:/bin'), ('REMOTE_CONTAINERS_SOCKETS', '["/tmp/vscode-ssh-auth-d0350a5e-c46b-434d-a6ca-a97a5d403a14.sock","/root/.gnupg/S.gpg-agent"]'), ('DISPLAY', ':0'), ('LANG', 'en_US.UTF-8'), ('RMW_IMPLEMENTATION', 'rmw_fastrtps_cpp'), ('LS_COLORS', 'rs=0:di=01;34:ln=01;36:mh=00:pi=40;33:so=01;35:do=01;35:bd=40;33;01:cd=40;33;01:or=40;31;01:mi=00:su=37;41:sg=30;43:ca=30;41:tw=30;42:ow=34;42:st=37;44:ex=01;32:*.tar=01;31:*.tgz=01;31:*.arc=01;31:*.arj=01;31:*.taz=01;31:*.lha=01;31:*.lz4=01;31:*.lzh=01;31:*.lzma=01;31:*.tlz=01;31:*.txz=01;31:*.tzo=01;31:*.t7z=01;31:*.zip=01;31:*.z=01;31:*.dz=01;31:*.gz=01;31:*.lrz=01;31:*.lz=01;31:*.lzo=01;31:*.xz=01;31:*.zst=01;31:*.tzst=01;31:*.bz2=01;31:*.bz=01;31:*.tbz=01;31:*.tbz2=01;31:*.tz=01;31:*.deb=01;31:*.rpm=01;31:*.jar=01;31:*.war=01;31:*.ear=01;31:*.sar=01;31:*.rar=01;31:*.alz=01;31:*.ace=01;31:*.zoo=01;31:*.cpio=01;31:*.7z=01;31:*.rz=01;31:*.cab=01;31:*.wim=01;31:*.swm=01;31:*.dwm=01;31:*.esd=01;31:*.jpg=01;35:*.jpeg=01;35:*.mjpg=01;35:*.mjpeg=01;35:*.gif=01;35:*.bmp=01;35:*.pbm=01;35:*.pgm=01;35:*.ppm=01;35:*.tga=01;35:*.xbm=01;35:*.xpm=01;35:*.tif=01;35:*.tiff=01;35:*.png=01;35:*.svg=01;35:*.svgz=01;35:*.mng=01;35:*.pcx=01;35:*.mov=01;35:*.mpg=01;35:*.mpeg=01;35:*.m2v=01;35:*.mkv=01;35:*.webm=01;35:*.webp=01;35:*.ogm=01;35:*.mp4=01;35:*.m4v=01;35:*.mp4v=01;35:*.vob=01;35:*.qt=01;35:*.nuv=01;35:*.wmv=01;35:*.asf=01;35:*.rm=01;35:*.rmvb=01;35:*.flc=01;35:*.avi=01;35:*.fli=01;35:*.flv=01;35:*.gl=01;35:*.dl=01;35:*.xcf=01;35:*.xwd=01;35:*.yuv=01;35:*.cgm=01;35:*.emf=01;35:*.ogv=01;35:*.ogx=01;35:*.aac=00;36:*.au=00;36:*.flac=00;36:*.m4a=00;36:*.mid=00;36:*.midi=00;36:*.mka=00;36:*.mp3=00;36:*.mpc=00;36:*.ogg=00;36:*.ra=00;36:*.wav=00;36:*.oga=00;36:*.opus=00;36:*.spx=00;36:*.xspf=00;36:'), ('VSCODE_GIT_IPC_HANDLE', '/tmp/vscode-git-b3700a665a.sock'), ('TERM_PROGRAM', 'vscode'), ('SSH_AUTH_SOCK', '/tmp/vscode-ssh-auth-d0350a5e-c46b-434d-a6ca-a97a5d403a14.sock'), ('ROS_DOMAIN_ID', '42'), ('AMENT_PREFIX_PATH', '/ros2_ws/install/oradar_lidar:/ros2_ws/install/bringup:/ros2_ws/install/description:/ros2_ws/install/brain_hardware:/ros2_ws/install/brain_controller:/ros2_ws/install/interfaces:/opt/ros/humble'), ('SHELL', '/bin/bash'), ('LESSCLOSE', '/usr/bin/lesspipe %s %s'), ('VSCODE_GIT_ASKPASS_EXTRA_ARGS', ''), ('PWD', '/ros2_ws/build/oradar_lidar'), ('PYTHONPATH', '/ros2_ws/install/interfaces/local/lib/python3.10/dist-packages:/opt/ros/humble/lib/python3.10/site-packages:/opt/ros/humble/local/lib/python3.10/dist-packages'), ('ROS_HOSTNAME', '10.10.0.2'), ('COLCON', '1'), ('CMAKE_PREFIX_PATH', '/ros2_ws/install/oradar_lidar:/ros2_ws/install/bringup:/ros2_ws/install/description:/ros2_ws/install/brain_hardware:/ros2_ws/install/brain_controller:/ros2_ws/install/interfaces:/opt/ros/humble')]), 'shell': False}
[0.100606] (-) TimerEvent: {}
[0.201315] (-) TimerEvent: {}
[0.303007] (-) TimerEvent: {}
[0.403740] (-) TimerEvent: {}
[0.493574] (interfaces) StdoutLine: {'line': b'[  2%] Built target interfaces__rs\n'}
[0.503915] (-) TimerEvent: {}
[0.510724] (interfaces) StdoutLine: {'line': b'[ 12%] Built target interfaces__rosidl_generator_c\n'}
[0.523040] (interfaces) StdoutLine: {'line': b'[ 15%] Built target interfaces__cpp\n'}
[0.528051] (interfaces) StdoutLine: {'line': b'[ 15%] Built target ament_cmake_python_copy_interfaces\n'}
[0.580111] (oradar_lidar) StdoutLine: {'line': b'[ 60%] Built target oradar_sdk\n'}
[0.604094] (-) TimerEvent: {}
[0.627786] (interfaces) StdoutLine: {'line': b'[ 25%] Built target interfaces__rosidl_typesupport_fastrtps_c\n'}
[0.648585] (interfaces) StdoutLine: {'line': b'[ 35%] Built target interfaces__rosidl_typesupport_c\n'}
[0.700170] (interfaces) StdoutLine: {'line': b'[ 45%] Built target interfaces__rosidl_typesupport_fastrtps_cpp\n'}
[0.704272] (-) TimerEvent: {}
[0.761967] (interfaces) StdoutLine: {'line': b'[ 55%] Built target interfaces__rosidl_typesupport_introspection_c\n'}
[0.777023] (oradar_lidar) StdoutLine: {'line': b'[ 70%] Built target blocking_c_api_test\n'}
[0.804452] (-) TimerEvent: {}
[0.814891] (oradar_lidar) StdoutLine: {'line': b'[ 85%] Built target non-blocking_test\n'}
[0.819109] (oradar_lidar) StdoutLine: {'line': b'[ 90%] Built target blocking_test\n'}
[0.842742] (oradar_lidar) StdoutLine: {'line': b'[100%] Built target oradar_scan\n'}
[0.871793] (interfaces) StdoutLine: {'line': b'[ 65%] Built target interfaces__rosidl_typesupport_cpp\n'}
[0.881481] (interfaces) StdoutLine: {'line': b'[ 75%] Built target interfaces__rosidl_typesupport_introspection_cpp\n'}
[0.885390] (oradar_lidar) CommandEnded: {'returncode': 0}
[0.888492] (oradar_lidar) JobProgress: {'identifier': 'oradar_lidar', 'progress': 'install'}
[0.904654] (-) TimerEvent: {}
[0.922158] (oradar_lidar) Command: {'cmd': ['/usr/bin/cmake', '--install', '/ros2_ws/build/oradar_lidar'], 'cwd': '/ros2_ws/build/oradar_lidar', 'env': OrderedDict([('LESSOPEN', '| /usr/bin/lesspipe %s'), ('HOSTNAME', '55456c0da4eb'), ('GIT_ASKPASS', '/root/.vscode-server/bin/8b3775030ed1a69b13e4f4c628c612102e30a681/extensions/git/dist/askpass.sh'), ('SHLVL', '2'), ('LD_LIBRARY_PATH', '/ros2_ws/install/brain_hardware/lib:/ros2_ws/install/brain_controller/lib:/ros2_ws/install/interfaces/lib:/opt/ros/humble/opt/rviz_ogre_vendor/lib:/opt/ros/humble/lib/aarch64-linux-gnu:/opt/ros/humble/lib'), ('BROWSER', '/root/.vscode-server/bin/8b3775030ed1a69b13e4f4c628c612102e30a681/bin/helpers/browser.sh'), ('HOME', '/root'), ('TERM_PROGRAM_VERSION', '1.85.2'), ('VSCODE_IPC_HOOK_CLI', '/tmp/vscode-ipc-ad6559a4-5ab0-4e86-b14d-4455ed090bdd.sock'), ('ROS_PYTHON_VERSION', '3'), ('VSCODE_GIT_ASKPASS_MAIN', '/root/.vscode-server/bin/8b3775030ed1a69b13e4f4c628c612102e30a681/extensions/git/dist/askpass-main.js'), ('PS1', '\\[\x1b]633;A\x07\\]\\u@\\h\\[\\033[01;32m\\](brain)\\[\\033[00m\\]:\\w$ \\[\x1b]633;B\x07\\]'), ('VSCODE_GIT_ASKPASS_NODE', '/root/.vscode-server/bin/8b3775030ed1a69b13e4f4c628c612102e30a681/node'), ('ROS_IP', '10.10.0.2'), ('COLORTERM', 'truecolor'), ('REMOTE_CONTAINERS', 'true'), ('COLCON_PREFIX_PATH', '/ros2_ws/install'), ('ROS_DISTRO', 'humble'), ('REMOTE_CONTAINERS_IPC', '/tmp/vscode-remote-containers-ipc-d0350a5e-c46b-434d-a6ca-a97a5d403a14.sock'), ('_', '/usr/bin/colcon'), ('ROS_VERSION', '2'), ('TERM', 'xterm-256color'), ('ROS_LOCALHOST_ONLY', '0'), ('PATH', '/ros2_ws/install/oradar_lidar/bin:/root/.vscode-server/bin/8b3775030ed1a69b13e4f4c628c612102e30a681/bin/remote-cli:/opt/ros/humble/bin:/usr/local/sbin:/usr/local/bin:/usr/sbin:/usr/bin:/sbin:/bin'), ('REMOTE_CONTAINERS_SOCKETS', '["/tmp/vscode-ssh-auth-d0350a5e-c46b-434d-a6ca-a97a5d403a14.sock","/root/.gnupg/S.gpg-agent"]'), ('DISPLAY', ':0'), ('LANG', 'en_US.UTF-8'), ('RMW_IMPLEMENTATION', 'rmw_fastrtps_cpp'), ('LS_COLORS', 'rs=0:di=01;34:ln=01;36:mh=00:pi=40;33:so=01;35:do=01;35:bd=40;33;01:cd=40;33;01:or=40;31;01:mi=00:su=37;41:sg=30;43:ca=30;41:tw=30;42:ow=34;42:st=37;44:ex=01;32:*.tar=01;31:*.tgz=01;31:*.arc=01;31:*.arj=01;31:*.taz=01;31:*.lha=01;31:*.lz4=01;31:*.lzh=01;31:*.lzma=01;31:*.tlz=01;31:*.txz=01;31:*.tzo=01;31:*.t7z=01;31:*.zip=01;31:*.z=01;31:*.dz=01;31:*.gz=01;31:*.lrz=01;31:*.lz=01;31:*.lzo=01;31:*.xz=01;31:*.zst=01;31:*.tzst=01;31:*.bz2=01;31:*.bz=01;31:*.tbz=01;31:*.tbz2=01;31:*.tz=01;31:*.deb=01;31:*.rpm=01;31:*.jar=01;31:*.war=01;31:*.ear=01;31:*.sar=01;31:*.rar=01;31:*.alz=01;31:*.ace=01;31:*.zoo=01;31:*.cpio=01;31:*.7z=01;31:*.rz=01;31:*.cab=01;31:*.wim=01;31:*.swm=01;31:*.dwm=01;31:*.esd=01;31:*.jpg=01;35:*.jpeg=01;35:*.mjpg=01;35:*.mjpeg=01;35:*.gif=01;35:*.bmp=01;35:*.pbm=01;35:*.pgm=01;35:*.ppm=01;35:*.tga=01;35:*.xbm=01;35:*.xpm=01;35:*.tif=01;35:*.tiff=01;35:*.png=01;35:*.svg=01;35:*.svgz=01;35:*.mng=01;35:*.pcx=01;35:*.mov=01;35:*.mpg=01;35:*.mpeg=01;35:*.m2v=01;35:*.mkv=01;35:*.webm=01;35:*.webp=01;35:*.ogm=01;35:*.mp4=01;35:*.m4v=01;35:*.mp4v=01;35:*.vob=01;35:*.qt=01;35:*.nuv=01;35:*.wmv=01;35:*.asf=01;35:*.rm=01;35:*.rmvb=01;35:*.flc=01;35:*.avi=01;35:*.fli=01;35:*.flv=01;35:*.gl=01;35:*.dl=01;35:*.xcf=01;35:*.xwd=01;35:*.yuv=01;35:*.cgm=01;35:*.emf=01;35:*.ogv=01;35:*.ogx=01;35:*.aac=00;36:*.au=00;36:*.flac=00;36:*.m4a=00;36:*.mid=00;36:*.midi=00;36:*.mka=00;36:*.mp3=00;36:*.mpc=00;36:*.ogg=00;36:*.ra=00;36:*.wav=00;36:*.oga=00;36:*.opus=00;36:*.spx=00;36:*.xspf=00;36:'), ('VSCODE_GIT_IPC_HANDLE', '/tmp/vscode-git-b3700a665a.sock'), ('TERM_PROGRAM', 'vscode'), ('SSH_AUTH_SOCK', '/tmp/vscode-ssh-auth-d0350a5e-c46b-434d-a6ca-a97a5d403a14.sock'), ('ROS_DOMAIN_ID', '42'), ('AMENT_PREFIX_PATH', '/ros2_ws/install/oradar_lidar:/ros2_ws/install/bringup:/ros2_ws/install/description:/ros2_ws/install/brain_hardware:/ros2_ws/install/brain_controller:/ros2_ws/install/interfaces:/opt/ros/humble'), ('SHELL', '/bin/bash'), ('LESSCLOSE', '/usr/bin/lesspipe %s %s'), ('VSCODE_GIT_ASKPASS_EXTRA_ARGS', ''), ('PWD', '/ros2_ws/build/oradar_lidar'), ('PYTHONPATH', '/ros2_ws/install/interfaces/local/lib/python3.10/dist-packages:/opt/ros/humble/lib/python3.10/site-packages:/opt/ros/humble/local/lib/python3.10/dist-packages'), ('ROS_HOSTNAME', '10.10.0.2'), ('COLCON', '1'), ('CMAKE_PREFIX_PATH', '/ros2_ws/install/oradar_lidar:/ros2_ws/install/bringup:/ros2_ws/install/description:/ros2_ws/install/brain_hardware:/ros2_ws/install/brain_controller:/ros2_ws/install/interfaces:/opt/ros/humble')]), 'shell': False}
[0.951330] (oradar_lidar) StdoutLine: {'line': b'-- Install configuration: "RELEASE"\n'}
[0.954786] (oradar_lidar) StdoutLine: {'line': b'-- Up-to-date: /ros2_ws/install/oradar_lidar/lib/oradar_lidar/oradar_scan\n'}
[0.957515] (oradar_lidar) StdoutLine: {'line': b'-- Up-to-date: /ros2_ws/install/oradar_lidar/share/oradar_lidar//launch\n'}
[0.958099] (oradar_lidar) StdoutLine: {'line': b'-- Up-to-date: /ros2_ws/install/oradar_lidar/share/oradar_lidar//launch/ms200_scan_view.launch\n'}
[0.958511] (oradar_lidar) StdoutLine: {'line': b'-- Up-to-date: /ros2_ws/install/oradar_lidar/share/oradar_lidar//launch/ms200_scan_gmapping.launch.py\n'}
[0.958914] (oradar_lidar) StdoutLine: {'line': b'-- Up-to-date: /ros2_ws/install/oradar_lidar/share/oradar_lidar//launch/ms200_scan.launch.py\n'}
[0.959339] (oradar_lidar) StdoutLine: {'line': b'-- Up-to-date: /ros2_ws/install/oradar_lidar/share/oradar_lidar//launch/ms200_scan_view.launch.py\n'}
[0.961366] (oradar_lidar) StdoutLine: {'line': b'-- Up-to-date: /ros2_ws/install/oradar_lidar/share/oradar_lidar//launch/ms200_scan.launch\n'}
[0.961917] (oradar_lidar) StdoutLine: {'line': b'-- Up-to-date: /ros2_ws/install/oradar_lidar/share/oradar_lidar//rviz2\n'}
[0.962321] (oradar_lidar) StdoutLine: {'line': b'-- Up-to-date: /ros2_ws/install/oradar_lidar/share/oradar_lidar//rviz2/oradar_scan.rviz\n'}
[0.962713] (oradar_lidar) StdoutLine: {'line': b'-- Up-to-date: /ros2_ws/install/oradar_lidar/share/ament_index/resource_index/package_run_dependencies/oradar_lidar\n'}
[0.963099] (oradar_lidar) StdoutLine: {'line': b'-- Up-to-date: /ros2_ws/install/oradar_lidar/share/ament_index/resource_index/parent_prefix_path/oradar_lidar\n'}
[0.963583] (oradar_lidar) StdoutLine: {'line': b'-- Up-to-date: /ros2_ws/install/oradar_lidar/share/oradar_lidar/environment/ament_prefix_path.sh\n'}
[0.964060] (oradar_lidar) StdoutLine: {'line': b'-- Up-to-date: /ros2_ws/install/oradar_lidar/share/oradar_lidar/environment/ament_prefix_path.dsv\n'}
[0.964504] (oradar_lidar) StdoutLine: {'line': b'-- Up-to-date: /ros2_ws/install/oradar_lidar/share/oradar_lidar/environment/path.sh\n'}
[0.964922] (oradar_lidar) StdoutLine: {'line': b'-- Up-to-date: /ros2_ws/install/oradar_lidar/share/oradar_lidar/environment/path.dsv\n'}
[0.965287] (oradar_lidar) StdoutLine: {'line': b'-- Up-to-date: /ros2_ws/install/oradar_lidar/share/oradar_lidar/local_setup.bash\n'}
[0.965685] (oradar_lidar) StdoutLine: {'line': b'-- Up-to-date: /ros2_ws/install/oradar_lidar/share/oradar_lidar/local_setup.sh\n'}
[0.966091] (oradar_lidar) StdoutLine: {'line': b'-- Up-to-date: /ros2_ws/install/oradar_lidar/share/oradar_lidar/local_setup.zsh\n'}
[0.966468] (oradar_lidar) StdoutLine: {'line': b'-- Up-to-date: /ros2_ws/install/oradar_lidar/share/oradar_lidar/local_setup.dsv\n'}
[0.966848] (oradar_lidar) StdoutLine: {'line': b'-- Installing: /ros2_ws/install/oradar_lidar/share/oradar_lidar/package.dsv\n'}
[0.967684] (oradar_lidar) StdoutLine: {'line': b'-- Up-to-date: /ros2_ws/install/oradar_lidar/share/ament_index/resource_index/packages/oradar_lidar\n'}
[0.968965] (oradar_lidar) StdoutLine: {'line': b'-- Up-to-date: /ros2_ws/install/oradar_lidar/share/oradar_lidar/cmake/oradar_lidarConfig.cmake\n'}
[0.969458] (oradar_lidar) StdoutLine: {'line': b'-- Up-to-date: /ros2_ws/install/oradar_lidar/share/oradar_lidar/cmake/oradar_lidarConfig-version.cmake\n'}
[0.971446] (oradar_lidar) StdoutLine: {'line': b'-- Up-to-date: /ros2_ws/install/oradar_lidar/share/oradar_lidar/package.xml\n'}
[0.973843] (oradar_lidar) StdoutLine: {'line': b'-- Up-to-date: /ros2_ws/install/oradar_lidar/include/core/base/datatype.h\n'}
[0.974430] (oradar_lidar) StdoutLine: {'line': b'-- Up-to-date: /ros2_ws/install/oradar_lidar/include/core/base/locker.h\n'}
[0.976561] (oradar_lidar) StdoutLine: {'line': b'-- Up-to-date: /ros2_ws/install/oradar_lidar/include/core/base/thread.h\n'}
[0.977147] (oradar_lidar) StdoutLine: {'line': b'-- Up-to-date: /ros2_ws/install/oradar_lidar/include/core/base/timer.h\n'}
[0.978802] (oradar_lidar) StdoutLine: {'line': b'-- Up-to-date: /ros2_ws/install/oradar_lidar/include/core/base/typedef.h\n'}
[0.979231] (oradar_lidar) StdoutLine: {'line': b'-- Up-to-date: /ros2_ws/install/oradar_lidar/include/core/base/utils.h\n'}
[0.981198] (oradar_lidar) StdoutLine: {'line': b'-- Up-to-date: /ros2_ws/install/oradar_lidar/include/core/base/v8stdint.h\n'}
[0.981660] (oradar_lidar) StdoutLine: {'line': b'-- Up-to-date: /ros2_ws/install/oradar_lidar/include/core/common/ChannelDevice.h\n'}
[0.982076] (oradar_lidar) StdoutLine: {'line': b'-- Up-to-date: /ros2_ws/install/oradar_lidar/include/core/math/angles.h\n'}
[0.982465] (oradar_lidar) StdoutLine: {'line': b'-- Up-to-date: /ros2_ws/install/oradar_lidar/include/core/network/ActiveSocket.h\n'}
[0.982859] (oradar_lidar) StdoutLine: {'line': b'-- Up-to-date: /ros2_ws/install/oradar_lidar/include/core/network/PassiveSocket.h\n'}
[0.983249] (oradar_lidar) StdoutLine: {'line': b'-- Up-to-date: /ros2_ws/install/oradar_lidar/include/core/network/SimpleSocket.h\n'}
[0.983761] (oradar_lidar) StdoutLine: {'line': b'-- Up-to-date: /ros2_ws/install/oradar_lidar/include/core/network/StatTimer.h\n'}
[0.988636] (oradar_lidar) StdoutLine: {'line': b'-- Up-to-date: /ros2_ws/install/oradar_lidar/include/core/serial/common.h\n'}
[0.989960] (oradar_lidar) StdoutLine: {'line': b'-- Up-to-date: /ros2_ws/install/oradar_lidar/include/core/serial/serial.h\n'}
[0.991775] (oradar_lidar) StdoutLine: {'line': b'-- Up-to-date: /ros2_ws/install/oradar_lidar/include/core/serial/impl/unix/lock.h\n'}
[0.992967] (oradar_lidar) StdoutLine: {'line': b'-- Up-to-date: /ros2_ws/install/oradar_lidar/include/core/serial/impl/unix/unix.h\n'}
[0.993389] (oradar_lidar) StdoutLine: {'line': b'-- Up-to-date: /ros2_ws/install/oradar_lidar/include/core/serial/impl/unix/unix_serial.h\n'}
[0.993772] (oradar_lidar) StdoutLine: {'line': b'-- Up-to-date: /ros2_ws/install/oradar_lidar/include/src/ord_lidar_c_api_driver.h\n'}
[0.994154] (oradar_lidar) StdoutLine: {'line': b'-- Up-to-date: /ros2_ws/install/oradar_lidar/include/src/ord_lidar_driver.h\n'}
[0.994545] (oradar_lidar) StdoutLine: {'line': b'-- Up-to-date: /ros2_ws/install/oradar_lidar/include/src/ordlidar_protocol.h\n'}
[0.994922] (oradar_lidar) StdoutLine: {'line': b'-- Up-to-date: /ros2_ws/install/oradar_lidar/include/src/filters/FullScanFilter.h\n'}
[0.995336] (oradar_lidar) StdoutLine: {'line': b'-- Up-to-date: /ros2_ws/install/oradar_lidar/lib/liboradar_sdk.a\n'}
[1.005114] (oradar_lidar) StdoutLine: {'line': b'-- Up-to-date: /ros2_ws/install/oradar_lidar/bin/blocking_test\n'}
[1.005732] (-) TimerEvent: {}
[1.009227] (oradar_lidar) StdoutLine: {'line': b'-- Up-to-date: /ros2_ws/install/oradar_lidar/bin/non-blocking_test\n'}
[1.013681] (oradar_lidar) StdoutLine: {'line': b'-- Up-to-date: /ros2_ws/install/oradar_lidar/bin/blocking_c_api_test\n'}
[1.023369] (oradar_lidar) CommandEnded: {'returncode': 0}
[1.053364] (interfaces) StdoutLine: {'line': b'[ 75%] Built target interfaces\n'}
[1.106902] (-) TimerEvent: {}
[1.193632] (interfaces) StdoutLine: {'line': b'[ 77%] Built target interfaces__py\n'}
[1.207201] (-) TimerEvent: {}
[1.293871] (oradar_lidar) JobEnded: {'identifier': 'oradar_lidar', 'rc': 0}
[1.307398] (-) TimerEvent: {}
[1.408110] (-) TimerEvent: {}
[1.457490] (interfaces) StdoutLine: {'line': b'[ 85%] Built target interfaces__rosidl_generator_py\n'}
[1.508296] (-) TimerEvent: {}
[1.610632] (-) TimerEvent: {}
[1.638627] (interfaces) StdoutLine: {'line': b'[ 90%] Built target interfaces__rosidl_typesupport_c__pyext\n'}
[1.710861] (-) TimerEvent: {}
[1.736063] (interfaces) StdoutLine: {'line': b'[ 95%] Built target interfaces__rosidl_typesupport_introspection_c__pyext\n'}
[1.774155] (interfaces) StdoutLine: {'line': b'[100%] Built target interfaces__rosidl_typesupport_fastrtps_c__pyext\n'}
[1.811027] (-) TimerEvent: {}
[1.912307] (-) TimerEvent: {}
[2.014106] (-) TimerEvent: {}
[2.115444] (-) TimerEvent: {}
[2.216711] (-) TimerEvent: {}
[2.318323] (-) TimerEvent: {}
[2.420714] (-) TimerEvent: {}
[2.522454] (-) TimerEvent: {}
[2.556132] (interfaces) StdoutLine: {'line': b'running egg_info\n'}
[2.560174] (interfaces) StdoutLine: {'line': b'writing interfaces.egg-info/PKG-INFO\n'}
[2.564089] (interfaces) StdoutLine: {'line': b'writing dependency_links to interfaces.egg-info/dependency_links.txt\n'}
[2.564737] (interfaces) StdoutLine: {'line': b'writing top-level names to interfaces.egg-info/top_level.txt\n'}
[2.583813] (interfaces) StdoutLine: {'line': b"reading manifest file 'interfaces.egg-info/SOURCES.txt'\n"}
[2.587839] (interfaces) StdoutLine: {'line': b"writing manifest file 'interfaces.egg-info/SOURCES.txt'\n"}
[2.624611] (-) TimerEvent: {}
[2.728688] (-) TimerEvent: {}
[2.743891] (interfaces) StdoutLine: {'line': b'[100%] Built target ament_cmake_python_build_interfaces_egg\n'}
[2.790510] (interfaces) CommandEnded: {'returncode': 0}
[2.807274] (interfaces) JobProgress: {'identifier': 'interfaces', 'progress': 'install'}
[2.807928] (interfaces) Command: {'cmd': ['/usr/bin/cmake', '--install', '/ros2_ws/build/interfaces'], 'cwd': '/ros2_ws/build/interfaces', 'env': OrderedDict([('LESSOPEN', '| /usr/bin/lesspipe %s'), ('HOSTNAME', '55456c0da4eb'), ('GIT_ASKPASS', '/root/.vscode-server/bin/8b3775030ed1a69b13e4f4c628c612102e30a681/extensions/git/dist/askpass.sh'), ('SHLVL', '2'), ('LD_LIBRARY_PATH', '/ros2_ws/install/brain_hardware/lib:/ros2_ws/install/brain_controller/lib:/ros2_ws/install/interfaces/lib:/opt/ros/humble/opt/rviz_ogre_vendor/lib:/opt/ros/humble/lib/aarch64-linux-gnu:/opt/ros/humble/lib'), ('BROWSER', '/root/.vscode-server/bin/8b3775030ed1a69b13e4f4c628c612102e30a681/bin/helpers/browser.sh'), ('HOME', '/root'), ('TERM_PROGRAM_VERSION', '1.85.2'), ('VSCODE_IPC_HOOK_CLI', '/tmp/vscode-ipc-ad6559a4-5ab0-4e86-b14d-4455ed090bdd.sock'), ('ROS_PYTHON_VERSION', '3'), ('VSCODE_GIT_ASKPASS_MAIN', '/root/.vscode-server/bin/8b3775030ed1a69b13e4f4c628c612102e30a681/extensions/git/dist/askpass-main.js'), ('PS1', '\\[\x1b]633;A\x07\\]\\u@\\h\\[\\033[01;32m\\](brain)\\[\\033[00m\\]:\\w$ \\[\x1b]633;B\x07\\]'), ('VSCODE_GIT_ASKPASS_NODE', '/root/.vscode-server/bin/8b3775030ed1a69b13e4f4c628c612102e30a681/node'), ('ROS_IP', '10.10.0.2'), ('COLORTERM', 'truecolor'), ('REMOTE_CONTAINERS', 'true'), ('COLCON_PREFIX_PATH', '/ros2_ws/install'), ('ROS_DISTRO', 'humble'), ('REMOTE_CONTAINERS_IPC', '/tmp/vscode-remote-containers-ipc-d0350a5e-c46b-434d-a6ca-a97a5d403a14.sock'), ('_', '/usr/bin/colcon'), ('ROS_VERSION', '2'), ('TERM', 'xterm-256color'), ('ROS_LOCALHOST_ONLY', '0'), ('PATH', '/ros2_ws/install/oradar_lidar/bin:/root/.vscode-server/bin/8b3775030ed1a69b13e4f4c628c612102e30a681/bin/remote-cli:/opt/ros/humble/bin:/usr/local/sbin:/usr/local/bin:/usr/sbin:/usr/bin:/sbin:/bin'), ('REMOTE_CONTAINERS_SOCKETS', '["/tmp/vscode-ssh-auth-d0350a5e-c46b-434d-a6ca-a97a5d403a14.sock","/root/.gnupg/S.gpg-agent"]'), ('DISPLAY', ':0'), ('LANG', 'en_US.UTF-8'), ('RMW_IMPLEMENTATION', 'rmw_fastrtps_cpp'), ('LS_COLORS', 'rs=0:di=01;34:ln=01;36:mh=00:pi=40;33:so=01;35:do=01;35:bd=40;33;01:cd=40;33;01:or=40;31;01:mi=00:su=37;41:sg=30;43:ca=30;41:tw=30;42:ow=34;42:st=37;44:ex=01;32:*.tar=01;31:*.tgz=01;31:*.arc=01;31:*.arj=01;31:*.taz=01;31:*.lha=01;31:*.lz4=01;31:*.lzh=01;31:*.lzma=01;31:*.tlz=01;31:*.txz=01;31:*.tzo=01;31:*.t7z=01;31:*.zip=01;31:*.z=01;31:*.dz=01;31:*.gz=01;31:*.lrz=01;31:*.lz=01;31:*.lzo=01;31:*.xz=01;31:*.zst=01;31:*.tzst=01;31:*.bz2=01;31:*.bz=01;31:*.tbz=01;31:*.tbz2=01;31:*.tz=01;31:*.deb=01;31:*.rpm=01;31:*.jar=01;31:*.war=01;31:*.ear=01;31:*.sar=01;31:*.rar=01;31:*.alz=01;31:*.ace=01;31:*.zoo=01;31:*.cpio=01;31:*.7z=01;31:*.rz=01;31:*.cab=01;31:*.wim=01;31:*.swm=01;31:*.dwm=01;31:*.esd=01;31:*.jpg=01;35:*.jpeg=01;35:*.mjpg=01;35:*.mjpeg=01;35:*.gif=01;35:*.bmp=01;35:*.pbm=01;35:*.pgm=01;35:*.ppm=01;35:*.tga=01;35:*.xbm=01;35:*.xpm=01;35:*.tif=01;35:*.tiff=01;35:*.png=01;35:*.svg=01;35:*.svgz=01;35:*.mng=01;35:*.pcx=01;35:*.mov=01;35:*.mpg=01;35:*.mpeg=01;35:*.m2v=01;35:*.mkv=01;35:*.webm=01;35:*.webp=01;35:*.ogm=01;35:*.mp4=01;35:*.m4v=01;35:*.mp4v=01;35:*.vob=01;35:*.qt=01;35:*.nuv=01;35:*.wmv=01;35:*.asf=01;35:*.rm=01;35:*.rmvb=01;35:*.flc=01;35:*.avi=01;35:*.fli=01;35:*.flv=01;35:*.gl=01;35:*.dl=01;35:*.xcf=01;35:*.xwd=01;35:*.yuv=01;35:*.cgm=01;35:*.emf=01;35:*.ogv=01;35:*.ogx=01;35:*.aac=00;36:*.au=00;36:*.flac=00;36:*.m4a=00;36:*.mid=00;36:*.midi=00;36:*.mka=00;36:*.mp3=00;36:*.mpc=00;36:*.ogg=00;36:*.ra=00;36:*.wav=00;36:*.oga=00;36:*.opus=00;36:*.spx=00;36:*.xspf=00;36:'), ('VSCODE_GIT_IPC_HANDLE', '/tmp/vscode-git-b3700a665a.sock'), ('TERM_PROGRAM', 'vscode'), ('SSH_AUTH_SOCK', '/tmp/vscode-ssh-auth-d0350a5e-c46b-434d-a6ca-a97a5d403a14.sock'), ('ROS_DOMAIN_ID', '42'), ('AMENT_PREFIX_PATH', '/ros2_ws/install/oradar_lidar:/ros2_ws/install/bringup:/ros2_ws/install/description:/ros2_ws/install/brain_hardware:/ros2_ws/install/brain_controller:/ros2_ws/install/interfaces:/opt/ros/humble'), ('SHELL', '/bin/bash'), ('LESSCLOSE', '/usr/bin/lesspipe %s %s'), ('VSCODE_GIT_ASKPASS_EXTRA_ARGS', ''), ('PWD', '/ros2_ws/build/interfaces'), ('PYTHONPATH', '/ros2_ws/install/interfaces/local/lib/python3.10/dist-packages:/opt/ros/humble/lib/python3.10/site-packages:/opt/ros/humble/local/lib/python3.10/dist-packages'), ('ROS_HOSTNAME', '10.10.0.2'), ('COLCON', '1'), ('CMAKE_PREFIX_PATH', '/ros2_ws/install/oradar_lidar:/ros2_ws/install/bringup:/ros2_ws/install/description:/ros2_ws/install/brain_hardware:/ros2_ws/install/brain_controller:/ros2_ws/install/interfaces:/opt/ros/humble')]), 'shell': False}
[2.828873] (-) TimerEvent: {}
[2.861954] (interfaces) StdoutLine: {'line': b'-- Install configuration: ""\n'}
[2.864202] (interfaces) StdoutLine: {'line': b'-- Up-to-date: /ros2_ws/install/interfaces/share/ament_index/resource_index/rosidl_interfaces/interfaces\n'}
[2.865433] (interfaces) StdoutLine: {'line': b'-- Up-to-date: /ros2_ws/install/interfaces/include/interfaces/interfaces\n'}
[2.865885] (interfaces) StdoutLine: {'line': b'-- Up-to-date: /ros2_ws/install/interfaces/include/interfaces/interfaces/msg\n'}
[2.866269] (interfaces) StdoutLine: {'line': b'-- Up-to-date: /ros2_ws/install/interfaces/include/interfaces/interfaces/msg/detail\n'}
[2.866662] (interfaces) StdoutLine: {'line': b'-- Up-to-date: /ros2_ws/install/interfaces/include/interfaces/interfaces/msg/detail/motor_cmd__struct.h\n'}
[2.867075] (interfaces) StdoutLine: {'line': b'-- Up-to-date: /ros2_ws/install/interfaces/include/interfaces/interfaces/msg/detail/motor_states__functions.h\n'}
[2.867635] (interfaces) StdoutLine: {'line': b'-- Up-to-date: /ros2_ws/install/interfaces/include/interfaces/interfaces/msg/detail/motor_states__type_support.h\n'}
[2.868906] (interfaces) StdoutLine: {'line': b'-- Up-to-date: /ros2_ws/install/interfaces/include/interfaces/interfaces/msg/detail/motor_cmd__functions.h\n'}
[2.871799] (interfaces) StdoutLine: {'line': b'-- Up-to-date: /ros2_ws/install/interfaces/include/interfaces/interfaces/msg/detail/motor_states__functions.c\n'}
[2.872371] (interfaces) StdoutLine: {'line': b'-- Up-to-date: /ros2_ws/install/interfaces/include/interfaces/interfaces/msg/detail/motor_cmd__functions.c\n'}
[2.872835] (interfaces) StdoutLine: {'line': b'-- Up-to-date: /ros2_ws/install/interfaces/include/interfaces/interfaces/msg/detail/motor_states__struct.h\n'}
[2.873278] (interfaces) StdoutLine: {'line': b'-- Up-to-date: /ros2_ws/install/interfaces/include/interfaces/interfaces/msg/detail/motor_cmd__type_support.h\n'}
[2.873745] (interfaces) StdoutLine: {'line': b'-- Up-to-date: /ros2_ws/install/interfaces/include/interfaces/interfaces/msg/motor_states.h\n'}
[2.874193] (interfaces) StdoutLine: {'line': b'-- Up-to-date: /ros2_ws/install/interfaces/include/interfaces/interfaces/msg/motor_cmd.h\n'}
[2.874684] (interfaces) StdoutLine: {'line': b'-- Up-to-date: /ros2_ws/install/interfaces/include/interfaces/interfaces/msg/rosidl_generator_c__visibility_control.h\n'}
[2.875118] (interfaces) StdoutLine: {'line': b'-- Up-to-date: /ros2_ws/install/interfaces/share/interfaces/environment/library_path.sh\n'}
[2.892067] (interfaces) StdoutLine: {'line': b'-- Up-to-date: /ros2_ws/install/interfaces/share/interfaces/environment/library_path.dsv\n'}
[2.892843] (interfaces) StdoutLine: {'line': b'-- Up-to-date: /ros2_ws/install/interfaces/lib/libinterfaces__rosidl_generator_c.so\n'}
[2.893292] (interfaces) StdoutLine: {'line': b'-- Up-to-date: /ros2_ws/install/interfaces/include/interfaces/interfaces\n'}
[2.893702] (interfaces) StdoutLine: {'line': b'-- Up-to-date: /ros2_ws/install/interfaces/include/interfaces/interfaces/msg\n'}
[2.894116] (interfaces) StdoutLine: {'line': b'-- Up-to-date: /ros2_ws/install/interfaces/include/interfaces/interfaces/msg/rosidl_typesupport_fastrtps_c__visibility_control.h\n'}
[2.894625] (interfaces) StdoutLine: {'line': b'-- Up-to-date: /ros2_ws/install/interfaces/include/interfaces/interfaces/msg/detail\n'}
[2.895643] (interfaces) StdoutLine: {'line': b'-- Up-to-date: /ros2_ws/install/interfaces/include/interfaces/interfaces/msg/detail/motor_states__rosidl_typesupport_fastrtps_c.h\n'}
[2.896723] (interfaces) StdoutLine: {'line': b'-- Up-to-date: /ros2_ws/install/interfaces/include/interfaces/interfaces/msg/detail/motor_cmd__rosidl_typesupport_fastrtps_c.h\n'}
[2.897326] (interfaces) StdoutLine: {'line': b'-- Up-to-date: /ros2_ws/install/interfaces/lib/libinterfaces__rosidl_typesupport_fastrtps_c.so\n'}
[2.897751] (interfaces) StdoutLine: {'line': b'-- Up-to-date: /ros2_ws/install/interfaces/include/interfaces/interfaces\n'}
[2.898366] (interfaces) StdoutLine: {'line': b'-- Up-to-date: /ros2_ws/install/interfaces/include/interfaces/interfaces/msg\n'}
[2.899547] (interfaces) StdoutLine: {'line': b'-- Up-to-date: /ros2_ws/install/interfaces/include/interfaces/interfaces/msg/rosidl_typesupport_introspection_c__visibility_control.h\n'}
[2.900154] (interfaces) StdoutLine: {'line': b'-- Up-to-date: /ros2_ws/install/interfaces/include/interfaces/interfaces/msg/detail\n'}
[2.900647] (interfaces) StdoutLine: {'line': b'-- Up-to-date: /ros2_ws/install/interfaces/include/interfaces/interfaces/msg/detail/motor_cmd__rosidl_typesupport_introspection_c.h\n'}
[2.901070] (interfaces) StdoutLine: {'line': b'-- Up-to-date: /ros2_ws/install/interfaces/include/interfaces/interfaces/msg/detail/motor_cmd__type_support.c\n'}
[2.901479] (interfaces) StdoutLine: {'line': b'-- Up-to-date: /ros2_ws/install/interfaces/include/interfaces/interfaces/msg/detail/motor_states__type_support.c\n'}
[2.901879] (interfaces) StdoutLine: {'line': b'-- Up-to-date: /ros2_ws/install/interfaces/include/interfaces/interfaces/msg/detail/motor_states__rosidl_typesupport_introspection_c.h\n'}
[2.902301] (interfaces) StdoutLine: {'line': b'-- Up-to-date: /ros2_ws/install/interfaces/lib/libinterfaces__rosidl_typesupport_introspection_c.so\n'}
[2.902737] (interfaces) StdoutLine: {'line': b'-- Up-to-date: /ros2_ws/install/interfaces/lib/libinterfaces__rosidl_typesupport_c.so\n'}
[2.903161] (interfaces) StdoutLine: {'line': b'-- Up-to-date: /ros2_ws/install/interfaces/include/interfaces/interfaces\n'}
[2.903649] (interfaces) StdoutLine: {'line': b'-- Up-to-date: /ros2_ws/install/interfaces/include/interfaces/interfaces/msg\n'}
[2.904373] (interfaces) StdoutLine: {'line': b'-- Up-to-date: /ros2_ws/install/interfaces/include/interfaces/interfaces/msg/motor_states.hpp\n'}
[2.904832] (interfaces) StdoutLine: {'line': b'-- Up-to-date: /ros2_ws/install/interfaces/include/interfaces/interfaces/msg/rosidl_generator_cpp__visibility_control.hpp\n'}
[2.905311] (interfaces) StdoutLine: {'line': b'-- Up-to-date: /ros2_ws/install/interfaces/include/interfaces/interfaces/msg/detail\n'}
[2.905750] (interfaces) StdoutLine: {'line': b'-- Up-to-date: /ros2_ws/install/interfaces/include/interfaces/interfaces/msg/detail/motor_states__type_support.hpp\n'}
[2.908072] (interfaces) StdoutLine: {'line': b'-- Up-to-date: /ros2_ws/install/interfaces/include/interfaces/interfaces/msg/detail/motor_states__traits.hpp\n'}
[2.908636] (interfaces) StdoutLine: {'line': b'-- Up-to-date: /ros2_ws/install/interfaces/include/interfaces/interfaces/msg/detail/motor_cmd__builder.hpp\n'}
[2.909152] (interfaces) StdoutLine: {'line': b'-- Up-to-date: /ros2_ws/install/interfaces/include/interfaces/interfaces/msg/detail/motor_cmd__type_support.hpp\n'}
[2.916764] (interfaces) StdoutLine: {'line': b'-- Up-to-date: /ros2_ws/install/interfaces/include/interfaces/interfaces/msg/detail/motor_cmd__traits.hpp\n'}
[2.917557] (interfaces) StdoutLine: {'line': b'-- Up-to-date: /ros2_ws/install/interfaces/include/interfaces/interfaces/msg/detail/motor_states__struct.hpp\n'}
[2.918229] (interfaces) StdoutLine: {'line': b'-- Up-to-date: /ros2_ws/install/interfaces/include/interfaces/interfaces/msg/detail/motor_states__builder.hpp\n'}
[2.919776] (interfaces) StdoutLine: {'line': b'-- Up-to-date: /ros2_ws/install/interfaces/include/interfaces/interfaces/msg/detail/motor_cmd__struct.hpp\n'}
[2.920389] (interfaces) StdoutLine: {'line': b'-- Up-to-date: /ros2_ws/install/interfaces/include/interfaces/interfaces/msg/motor_cmd.hpp\n'}
[2.920820] (interfaces) StdoutLine: {'line': b'-- Up-to-date: /ros2_ws/install/interfaces/include/interfaces/interfaces\n'}
[2.921233] (interfaces) StdoutLine: {'line': b'-- Up-to-date: /ros2_ws/install/interfaces/include/interfaces/interfaces/msg\n'}
[2.921631] (interfaces) StdoutLine: {'line': b'-- Up-to-date: /ros2_ws/install/interfaces/include/interfaces/interfaces/msg/detail\n'}
[2.922008] (interfaces) StdoutLine: {'line': b'-- Up-to-date: /ros2_ws/install/interfaces/include/interfaces/interfaces/msg/detail/motor_states__rosidl_typesupport_fastrtps_cpp.hpp\n'}
[2.922392] (interfaces) StdoutLine: {'line': b'-- Up-to-date: /ros2_ws/install/interfaces/include/interfaces/interfaces/msg/detail/dds_fastrtps\n'}
[2.922785] (interfaces) StdoutLine: {'line': b'-- Up-to-date: /ros2_ws/install/interfaces/include/interfaces/interfaces/msg/detail/motor_cmd__rosidl_typesupport_fastrtps_cpp.hpp\n'}
[2.923162] (interfaces) StdoutLine: {'line': b'-- Up-to-date: /ros2_ws/install/interfaces/include/interfaces/interfaces/msg/rosidl_typesupport_fastrtps_cpp__visibility_control.h\n'}
[2.923594] (interfaces) StdoutLine: {'line': b'-- Up-to-date: /ros2_ws/install/interfaces/lib/libinterfaces__rosidl_typesupport_fastrtps_cpp.so\n'}
[2.936332] (-) TimerEvent: {}
[2.937470] (interfaces) StdoutLine: {'line': b'-- Up-to-date: /ros2_ws/install/interfaces/include/interfaces/interfaces\n'}
[2.938106] (interfaces) StdoutLine: {'line': b'-- Up-to-date: /ros2_ws/install/interfaces/include/interfaces/interfaces/msg\n'}
[2.938646] (interfaces) StdoutLine: {'line': b'-- Up-to-date: /ros2_ws/install/interfaces/include/interfaces/interfaces/msg/detail\n'}
[2.939155] (interfaces) StdoutLine: {'line': b'-- Up-to-date: /ros2_ws/install/interfaces/include/interfaces/interfaces/msg/detail/motor_cmd__type_support.cpp\n'}
[2.939709] (interfaces) StdoutLine: {'line': b'-- Up-to-date: /ros2_ws/install/interfaces/include/interfaces/interfaces/msg/detail/motor_states__type_support.cpp\n'}
[2.940199] (interfaces) StdoutLine: {'line': b'-- Up-to-date: /ros2_ws/install/interfaces/include/interfaces/interfaces/msg/detail/motor_cmd__rosidl_typesupport_introspection_cpp.hpp\n'}
[2.940662] (interfaces) StdoutLine: {'line': b'-- Up-to-date: /ros2_ws/install/interfaces/include/interfaces/interfaces/msg/detail/motor_states__rosidl_typesupport_introspection_cpp.hpp\n'}
[2.941139] (interfaces) StdoutLine: {'line': b'-- Up-to-date: /ros2_ws/install/interfaces/lib/libinterfaces__rosidl_typesupport_introspection_cpp.so\n'}
[2.941616] (interfaces) StdoutLine: {'line': b'-- Up-to-date: /ros2_ws/install/interfaces/lib/libinterfaces__rosidl_typesupport_cpp.so\n'}
[2.942080] (interfaces) StdoutLine: {'line': b'-- Up-to-date: /ros2_ws/install/interfaces/share/interfaces/environment/pythonpath.sh\n'}
[2.942629] (interfaces) StdoutLine: {'line': b'-- Up-to-date: /ros2_ws/install/interfaces/share/interfaces/environment/pythonpath.dsv\n'}
[2.943688] (interfaces) StdoutLine: {'line': b'-- Up-to-date: /ros2_ws/install/interfaces/local/lib/python3.10/dist-packages/interfaces-0.0.0-py3.10.egg-info\n'}
[2.944919] (interfaces) StdoutLine: {'line': b'-- Installing: /ros2_ws/install/interfaces/local/lib/python3.10/dist-packages/interfaces-0.0.0-py3.10.egg-info/SOURCES.txt\n'}
[2.945623] (interfaces) StdoutLine: {'line': b'-- Installing: /ros2_ws/install/interfaces/local/lib/python3.10/dist-packages/interfaces-0.0.0-py3.10.egg-info/PKG-INFO\n'}
[2.946150] (interfaces) StdoutLine: {'line': b'-- Installing: /ros2_ws/install/interfaces/local/lib/python3.10/dist-packages/interfaces-0.0.0-py3.10.egg-info/dependency_links.txt\n'}
[2.946629] (interfaces) StdoutLine: {'line': b'-- Installing: /ros2_ws/install/interfaces/local/lib/python3.10/dist-packages/interfaces-0.0.0-py3.10.egg-info/top_level.txt\n'}
[2.947093] (interfaces) StdoutLine: {'line': b'-- Up-to-date: /ros2_ws/install/interfaces/local/lib/python3.10/dist-packages/interfaces\n'}
[2.947539] (interfaces) StdoutLine: {'line': b'-- Up-to-date: /ros2_ws/install/interfaces/local/lib/python3.10/dist-packages/interfaces/_interfaces_s.ep.rosidl_typesupport_c.c\n'}
[2.948002] (interfaces) StdoutLine: {'line': b'-- Up-to-date: /ros2_ws/install/interfaces/local/lib/python3.10/dist-packages/interfaces/_interfaces_s.ep.rosidl_typesupport_fastrtps_c.c\n'}
[2.948452] (interfaces) StdoutLine: {'line': b'-- Up-to-date: /ros2_ws/install/interfaces/local/lib/python3.10/dist-packages/interfaces/interfaces_s__rosidl_typesupport_introspection_c.cpython-310-aarch64-linux-gnu.so\n'}
[2.948914] (interfaces) StdoutLine: {'line': b'-- Up-to-date: /ros2_ws/install/interfaces/local/lib/python3.10/dist-packages/interfaces/__init__.py\n'}
[2.949331] (interfaces) StdoutLine: {'line': b'-- Up-to-date: /ros2_ws/install/interfaces/local/lib/python3.10/dist-packages/interfaces/libinterfaces__rosidl_generator_py.so\n'}
[2.949840] (interfaces) StdoutLine: {'line': b'-- Up-to-date: /ros2_ws/install/interfaces/local/lib/python3.10/dist-packages/interfaces/_interfaces_s.ep.rosidl_typesupport_introspection_c.c\n'}
[2.950330] (interfaces) StdoutLine: {'line': b'-- Up-to-date: /ros2_ws/install/interfaces/local/lib/python3.10/dist-packages/interfaces/msg\n'}
[2.950804] (interfaces) StdoutLine: {'line': b'-- Up-to-date: /ros2_ws/install/interfaces/local/lib/python3.10/dist-packages/interfaces/msg/_motor_cmd_s.c\n'}
[2.951239] (interfaces) StdoutLine: {'line': b'-- Up-to-date: /ros2_ws/install/interfaces/local/lib/python3.10/dist-packages/interfaces/msg/_motor_states.py\n'}
[2.961021] (interfaces) StdoutLine: {'line': b'-- Up-to-date: /ros2_ws/install/interfaces/local/lib/python3.10/dist-packages/interfaces/msg/_motor_cmd.py\n'}
[2.961809] (interfaces) StdoutLine: {'line': b'-- Up-to-date: /ros2_ws/install/interfaces/local/lib/python3.10/dist-packages/interfaces/msg/__init__.py\n'}
[2.962413] (interfaces) StdoutLine: {'line': b'-- Up-to-date: /ros2_ws/install/interfaces/local/lib/python3.10/dist-packages/interfaces/msg/_motor_states_s.c\n'}
[2.962937] (interfaces) StdoutLine: {'line': b'-- Up-to-date: /ros2_ws/install/interfaces/local/lib/python3.10/dist-packages/interfaces/interfaces_s__rosidl_typesupport_c.cpython-310-aarch64-linux-gnu.so\n'}
[2.963614] (interfaces) StdoutLine: {'line': b'-- Up-to-date: /ros2_ws/install/interfaces/local/lib/python3.10/dist-packages/interfaces/interfaces_s__rosidl_typesupport_fastrtps_c.cpython-310-aarch64-linux-gnu.so\n'}
[3.036529] (-) TimerEvent: {}
[3.137924] (-) TimerEvent: {}
[3.169319] (interfaces) StdoutLine: {'line': b"Listing '/ros2_ws/install/interfaces/local/lib/python3.10/dist-packages/interfaces'...\n"}
[3.170197] (interfaces) StdoutLine: {'line': b"Listing '/ros2_ws/install/interfaces/local/lib/python3.10/dist-packages/interfaces/msg'...\n"}
[3.198498] (interfaces) StdoutLine: {'line': b'-- Up-to-date: /ros2_ws/install/interfaces/local/lib/python3.10/dist-packages/interfaces/interfaces_s__rosidl_typesupport_fastrtps_c.cpython-310-aarch64-linux-gnu.so\n'}
[3.200845] (interfaces) StdoutLine: {'line': b'-- Up-to-date: /ros2_ws/install/interfaces/local/lib/python3.10/dist-packages/interfaces/interfaces_s__rosidl_typesupport_introspection_c.cpython-310-aarch64-linux-gnu.so\n'}
[3.203190] (interfaces) StdoutLine: {'line': b'-- Up-to-date: /ros2_ws/install/interfaces/local/lib/python3.10/dist-packages/interfaces/interfaces_s__rosidl_typesupport_c.cpython-310-aarch64-linux-gnu.so\n'}
[3.211375] (interfaces) StdoutLine: {'line': b'-- Up-to-date: /ros2_ws/install/interfaces/lib/libinterfaces__rosidl_generator_py.so\n'}
[3.212297] (interfaces) StdoutLine: {'line': b'-- Up-to-date: /ros2_ws/install/interfaces/share/ament_index/resource_index/rust_packages/interfaces\n'}
[3.213471] (interfaces) StdoutLine: {'line': b'-- Up-to-date: /ros2_ws/install/interfaces/share/interfaces/rust\n'}
[3.215273] (interfaces) StdoutLine: {'line': b'-- Up-to-date: /ros2_ws/install/interfaces/share/interfaces/rust/src\n'}
[3.218802] (interfaces) StdoutLine: {'line': b'-- Up-to-date: /ros2_ws/install/interfaces/share/interfaces/rust/src/msg.rs\n'}
[3.219675] (interfaces) StdoutLine: {'line': b'-- Up-to-date: /ros2_ws/install/interfaces/share/interfaces/rust/src/lib.rs\n'}
[3.220151] (interfaces) StdoutLine: {'line': b'-- Up-to-date: /ros2_ws/install/interfaces/share/interfaces/rust/src/msg\n'}
[3.220775] (interfaces) StdoutLine: {'line': b'-- Up-to-date: /ros2_ws/install/interfaces/share/interfaces/rust/src/msg/rmw.rs\n'}
[3.232100] (interfaces) StdoutLine: {'line': b'-- Up-to-date: /ros2_ws/install/interfaces/share/interfaces/rust/build.rs\n'}
[3.232519] (interfaces) StdoutLine: {'line': b'-- Up-to-date: /ros2_ws/install/interfaces/share/interfaces/rust/Cargo.toml\n'}
[3.232902] (interfaces) StdoutLine: {'line': b'-- Up-to-date: /ros2_ws/install/interfaces/share/interfaces/msg/MotorCmd.idl\n'}
[3.233300] (interfaces) StdoutLine: {'line': b'-- Up-to-date: /ros2_ws/install/interfaces/share/interfaces/msg/MotorStates.idl\n'}
[3.233741] (interfaces) StdoutLine: {'line': b'-- Up-to-date: /ros2_ws/install/interfaces/share/interfaces/msg/MotorCmd.msg\n'}
[3.234192] (interfaces) StdoutLine: {'line': b'-- Up-to-date: /ros2_ws/install/interfaces/share/interfaces/msg/MotorStates.msg\n'}
[3.234684] (interfaces) StdoutLine: {'line': b'-- Up-to-date: /ros2_ws/install/interfaces/share/ament_index/resource_index/package_run_dependencies/interfaces\n'}
[3.235121] (interfaces) StdoutLine: {'line': b'-- Up-to-date: /ros2_ws/install/interfaces/share/ament_index/resource_index/parent_prefix_path/interfaces\n'}
[3.235633] (interfaces) StdoutLine: {'line': b'-- Up-to-date: /ros2_ws/install/interfaces/share/interfaces/environment/ament_prefix_path.sh\n'}
[3.236051] (interfaces) StdoutLine: {'line': b'-- Up-to-date: /ros2_ws/install/interfaces/share/interfaces/environment/ament_prefix_path.dsv\n'}
[3.236448] (interfaces) StdoutLine: {'line': b'-- Up-to-date: /ros2_ws/install/interfaces/share/interfaces/environment/path.sh\n'}
[3.236856] (interfaces) StdoutLine: {'line': b'-- Up-to-date: /ros2_ws/install/interfaces/share/interfaces/environment/path.dsv\n'}
[3.237234] (interfaces) StdoutLine: {'line': b'-- Up-to-date: /ros2_ws/install/interfaces/share/interfaces/local_setup.bash\n'}
[3.237609] (interfaces) StdoutLine: {'line': b'-- Up-to-date: /ros2_ws/install/interfaces/share/interfaces/local_setup.sh\n'}
[3.238053] (-) TimerEvent: {}
[3.238485] (interfaces) StdoutLine: {'line': b'-- Up-to-date: /ros2_ws/install/interfaces/share/interfaces/local_setup.zsh\n'}
[3.239030] (interfaces) StdoutLine: {'line': b'-- Up-to-date: /ros2_ws/install/interfaces/share/interfaces/local_setup.dsv\n'}
[3.239518] (interfaces) StdoutLine: {'line': b'-- Installing: /ros2_ws/install/interfaces/share/interfaces/package.dsv\n'}
[3.239929] (interfaces) StdoutLine: {'line': b'-- Up-to-date: /ros2_ws/install/interfaces/share/ament_index/resource_index/packages/interfaces\n'}
[3.240333] (interfaces) StdoutLine: {'line': b'-- Up-to-date: /ros2_ws/install/interfaces/share/interfaces/cmake/export_interfaces__rosidl_generator_cExport.cmake\n'}
[3.240767] (interfaces) StdoutLine: {'line': b'-- Up-to-date: /ros2_ws/install/interfaces/share/interfaces/cmake/export_interfaces__rosidl_generator_cExport-noconfig.cmake\n'}
[3.241174] (interfaces) StdoutLine: {'line': b'-- Up-to-date: /ros2_ws/install/interfaces/share/interfaces/cmake/export_interfaces__rosidl_typesupport_fastrtps_cExport.cmake\n'}
[3.241560] (interfaces) StdoutLine: {'line': b'-- Up-to-date: /ros2_ws/install/interfaces/share/interfaces/cmake/export_interfaces__rosidl_typesupport_fastrtps_cExport-noconfig.cmake\n'}
[3.241964] (interfaces) StdoutLine: {'line': b'-- Up-to-date: /ros2_ws/install/interfaces/share/interfaces/cmake/interfaces__rosidl_typesupport_introspection_cExport.cmake\n'}
[3.242447] (interfaces) StdoutLine: {'line': b'-- Up-to-date: /ros2_ws/install/interfaces/share/interfaces/cmake/interfaces__rosidl_typesupport_introspection_cExport-noconfig.cmake\n'}
[3.252599] (interfaces) StdoutLine: {'line': b'-- Up-to-date: /ros2_ws/install/interfaces/share/interfaces/cmake/interfaces__rosidl_typesupport_cExport.cmake\n'}
[3.253418] (interfaces) StdoutLine: {'line': b'-- Up-to-date: /ros2_ws/install/interfaces/share/interfaces/cmake/interfaces__rosidl_typesupport_cExport-noconfig.cmake\n'}
[3.262430] (interfaces) StdoutLine: {'line': b'-- Up-to-date: /ros2_ws/install/interfaces/share/interfaces/cmake/export_interfaces__rosidl_generator_cppExport.cmake\n'}
[3.266869] (interfaces) StdoutLine: {'line': b'-- Up-to-date: /ros2_ws/install/interfaces/share/interfaces/cmake/export_interfaces__rosidl_typesupport_fastrtps_cppExport.cmake\n'}
[3.268360] (interfaces) StdoutLine: {'line': b'-- Up-to-date: /ros2_ws/install/interfaces/share/interfaces/cmake/export_interfaces__rosidl_typesupport_fastrtps_cppExport-noconfig.cmake\n'}
[3.269092] (interfaces) StdoutLine: {'line': b'-- Up-to-date: /ros2_ws/install/interfaces/share/interfaces/cmake/interfaces__rosidl_typesupport_introspection_cppExport.cmake\n'}
[3.269598] (interfaces) StdoutLine: {'line': b'-- Up-to-date: /ros2_ws/install/interfaces/share/interfaces/cmake/interfaces__rosidl_typesupport_introspection_cppExport-noconfig.cmake\n'}
[3.270681] (interfaces) StdoutLine: {'line': b'-- Up-to-date: /ros2_ws/install/interfaces/share/interfaces/cmake/interfaces__rosidl_typesupport_cppExport.cmake\n'}
[3.271352] (interfaces) StdoutLine: {'line': b'-- Up-to-date: /ros2_ws/install/interfaces/share/interfaces/cmake/interfaces__rosidl_typesupport_cppExport-noconfig.cmake\n'}
[3.272624] (interfaces) StdoutLine: {'line': b'-- Up-to-date: /ros2_ws/install/interfaces/share/interfaces/cmake/export_interfaces__rosidl_generator_pyExport.cmake\n'}
[3.273554] (interfaces) StdoutLine: {'line': b'-- Up-to-date: /ros2_ws/install/interfaces/share/interfaces/cmake/export_interfaces__rosidl_generator_pyExport-noconfig.cmake\n'}
[3.276142] (interfaces) StdoutLine: {'line': b'-- Up-to-date: /ros2_ws/install/interfaces/share/interfaces/cmake/rosidl_cmake-extras.cmake\n'}
[3.276644] (interfaces) StdoutLine: {'line': b'-- Up-to-date: /ros2_ws/install/interfaces/share/interfaces/cmake/ament_cmake_export_include_directories-extras.cmake\n'}
[3.277087] (interfaces) StdoutLine: {'line': b'-- Up-to-date: /ros2_ws/install/interfaces/share/interfaces/cmake/ament_cmake_export_libraries-extras.cmake\n'}
[3.277518] (interfaces) StdoutLine: {'line': b'-- Up-to-date: /ros2_ws/install/interfaces/share/interfaces/cmake/ament_cmake_export_targets-extras.cmake\n'}
[3.277990] (interfaces) StdoutLine: {'line': b'-- Up-to-date: /ros2_ws/install/interfaces/share/interfaces/cmake/rosidl_cmake_export_typesupport_targets-extras.cmake\n'}
[3.278421] (interfaces) StdoutLine: {'line': b'-- Up-to-date: /ros2_ws/install/interfaces/share/interfaces/cmake/ament_cmake_export_dependencies-extras.cmake\n'}
[3.278801] (interfaces) StdoutLine: {'line': b'-- Up-to-date: /ros2_ws/install/interfaces/share/interfaces/cmake/rosidl_cmake_export_typesupport_libraries-extras.cmake\n'}
[3.279192] (interfaces) StdoutLine: {'line': b'-- Up-to-date: /ros2_ws/install/interfaces/share/interfaces/cmake/rosidl_cmake_aggregate_target-extras.cmake\n'}
[3.279748] (interfaces) StdoutLine: {'line': b'-- Up-to-date: /ros2_ws/install/interfaces/share/interfaces/cmake/interfacesConfig.cmake\n'}
[3.280171] (interfaces) StdoutLine: {'line': b'-- Up-to-date: /ros2_ws/install/interfaces/share/interfaces/cmake/interfacesConfig-version.cmake\n'}
[3.289435] (interfaces) StdoutLine: {'line': b'-- Up-to-date: /ros2_ws/install/interfaces/share/interfaces/package.xml\n'}
[3.297930] (interfaces) CommandEnded: {'returncode': 0}
[3.347185] (-) TimerEvent: {}
[3.437562] (interfaces) JobEnded: {'identifier': 'interfaces', 'rc': 0}
[3.441592] (brain_hardware) JobStarted: {'identifier': 'brain_hardware'}
[3.447683] (-) TimerEvent: {}
[3.484353] (brain_controller) JobStarted: {'identifier': 'brain_controller'}
[3.535096] (brain_hardware) JobProgress: {'identifier': 'brain_hardware', 'progress': 'cmake'}
[3.541087] (brain_hardware) JobProgress: {'identifier': 'brain_hardware', 'progress': 'build'}
[3.542776] (brain_hardware) Command: {'cmd': ['/usr/bin/cmake', '--build', '/ros2_ws/build/brain_hardware', '--', '-j4', '-l4'], 'cwd': '/ros2_ws/build/brain_hardware', 'env': OrderedDict([('LESSOPEN', '| /usr/bin/lesspipe %s'), ('HOSTNAME', '55456c0da4eb'), ('GIT_ASKPASS', '/root/.vscode-server/bin/8b3775030ed1a69b13e4f4c628c612102e30a681/extensions/git/dist/askpass.sh'), ('SHLVL', '2'), ('LD_LIBRARY_PATH', '/ros2_ws/install/interfaces/lib:/ros2_ws/install/brain_hardware/lib:/ros2_ws/install/brain_controller/lib:/opt/ros/humble/opt/rviz_ogre_vendor/lib:/opt/ros/humble/lib/aarch64-linux-gnu:/opt/ros/humble/lib'), ('BROWSER', '/root/.vscode-server/bin/8b3775030ed1a69b13e4f4c628c612102e30a681/bin/helpers/browser.sh'), ('HOME', '/root'), ('TERM_PROGRAM_VERSION', '1.85.2'), ('VSCODE_IPC_HOOK_CLI', '/tmp/vscode-ipc-ad6559a4-5ab0-4e86-b14d-4455ed090bdd.sock'), ('ROS_PYTHON_VERSION', '3'), ('VSCODE_GIT_ASKPASS_MAIN', '/root/.vscode-server/bin/8b3775030ed1a69b13e4f4c628c612102e30a681/extensions/git/dist/askpass-main.js'), ('PS1', '\\[\x1b]633;A\x07\\]\\u@\\h\\[\\033[01;32m\\](brain)\\[\\033[00m\\]:\\w$ \\[\x1b]633;B\x07\\]'), ('VSCODE_GIT_ASKPASS_NODE', '/root/.vscode-server/bin/8b3775030ed1a69b13e4f4c628c612102e30a681/node'), ('ROS_IP', '10.10.0.2'), ('COLORTERM', 'truecolor'), ('REMOTE_CONTAINERS', 'true'), ('COLCON_PREFIX_PATH', '/ros2_ws/install'), ('ROS_DISTRO', 'humble'), ('REMOTE_CONTAINERS_IPC', '/tmp/vscode-remote-containers-ipc-d0350a5e-c46b-434d-a6ca-a97a5d403a14.sock'), ('_', '/usr/bin/colcon'), ('ROS_VERSION', '2'), ('TERM', 'xterm-256color'), ('ROS_LOCALHOST_ONLY', '0'), ('PATH', '/ros2_ws/install/oradar_lidar/bin:/root/.vscode-server/bin/8b3775030ed1a69b13e4f4c628c612102e30a681/bin/remote-cli:/opt/ros/humble/bin:/usr/local/sbin:/usr/local/bin:/usr/sbin:/usr/bin:/sbin:/bin'), ('REMOTE_CONTAINERS_SOCKETS', '["/tmp/vscode-ssh-auth-d0350a5e-c46b-434d-a6ca-a97a5d403a14.sock","/root/.gnupg/S.gpg-agent"]'), ('DISPLAY', ':0'), ('LANG', 'en_US.UTF-8'), ('RMW_IMPLEMENTATION', 'rmw_fastrtps_cpp'), ('LS_COLORS', 'rs=0:di=01;34:ln=01;36:mh=00:pi=40;33:so=01;35:do=01;35:bd=40;33;01:cd=40;33;01:or=40;31;01:mi=00:su=37;41:sg=30;43:ca=30;41:tw=30;42:ow=34;42:st=37;44:ex=01;32:*.tar=01;31:*.tgz=01;31:*.arc=01;31:*.arj=01;31:*.taz=01;31:*.lha=01;31:*.lz4=01;31:*.lzh=01;31:*.lzma=01;31:*.tlz=01;31:*.txz=01;31:*.tzo=01;31:*.t7z=01;31:*.zip=01;31:*.z=01;31:*.dz=01;31:*.gz=01;31:*.lrz=01;31:*.lz=01;31:*.lzo=01;31:*.xz=01;31:*.zst=01;31:*.tzst=01;31:*.bz2=01;31:*.bz=01;31:*.tbz=01;31:*.tbz2=01;31:*.tz=01;31:*.deb=01;31:*.rpm=01;31:*.jar=01;31:*.war=01;31:*.ear=01;31:*.sar=01;31:*.rar=01;31:*.alz=01;31:*.ace=01;31:*.zoo=01;31:*.cpio=01;31:*.7z=01;31:*.rz=01;31:*.cab=01;31:*.wim=01;31:*.swm=01;31:*.dwm=01;31:*.esd=01;31:*.jpg=01;35:*.jpeg=01;35:*.mjpg=01;35:*.mjpeg=01;35:*.gif=01;35:*.bmp=01;35:*.pbm=01;35:*.pgm=01;35:*.ppm=01;35:*.tga=01;35:*.xbm=01;35:*.xpm=01;35:*.tif=01;35:*.tiff=01;35:*.png=01;35:*.svg=01;35:*.svgz=01;35:*.mng=01;35:*.pcx=01;35:*.mov=01;35:*.mpg=01;35:*.mpeg=01;35:*.m2v=01;35:*.mkv=01;35:*.webm=01;35:*.webp=01;35:*.ogm=01;35:*.mp4=01;35:*.m4v=01;35:*.mp4v=01;35:*.vob=01;35:*.qt=01;35:*.nuv=01;35:*.wmv=01;35:*.asf=01;35:*.rm=01;35:*.rmvb=01;35:*.flc=01;35:*.avi=01;35:*.fli=01;35:*.flv=01;35:*.gl=01;35:*.dl=01;35:*.xcf=01;35:*.xwd=01;35:*.yuv=01;35:*.cgm=01;35:*.emf=01;35:*.ogv=01;35:*.ogx=01;35:*.aac=00;36:*.au=00;36:*.flac=00;36:*.m4a=00;36:*.mid=00;36:*.midi=00;36:*.mka=00;36:*.mp3=00;36:*.mpc=00;36:*.ogg=00;36:*.ra=00;36:*.wav=00;36:*.oga=00;36:*.opus=00;36:*.spx=00;36:*.xspf=00;36:'), ('VSCODE_GIT_IPC_HANDLE', '/tmp/vscode-git-b3700a665a.sock'), ('TERM_PROGRAM', 'vscode'), ('SSH_AUTH_SOCK', '/tmp/vscode-ssh-auth-d0350a5e-c46b-434d-a6ca-a97a5d403a14.sock'), ('ROS_DOMAIN_ID', '42'), ('AMENT_PREFIX_PATH', '/ros2_ws/install/oradar_lidar:/ros2_ws/install/bringup:/ros2_ws/install/description:/ros2_ws/install/brain_hardware:/ros2_ws/install/brain_controller:/ros2_ws/install/interfaces:/opt/ros/humble'), ('SHELL', '/bin/bash'), ('LESSCLOSE', '/usr/bin/lesspipe %s %s'), ('VSCODE_GIT_ASKPASS_EXTRA_ARGS', ''), ('PWD', '/ros2_ws/build/brain_hardware'), ('PYTHONPATH', '/ros2_ws/install/interfaces/local/lib/python3.10/dist-packages:/opt/ros/humble/lib/python3.10/site-packages:/opt/ros/humble/local/lib/python3.10/dist-packages'), ('ROS_HOSTNAME', '10.10.0.2'), ('COLCON', '1'), ('CMAKE_PREFIX_PATH', '/ros2_ws/install/interfaces:/ros2_ws/install/oradar_lidar:/ros2_ws/install/bringup:/ros2_ws/install/description:/ros2_ws/install/brain_hardware:/ros2_ws/install/brain_controller:/opt/ros/humble')]), 'shell': False}
[3.561688] (-) TimerEvent: {}
[3.576511] (brain_controller) JobProgress: {'identifier': 'brain_controller', 'progress': 'cmake'}
[3.585219] (brain_controller) JobProgress: {'identifier': 'brain_controller', 'progress': 'build'}
[3.591008] (brain_controller) Command: {'cmd': ['/usr/bin/cmake', '--build', '/ros2_ws/build/brain_controller', '--', '-j4', '-l4'], 'cwd': '/ros2_ws/build/brain_controller', 'env': OrderedDict([('LESSOPEN', '| /usr/bin/lesspipe %s'), ('HOSTNAME', '55456c0da4eb'), ('GIT_ASKPASS', '/root/.vscode-server/bin/8b3775030ed1a69b13e4f4c628c612102e30a681/extensions/git/dist/askpass.sh'), ('SHLVL', '2'), ('LD_LIBRARY_PATH', '/ros2_ws/install/interfaces/lib:/ros2_ws/install/brain_hardware/lib:/ros2_ws/install/brain_controller/lib:/opt/ros/humble/opt/rviz_ogre_vendor/lib:/opt/ros/humble/lib/aarch64-linux-gnu:/opt/ros/humble/lib'), ('BROWSER', '/root/.vscode-server/bin/8b3775030ed1a69b13e4f4c628c612102e30a681/bin/helpers/browser.sh'), ('HOME', '/root'), ('TERM_PROGRAM_VERSION', '1.85.2'), ('VSCODE_IPC_HOOK_CLI', '/tmp/vscode-ipc-ad6559a4-5ab0-4e86-b14d-4455ed090bdd.sock'), ('ROS_PYTHON_VERSION', '3'), ('VSCODE_GIT_ASKPASS_MAIN', '/root/.vscode-server/bin/8b3775030ed1a69b13e4f4c628c612102e30a681/extensions/git/dist/askpass-main.js'), ('PS1', '\\[\x1b]633;A\x07\\]\\u@\\h\\[\\033[01;32m\\](brain)\\[\\033[00m\\]:\\w$ \\[\x1b]633;B\x07\\]'), ('VSCODE_GIT_ASKPASS_NODE', '/root/.vscode-server/bin/8b3775030ed1a69b13e4f4c628c612102e30a681/node'), ('ROS_IP', '10.10.0.2'), ('COLORTERM', 'truecolor'), ('REMOTE_CONTAINERS', 'true'), ('COLCON_PREFIX_PATH', '/ros2_ws/install'), ('ROS_DISTRO', 'humble'), ('REMOTE_CONTAINERS_IPC', '/tmp/vscode-remote-containers-ipc-d0350a5e-c46b-434d-a6ca-a97a5d403a14.sock'), ('_', '/usr/bin/colcon'), ('ROS_VERSION', '2'), ('TERM', 'xterm-256color'), ('ROS_LOCALHOST_ONLY', '0'), ('PATH', '/ros2_ws/install/oradar_lidar/bin:/root/.vscode-server/bin/8b3775030ed1a69b13e4f4c628c612102e30a681/bin/remote-cli:/opt/ros/humble/bin:/usr/local/sbin:/usr/local/bin:/usr/sbin:/usr/bin:/sbin:/bin'), ('REMOTE_CONTAINERS_SOCKETS', '["/tmp/vscode-ssh-auth-d0350a5e-c46b-434d-a6ca-a97a5d403a14.sock","/root/.gnupg/S.gpg-agent"]'), ('DISPLAY', ':0'), ('LANG', 'en_US.UTF-8'), ('RMW_IMPLEMENTATION', 'rmw_fastrtps_cpp'), ('LS_COLORS', 'rs=0:di=01;34:ln=01;36:mh=00:pi=40;33:so=01;35:do=01;35:bd=40;33;01:cd=40;33;01:or=40;31;01:mi=00:su=37;41:sg=30;43:ca=30;41:tw=30;42:ow=34;42:st=37;44:ex=01;32:*.tar=01;31:*.tgz=01;31:*.arc=01;31:*.arj=01;31:*.taz=01;31:*.lha=01;31:*.lz4=01;31:*.lzh=01;31:*.lzma=01;31:*.tlz=01;31:*.txz=01;31:*.tzo=01;31:*.t7z=01;31:*.zip=01;31:*.z=01;31:*.dz=01;31:*.gz=01;31:*.lrz=01;31:*.lz=01;31:*.lzo=01;31:*.xz=01;31:*.zst=01;31:*.tzst=01;31:*.bz2=01;31:*.bz=01;31:*.tbz=01;31:*.tbz2=01;31:*.tz=01;31:*.deb=01;31:*.rpm=01;31:*.jar=01;31:*.war=01;31:*.ear=01;31:*.sar=01;31:*.rar=01;31:*.alz=01;31:*.ace=01;31:*.zoo=01;31:*.cpio=01;31:*.7z=01;31:*.rz=01;31:*.cab=01;31:*.wim=01;31:*.swm=01;31:*.dwm=01;31:*.esd=01;31:*.jpg=01;35:*.jpeg=01;35:*.mjpg=01;35:*.mjpeg=01;35:*.gif=01;35:*.bmp=01;35:*.pbm=01;35:*.pgm=01;35:*.ppm=01;35:*.tga=01;35:*.xbm=01;35:*.xpm=01;35:*.tif=01;35:*.tiff=01;35:*.png=01;35:*.svg=01;35:*.svgz=01;35:*.mng=01;35:*.pcx=01;35:*.mov=01;35:*.mpg=01;35:*.mpeg=01;35:*.m2v=01;35:*.mkv=01;35:*.webm=01;35:*.webp=01;35:*.ogm=01;35:*.mp4=01;35:*.m4v=01;35:*.mp4v=01;35:*.vob=01;35:*.qt=01;35:*.nuv=01;35:*.wmv=01;35:*.asf=01;35:*.rm=01;35:*.rmvb=01;35:*.flc=01;35:*.avi=01;35:*.fli=01;35:*.flv=01;35:*.gl=01;35:*.dl=01;35:*.xcf=01;35:*.xwd=01;35:*.yuv=01;35:*.cgm=01;35:*.emf=01;35:*.ogv=01;35:*.ogx=01;35:*.aac=00;36:*.au=00;36:*.flac=00;36:*.m4a=00;36:*.mid=00;36:*.midi=00;36:*.mka=00;36:*.mp3=00;36:*.mpc=00;36:*.ogg=00;36:*.ra=00;36:*.wav=00;36:*.oga=00;36:*.opus=00;36:*.spx=00;36:*.xspf=00;36:'), ('VSCODE_GIT_IPC_HANDLE', '/tmp/vscode-git-b3700a665a.sock'), ('TERM_PROGRAM', 'vscode'), ('SSH_AUTH_SOCK', '/tmp/vscode-ssh-auth-d0350a5e-c46b-434d-a6ca-a97a5d403a14.sock'), ('ROS_DOMAIN_ID', '42'), ('AMENT_PREFIX_PATH', '/ros2_ws/install/oradar_lidar:/ros2_ws/install/bringup:/ros2_ws/install/description:/ros2_ws/install/brain_hardware:/ros2_ws/install/brain_controller:/ros2_ws/install/interfaces:/opt/ros/humble'), ('SHELL', '/bin/bash'), ('LESSCLOSE', '/usr/bin/lesspipe %s %s'), ('VSCODE_GIT_ASKPASS_EXTRA_ARGS', ''), ('PWD', '/ros2_ws/build/brain_controller'), ('PYTHONPATH', '/ros2_ws/install/interfaces/local/lib/python3.10/dist-packages:/opt/ros/humble/lib/python3.10/site-packages:/opt/ros/humble/local/lib/python3.10/dist-packages'), ('ROS_HOSTNAME', '10.10.0.2'), ('COLCON', '1'), ('CMAKE_PREFIX_PATH', '/ros2_ws/install/interfaces:/ros2_ws/install/oradar_lidar:/ros2_ws/install/bringup:/ros2_ws/install/description:/ros2_ws/install/brain_hardware:/ros2_ws/install/brain_controller:/opt/ros/humble')]), 'shell': False}
[3.667619] (-) TimerEvent: {}
[3.768439] (-) TimerEvent: {}
[3.871336] (-) TimerEvent: {}
[3.972596] (-) TimerEvent: {}
[4.073521] (-) TimerEvent: {}
[4.137755] (brain_hardware) StdoutLine: {'line': b'[100%] Built target brain_hardware\n'}
[4.173721] (-) TimerEvent: {}
[4.216494] (brain_controller) StdoutLine: {'line': b'[100%] Built target brain_controller\n'}
[4.262649] (brain_hardware) CommandEnded: {'returncode': 0}
[4.283955] (brain_hardware) JobProgress: {'identifier': 'brain_hardware', 'progress': 'install'}
[4.284190] (-) TimerEvent: {}
[4.285707] (brain_hardware) Command: {'cmd': ['/usr/bin/cmake', '--install', '/ros2_ws/build/brain_hardware'], 'cwd': '/ros2_ws/build/brain_hardware', 'env': OrderedDict([('LESSOPEN', '| /usr/bin/lesspipe %s'), ('HOSTNAME', '55456c0da4eb'), ('GIT_ASKPASS', '/root/.vscode-server/bin/8b3775030ed1a69b13e4f4c628c612102e30a681/extensions/git/dist/askpass.sh'), ('SHLVL', '2'), ('LD_LIBRARY_PATH', '/ros2_ws/install/interfaces/lib:/ros2_ws/install/brain_hardware/lib:/ros2_ws/install/brain_controller/lib:/opt/ros/humble/opt/rviz_ogre_vendor/lib:/opt/ros/humble/lib/aarch64-linux-gnu:/opt/ros/humble/lib'), ('BROWSER', '/root/.vscode-server/bin/8b3775030ed1a69b13e4f4c628c612102e30a681/bin/helpers/browser.sh'), ('HOME', '/root'), ('TERM_PROGRAM_VERSION', '1.85.2'), ('VSCODE_IPC_HOOK_CLI', '/tmp/vscode-ipc-ad6559a4-5ab0-4e86-b14d-4455ed090bdd.sock'), ('ROS_PYTHON_VERSION', '3'), ('VSCODE_GIT_ASKPASS_MAIN', '/root/.vscode-server/bin/8b3775030ed1a69b13e4f4c628c612102e30a681/extensions/git/dist/askpass-main.js'), ('PS1', '\\[\x1b]633;A\x07\\]\\u@\\h\\[\\033[01;32m\\](brain)\\[\\033[00m\\]:\\w$ \\[\x1b]633;B\x07\\]'), ('VSCODE_GIT_ASKPASS_NODE', '/root/.vscode-server/bin/8b3775030ed1a69b13e4f4c628c612102e30a681/node'), ('ROS_IP', '10.10.0.2'), ('COLORTERM', 'truecolor'), ('REMOTE_CONTAINERS', 'true'), ('COLCON_PREFIX_PATH', '/ros2_ws/install'), ('ROS_DISTRO', 'humble'), ('REMOTE_CONTAINERS_IPC', '/tmp/vscode-remote-containers-ipc-d0350a5e-c46b-434d-a6ca-a97a5d403a14.sock'), ('_', '/usr/bin/colcon'), ('ROS_VERSION', '2'), ('TERM', 'xterm-256color'), ('ROS_LOCALHOST_ONLY', '0'), ('PATH', '/ros2_ws/install/oradar_lidar/bin:/root/.vscode-server/bin/8b3775030ed1a69b13e4f4c628c612102e30a681/bin/remote-cli:/opt/ros/humble/bin:/usr/local/sbin:/usr/local/bin:/usr/sbin:/usr/bin:/sbin:/bin'), ('REMOTE_CONTAINERS_SOCKETS', '["/tmp/vscode-ssh-auth-d0350a5e-c46b-434d-a6ca-a97a5d403a14.sock","/root/.gnupg/S.gpg-agent"]'), ('DISPLAY', ':0'), ('LANG', 'en_US.UTF-8'), ('RMW_IMPLEMENTATION', 'rmw_fastrtps_cpp'), ('LS_COLORS', 'rs=0:di=01;34:ln=01;36:mh=00:pi=40;33:so=01;35:do=01;35:bd=40;33;01:cd=40;33;01:or=40;31;01:mi=00:su=37;41:sg=30;43:ca=30;41:tw=30;42:ow=34;42:st=37;44:ex=01;32:*.tar=01;31:*.tgz=01;31:*.arc=01;31:*.arj=01;31:*.taz=01;31:*.lha=01;31:*.lz4=01;31:*.lzh=01;31:*.lzma=01;31:*.tlz=01;31:*.txz=01;31:*.tzo=01;31:*.t7z=01;31:*.zip=01;31:*.z=01;31:*.dz=01;31:*.gz=01;31:*.lrz=01;31:*.lz=01;31:*.lzo=01;31:*.xz=01;31:*.zst=01;31:*.tzst=01;31:*.bz2=01;31:*.bz=01;31:*.tbz=01;31:*.tbz2=01;31:*.tz=01;31:*.deb=01;31:*.rpm=01;31:*.jar=01;31:*.war=01;31:*.ear=01;31:*.sar=01;31:*.rar=01;31:*.alz=01;31:*.ace=01;31:*.zoo=01;31:*.cpio=01;31:*.7z=01;31:*.rz=01;31:*.cab=01;31:*.wim=01;31:*.swm=01;31:*.dwm=01;31:*.esd=01;31:*.jpg=01;35:*.jpeg=01;35:*.mjpg=01;35:*.mjpeg=01;35:*.gif=01;35:*.bmp=01;35:*.pbm=01;35:*.pgm=01;35:*.ppm=01;35:*.tga=01;35:*.xbm=01;35:*.xpm=01;35:*.tif=01;35:*.tiff=01;35:*.png=01;35:*.svg=01;35:*.svgz=01;35:*.mng=01;35:*.pcx=01;35:*.mov=01;35:*.mpg=01;35:*.mpeg=01;35:*.m2v=01;35:*.mkv=01;35:*.webm=01;35:*.webp=01;35:*.ogm=01;35:*.mp4=01;35:*.m4v=01;35:*.mp4v=01;35:*.vob=01;35:*.qt=01;35:*.nuv=01;35:*.wmv=01;35:*.asf=01;35:*.rm=01;35:*.rmvb=01;35:*.flc=01;35:*.avi=01;35:*.fli=01;35:*.flv=01;35:*.gl=01;35:*.dl=01;35:*.xcf=01;35:*.xwd=01;35:*.yuv=01;35:*.cgm=01;35:*.emf=01;35:*.ogv=01;35:*.ogx=01;35:*.aac=00;36:*.au=00;36:*.flac=00;36:*.m4a=00;36:*.mid=00;36:*.midi=00;36:*.mka=00;36:*.mp3=00;36:*.mpc=00;36:*.ogg=00;36:*.ra=00;36:*.wav=00;36:*.oga=00;36:*.opus=00;36:*.spx=00;36:*.xspf=00;36:'), ('VSCODE_GIT_IPC_HANDLE', '/tmp/vscode-git-b3700a665a.sock'), ('TERM_PROGRAM', 'vscode'), ('SSH_AUTH_SOCK', '/tmp/vscode-ssh-auth-d0350a5e-c46b-434d-a6ca-a97a5d403a14.sock'), ('ROS_DOMAIN_ID', '42'), ('AMENT_PREFIX_PATH', '/ros2_ws/install/oradar_lidar:/ros2_ws/install/bringup:/ros2_ws/install/description:/ros2_ws/install/brain_hardware:/ros2_ws/install/brain_controller:/ros2_ws/install/interfaces:/opt/ros/humble'), ('SHELL', '/bin/bash'), ('LESSCLOSE', '/usr/bin/lesspipe %s %s'), ('VSCODE_GIT_ASKPASS_EXTRA_ARGS', ''), ('PWD', '/ros2_ws/build/brain_hardware'), ('PYTHONPATH', '/ros2_ws/install/interfaces/local/lib/python3.10/dist-packages:/opt/ros/humble/lib/python3.10/site-packages:/opt/ros/humble/local/lib/python3.10/dist-packages'), ('ROS_HOSTNAME', '10.10.0.2'), ('COLCON', '1'), ('CMAKE_PREFIX_PATH', '/ros2_ws/install/interfaces:/ros2_ws/install/oradar_lidar:/ros2_ws/install/bringup:/ros2_ws/install/description:/ros2_ws/install/brain_hardware:/ros2_ws/install/brain_controller:/opt/ros/humble')]), 'shell': False}
[4.338204] (brain_controller) CommandEnded: {'returncode': 0}
[4.362703] (brain_controller) JobProgress: {'identifier': 'brain_controller', 'progress': 'install'}
[4.362944] (brain_controller) Command: {'cmd': ['/usr/bin/cmake', '--install', '/ros2_ws/build/brain_controller'], 'cwd': '/ros2_ws/build/brain_controller', 'env': OrderedDict([('LESSOPEN', '| /usr/bin/lesspipe %s'), ('HOSTNAME', '55456c0da4eb'), ('GIT_ASKPASS', '/root/.vscode-server/bin/8b3775030ed1a69b13e4f4c628c612102e30a681/extensions/git/dist/askpass.sh'), ('SHLVL', '2'), ('LD_LIBRARY_PATH', '/ros2_ws/install/interfaces/lib:/ros2_ws/install/brain_hardware/lib:/ros2_ws/install/brain_controller/lib:/opt/ros/humble/opt/rviz_ogre_vendor/lib:/opt/ros/humble/lib/aarch64-linux-gnu:/opt/ros/humble/lib'), ('BROWSER', '/root/.vscode-server/bin/8b3775030ed1a69b13e4f4c628c612102e30a681/bin/helpers/browser.sh'), ('HOME', '/root'), ('TERM_PROGRAM_VERSION', '1.85.2'), ('VSCODE_IPC_HOOK_CLI', '/tmp/vscode-ipc-ad6559a4-5ab0-4e86-b14d-4455ed090bdd.sock'), ('ROS_PYTHON_VERSION', '3'), ('VSCODE_GIT_ASKPASS_MAIN', '/root/.vscode-server/bin/8b3775030ed1a69b13e4f4c628c612102e30a681/extensions/git/dist/askpass-main.js'), ('PS1', '\\[\x1b]633;A\x07\\]\\u@\\h\\[\\033[01;32m\\](brain)\\[\\033[00m\\]:\\w$ \\[\x1b]633;B\x07\\]'), ('VSCODE_GIT_ASKPASS_NODE', '/root/.vscode-server/bin/8b3775030ed1a69b13e4f4c628c612102e30a681/node'), ('ROS_IP', '10.10.0.2'), ('COLORTERM', 'truecolor'), ('REMOTE_CONTAINERS', 'true'), ('COLCON_PREFIX_PATH', '/ros2_ws/install'), ('ROS_DISTRO', 'humble'), ('REMOTE_CONTAINERS_IPC', '/tmp/vscode-remote-containers-ipc-d0350a5e-c46b-434d-a6ca-a97a5d403a14.sock'), ('_', '/usr/bin/colcon'), ('ROS_VERSION', '2'), ('TERM', 'xterm-256color'), ('ROS_LOCALHOST_ONLY', '0'), ('PATH', '/ros2_ws/install/oradar_lidar/bin:/root/.vscode-server/bin/8b3775030ed1a69b13e4f4c628c612102e30a681/bin/remote-cli:/opt/ros/humble/bin:/usr/local/sbin:/usr/local/bin:/usr/sbin:/usr/bin:/sbin:/bin'), ('REMOTE_CONTAINERS_SOCKETS', '["/tmp/vscode-ssh-auth-d0350a5e-c46b-434d-a6ca-a97a5d403a14.sock","/root/.gnupg/S.gpg-agent"]'), ('DISPLAY', ':0'), ('LANG', 'en_US.UTF-8'), ('RMW_IMPLEMENTATION', 'rmw_fastrtps_cpp'), ('LS_COLORS', 'rs=0:di=01;34:ln=01;36:mh=00:pi=40;33:so=01;35:do=01;35:bd=40;33;01:cd=40;33;01:or=40;31;01:mi=00:su=37;41:sg=30;43:ca=30;41:tw=30;42:ow=34;42:st=37;44:ex=01;32:*.tar=01;31:*.tgz=01;31:*.arc=01;31:*.arj=01;31:*.taz=01;31:*.lha=01;31:*.lz4=01;31:*.lzh=01;31:*.lzma=01;31:*.tlz=01;31:*.txz=01;31:*.tzo=01;31:*.t7z=01;31:*.zip=01;31:*.z=01;31:*.dz=01;31:*.gz=01;31:*.lrz=01;31:*.lz=01;31:*.lzo=01;31:*.xz=01;31:*.zst=01;31:*.tzst=01;31:*.bz2=01;31:*.bz=01;31:*.tbz=01;31:*.tbz2=01;31:*.tz=01;31:*.deb=01;31:*.rpm=01;31:*.jar=01;31:*.war=01;31:*.ear=01;31:*.sar=01;31:*.rar=01;31:*.alz=01;31:*.ace=01;31:*.zoo=01;31:*.cpio=01;31:*.7z=01;31:*.rz=01;31:*.cab=01;31:*.wim=01;31:*.swm=01;31:*.dwm=01;31:*.esd=01;31:*.jpg=01;35:*.jpeg=01;35:*.mjpg=01;35:*.mjpeg=01;35:*.gif=01;35:*.bmp=01;35:*.pbm=01;35:*.pgm=01;35:*.ppm=01;35:*.tga=01;35:*.xbm=01;35:*.xpm=01;35:*.tif=01;35:*.tiff=01;35:*.png=01;35:*.svg=01;35:*.svgz=01;35:*.mng=01;35:*.pcx=01;35:*.mov=01;35:*.mpg=01;35:*.mpeg=01;35:*.m2v=01;35:*.mkv=01;35:*.webm=01;35:*.webp=01;35:*.ogm=01;35:*.mp4=01;35:*.m4v=01;35:*.mp4v=01;35:*.vob=01;35:*.qt=01;35:*.nuv=01;35:*.wmv=01;35:*.asf=01;35:*.rm=01;35:*.rmvb=01;35:*.flc=01;35:*.avi=01;35:*.fli=01;35:*.flv=01;35:*.gl=01;35:*.dl=01;35:*.xcf=01;35:*.xwd=01;35:*.yuv=01;35:*.cgm=01;35:*.emf=01;35:*.ogv=01;35:*.ogx=01;35:*.aac=00;36:*.au=00;36:*.flac=00;36:*.m4a=00;36:*.mid=00;36:*.midi=00;36:*.mka=00;36:*.mp3=00;36:*.mpc=00;36:*.ogg=00;36:*.ra=00;36:*.wav=00;36:*.oga=00;36:*.opus=00;36:*.spx=00;36:*.xspf=00;36:'), ('VSCODE_GIT_IPC_HANDLE', '/tmp/vscode-git-b3700a665a.sock'), ('TERM_PROGRAM', 'vscode'), ('SSH_AUTH_SOCK', '/tmp/vscode-ssh-auth-d0350a5e-c46b-434d-a6ca-a97a5d403a14.sock'), ('ROS_DOMAIN_ID', '42'), ('AMENT_PREFIX_PATH', '/ros2_ws/install/oradar_lidar:/ros2_ws/install/bringup:/ros2_ws/install/description:/ros2_ws/install/brain_hardware:/ros2_ws/install/brain_controller:/ros2_ws/install/interfaces:/opt/ros/humble'), ('SHELL', '/bin/bash'), ('LESSCLOSE', '/usr/bin/lesspipe %s %s'), ('VSCODE_GIT_ASKPASS_EXTRA_ARGS', ''), ('PWD', '/ros2_ws/build/brain_controller'), ('PYTHONPATH', '/ros2_ws/install/interfaces/local/lib/python3.10/dist-packages:/opt/ros/humble/lib/python3.10/site-packages:/opt/ros/humble/local/lib/python3.10/dist-packages'), ('ROS_HOSTNAME', '10.10.0.2'), ('COLCON', '1'), ('CMAKE_PREFIX_PATH', '/ros2_ws/install/interfaces:/ros2_ws/install/oradar_lidar:/ros2_ws/install/bringup:/ros2_ws/install/description:/ros2_ws/install/brain_hardware:/ros2_ws/install/brain_controller:/opt/ros/humble')]), 'shell': False}
[4.384383] (-) TimerEvent: {}
[4.398626] (brain_hardware) StdoutLine: {'line': b'-- Install configuration: ""\n'}
[4.401732] (brain_hardware) StdoutLine: {'line': b'-- Up-to-date: /ros2_ws/install/brain_hardware/share/brain_hardware/brain_hardware_plugins.xml\n'}
[4.414331] (brain_hardware) StdoutLine: {'line': b'-- Up-to-date: /ros2_ws/install/brain_hardware/lib/libbrain_hardware.so\n'}
[4.418863] (brain_hardware) StdoutLine: {'line': b'-- Up-to-date: /ros2_ws/install/brain_hardware/include/brain_hardware\n'}
[4.422788] (brain_hardware) StdoutLine: {'line': b'-- Up-to-date: /ros2_ws/install/brain_hardware/include/brain_hardware/brain_hardware\n'}
[4.426165] (brain_hardware) StdoutLine: {'line': b'-- Up-to-date: /ros2_ws/install/brain_hardware/include/brain_hardware/brain_hardware/brain_system_hardware.hpp\n'}
[4.429620] (brain_hardware) StdoutLine: {'line': b'-- Up-to-date: /ros2_ws/install/brain_hardware/share/brain_hardware/brain_hardware_plugins.xml\n'}
[4.431885] (brain_hardware) StdoutLine: {'line': b'-- Up-to-date: /ros2_ws/install/brain_hardware/share/brain_hardware/environment/library_path.sh\n'}
[4.433576] (brain_hardware) StdoutLine: {'line': b'-- Up-to-date: /ros2_ws/install/brain_hardware/share/brain_hardware/environment/library_path.dsv\n'}
[4.439946] (brain_hardware) StdoutLine: {'line': b'-- Up-to-date: /ros2_ws/install/brain_hardware/share/ament_index/resource_index/package_run_dependencies/brain_hardware\n'}
[4.443164] (brain_hardware) StdoutLine: {'line': b'-- Up-to-date: /ros2_ws/install/brain_hardware/share/ament_index/resource_index/parent_prefix_path/brain_hardware\n'}
[4.443839] (brain_hardware) StdoutLine: {'line': b'-- Up-to-date: /ros2_ws/install/brain_hardware/share/brain_hardware/environment/ament_prefix_path.sh\n'}
[4.444337] (brain_hardware) StdoutLine: {'line': b'-- Up-to-date: /ros2_ws/install/brain_hardware/share/brain_hardware/environment/ament_prefix_path.dsv\n'}
[4.444807] (brain_hardware) StdoutLine: {'line': b'-- Up-to-date: /ros2_ws/install/brain_hardware/share/brain_hardware/environment/path.sh\n'}
[4.445251] (brain_hardware) StdoutLine: {'line': b'-- Up-to-date: /ros2_ws/install/brain_hardware/share/brain_hardware/environment/path.dsv\n'}
[4.445683] (brain_hardware) StdoutLine: {'line': b'-- Up-to-date: /ros2_ws/install/brain_hardware/share/brain_hardware/local_setup.bash\n'}
[4.446111] (brain_hardware) StdoutLine: {'line': b'-- Up-to-date: /ros2_ws/install/brain_hardware/share/brain_hardware/local_setup.sh\n'}
[4.446488] (brain_hardware) StdoutLine: {'line': b'-- Up-to-date: /ros2_ws/install/brain_hardware/share/brain_hardware/local_setup.zsh\n'}
[4.472088] (brain_hardware) StdoutLine: {'line': b'-- Up-to-date: /ros2_ws/install/brain_hardware/share/brain_hardware/local_setup.dsv\n'}
[4.472692] (brain_hardware) StdoutLine: {'line': b'-- Installing: /ros2_ws/install/brain_hardware/share/brain_hardware/package.dsv\n'}
[4.518165] (-) TimerEvent: {}
[4.519931] (brain_hardware) StdoutLine: {'line': b'-- Up-to-date: /ros2_ws/install/brain_hardware/share/ament_index/resource_index/packages/brain_hardware\n'}
[4.520583] (brain_hardware) StdoutLine: {'line': b'-- Up-to-date: /ros2_ws/install/brain_hardware/share/ament_index/resource_index/hardware_interface__pluginlib__plugin/brain_hardware\n'}
[4.521101] (brain_hardware) StdoutLine: {'line': b'-- Up-to-date: /ros2_ws/install/brain_hardware/share/brain_hardware/cmake/ament_cmake_export_include_directories-extras.cmake\n'}
[4.521588] (brain_hardware) StdoutLine: {'line': b'-- Up-to-date: /ros2_ws/install/brain_hardware/share/brain_hardware/cmake/ament_cmake_export_libraries-extras.cmake\n'}
[4.522106] (brain_hardware) StdoutLine: {'line': b'-- Up-to-date: /ros2_ws/install/brain_hardware/share/brain_hardware/cmake/ament_cmake_export_dependencies-extras.cmake\n'}
[4.522585] (brain_hardware) StdoutLine: {'line': b'-- Up-to-date: /ros2_ws/install/brain_hardware/share/brain_hardware/cmake/brain_hardwareConfig.cmake\n'}
[4.523045] (brain_hardware) StdoutLine: {'line': b'-- Up-to-date: /ros2_ws/install/brain_hardware/share/brain_hardware/cmake/brain_hardwareConfig-version.cmake\n'}
[4.523651] (brain_hardware) StdoutLine: {'line': b'-- Up-to-date: /ros2_ws/install/brain_hardware/share/brain_hardware/package.xml\n'}
[4.524272] (brain_hardware) CommandEnded: {'returncode': 0}
[4.549737] (brain_controller) StdoutLine: {'line': b'-- Install configuration: ""\n'}
[4.557324] (brain_controller) StdoutLine: {'line': b'-- Up-to-date: /ros2_ws/install/brain_controller/share/brain_controller/brain_controller_plugins.xml\n'}
[4.567759] (brain_controller) StdoutLine: {'line': b'-- Up-to-date: /ros2_ws/install/brain_controller/lib/libbrain_controller.so\n'}
[4.568444] (brain_controller) StdoutLine: {'line': b'-- Up-to-date: /ros2_ws/install/brain_controller/include/brain_controller\n'}
[4.568974] (brain_controller) StdoutLine: {'line': b'-- Up-to-date: /ros2_ws/install/brain_controller/include/brain_controller/brain_controller\n'}
[4.569486] (brain_controller) StdoutLine: {'line': b'-- Up-to-date: /ros2_ws/install/brain_controller/include/brain_controller/brain_controller/brain_controller.hpp\n'}
[4.569964] (brain_controller) StdoutLine: {'line': b'-- Up-to-date: /ros2_ws/install/brain_controller/share/brain_controller/brain_controller_plugins.xml\n'}
[4.570574] (brain_controller) StdoutLine: {'line': b'-- Up-to-date: /ros2_ws/install/brain_controller/share/brain_controller/environment/library_path.sh\n'}
[4.571028] (brain_controller) StdoutLine: {'line': b'-- Up-to-date: /ros2_ws/install/brain_controller/share/brain_controller/environment/library_path.dsv\n'}
[4.571898] (brain_controller) StdoutLine: {'line': b'-- Up-to-date: /ros2_ws/install/brain_controller/share/ament_index/resource_index/package_run_dependencies/brain_controller\n'}
[4.572455] (brain_controller) StdoutLine: {'line': b'-- Up-to-date: /ros2_ws/install/brain_controller/share/ament_index/resource_index/parent_prefix_path/brain_controller\n'}
[4.572999] (brain_controller) StdoutLine: {'line': b'-- Up-to-date: /ros2_ws/install/brain_controller/share/brain_controller/environment/ament_prefix_path.sh\n'}
[4.573495] (brain_controller) StdoutLine: {'line': b'-- Up-to-date: /ros2_ws/install/brain_controller/share/brain_controller/environment/ament_prefix_path.dsv\n'}
[4.573936] (brain_controller) StdoutLine: {'line': b'-- Up-to-date: /ros2_ws/install/brain_controller/share/brain_controller/environment/path.sh\n'}
[4.574385] (brain_controller) StdoutLine: {'line': b'-- Up-to-date: /ros2_ws/install/brain_controller/share/brain_controller/environment/path.dsv\n'}
[4.574814] (brain_controller) StdoutLine: {'line': b'-- Up-to-date: /ros2_ws/install/brain_controller/share/brain_controller/local_setup.bash\n'}
[4.575227] (brain_controller) StdoutLine: {'line': b'-- Up-to-date: /ros2_ws/install/brain_controller/share/brain_controller/local_setup.sh\n'}
[4.584091] (brain_controller) StdoutLine: {'line': b'-- Up-to-date: /ros2_ws/install/brain_controller/share/brain_controller/local_setup.zsh\n'}
[4.584638] (brain_controller) StdoutLine: {'line': b'-- Up-to-date: /ros2_ws/install/brain_controller/share/brain_controller/local_setup.dsv\n'}
[4.585093] (brain_controller) StdoutLine: {'line': b'-- Installing: /ros2_ws/install/brain_controller/share/brain_controller/package.dsv\n'}
[4.585521] (brain_controller) StdoutLine: {'line': b'-- Up-to-date: /ros2_ws/install/brain_controller/share/ament_index/resource_index/packages/brain_controller\n'}
[4.585948] (brain_controller) StdoutLine: {'line': b'-- Up-to-date: /ros2_ws/install/brain_controller/share/ament_index/resource_index/controller_interface__pluginlib__plugin/brain_controller\n'}
[4.586393] (brain_controller) StdoutLine: {'line': b'-- Up-to-date: /ros2_ws/install/brain_controller/share/brain_controller/cmake/ament_cmake_export_include_directories-extras.cmake\n'}
[4.603765] (brain_controller) StdoutLine: {'line': b'-- Up-to-date: /ros2_ws/install/brain_controller/share/brain_controller/cmake/ament_cmake_export_libraries-extras.cmake\n'}
[4.604410] (brain_controller) StdoutLine: {'line': b'-- Up-to-date: /ros2_ws/install/brain_controller/share/brain_controller/cmake/ament_cmake_export_dependencies-extras.cmake\n'}
[4.604930] (brain_controller) StdoutLine: {'line': b'-- Up-to-date: /ros2_ws/install/brain_controller/share/brain_controller/cmake/brain_controllerConfig.cmake\n'}
[4.605430] (brain_controller) StdoutLine: {'line': b'-- Up-to-date: /ros2_ws/install/brain_controller/share/brain_controller/cmake/brain_controllerConfig-version.cmake\n'}
[4.605921] (brain_controller) StdoutLine: {'line': b'-- Up-to-date: /ros2_ws/install/brain_controller/share/brain_controller/package.xml\n'}
[4.618361] (-) TimerEvent: {}
[4.719102] (-) TimerEvent: {}
[4.783190] (brain_hardware) JobEnded: {'identifier': 'brain_hardware', 'rc': 0}
[4.787409] (description) JobStarted: {'identifier': 'description'}
[4.819926] (-) TimerEvent: {}
[4.858125] (brain_controller) CommandEnded: {'returncode': 0}
[4.920643] (-) TimerEvent: {}
[5.009527] (brain_controller) JobEnded: {'identifier': 'brain_controller', 'rc': 0}
[5.013797] (description) JobProgress: {'identifier': 'description', 'progress': 'cmake'}
[5.018207] (description) JobProgress: {'identifier': 'description', 'progress': 'build'}
[5.020344] (description) Command: {'cmd': ['/usr/bin/cmake', '--build', '/ros2_ws/build/description', '--', '-j4', '-l4'], 'cwd': '/ros2_ws/build/description', 'env': OrderedDict([('LESSOPEN', '| /usr/bin/lesspipe %s'), ('HOSTNAME', '55456c0da4eb'), ('GIT_ASKPASS', '/root/.vscode-server/bin/8b3775030ed1a69b13e4f4c628c612102e30a681/extensions/git/dist/askpass.sh'), ('SHLVL', '2'), ('LD_LIBRARY_PATH', '/ros2_ws/install/brain_hardware/lib:/ros2_ws/install/interfaces/lib:/ros2_ws/install/brain_controller/lib:/opt/ros/humble/opt/rviz_ogre_vendor/lib:/opt/ros/humble/lib/aarch64-linux-gnu:/opt/ros/humble/lib'), ('BROWSER', '/root/.vscode-server/bin/8b3775030ed1a69b13e4f4c628c612102e30a681/bin/helpers/browser.sh'), ('HOME', '/root'), ('TERM_PROGRAM_VERSION', '1.85.2'), ('VSCODE_IPC_HOOK_CLI', '/tmp/vscode-ipc-ad6559a4-5ab0-4e86-b14d-4455ed090bdd.sock'), ('ROS_PYTHON_VERSION', '3'), ('VSCODE_GIT_ASKPASS_MAIN', '/root/.vscode-server/bin/8b3775030ed1a69b13e4f4c628c612102e30a681/extensions/git/dist/askpass-main.js'), ('PS1', '\\[\x1b]633;A\x07\\]\\u@\\h\\[\\033[01;32m\\](brain)\\[\\033[00m\\]:\\w$ \\[\x1b]633;B\x07\\]'), ('VSCODE_GIT_ASKPASS_NODE', '/root/.vscode-server/bin/8b3775030ed1a69b13e4f4c628c612102e30a681/node'), ('ROS_IP', '10.10.0.2'), ('COLORTERM', 'truecolor'), ('REMOTE_CONTAINERS', 'true'), ('COLCON_PREFIX_PATH', '/ros2_ws/install'), ('ROS_DISTRO', 'humble'), ('REMOTE_CONTAINERS_IPC', '/tmp/vscode-remote-containers-ipc-d0350a5e-c46b-434d-a6ca-a97a5d403a14.sock'), ('_', '/usr/bin/colcon'), ('ROS_VERSION', '2'), ('TERM', 'xterm-256color'), ('ROS_LOCALHOST_ONLY', '0'), ('PATH', '/ros2_ws/install/oradar_lidar/bin:/root/.vscode-server/bin/8b3775030ed1a69b13e4f4c628c612102e30a681/bin/remote-cli:/opt/ros/humble/bin:/usr/local/sbin:/usr/local/bin:/usr/sbin:/usr/bin:/sbin:/bin'), ('REMOTE_CONTAINERS_SOCKETS', '["/tmp/vscode-ssh-auth-d0350a5e-c46b-434d-a6ca-a97a5d403a14.sock","/root/.gnupg/S.gpg-agent"]'), ('DISPLAY', ':0'), ('LANG', 'en_US.UTF-8'), ('RMW_IMPLEMENTATION', 'rmw_fastrtps_cpp'), ('LS_COLORS', 'rs=0:di=01;34:ln=01;36:mh=00:pi=40;33:so=01;35:do=01;35:bd=40;33;01:cd=40;33;01:or=40;31;01:mi=00:su=37;41:sg=30;43:ca=30;41:tw=30;42:ow=34;42:st=37;44:ex=01;32:*.tar=01;31:*.tgz=01;31:*.arc=01;31:*.arj=01;31:*.taz=01;31:*.lha=01;31:*.lz4=01;31:*.lzh=01;31:*.lzma=01;31:*.tlz=01;31:*.txz=01;31:*.tzo=01;31:*.t7z=01;31:*.zip=01;31:*.z=01;31:*.dz=01;31:*.gz=01;31:*.lrz=01;31:*.lz=01;31:*.lzo=01;31:*.xz=01;31:*.zst=01;31:*.tzst=01;31:*.bz2=01;31:*.bz=01;31:*.tbz=01;31:*.tbz2=01;31:*.tz=01;31:*.deb=01;31:*.rpm=01;31:*.jar=01;31:*.war=01;31:*.ear=01;31:*.sar=01;31:*.rar=01;31:*.alz=01;31:*.ace=01;31:*.zoo=01;31:*.cpio=01;31:*.7z=01;31:*.rz=01;31:*.cab=01;31:*.wim=01;31:*.swm=01;31:*.dwm=01;31:*.esd=01;31:*.jpg=01;35:*.jpeg=01;35:*.mjpg=01;35:*.mjpeg=01;35:*.gif=01;35:*.bmp=01;35:*.pbm=01;35:*.pgm=01;35:*.ppm=01;35:*.tga=01;35:*.xbm=01;35:*.xpm=01;35:*.tif=01;35:*.tiff=01;35:*.png=01;35:*.svg=01;35:*.svgz=01;35:*.mng=01;35:*.pcx=01;35:*.mov=01;35:*.mpg=01;35:*.mpeg=01;35:*.m2v=01;35:*.mkv=01;35:*.webm=01;35:*.webp=01;35:*.ogm=01;35:*.mp4=01;35:*.m4v=01;35:*.mp4v=01;35:*.vob=01;35:*.qt=01;35:*.nuv=01;35:*.wmv=01;35:*.asf=01;35:*.rm=01;35:*.rmvb=01;35:*.flc=01;35:*.avi=01;35:*.fli=01;35:*.flv=01;35:*.gl=01;35:*.dl=01;35:*.xcf=01;35:*.xwd=01;35:*.yuv=01;35:*.cgm=01;35:*.emf=01;35:*.ogv=01;35:*.ogx=01;35:*.aac=00;36:*.au=00;36:*.flac=00;36:*.m4a=00;36:*.mid=00;36:*.midi=00;36:*.mka=00;36:*.mp3=00;36:*.mpc=00;36:*.ogg=00;36:*.ra=00;36:*.wav=00;36:*.oga=00;36:*.opus=00;36:*.spx=00;36:*.xspf=00;36:'), ('VSCODE_GIT_IPC_HANDLE', '/tmp/vscode-git-b3700a665a.sock'), ('TERM_PROGRAM', 'vscode'), ('SSH_AUTH_SOCK', '/tmp/vscode-ssh-auth-d0350a5e-c46b-434d-a6ca-a97a5d403a14.sock'), ('ROS_DOMAIN_ID', '42'), ('AMENT_PREFIX_PATH', '/ros2_ws/install/oradar_lidar:/ros2_ws/install/bringup:/ros2_ws/install/description:/ros2_ws/install/brain_hardware:/ros2_ws/install/brain_controller:/ros2_ws/install/interfaces:/opt/ros/humble'), ('SHELL', '/bin/bash'), ('LESSCLOSE', '/usr/bin/lesspipe %s %s'), ('VSCODE_GIT_ASKPASS_EXTRA_ARGS', ''), ('PWD', '/ros2_ws/build/description'), ('PYTHONPATH', '/ros2_ws/install/interfaces/local/lib/python3.10/dist-packages:/opt/ros/humble/lib/python3.10/site-packages:/opt/ros/humble/local/lib/python3.10/dist-packages'), ('ROS_HOSTNAME', '10.10.0.2'), ('COLCON', '1'), ('CMAKE_PREFIX_PATH', '/ros2_ws/install/brain_hardware:/ros2_ws/install/interfaces:/ros2_ws/install/oradar_lidar:/ros2_ws/install/bringup:/ros2_ws/install/description:/ros2_ws/install/brain_controller:/opt/ros/humble')]), 'shell': False}
[5.022978] (-) TimerEvent: {}
[5.124543] (-) TimerEvent: {}
[5.169786] (description) CommandEnded: {'returncode': 0}
[5.195750] (description) JobProgress: {'identifier': 'description', 'progress': 'install'}
[5.196007] (description) Command: {'cmd': ['/usr/bin/cmake', '--install', '/ros2_ws/build/description'], 'cwd': '/ros2_ws/build/description', 'env': OrderedDict([('LESSOPEN', '| /usr/bin/lesspipe %s'), ('HOSTNAME', '55456c0da4eb'), ('GIT_ASKPASS', '/root/.vscode-server/bin/8b3775030ed1a69b13e4f4c628c612102e30a681/extensions/git/dist/askpass.sh'), ('SHLVL', '2'), ('LD_LIBRARY_PATH', '/ros2_ws/install/brain_hardware/lib:/ros2_ws/install/interfaces/lib:/ros2_ws/install/brain_controller/lib:/opt/ros/humble/opt/rviz_ogre_vendor/lib:/opt/ros/humble/lib/aarch64-linux-gnu:/opt/ros/humble/lib'), ('BROWSER', '/root/.vscode-server/bin/8b3775030ed1a69b13e4f4c628c612102e30a681/bin/helpers/browser.sh'), ('HOME', '/root'), ('TERM_PROGRAM_VERSION', '1.85.2'), ('VSCODE_IPC_HOOK_CLI', '/tmp/vscode-ipc-ad6559a4-5ab0-4e86-b14d-4455ed090bdd.sock'), ('ROS_PYTHON_VERSION', '3'), ('VSCODE_GIT_ASKPASS_MAIN', '/root/.vscode-server/bin/8b3775030ed1a69b13e4f4c628c612102e30a681/extensions/git/dist/askpass-main.js'), ('PS1', '\\[\x1b]633;A\x07\\]\\u@\\h\\[\\033[01;32m\\](brain)\\[\\033[00m\\]:\\w$ \\[\x1b]633;B\x07\\]'), ('VSCODE_GIT_ASKPASS_NODE', '/root/.vscode-server/bin/8b3775030ed1a69b13e4f4c628c612102e30a681/node'), ('ROS_IP', '10.10.0.2'), ('COLORTERM', 'truecolor'), ('REMOTE_CONTAINERS', 'true'), ('COLCON_PREFIX_PATH', '/ros2_ws/install'), ('ROS_DISTRO', 'humble'), ('REMOTE_CONTAINERS_IPC', '/tmp/vscode-remote-containers-ipc-d0350a5e-c46b-434d-a6ca-a97a5d403a14.sock'), ('_', '/usr/bin/colcon'), ('ROS_VERSION', '2'), ('TERM', 'xterm-256color'), ('ROS_LOCALHOST_ONLY', '0'), ('PATH', '/ros2_ws/install/oradar_lidar/bin:/root/.vscode-server/bin/8b3775030ed1a69b13e4f4c628c612102e30a681/bin/remote-cli:/opt/ros/humble/bin:/usr/local/sbin:/usr/local/bin:/usr/sbin:/usr/bin:/sbin:/bin'), ('REMOTE_CONTAINERS_SOCKETS', '["/tmp/vscode-ssh-auth-d0350a5e-c46b-434d-a6ca-a97a5d403a14.sock","/root/.gnupg/S.gpg-agent"]'), ('DISPLAY', ':0'), ('LANG', 'en_US.UTF-8'), ('RMW_IMPLEMENTATION', 'rmw_fastrtps_cpp'), ('LS_COLORS', 'rs=0:di=01;34:ln=01;36:mh=00:pi=40;33:so=01;35:do=01;35:bd=40;33;01:cd=40;33;01:or=40;31;01:mi=00:su=37;41:sg=30;43:ca=30;41:tw=30;42:ow=34;42:st=37;44:ex=01;32:*.tar=01;31:*.tgz=01;31:*.arc=01;31:*.arj=01;31:*.taz=01;31:*.lha=01;31:*.lz4=01;31:*.lzh=01;31:*.lzma=01;31:*.tlz=01;31:*.txz=01;31:*.tzo=01;31:*.t7z=01;31:*.zip=01;31:*.z=01;31:*.dz=01;31:*.gz=01;31:*.lrz=01;31:*.lz=01;31:*.lzo=01;31:*.xz=01;31:*.zst=01;31:*.tzst=01;31:*.bz2=01;31:*.bz=01;31:*.tbz=01;31:*.tbz2=01;31:*.tz=01;31:*.deb=01;31:*.rpm=01;31:*.jar=01;31:*.war=01;31:*.ear=01;31:*.sar=01;31:*.rar=01;31:*.alz=01;31:*.ace=01;31:*.zoo=01;31:*.cpio=01;31:*.7z=01;31:*.rz=01;31:*.cab=01;31:*.wim=01;31:*.swm=01;31:*.dwm=01;31:*.esd=01;31:*.jpg=01;35:*.jpeg=01;35:*.mjpg=01;35:*.mjpeg=01;35:*.gif=01;35:*.bmp=01;35:*.pbm=01;35:*.pgm=01;35:*.ppm=01;35:*.tga=01;35:*.xbm=01;35:*.xpm=01;35:*.tif=01;35:*.tiff=01;35:*.png=01;35:*.svg=01;35:*.svgz=01;35:*.mng=01;35:*.pcx=01;35:*.mov=01;35:*.mpg=01;35:*.mpeg=01;35:*.m2v=01;35:*.mkv=01;35:*.webm=01;35:*.webp=01;35:*.ogm=01;35:*.mp4=01;35:*.m4v=01;35:*.mp4v=01;35:*.vob=01;35:*.qt=01;35:*.nuv=01;35:*.wmv=01;35:*.asf=01;35:*.rm=01;35:*.rmvb=01;35:*.flc=01;35:*.avi=01;35:*.fli=01;35:*.flv=01;35:*.gl=01;35:*.dl=01;35:*.xcf=01;35:*.xwd=01;35:*.yuv=01;35:*.cgm=01;35:*.emf=01;35:*.ogv=01;35:*.ogx=01;35:*.aac=00;36:*.au=00;36:*.flac=00;36:*.m4a=00;36:*.mid=00;36:*.midi=00;36:*.mka=00;36:*.mp3=00;36:*.mpc=00;36:*.ogg=00;36:*.ra=00;36:*.wav=00;36:*.oga=00;36:*.opus=00;36:*.spx=00;36:*.xspf=00;36:'), ('VSCODE_GIT_IPC_HANDLE', '/tmp/vscode-git-b3700a665a.sock'), ('TERM_PROGRAM', 'vscode'), ('SSH_AUTH_SOCK', '/tmp/vscode-ssh-auth-d0350a5e-c46b-434d-a6ca-a97a5d403a14.sock'), ('ROS_DOMAIN_ID', '42'), ('AMENT_PREFIX_PATH', '/ros2_ws/install/oradar_lidar:/ros2_ws/install/bringup:/ros2_ws/install/description:/ros2_ws/install/brain_hardware:/ros2_ws/install/brain_controller:/ros2_ws/install/interfaces:/opt/ros/humble'), ('SHELL', '/bin/bash'), ('LESSCLOSE', '/usr/bin/lesspipe %s %s'), ('VSCODE_GIT_ASKPASS_EXTRA_ARGS', ''), ('PWD', '/ros2_ws/build/description'), ('PYTHONPATH', '/ros2_ws/install/interfaces/local/lib/python3.10/dist-packages:/opt/ros/humble/lib/python3.10/site-packages:/opt/ros/humble/local/lib/python3.10/dist-packages'), ('ROS_HOSTNAME', '10.10.0.2'), ('COLCON', '1'), ('CMAKE_PREFIX_PATH', '/ros2_ws/install/brain_hardware:/ros2_ws/install/interfaces:/ros2_ws/install/oradar_lidar:/ros2_ws/install/bringup:/ros2_ws/install/description:/ros2_ws/install/brain_controller:/opt/ros/humble')]), 'shell': False}
[5.224759] (-) TimerEvent: {}
[5.227377] (description) StdoutLine: {'line': b'-- Install configuration: ""\n'}
[5.228336] (description) StdoutLine: {'line': b'-- Up-to-date: /ros2_ws/install/description/share/description/urdf\n'}
[5.230268] (description) StdoutLine: {'line': b'-- Up-to-date: /ros2_ws/install/description/share/description/urdf/dabai.xacro\n'}
[5.233174] (description) StdoutLine: {'line': b'-- Up-to-date: /ros2_ws/install/description/share/description/urdf/materials.xacro\n'}
[5.236640] (description) StdoutLine: {'line': b'-- Up-to-date: /ros2_ws/install/description/share/description/urdf/description.urdf.xacro\n'}
[5.237503] (description) StdoutLine: {'line': b'-- Up-to-date: /ros2_ws/install/description/share/description/urdf/ascamera.xacro\n'}
[5.238002] (description) StdoutLine: {'line': b'-- Up-to-date: /ros2_ws/install/description/share/description/config\n'}
[5.238417] (description) StdoutLine: {'line': b'-- Up-to-date: /ros2_ws/install/description/share/description/config/ekf.yaml\n'}
[5.239007] (description) StdoutLine: {'line': b'-- Up-to-date: /ros2_ws/install/description/share/description/config/brain_controllers.yaml\n'}
[5.239429] (description) StdoutLine: {'line': b'-- Installing: /ros2_ws/install/description/share/description/config/nav2_params.yaml\n'}
[5.239887] (description) StdoutLine: {'line': b'-- Up-to-date: /ros2_ws/install/description/share/description/config/slam_params.yaml\n'}
[5.240283] (description) StdoutLine: {'line': b'-- Up-to-date: /ros2_ws/install/description/share/description/launch\n'}
[5.240674] (description) StdoutLine: {'line': b'-- Up-to-date: /ros2_ws/install/description/share/description/launch/display.launch.py\n'}
[5.241059] (description) StdoutLine: {'line': b'-- Up-to-date: /ros2_ws/install/description/share/description/rviz\n'}
[5.241443] (description) StdoutLine: {'line': b'-- Up-to-date: /ros2_ws/install/description/share/description/meshes\n'}
[5.241812] (description) StdoutLine: {'line': b'-- Up-to-date: /ros2_ws/install/description/share/ament_index/resource_index/package_run_dependencies/description\n'}
[5.242232] (description) StdoutLine: {'line': b'-- Up-to-date: /ros2_ws/install/description/share/ament_index/resource_index/parent_prefix_path/description\n'}
[5.242618] (description) StdoutLine: {'line': b'-- Up-to-date: /ros2_ws/install/description/share/description/environment/ament_prefix_path.sh\n'}
[5.242992] (description) StdoutLine: {'line': b'-- Up-to-date: /ros2_ws/install/description/share/description/environment/ament_prefix_path.dsv\n'}
[5.243366] (description) StdoutLine: {'line': b'-- Up-to-date: /ros2_ws/install/description/share/description/environment/path.sh\n'}
[5.243810] (description) StdoutLine: {'line': b'-- Up-to-date: /ros2_ws/install/description/share/description/environment/path.dsv\n'}
[5.244199] (description) StdoutLine: {'line': b'-- Up-to-date: /ros2_ws/install/description/share/description/local_setup.bash\n'}
[5.244593] (description) StdoutLine: {'line': b'-- Up-to-date: /ros2_ws/install/description/share/description/local_setup.sh\n'}
[5.244989] (description) StdoutLine: {'line': b'-- Up-to-date: /ros2_ws/install/description/share/description/local_setup.zsh\n'}
[5.245374] (description) StdoutLine: {'line': b'-- Up-to-date: /ros2_ws/install/description/share/description/local_setup.dsv\n'}
[5.245755] (description) StdoutLine: {'line': b'-- Installing: /ros2_ws/install/description/share/description/package.dsv\n'}
[5.248318] (description) StdoutLine: {'line': b'-- Up-to-date: /ros2_ws/install/description/share/ament_index/resource_index/packages/description\n'}
[5.249197] (description) StdoutLine: {'line': b'-- Up-to-date: /ros2_ws/install/description/share/description/cmake/descriptionConfig.cmake\n'}
[5.249677] (description) StdoutLine: {'line': b'-- Up-to-date: /ros2_ws/install/description/share/description/cmake/descriptionConfig-version.cmake\n'}
[5.250101] (description) StdoutLine: {'line': b'-- Up-to-date: /ros2_ws/install/description/share/description/package.xml\n'}
[5.266353] (description) CommandEnded: {'returncode': 0}
[5.337297] (-) TimerEvent: {}
[5.355981] (description) JobEnded: {'identifier': 'description', 'rc': 0}
[5.364088] (bringup) JobStarted: {'identifier': 'bringup'}
[5.421502] (bringup) JobProgress: {'identifier': 'bringup', 'progress': 'cmake'}
[5.425905] (bringup) JobProgress: {'identifier': 'bringup', 'progress': 'build'}
[5.427329] (bringup) Command: {'cmd': ['/usr/bin/cmake', '--build', '/ros2_ws/build/bringup', '--', '-j4', '-l4'], 'cwd': '/ros2_ws/build/bringup', 'env': OrderedDict([('LESSOPEN', '| /usr/bin/lesspipe %s'), ('HOSTNAME', '55456c0da4eb'), ('GIT_ASKPASS', '/root/.vscode-server/bin/8b3775030ed1a69b13e4f4c628c612102e30a681/extensions/git/dist/askpass.sh'), ('SHLVL', '2'), ('LD_LIBRARY_PATH', '/ros2_ws/install/brain_hardware/lib:/ros2_ws/install/interfaces/lib:/ros2_ws/install/brain_controller/lib:/opt/ros/humble/opt/rviz_ogre_vendor/lib:/opt/ros/humble/lib/aarch64-linux-gnu:/opt/ros/humble/lib'), ('BROWSER', '/root/.vscode-server/bin/8b3775030ed1a69b13e4f4c628c612102e30a681/bin/helpers/browser.sh'), ('HOME', '/root'), ('TERM_PROGRAM_VERSION', '1.85.2'), ('VSCODE_IPC_HOOK_CLI', '/tmp/vscode-ipc-ad6559a4-5ab0-4e86-b14d-4455ed090bdd.sock'), ('ROS_PYTHON_VERSION', '3'), ('VSCODE_GIT_ASKPASS_MAIN', '/root/.vscode-server/bin/8b3775030ed1a69b13e4f4c628c612102e30a681/extensions/git/dist/askpass-main.js'), ('PS1', '\\[\x1b]633;A\x07\\]\\u@\\h\\[\\033[01;32m\\](brain)\\[\\033[00m\\]:\\w$ \\[\x1b]633;B\x07\\]'), ('VSCODE_GIT_ASKPASS_NODE', '/root/.vscode-server/bin/8b3775030ed1a69b13e4f4c628c612102e30a681/node'), ('ROS_IP', '10.10.0.2'), ('COLORTERM', 'truecolor'), ('REMOTE_CONTAINERS', 'true'), ('COLCON_PREFIX_PATH', '/ros2_ws/install'), ('ROS_DISTRO', 'humble'), ('REMOTE_CONTAINERS_IPC', '/tmp/vscode-remote-containers-ipc-d0350a5e-c46b-434d-a6ca-a97a5d403a14.sock'), ('_', '/usr/bin/colcon'), ('ROS_VERSION', '2'), ('TERM', 'xterm-256color'), ('ROS_LOCALHOST_ONLY', '0'), ('PATH', '/ros2_ws/install/oradar_lidar/bin:/root/.vscode-server/bin/8b3775030ed1a69b13e4f4c628c612102e30a681/bin/remote-cli:/opt/ros/humble/bin:/usr/local/sbin:/usr/local/bin:/usr/sbin:/usr/bin:/sbin:/bin'), ('REMOTE_CONTAINERS_SOCKETS', '["/tmp/vscode-ssh-auth-d0350a5e-c46b-434d-a6ca-a97a5d403a14.sock","/root/.gnupg/S.gpg-agent"]'), ('DISPLAY', ':0'), ('LANG', 'en_US.UTF-8'), ('RMW_IMPLEMENTATION', 'rmw_fastrtps_cpp'), ('LS_COLORS', 'rs=0:di=01;34:ln=01;36:mh=00:pi=40;33:so=01;35:do=01;35:bd=40;33;01:cd=40;33;01:or=40;31;01:mi=00:su=37;41:sg=30;43:ca=30;41:tw=30;42:ow=34;42:st=37;44:ex=01;32:*.tar=01;31:*.tgz=01;31:*.arc=01;31:*.arj=01;31:*.taz=01;31:*.lha=01;31:*.lz4=01;31:*.lzh=01;31:*.lzma=01;31:*.tlz=01;31:*.txz=01;31:*.tzo=01;31:*.t7z=01;31:*.zip=01;31:*.z=01;31:*.dz=01;31:*.gz=01;31:*.lrz=01;31:*.lz=01;31:*.lzo=01;31:*.xz=01;31:*.zst=01;31:*.tzst=01;31:*.bz2=01;31:*.bz=01;31:*.tbz=01;31:*.tbz2=01;31:*.tz=01;31:*.deb=01;31:*.rpm=01;31:*.jar=01;31:*.war=01;31:*.ear=01;31:*.sar=01;31:*.rar=01;31:*.alz=01;31:*.ace=01;31:*.zoo=01;31:*.cpio=01;31:*.7z=01;31:*.rz=01;31:*.cab=01;31:*.wim=01;31:*.swm=01;31:*.dwm=01;31:*.esd=01;31:*.jpg=01;35:*.jpeg=01;35:*.mjpg=01;35:*.mjpeg=01;35:*.gif=01;35:*.bmp=01;35:*.pbm=01;35:*.pgm=01;35:*.ppm=01;35:*.tga=01;35:*.xbm=01;35:*.xpm=01;35:*.tif=01;35:*.tiff=01;35:*.png=01;35:*.svg=01;35:*.svgz=01;35:*.mng=01;35:*.pcx=01;35:*.mov=01;35:*.mpg=01;35:*.mpeg=01;35:*.m2v=01;35:*.mkv=01;35:*.webm=01;35:*.webp=01;35:*.ogm=01;35:*.mp4=01;35:*.m4v=01;35:*.mp4v=01;35:*.vob=01;35:*.qt=01;35:*.nuv=01;35:*.wmv=01;35:*.asf=01;35:*.rm=01;35:*.rmvb=01;35:*.flc=01;35:*.avi=01;35:*.fli=01;35:*.flv=01;35:*.gl=01;35:*.dl=01;35:*.xcf=01;35:*.xwd=01;35:*.yuv=01;35:*.cgm=01;35:*.emf=01;35:*.ogv=01;35:*.ogx=01;35:*.aac=00;36:*.au=00;36:*.flac=00;36:*.m4a=00;36:*.mid=00;36:*.midi=00;36:*.mka=00;36:*.mp3=00;36:*.mpc=00;36:*.ogg=00;36:*.ra=00;36:*.wav=00;36:*.oga=00;36:*.opus=00;36:*.spx=00;36:*.xspf=00;36:'), ('VSCODE_GIT_IPC_HANDLE', '/tmp/vscode-git-b3700a665a.sock'), ('TERM_PROGRAM', 'vscode'), ('SSH_AUTH_SOCK', '/tmp/vscode-ssh-auth-d0350a5e-c46b-434d-a6ca-a97a5d403a14.sock'), ('ROS_DOMAIN_ID', '42'), ('AMENT_PREFIX_PATH', '/ros2_ws/install/oradar_lidar:/ros2_ws/install/bringup:/ros2_ws/install/description:/ros2_ws/install/brain_hardware:/ros2_ws/install/brain_controller:/ros2_ws/install/interfaces:/opt/ros/humble'), ('SHELL', '/bin/bash'), ('LESSCLOSE', '/usr/bin/lesspipe %s %s'), ('VSCODE_GIT_ASKPASS_EXTRA_ARGS', ''), ('PWD', '/ros2_ws/build/bringup'), ('PYTHONPATH', '/ros2_ws/install/interfaces/local/lib/python3.10/dist-packages:/opt/ros/humble/lib/python3.10/site-packages:/opt/ros/humble/local/lib/python3.10/dist-packages'), ('ROS_HOSTNAME', '10.10.0.2'), ('COLCON', '1'), ('CMAKE_PREFIX_PATH', '/ros2_ws/install/description:/ros2_ws/install/brain_hardware:/ros2_ws/install/interfaces:/ros2_ws/install/oradar_lidar:/ros2_ws/install/bringup:/ros2_ws/install/brain_controller:/opt/ros/humble')]), 'shell': False}
[5.438025] (-) TimerEvent: {}
[5.539147] (-) TimerEvent: {}
[5.622996] (bringup) CommandEnded: {'returncode': 0}
[5.631345] (bringup) JobProgress: {'identifier': 'bringup', 'progress': 'install'}
[5.631647] (bringup) Command: {'cmd': ['/usr/bin/cmake', '--install', '/ros2_ws/build/bringup'], 'cwd': '/ros2_ws/build/bringup', 'env': OrderedDict([('LESSOPEN', '| /usr/bin/lesspipe %s'), ('HOSTNAME', '55456c0da4eb'), ('GIT_ASKPASS', '/root/.vscode-server/bin/8b3775030ed1a69b13e4f4c628c612102e30a681/extensions/git/dist/askpass.sh'), ('SHLVL', '2'), ('LD_LIBRARY_PATH', '/ros2_ws/install/brain_hardware/lib:/ros2_ws/install/interfaces/lib:/ros2_ws/install/brain_controller/lib:/opt/ros/humble/opt/rviz_ogre_vendor/lib:/opt/ros/humble/lib/aarch64-linux-gnu:/opt/ros/humble/lib'), ('BROWSER', '/root/.vscode-server/bin/8b3775030ed1a69b13e4f4c628c612102e30a681/bin/helpers/browser.sh'), ('HOME', '/root'), ('TERM_PROGRAM_VERSION', '1.85.2'), ('VSCODE_IPC_HOOK_CLI', '/tmp/vscode-ipc-ad6559a4-5ab0-4e86-b14d-4455ed090bdd.sock'), ('ROS_PYTHON_VERSION', '3'), ('VSCODE_GIT_ASKPASS_MAIN', '/root/.vscode-server/bin/8b3775030ed1a69b13e4f4c628c612102e30a681/extensions/git/dist/askpass-main.js'), ('PS1', '\\[\x1b]633;A\x07\\]\\u@\\h\\[\\033[01;32m\\](brain)\\[\\033[00m\\]:\\w$ \\[\x1b]633;B\x07\\]'), ('VSCODE_GIT_ASKPASS_NODE', '/root/.vscode-server/bin/8b3775030ed1a69b13e4f4c628c612102e30a681/node'), ('ROS_IP', '10.10.0.2'), ('COLORTERM', 'truecolor'), ('REMOTE_CONTAINERS', 'true'), ('COLCON_PREFIX_PATH', '/ros2_ws/install'), ('ROS_DISTRO', 'humble'), ('REMOTE_CONTAINERS_IPC', '/tmp/vscode-remote-containers-ipc-d0350a5e-c46b-434d-a6ca-a97a5d403a14.sock'), ('_', '/usr/bin/colcon'), ('ROS_VERSION', '2'), ('TERM', 'xterm-256color'), ('ROS_LOCALHOST_ONLY', '0'), ('PATH', '/ros2_ws/install/oradar_lidar/bin:/root/.vscode-server/bin/8b3775030ed1a69b13e4f4c628c612102e30a681/bin/remote-cli:/opt/ros/humble/bin:/usr/local/sbin:/usr/local/bin:/usr/sbin:/usr/bin:/sbin:/bin'), ('REMOTE_CONTAINERS_SOCKETS', '["/tmp/vscode-ssh-auth-d0350a5e-c46b-434d-a6ca-a97a5d403a14.sock","/root/.gnupg/S.gpg-agent"]'), ('DISPLAY', ':0'), ('LANG', 'en_US.UTF-8'), ('RMW_IMPLEMENTATION', 'rmw_fastrtps_cpp'), ('LS_COLORS', 'rs=0:di=01;34:ln=01;36:mh=00:pi=40;33:so=01;35:do=01;35:bd=40;33;01:cd=40;33;01:or=40;31;01:mi=00:su=37;41:sg=30;43:ca=30;41:tw=30;42:ow=34;42:st=37;44:ex=01;32:*.tar=01;31:*.tgz=01;31:*.arc=01;31:*.arj=01;31:*.taz=01;31:*.lha=01;31:*.lz4=01;31:*.lzh=01;31:*.lzma=01;31:*.tlz=01;31:*.txz=01;31:*.tzo=01;31:*.t7z=01;31:*.zip=01;31:*.z=01;31:*.dz=01;31:*.gz=01;31:*.lrz=01;31:*.lz=01;31:*.lzo=01;31:*.xz=01;31:*.zst=01;31:*.tzst=01;31:*.bz2=01;31:*.bz=01;31:*.tbz=01;31:*.tbz2=01;31:*.tz=01;31:*.deb=01;31:*.rpm=01;31:*.jar=01;31:*.war=01;31:*.ear=01;31:*.sar=01;31:*.rar=01;31:*.alz=01;31:*.ace=01;31:*.zoo=01;31:*.cpio=01;31:*.7z=01;31:*.rz=01;31:*.cab=01;31:*.wim=01;31:*.swm=01;31:*.dwm=01;31:*.esd=01;31:*.jpg=01;35:*.jpeg=01;35:*.mjpg=01;35:*.mjpeg=01;35:*.gif=01;35:*.bmp=01;35:*.pbm=01;35:*.pgm=01;35:*.ppm=01;35:*.tga=01;35:*.xbm=01;35:*.xpm=01;35:*.tif=01;35:*.tiff=01;35:*.png=01;35:*.svg=01;35:*.svgz=01;35:*.mng=01;35:*.pcx=01;35:*.mov=01;35:*.mpg=01;35:*.mpeg=01;35:*.m2v=01;35:*.mkv=01;35:*.webm=01;35:*.webp=01;35:*.ogm=01;35:*.mp4=01;35:*.m4v=01;35:*.mp4v=01;35:*.vob=01;35:*.qt=01;35:*.nuv=01;35:*.wmv=01;35:*.asf=01;35:*.rm=01;35:*.rmvb=01;35:*.flc=01;35:*.avi=01;35:*.fli=01;35:*.flv=01;35:*.gl=01;35:*.dl=01;35:*.xcf=01;35:*.xwd=01;35:*.yuv=01;35:*.cgm=01;35:*.emf=01;35:*.ogv=01;35:*.ogx=01;35:*.aac=00;36:*.au=00;36:*.flac=00;36:*.m4a=00;36:*.mid=00;36:*.midi=00;36:*.mka=00;36:*.mp3=00;36:*.mpc=00;36:*.ogg=00;36:*.ra=00;36:*.wav=00;36:*.oga=00;36:*.opus=00;36:*.spx=00;36:*.xspf=00;36:'), ('VSCODE_GIT_IPC_HANDLE', '/tmp/vscode-git-b3700a665a.sock'), ('TERM_PROGRAM', 'vscode'), ('SSH_AUTH_SOCK', '/tmp/vscode-ssh-auth-d0350a5e-c46b-434d-a6ca-a97a5d403a14.sock'), ('ROS_DOMAIN_ID', '42'), ('AMENT_PREFIX_PATH', '/ros2_ws/install/oradar_lidar:/ros2_ws/install/bringup:/ros2_ws/install/description:/ros2_ws/install/brain_hardware:/ros2_ws/install/brain_controller:/ros2_ws/install/interfaces:/opt/ros/humble'), ('SHELL', '/bin/bash'), ('LESSCLOSE', '/usr/bin/lesspipe %s %s'), ('VSCODE_GIT_ASKPASS_EXTRA_ARGS', ''), ('PWD', '/ros2_ws/build/bringup'), ('PYTHONPATH', '/ros2_ws/install/interfaces/local/lib/python3.10/dist-packages:/opt/ros/humble/lib/python3.10/site-packages:/opt/ros/humble/local/lib/python3.10/dist-packages'), ('ROS_HOSTNAME', '10.10.0.2'), ('COLCON', '1'), ('CMAKE_PREFIX_PATH', '/ros2_ws/install/description:/ros2_ws/install/brain_hardware:/ros2_ws/install/interfaces:/ros2_ws/install/oradar_lidar:/ros2_ws/install/bringup:/ros2_ws/install/brain_controller:/opt/ros/humble')]), 'shell': False}
[5.639392] (-) TimerEvent: {}
[5.661932] (bringup) StdoutLine: {'line': b'-- Install configuration: ""\n'}
[5.662830] (bringup) StdoutLine: {'line': b'-- Up-to-date: /ros2_ws/install/bringup/share/bringup/launch\n'}
[5.666927] (bringup) StdoutLine: {'line': b'-- Installing: /ros2_ws/install/bringup/share/bringup/launch/brain_nav.launch.py\n'}
[5.673877] (bringup) StdoutLine: {'line': b'-- Up-to-date: /ros2_ws/install/bringup/share/ament_index/resource_index/package_run_dependencies/bringup\n'}
[5.677174] (bringup) StdoutLine: {'line': b'-- Up-to-date: /ros2_ws/install/bringup/share/ament_index/resource_index/parent_prefix_path/bringup\n'}
[5.694076] (bringup) StdoutLine: {'line': b'-- Up-to-date: /ros2_ws/install/bringup/share/bringup/environment/ament_prefix_path.sh\n'}
[5.696298] (bringup) StdoutLine: {'line': b'-- Up-to-date: /ros2_ws/install/bringup/share/bringup/environment/ament_prefix_path.dsv\n'}
[5.698583] (bringup) StdoutLine: {'line': b'-- Up-to-date: /ros2_ws/install/bringup/share/bringup/environment/path.sh\n'}
[5.700830] (bringup) StdoutLine: {'line': b'-- Up-to-date: /ros2_ws/install/bringup/share/bringup/environment/path.dsv\n'}
[5.703078] (bringup) StdoutLine: {'line': b'-- Up-to-date: /ros2_ws/install/bringup/share/bringup/local_setup.bash\n'}
[5.708498] (bringup) StdoutLine: {'line': b'-- Up-to-date: /ros2_ws/install/bringup/share/bringup/local_setup.sh\n'}
[5.709726] (bringup) StdoutLine: {'line': b'-- Up-to-date: /ros2_ws/install/bringup/share/bringup/local_setup.zsh\n'}
[5.711102] (bringup) StdoutLine: {'line': b'-- Up-to-date: /ros2_ws/install/bringup/share/bringup/local_setup.dsv\n'}
[5.712609] (bringup) StdoutLine: {'line': b'-- Installing: /ros2_ws/install/bringup/share/bringup/package.dsv\n'}
[5.724338] (bringup) StdoutLine: {'line': b'-- Up-to-date: /ros2_ws/install/bringup/share/ament_index/resource_index/packages/bringup\n'}
[5.725308] (bringup) StdoutLine: {'line': b'-- Up-to-date: /ros2_ws/install/bringup/share/bringup/cmake/bringupConfig.cmake\n'}
[5.726564] (bringup) StdoutLine: {'line': b'-- Up-to-date: /ros2_ws/install/bringup/share/bringup/cmake/bringupConfig-version.cmake\n'}
[5.727125] (bringup) StdoutLine: {'line': b'-- Up-to-date: /ros2_ws/install/bringup/share/bringup/package.xml\n'}
[5.747671] (bringup) CommandEnded: {'returncode': 0}
[5.749282] (-) TimerEvent: {}
[5.855818] (-) TimerEvent: {}
[5.868869] (bringup) JobEnded: {'identifier': 'bringup', 'rc': 0}
[5.881596] (-) EventReactorShutdown: {}
