[0.000000] (-) TimerEvent: {}
[0.002608] (collision_avoidance) JobQueued: {'identifier': 'collision_avoidance', 'dependencies': OrderedDict()}
[0.002784] (interfaces) JobQueued: {'identifier': 'interfaces', 'dependencies': OrderedDict()}
[0.002922] (oradar_lidar) JobQueued: {'identifier': 'oradar_lidar', 'dependencies': OrderedDict()}
[0.003042] (brain_controller) JobQueued: {'identifier': 'brain_controller', 'dependencies': OrderedDict([('interfaces', '/ros2_ws/install/interfaces')])}
[0.003233] (brain_hardware) JobQueued: {'identifier': 'brain_hardware', 'dependencies': OrderedDict([('interfaces', '/ros2_ws/install/interfaces')])}
[0.003534] (description) JobQueued: {'identifier': 'description', 'dependencies': OrderedDict([('interfaces', '/ros2_ws/install/interfaces'), ('brain_hardware', '/ros2_ws/install/brain_hardware')])}
[0.003698] (bringup) JobQueued: {'identifier': 'bringup', 'dependencies': OrderedDict([('interfaces', '/ros2_ws/install/interfaces'), ('brain_hardware', '/ros2_ws/install/brain_hardware'), ('description', '/ros2_ws/install/description')])}
[0.003814] (interfaces) JobStarted: {'identifier': 'interfaces'}
[0.032845] (collision_avoidance) JobStarted: {'identifier': 'collision_avoidance'}
[0.053950] (oradar_lidar) JobStarted: {'identifier': 'oradar_lidar'}
[0.081253] (interfaces) JobProgress: {'identifier': 'interfaces', 'progress': 'cmake'}
[0.083402] (interfaces) JobProgress: {'identifier': 'interfaces', 'progress': 'build'}
[0.086110] (interfaces) Command: {'cmd': ['/usr/bin/cmake', '--build', '/ros2_ws/build/interfaces', '--', '-j4', '-l4'], 'cwd': '/ros2_ws/build/interfaces', 'env': OrderedDict([('LESSOPEN', '| /usr/bin/lesspipe %s'), ('HOSTNAME', '4b5b6ba4567e'), ('GIT_ASKPASS', '/root/.vscode-server/bin/8b3775030ed1a69b13e4f4c628c612102e30a681/extensions/git/dist/askpass.sh'), ('SHLVL', '2'), ('LD_LIBRARY_PATH', '/ros2_ws/install/brain_hardware/lib:/ros2_ws/install/brain_controller/lib:/ros2_ws/install/interfaces/lib:/ros2_ws/install/collision_avoidance/lib:/opt/ros/humble/opt/rviz_ogre_vendor/lib:/opt/ros/humble/lib/aarch64-linux-gnu:/opt/ros/humble/lib'), ('BROWSER', '/root/.vscode-server/bin/8b3775030ed1a69b13e4f4c628c612102e30a681/bin/helpers/browser.sh'), ('HOME', '/root'), ('TERM_PROGRAM_VERSION', '1.85.2'), ('VSCODE_IPC_HOOK_CLI', '/tmp/vscode-ipc-2549745c-29a6-40af-b823-6844a5ac7cbe.sock'), ('ROS_PYTHON_VERSION', '3'), ('VSCODE_GIT_ASKPASS_MAIN', '/root/.vscode-server/bin/8b3775030ed1a69b13e4f4c628c612102e30a681/extensions/git/dist/askpass-main.js'), ('PS1', '\\[\x1b]633;A\x07\\]\\u@\\h\\[\\033[01;32m\\](brain)\\[\\033[00m\\]:\\w$ \\[\x1b]633;B\x07\\]'), ('VSCODE_GIT_ASKPASS_NODE', '/root/.vscode-server/bin/8b3775030ed1a69b13e4f4c628c612102e30a681/node'), ('ROS_IP', '10.10.0.2'), ('COLORTERM', 'truecolor'), ('REMOTE_CONTAINERS', 'true'), ('COLCON_PREFIX_PATH', '/ros2_ws/install'), ('ROS_DISTRO', 'humble'), ('REMOTE_CONTAINERS_IPC', '/tmp/vscode-remote-containers-ipc-341e799d-6559-4f55-bd96-503d787638c7.sock'), ('_', '/usr/bin/colcon'), ('ROS_VERSION', '2'), ('TERM', 'xterm-256color'), ('ROS_LOCALHOST_ONLY', '0'), ('PATH', '/ros2_ws/install/oradar_lidar/bin:/root/.vscode-server/bin/8b3775030ed1a69b13e4f4c628c612102e30a681/bin/remote-cli:/opt/ros/humble/bin:/usr/local/sbin:/usr/local/bin:/usr/sbin:/usr/bin:/sbin:/bin'), ('REMOTE_CONTAINERS_SOCKETS', '["/tmp/vscode-ssh-auth-341e799d-6559-4f55-bd96-503d787638c7.sock","/root/.gnupg/S.gpg-agent"]'), ('DISPLAY', ':0'), ('LANG', 'en_US.UTF-8'), ('RMW_IMPLEMENTATION', 'rmw_fastrtps_cpp'), ('LS_COLORS', 'rs=0:di=01;34:ln=01;36:mh=00:pi=40;33:so=01;35:do=01;35:bd=40;33;01:cd=40;33;01:or=40;31;01:mi=00:su=37;41:sg=30;43:ca=30;41:tw=30;42:ow=34;42:st=37;44:ex=01;32:*.tar=01;31:*.tgz=01;31:*.arc=01;31:*.arj=01;31:*.taz=01;31:*.lha=01;31:*.lz4=01;31:*.lzh=01;31:*.lzma=01;31:*.tlz=01;31:*.txz=01;31:*.tzo=01;31:*.t7z=01;31:*.zip=01;31:*.z=01;31:*.dz=01;31:*.gz=01;31:*.lrz=01;31:*.lz=01;31:*.lzo=01;31:*.xz=01;31:*.zst=01;31:*.tzst=01;31:*.bz2=01;31:*.bz=01;31:*.tbz=01;31:*.tbz2=01;31:*.tz=01;31:*.deb=01;31:*.rpm=01;31:*.jar=01;31:*.war=01;31:*.ear=01;31:*.sar=01;31:*.rar=01;31:*.alz=01;31:*.ace=01;31:*.zoo=01;31:*.cpio=01;31:*.7z=01;31:*.rz=01;31:*.cab=01;31:*.wim=01;31:*.swm=01;31:*.dwm=01;31:*.esd=01;31:*.jpg=01;35:*.jpeg=01;35:*.mjpg=01;35:*.mjpeg=01;35:*.gif=01;35:*.bmp=01;35:*.pbm=01;35:*.pgm=01;35:*.ppm=01;35:*.tga=01;35:*.xbm=01;35:*.xpm=01;35:*.tif=01;35:*.tiff=01;35:*.png=01;35:*.svg=01;35:*.svgz=01;35:*.mng=01;35:*.pcx=01;35:*.mov=01;35:*.mpg=01;35:*.mpeg=01;35:*.m2v=01;35:*.mkv=01;35:*.webm=01;35:*.webp=01;35:*.ogm=01;35:*.mp4=01;35:*.m4v=01;35:*.mp4v=01;35:*.vob=01;35:*.qt=01;35:*.nuv=01;35:*.wmv=01;35:*.asf=01;35:*.rm=01;35:*.rmvb=01;35:*.flc=01;35:*.avi=01;35:*.fli=01;35:*.flv=01;35:*.gl=01;35:*.dl=01;35:*.xcf=01;35:*.xwd=01;35:*.yuv=01;35:*.cgm=01;35:*.emf=01;35:*.ogv=01;35:*.ogx=01;35:*.aac=00;36:*.au=00;36:*.flac=00;36:*.m4a=00;36:*.mid=00;36:*.midi=00;36:*.mka=00;36:*.mp3=00;36:*.mpc=00;36:*.ogg=00;36:*.ra=00;36:*.wav=00;36:*.oga=00;36:*.opus=00;36:*.spx=00;36:*.xspf=00;36:'), ('VSCODE_GIT_IPC_HANDLE', '/tmp/vscode-git-b3700a665a.sock'), ('TERM_PROGRAM', 'vscode'), ('SSH_AUTH_SOCK', '/tmp/vscode-ssh-auth-341e799d-6559-4f55-bd96-503d787638c7.sock'), ('ROS_DOMAIN_ID', '42'), ('AMENT_PREFIX_PATH', '/ros2_ws/install/oradar_lidar:/ros2_ws/install/bringup:/ros2_ws/install/description:/ros2_ws/install/brain_hardware:/ros2_ws/install/brain_controller:/ros2_ws/install/interfaces:/ros2_ws/install/collision_avoidance:/opt/ros/humble'), ('SHELL', '/bin/bash'), ('LESSCLOSE', '/usr/bin/lesspipe %s %s'), ('VSCODE_GIT_ASKPASS_EXTRA_ARGS', ''), ('PWD', '/ros2_ws/build/interfaces'), ('PYTHONPATH', '/ros2_ws/install/interfaces/local/lib/python3.10/dist-packages:/opt/ros/humble/lib/python3.10/site-packages:/opt/ros/humble/local/lib/python3.10/dist-packages'), ('ROS_HOSTNAME', '10.10.0.2'), ('COLCON', '1'), ('CMAKE_PREFIX_PATH', '/ros2_ws/install/oradar_lidar:/ros2_ws/install/bringup:/ros2_ws/install/description:/ros2_ws/install/brain_hardware:/ros2_ws/install/brain_controller:/ros2_ws/install/interfaces:/ros2_ws/install/collision_avoidance:/opt/ros/humble')]), 'shell': False}
[0.093910] (collision_avoidance) JobProgress: {'identifier': 'collision_avoidance', 'progress': 'cmake'}
[0.096462] (collision_avoidance) JobProgress: {'identifier': 'collision_avoidance', 'progress': 'build'}
[0.097595] (collision_avoidance) Command: {'cmd': ['/usr/bin/cmake', '--build', '/ros2_ws/build/collision_avoidance', '--', '-j4', '-l4'], 'cwd': '/ros2_ws/build/collision_avoidance', 'env': OrderedDict([('LESSOPEN', '| /usr/bin/lesspipe %s'), ('HOSTNAME', '4b5b6ba4567e'), ('GIT_ASKPASS', '/root/.vscode-server/bin/8b3775030ed1a69b13e4f4c628c612102e30a681/extensions/git/dist/askpass.sh'), ('SHLVL', '2'), ('LD_LIBRARY_PATH', '/ros2_ws/install/brain_hardware/lib:/ros2_ws/install/brain_controller/lib:/ros2_ws/install/interfaces/lib:/ros2_ws/install/collision_avoidance/lib:/opt/ros/humble/opt/rviz_ogre_vendor/lib:/opt/ros/humble/lib/aarch64-linux-gnu:/opt/ros/humble/lib'), ('BROWSER', '/root/.vscode-server/bin/8b3775030ed1a69b13e4f4c628c612102e30a681/bin/helpers/browser.sh'), ('HOME', '/root'), ('TERM_PROGRAM_VERSION', '1.85.2'), ('VSCODE_IPC_HOOK_CLI', '/tmp/vscode-ipc-2549745c-29a6-40af-b823-6844a5ac7cbe.sock'), ('ROS_PYTHON_VERSION', '3'), ('VSCODE_GIT_ASKPASS_MAIN', '/root/.vscode-server/bin/8b3775030ed1a69b13e4f4c628c612102e30a681/extensions/git/dist/askpass-main.js'), ('PS1', '\\[\x1b]633;A\x07\\]\\u@\\h\\[\\033[01;32m\\](brain)\\[\\033[00m\\]:\\w$ \\[\x1b]633;B\x07\\]'), ('VSCODE_GIT_ASKPASS_NODE', '/root/.vscode-server/bin/8b3775030ed1a69b13e4f4c628c612102e30a681/node'), ('ROS_IP', '10.10.0.2'), ('COLORTERM', 'truecolor'), ('REMOTE_CONTAINERS', 'true'), ('COLCON_PREFIX_PATH', '/ros2_ws/install'), ('ROS_DISTRO', 'humble'), ('REMOTE_CONTAINERS_IPC', '/tmp/vscode-remote-containers-ipc-341e799d-6559-4f55-bd96-503d787638c7.sock'), ('_', '/usr/bin/colcon'), ('ROS_VERSION', '2'), ('TERM', 'xterm-256color'), ('ROS_LOCALHOST_ONLY', '0'), ('PATH', '/ros2_ws/install/oradar_lidar/bin:/root/.vscode-server/bin/8b3775030ed1a69b13e4f4c628c612102e30a681/bin/remote-cli:/opt/ros/humble/bin:/usr/local/sbin:/usr/local/bin:/usr/sbin:/usr/bin:/sbin:/bin'), ('REMOTE_CONTAINERS_SOCKETS', '["/tmp/vscode-ssh-auth-341e799d-6559-4f55-bd96-503d787638c7.sock","/root/.gnupg/S.gpg-agent"]'), ('DISPLAY', ':0'), ('LANG', 'en_US.UTF-8'), ('RMW_IMPLEMENTATION', 'rmw_fastrtps_cpp'), ('LS_COLORS', 'rs=0:di=01;34:ln=01;36:mh=00:pi=40;33:so=01;35:do=01;35:bd=40;33;01:cd=40;33;01:or=40;31;01:mi=00:su=37;41:sg=30;43:ca=30;41:tw=30;42:ow=34;42:st=37;44:ex=01;32:*.tar=01;31:*.tgz=01;31:*.arc=01;31:*.arj=01;31:*.taz=01;31:*.lha=01;31:*.lz4=01;31:*.lzh=01;31:*.lzma=01;31:*.tlz=01;31:*.txz=01;31:*.tzo=01;31:*.t7z=01;31:*.zip=01;31:*.z=01;31:*.dz=01;31:*.gz=01;31:*.lrz=01;31:*.lz=01;31:*.lzo=01;31:*.xz=01;31:*.zst=01;31:*.tzst=01;31:*.bz2=01;31:*.bz=01;31:*.tbz=01;31:*.tbz2=01;31:*.tz=01;31:*.deb=01;31:*.rpm=01;31:*.jar=01;31:*.war=01;31:*.ear=01;31:*.sar=01;31:*.rar=01;31:*.alz=01;31:*.ace=01;31:*.zoo=01;31:*.cpio=01;31:*.7z=01;31:*.rz=01;31:*.cab=01;31:*.wim=01;31:*.swm=01;31:*.dwm=01;31:*.esd=01;31:*.jpg=01;35:*.jpeg=01;35:*.mjpg=01;35:*.mjpeg=01;35:*.gif=01;35:*.bmp=01;35:*.pbm=01;35:*.pgm=01;35:*.ppm=01;35:*.tga=01;35:*.xbm=01;35:*.xpm=01;35:*.tif=01;35:*.tiff=01;35:*.png=01;35:*.svg=01;35:*.svgz=01;35:*.mng=01;35:*.pcx=01;35:*.mov=01;35:*.mpg=01;35:*.mpeg=01;35:*.m2v=01;35:*.mkv=01;35:*.webm=01;35:*.webp=01;35:*.ogm=01;35:*.mp4=01;35:*.m4v=01;35:*.mp4v=01;35:*.vob=01;35:*.qt=01;35:*.nuv=01;35:*.wmv=01;35:*.asf=01;35:*.rm=01;35:*.rmvb=01;35:*.flc=01;35:*.avi=01;35:*.fli=01;35:*.flv=01;35:*.gl=01;35:*.dl=01;35:*.xcf=01;35:*.xwd=01;35:*.yuv=01;35:*.cgm=01;35:*.emf=01;35:*.ogv=01;35:*.ogx=01;35:*.aac=00;36:*.au=00;36:*.flac=00;36:*.m4a=00;36:*.mid=00;36:*.midi=00;36:*.mka=00;36:*.mp3=00;36:*.mpc=00;36:*.ogg=00;36:*.ra=00;36:*.wav=00;36:*.oga=00;36:*.opus=00;36:*.spx=00;36:*.xspf=00;36:'), ('VSCODE_GIT_IPC_HANDLE', '/tmp/vscode-git-b3700a665a.sock'), ('TERM_PROGRAM', 'vscode'), ('SSH_AUTH_SOCK', '/tmp/vscode-ssh-auth-341e799d-6559-4f55-bd96-503d787638c7.sock'), ('ROS_DOMAIN_ID', '42'), ('AMENT_PREFIX_PATH', '/ros2_ws/install/oradar_lidar:/ros2_ws/install/bringup:/ros2_ws/install/description:/ros2_ws/install/brain_hardware:/ros2_ws/install/brain_controller:/ros2_ws/install/interfaces:/ros2_ws/install/collision_avoidance:/opt/ros/humble'), ('SHELL', '/bin/bash'), ('LESSCLOSE', '/usr/bin/lesspipe %s %s'), ('VSCODE_GIT_ASKPASS_EXTRA_ARGS', ''), ('PWD', '/ros2_ws/build/collision_avoidance'), ('PYTHONPATH', '/ros2_ws/install/interfaces/local/lib/python3.10/dist-packages:/opt/ros/humble/lib/python3.10/site-packages:/opt/ros/humble/local/lib/python3.10/dist-packages'), ('ROS_HOSTNAME', '10.10.0.2'), ('COLCON', '1'), ('CMAKE_PREFIX_PATH', '/ros2_ws/install/oradar_lidar:/ros2_ws/install/bringup:/ros2_ws/install/description:/ros2_ws/install/brain_hardware:/ros2_ws/install/brain_controller:/ros2_ws/install/interfaces:/ros2_ws/install/collision_avoidance:/opt/ros/humble')]), 'shell': False}
[0.102995] (-) TimerEvent: {}
[0.122209] (oradar_lidar) JobProgress: {'identifier': 'oradar_lidar', 'progress': 'cmake'}
[0.125457] (oradar_lidar) JobProgress: {'identifier': 'oradar_lidar', 'progress': 'build'}
[0.126592] (oradar_lidar) Command: {'cmd': ['/usr/bin/cmake', '--build', '/ros2_ws/build/oradar_lidar', '--', '-j4', '-l4'], 'cwd': '/ros2_ws/build/oradar_lidar', 'env': OrderedDict([('LESSOPEN', '| /usr/bin/lesspipe %s'), ('HOSTNAME', '4b5b6ba4567e'), ('GIT_ASKPASS', '/root/.vscode-server/bin/8b3775030ed1a69b13e4f4c628c612102e30a681/extensions/git/dist/askpass.sh'), ('SHLVL', '2'), ('LD_LIBRARY_PATH', '/ros2_ws/install/brain_hardware/lib:/ros2_ws/install/brain_controller/lib:/ros2_ws/install/interfaces/lib:/ros2_ws/install/collision_avoidance/lib:/opt/ros/humble/opt/rviz_ogre_vendor/lib:/opt/ros/humble/lib/aarch64-linux-gnu:/opt/ros/humble/lib'), ('BROWSER', '/root/.vscode-server/bin/8b3775030ed1a69b13e4f4c628c612102e30a681/bin/helpers/browser.sh'), ('HOME', '/root'), ('TERM_PROGRAM_VERSION', '1.85.2'), ('VSCODE_IPC_HOOK_CLI', '/tmp/vscode-ipc-2549745c-29a6-40af-b823-6844a5ac7cbe.sock'), ('ROS_PYTHON_VERSION', '3'), ('VSCODE_GIT_ASKPASS_MAIN', '/root/.vscode-server/bin/8b3775030ed1a69b13e4f4c628c612102e30a681/extensions/git/dist/askpass-main.js'), ('PS1', '\\[\x1b]633;A\x07\\]\\u@\\h\\[\\033[01;32m\\](brain)\\[\\033[00m\\]:\\w$ \\[\x1b]633;B\x07\\]'), ('VSCODE_GIT_ASKPASS_NODE', '/root/.vscode-server/bin/8b3775030ed1a69b13e4f4c628c612102e30a681/node'), ('ROS_IP', '10.10.0.2'), ('COLORTERM', 'truecolor'), ('REMOTE_CONTAINERS', 'true'), ('COLCON_PREFIX_PATH', '/ros2_ws/install'), ('ROS_DISTRO', 'humble'), ('REMOTE_CONTAINERS_IPC', '/tmp/vscode-remote-containers-ipc-341e799d-6559-4f55-bd96-503d787638c7.sock'), ('_', '/usr/bin/colcon'), ('ROS_VERSION', '2'), ('TERM', 'xterm-256color'), ('ROS_LOCALHOST_ONLY', '0'), ('PATH', '/ros2_ws/install/oradar_lidar/bin:/root/.vscode-server/bin/8b3775030ed1a69b13e4f4c628c612102e30a681/bin/remote-cli:/opt/ros/humble/bin:/usr/local/sbin:/usr/local/bin:/usr/sbin:/usr/bin:/sbin:/bin'), ('REMOTE_CONTAINERS_SOCKETS', '["/tmp/vscode-ssh-auth-341e799d-6559-4f55-bd96-503d787638c7.sock","/root/.gnupg/S.gpg-agent"]'), ('DISPLAY', ':0'), ('LANG', 'en_US.UTF-8'), ('RMW_IMPLEMENTATION', 'rmw_fastrtps_cpp'), ('LS_COLORS', 'rs=0:di=01;34:ln=01;36:mh=00:pi=40;33:so=01;35:do=01;35:bd=40;33;01:cd=40;33;01:or=40;31;01:mi=00:su=37;41:sg=30;43:ca=30;41:tw=30;42:ow=34;42:st=37;44:ex=01;32:*.tar=01;31:*.tgz=01;31:*.arc=01;31:*.arj=01;31:*.taz=01;31:*.lha=01;31:*.lz4=01;31:*.lzh=01;31:*.lzma=01;31:*.tlz=01;31:*.txz=01;31:*.tzo=01;31:*.t7z=01;31:*.zip=01;31:*.z=01;31:*.dz=01;31:*.gz=01;31:*.lrz=01;31:*.lz=01;31:*.lzo=01;31:*.xz=01;31:*.zst=01;31:*.tzst=01;31:*.bz2=01;31:*.bz=01;31:*.tbz=01;31:*.tbz2=01;31:*.tz=01;31:*.deb=01;31:*.rpm=01;31:*.jar=01;31:*.war=01;31:*.ear=01;31:*.sar=01;31:*.rar=01;31:*.alz=01;31:*.ace=01;31:*.zoo=01;31:*.cpio=01;31:*.7z=01;31:*.rz=01;31:*.cab=01;31:*.wim=01;31:*.swm=01;31:*.dwm=01;31:*.esd=01;31:*.jpg=01;35:*.jpeg=01;35:*.mjpg=01;35:*.mjpeg=01;35:*.gif=01;35:*.bmp=01;35:*.pbm=01;35:*.pgm=01;35:*.ppm=01;35:*.tga=01;35:*.xbm=01;35:*.xpm=01;35:*.tif=01;35:*.tiff=01;35:*.png=01;35:*.svg=01;35:*.svgz=01;35:*.mng=01;35:*.pcx=01;35:*.mov=01;35:*.mpg=01;35:*.mpeg=01;35:*.m2v=01;35:*.mkv=01;35:*.webm=01;35:*.webp=01;35:*.ogm=01;35:*.mp4=01;35:*.m4v=01;35:*.mp4v=01;35:*.vob=01;35:*.qt=01;35:*.nuv=01;35:*.wmv=01;35:*.asf=01;35:*.rm=01;35:*.rmvb=01;35:*.flc=01;35:*.avi=01;35:*.fli=01;35:*.flv=01;35:*.gl=01;35:*.dl=01;35:*.xcf=01;35:*.xwd=01;35:*.yuv=01;35:*.cgm=01;35:*.emf=01;35:*.ogv=01;35:*.ogx=01;35:*.aac=00;36:*.au=00;36:*.flac=00;36:*.m4a=00;36:*.mid=00;36:*.midi=00;36:*.mka=00;36:*.mp3=00;36:*.mpc=00;36:*.ogg=00;36:*.ra=00;36:*.wav=00;36:*.oga=00;36:*.opus=00;36:*.spx=00;36:*.xspf=00;36:'), ('VSCODE_GIT_IPC_HANDLE', '/tmp/vscode-git-b3700a665a.sock'), ('TERM_PROGRAM', 'vscode'), ('SSH_AUTH_SOCK', '/tmp/vscode-ssh-auth-341e799d-6559-4f55-bd96-503d787638c7.sock'), ('ROS_DOMAIN_ID', '42'), ('AMENT_PREFIX_PATH', '/ros2_ws/install/oradar_lidar:/ros2_ws/install/bringup:/ros2_ws/install/description:/ros2_ws/install/brain_hardware:/ros2_ws/install/brain_controller:/ros2_ws/install/interfaces:/ros2_ws/install/collision_avoidance:/opt/ros/humble'), ('SHELL', '/bin/bash'), ('LESSCLOSE', '/usr/bin/lesspipe %s %s'), ('VSCODE_GIT_ASKPASS_EXTRA_ARGS', ''), ('PWD', '/ros2_ws/build/oradar_lidar'), ('PYTHONPATH', '/ros2_ws/install/interfaces/local/lib/python3.10/dist-packages:/opt/ros/humble/lib/python3.10/site-packages:/opt/ros/humble/local/lib/python3.10/dist-packages'), ('ROS_HOSTNAME', '10.10.0.2'), ('COLCON', '1'), ('CMAKE_PREFIX_PATH', '/ros2_ws/install/oradar_lidar:/ros2_ws/install/bringup:/ros2_ws/install/description:/ros2_ws/install/brain_hardware:/ros2_ws/install/brain_controller:/ros2_ws/install/interfaces:/ros2_ws/install/collision_avoidance:/opt/ros/humble')]), 'shell': False}
[0.203246] (-) TimerEvent: {}
[0.290960] (interfaces) StdoutLine: {'line': b'[  2%] Built target interfaces__rs\n'}
[0.303405] (-) TimerEvent: {}
[0.334586] (collision_avoidance) StdoutLine: {'line': b'[ 50%] Built target simple_collision_monitor\n'}
[0.353210] (oradar_lidar) StdoutLine: {'line': b'[ 60%] Built target oradar_sdk\n'}
[0.387101] (interfaces) StdoutLine: {'line': b'[  2%] Built target ament_cmake_python_symlink_interfaces\n'}
[0.403616] (-) TimerEvent: {}
[0.441417] (collision_avoidance) StdoutLine: {'line': b'[100%] Built target simple_collision_monitor_node\n'}
[0.442250] (oradar_lidar) StdoutLine: {'line': b'[ 70%] Built target oradar_scan\n'}
[0.454012] (interfaces) StdoutLine: {'line': b'[  5%] Built target interfaces__cpp\n'}
[0.480682] (collision_avoidance) CommandEnded: {'returncode': 0}
[0.483693] (collision_avoidance) JobProgress: {'identifier': 'collision_avoidance', 'progress': 'install'}
[0.503946] (-) TimerEvent: {}
[0.518558] (oradar_lidar) StdoutLine: {'line': b'[ 80%] Built target blocking_c_api_test\n'}
[0.520460] (collision_avoidance) Command: {'cmd': ['/usr/bin/cmake', '--install', '/ros2_ws/build/collision_avoidance'], 'cwd': '/ros2_ws/build/collision_avoidance', 'env': OrderedDict([('LESSOPEN', '| /usr/bin/lesspipe %s'), ('HOSTNAME', '4b5b6ba4567e'), ('GIT_ASKPASS', '/root/.vscode-server/bin/8b3775030ed1a69b13e4f4c628c612102e30a681/extensions/git/dist/askpass.sh'), ('SHLVL', '2'), ('LD_LIBRARY_PATH', '/ros2_ws/install/brain_hardware/lib:/ros2_ws/install/brain_controller/lib:/ros2_ws/install/interfaces/lib:/ros2_ws/install/collision_avoidance/lib:/opt/ros/humble/opt/rviz_ogre_vendor/lib:/opt/ros/humble/lib/aarch64-linux-gnu:/opt/ros/humble/lib'), ('BROWSER', '/root/.vscode-server/bin/8b3775030ed1a69b13e4f4c628c612102e30a681/bin/helpers/browser.sh'), ('HOME', '/root'), ('TERM_PROGRAM_VERSION', '1.85.2'), ('VSCODE_IPC_HOOK_CLI', '/tmp/vscode-ipc-2549745c-29a6-40af-b823-6844a5ac7cbe.sock'), ('ROS_PYTHON_VERSION', '3'), ('VSCODE_GIT_ASKPASS_MAIN', '/root/.vscode-server/bin/8b3775030ed1a69b13e4f4c628c612102e30a681/extensions/git/dist/askpass-main.js'), ('PS1', '\\[\x1b]633;A\x07\\]\\u@\\h\\[\\033[01;32m\\](brain)\\[\\033[00m\\]:\\w$ \\[\x1b]633;B\x07\\]'), ('VSCODE_GIT_ASKPASS_NODE', '/root/.vscode-server/bin/8b3775030ed1a69b13e4f4c628c612102e30a681/node'), ('ROS_IP', '10.10.0.2'), ('COLORTERM', 'truecolor'), ('REMOTE_CONTAINERS', 'true'), ('COLCON_PREFIX_PATH', '/ros2_ws/install'), ('ROS_DISTRO', 'humble'), ('REMOTE_CONTAINERS_IPC', '/tmp/vscode-remote-containers-ipc-341e799d-6559-4f55-bd96-503d787638c7.sock'), ('_', '/usr/bin/colcon'), ('ROS_VERSION', '2'), ('TERM', 'xterm-256color'), ('ROS_LOCALHOST_ONLY', '0'), ('PATH', '/ros2_ws/install/oradar_lidar/bin:/root/.vscode-server/bin/8b3775030ed1a69b13e4f4c628c612102e30a681/bin/remote-cli:/opt/ros/humble/bin:/usr/local/sbin:/usr/local/bin:/usr/sbin:/usr/bin:/sbin:/bin'), ('REMOTE_CONTAINERS_SOCKETS', '["/tmp/vscode-ssh-auth-341e799d-6559-4f55-bd96-503d787638c7.sock","/root/.gnupg/S.gpg-agent"]'), ('DISPLAY', ':0'), ('LANG', 'en_US.UTF-8'), ('RMW_IMPLEMENTATION', 'rmw_fastrtps_cpp'), ('LS_COLORS', 'rs=0:di=01;34:ln=01;36:mh=00:pi=40;33:so=01;35:do=01;35:bd=40;33;01:cd=40;33;01:or=40;31;01:mi=00:su=37;41:sg=30;43:ca=30;41:tw=30;42:ow=34;42:st=37;44:ex=01;32:*.tar=01;31:*.tgz=01;31:*.arc=01;31:*.arj=01;31:*.taz=01;31:*.lha=01;31:*.lz4=01;31:*.lzh=01;31:*.lzma=01;31:*.tlz=01;31:*.txz=01;31:*.tzo=01;31:*.t7z=01;31:*.zip=01;31:*.z=01;31:*.dz=01;31:*.gz=01;31:*.lrz=01;31:*.lz=01;31:*.lzo=01;31:*.xz=01;31:*.zst=01;31:*.tzst=01;31:*.bz2=01;31:*.bz=01;31:*.tbz=01;31:*.tbz2=01;31:*.tz=01;31:*.deb=01;31:*.rpm=01;31:*.jar=01;31:*.war=01;31:*.ear=01;31:*.sar=01;31:*.rar=01;31:*.alz=01;31:*.ace=01;31:*.zoo=01;31:*.cpio=01;31:*.7z=01;31:*.rz=01;31:*.cab=01;31:*.wim=01;31:*.swm=01;31:*.dwm=01;31:*.esd=01;31:*.jpg=01;35:*.jpeg=01;35:*.mjpg=01;35:*.mjpeg=01;35:*.gif=01;35:*.bmp=01;35:*.pbm=01;35:*.pgm=01;35:*.ppm=01;35:*.tga=01;35:*.xbm=01;35:*.xpm=01;35:*.tif=01;35:*.tiff=01;35:*.png=01;35:*.svg=01;35:*.svgz=01;35:*.mng=01;35:*.pcx=01;35:*.mov=01;35:*.mpg=01;35:*.mpeg=01;35:*.m2v=01;35:*.mkv=01;35:*.webm=01;35:*.webp=01;35:*.ogm=01;35:*.mp4=01;35:*.m4v=01;35:*.mp4v=01;35:*.vob=01;35:*.qt=01;35:*.nuv=01;35:*.wmv=01;35:*.asf=01;35:*.rm=01;35:*.rmvb=01;35:*.flc=01;35:*.avi=01;35:*.fli=01;35:*.flv=01;35:*.gl=01;35:*.dl=01;35:*.xcf=01;35:*.xwd=01;35:*.yuv=01;35:*.cgm=01;35:*.emf=01;35:*.ogv=01;35:*.ogx=01;35:*.aac=00;36:*.au=00;36:*.flac=00;36:*.m4a=00;36:*.mid=00;36:*.midi=00;36:*.mka=00;36:*.mp3=00;36:*.mpc=00;36:*.ogg=00;36:*.ra=00;36:*.wav=00;36:*.oga=00;36:*.opus=00;36:*.spx=00;36:*.xspf=00;36:'), ('VSCODE_GIT_IPC_HANDLE', '/tmp/vscode-git-b3700a665a.sock'), ('TERM_PROGRAM', 'vscode'), ('SSH_AUTH_SOCK', '/tmp/vscode-ssh-auth-341e799d-6559-4f55-bd96-503d787638c7.sock'), ('ROS_DOMAIN_ID', '42'), ('AMENT_PREFIX_PATH', '/ros2_ws/install/oradar_lidar:/ros2_ws/install/bringup:/ros2_ws/install/description:/ros2_ws/install/brain_hardware:/ros2_ws/install/brain_controller:/ros2_ws/install/interfaces:/ros2_ws/install/collision_avoidance:/opt/ros/humble'), ('SHELL', '/bin/bash'), ('LESSCLOSE', '/usr/bin/lesspipe %s %s'), ('VSCODE_GIT_ASKPASS_EXTRA_ARGS', ''), ('PWD', '/ros2_ws/build/collision_avoidance'), ('PYTHONPATH', '/ros2_ws/install/interfaces/local/lib/python3.10/dist-packages:/opt/ros/humble/lib/python3.10/site-packages:/opt/ros/humble/local/lib/python3.10/dist-packages'), ('ROS_HOSTNAME', '10.10.0.2'), ('COLCON', '1'), ('CMAKE_PREFIX_PATH', '/ros2_ws/install/oradar_lidar:/ros2_ws/install/bringup:/ros2_ws/install/description:/ros2_ws/install/brain_hardware:/ros2_ws/install/brain_controller:/ros2_ws/install/interfaces:/ros2_ws/install/collision_avoidance:/opt/ros/humble')]), 'shell': False}
[0.544587] (collision_avoidance) StdoutLine: {'line': b'-- Install configuration: ""\n'}
[0.545436] (collision_avoidance) StdoutLine: {'line': b'-- Up-to-date: /ros2_ws/install/collision_avoidance/lib/libsimple_collision_monitor.so\n'}
[0.546758] (collision_avoidance) StdoutLine: {'line': b'-- Up-to-date: /ros2_ws/install/collision_avoidance/lib/collision_avoidance/simple_collision_monitor_node\n'}
[0.547439] (collision_avoidance) StdoutLine: {'line': b'-- Up-to-date: /ros2_ws/install/collision_avoidance/include/collision_avoidance\n'}
[0.548069] (collision_avoidance) StdoutLine: {'line': b'-- Up-to-date: /ros2_ws/install/collision_avoidance/include/collision_avoidance/collision_avoidance\n'}
[0.548749] (collision_avoidance) StdoutLine: {'line': b'-- Up-to-date: /ros2_ws/install/collision_avoidance/include/collision_avoidance/collision_avoidance/simple_collision_monitor.hpp\n'}
[0.549255] (collision_avoidance) StdoutLine: {'line': b'-- Up-to-date: /ros2_ws/install/collision_avoidance/share/ament_index/resource_index/package_run_dependencies/collision_avoidance\n'}
[0.549709] (collision_avoidance) StdoutLine: {'line': b'-- Up-to-date: /ros2_ws/install/collision_avoidance/share/ament_index/resource_index/parent_prefix_path/collision_avoidance\n'}
[0.550345] (collision_avoidance) StdoutLine: {'line': b'-- Up-to-date: /ros2_ws/install/collision_avoidance/share/collision_avoidance/environment/ament_prefix_path.sh\n'}
[0.550907] (collision_avoidance) StdoutLine: {'line': b'-- Up-to-date: /ros2_ws/install/collision_avoidance/share/collision_avoidance/environment/ament_prefix_path.dsv\n'}
[0.552805] (collision_avoidance) StdoutLine: {'line': b'-- Up-to-date: /ros2_ws/install/collision_avoidance/share/collision_avoidance/environment/path.sh\n'}
[0.553380] (collision_avoidance) StdoutLine: {'line': b'-- Up-to-date: /ros2_ws/install/collision_avoidance/share/collision_avoidance/environment/path.dsv\n'}
[0.553941] (collision_avoidance) StdoutLine: {'line': b'-- Up-to-date: /ros2_ws/install/collision_avoidance/share/collision_avoidance/local_setup.bash\n'}
[0.554327] (collision_avoidance) StdoutLine: {'line': b'-- Up-to-date: /ros2_ws/install/collision_avoidance/share/collision_avoidance/local_setup.sh\n'}
[0.555018] (collision_avoidance) StdoutLine: {'line': b'-- Up-to-date: /ros2_ws/install/collision_avoidance/share/collision_avoidance/local_setup.zsh\n'}
[0.570845] (collision_avoidance) StdoutLine: {'line': b'-- Up-to-date: /ros2_ws/install/collision_avoidance/share/collision_avoidance/local_setup.dsv\n'}
[0.571387] (collision_avoidance) StdoutLine: {'line': b'-- Installing: /ros2_ws/install/collision_avoidance/share/collision_avoidance/package.dsv\n'}
[0.571823] (collision_avoidance) StdoutLine: {'line': b'-- Up-to-date: /ros2_ws/install/collision_avoidance/share/ament_index/resource_index/packages/collision_avoidance\n'}
[0.572405] (collision_avoidance) StdoutLine: {'line': b'-- Up-to-date: /ros2_ws/install/collision_avoidance/share/collision_avoidance/cmake/collision_avoidanceConfig.cmake\n'}
[0.572803] (collision_avoidance) StdoutLine: {'line': b'-- Up-to-date: /ros2_ws/install/collision_avoidance/share/collision_avoidance/cmake/collision_avoidanceConfig-version.cmake\n'}
[0.573608] (collision_avoidance) StdoutLine: {'line': b'-- Up-to-date: /ros2_ws/install/collision_avoidance/share/collision_avoidance/package.xml\n'}
[0.574053] (collision_avoidance) CommandEnded: {'returncode': 0}
[0.608769] (-) TimerEvent: {}
[0.609927] (oradar_lidar) StdoutLine: {'line': b'[ 90%] Built target non-blocking_test\n'}
[0.678540] (collision_avoidance) JobEnded: {'identifier': 'collision_avoidance', 'rc': 0}
[0.708932] (-) TimerEvent: {}
[0.733546] (oradar_lidar) StdoutLine: {'line': b'[100%] Built target blocking_test\n'}
[0.768409] (oradar_lidar) CommandEnded: {'returncode': 0}
[0.770912] (oradar_lidar) JobProgress: {'identifier': 'oradar_lidar', 'progress': 'install'}
[0.771855] (oradar_lidar) Command: {'cmd': ['/usr/bin/cmake', '--install', '/ros2_ws/build/oradar_lidar'], 'cwd': '/ros2_ws/build/oradar_lidar', 'env': OrderedDict([('LESSOPEN', '| /usr/bin/lesspipe %s'), ('HOSTNAME', '4b5b6ba4567e'), ('GIT_ASKPASS', '/root/.vscode-server/bin/8b3775030ed1a69b13e4f4c628c612102e30a681/extensions/git/dist/askpass.sh'), ('SHLVL', '2'), ('LD_LIBRARY_PATH', '/ros2_ws/install/brain_hardware/lib:/ros2_ws/install/brain_controller/lib:/ros2_ws/install/interfaces/lib:/ros2_ws/install/collision_avoidance/lib:/opt/ros/humble/opt/rviz_ogre_vendor/lib:/opt/ros/humble/lib/aarch64-linux-gnu:/opt/ros/humble/lib'), ('BROWSER', '/root/.vscode-server/bin/8b3775030ed1a69b13e4f4c628c612102e30a681/bin/helpers/browser.sh'), ('HOME', '/root'), ('TERM_PROGRAM_VERSION', '1.85.2'), ('VSCODE_IPC_HOOK_CLI', '/tmp/vscode-ipc-2549745c-29a6-40af-b823-6844a5ac7cbe.sock'), ('ROS_PYTHON_VERSION', '3'), ('VSCODE_GIT_ASKPASS_MAIN', '/root/.vscode-server/bin/8b3775030ed1a69b13e4f4c628c612102e30a681/extensions/git/dist/askpass-main.js'), ('PS1', '\\[\x1b]633;A\x07\\]\\u@\\h\\[\\033[01;32m\\](brain)\\[\\033[00m\\]:\\w$ \\[\x1b]633;B\x07\\]'), ('VSCODE_GIT_ASKPASS_NODE', '/root/.vscode-server/bin/8b3775030ed1a69b13e4f4c628c612102e30a681/node'), ('ROS_IP', '10.10.0.2'), ('COLORTERM', 'truecolor'), ('REMOTE_CONTAINERS', 'true'), ('COLCON_PREFIX_PATH', '/ros2_ws/install'), ('ROS_DISTRO', 'humble'), ('REMOTE_CONTAINERS_IPC', '/tmp/vscode-remote-containers-ipc-341e799d-6559-4f55-bd96-503d787638c7.sock'), ('_', '/usr/bin/colcon'), ('ROS_VERSION', '2'), ('TERM', 'xterm-256color'), ('ROS_LOCALHOST_ONLY', '0'), ('PATH', '/ros2_ws/install/oradar_lidar/bin:/root/.vscode-server/bin/8b3775030ed1a69b13e4f4c628c612102e30a681/bin/remote-cli:/opt/ros/humble/bin:/usr/local/sbin:/usr/local/bin:/usr/sbin:/usr/bin:/sbin:/bin'), ('REMOTE_CONTAINERS_SOCKETS', '["/tmp/vscode-ssh-auth-341e799d-6559-4f55-bd96-503d787638c7.sock","/root/.gnupg/S.gpg-agent"]'), ('DISPLAY', ':0'), ('LANG', 'en_US.UTF-8'), ('RMW_IMPLEMENTATION', 'rmw_fastrtps_cpp'), ('LS_COLORS', 'rs=0:di=01;34:ln=01;36:mh=00:pi=40;33:so=01;35:do=01;35:bd=40;33;01:cd=40;33;01:or=40;31;01:mi=00:su=37;41:sg=30;43:ca=30;41:tw=30;42:ow=34;42:st=37;44:ex=01;32:*.tar=01;31:*.tgz=01;31:*.arc=01;31:*.arj=01;31:*.taz=01;31:*.lha=01;31:*.lz4=01;31:*.lzh=01;31:*.lzma=01;31:*.tlz=01;31:*.txz=01;31:*.tzo=01;31:*.t7z=01;31:*.zip=01;31:*.z=01;31:*.dz=01;31:*.gz=01;31:*.lrz=01;31:*.lz=01;31:*.lzo=01;31:*.xz=01;31:*.zst=01;31:*.tzst=01;31:*.bz2=01;31:*.bz=01;31:*.tbz=01;31:*.tbz2=01;31:*.tz=01;31:*.deb=01;31:*.rpm=01;31:*.jar=01;31:*.war=01;31:*.ear=01;31:*.sar=01;31:*.rar=01;31:*.alz=01;31:*.ace=01;31:*.zoo=01;31:*.cpio=01;31:*.7z=01;31:*.rz=01;31:*.cab=01;31:*.wim=01;31:*.swm=01;31:*.dwm=01;31:*.esd=01;31:*.jpg=01;35:*.jpeg=01;35:*.mjpg=01;35:*.mjpeg=01;35:*.gif=01;35:*.bmp=01;35:*.pbm=01;35:*.pgm=01;35:*.ppm=01;35:*.tga=01;35:*.xbm=01;35:*.xpm=01;35:*.tif=01;35:*.tiff=01;35:*.png=01;35:*.svg=01;35:*.svgz=01;35:*.mng=01;35:*.pcx=01;35:*.mov=01;35:*.mpg=01;35:*.mpeg=01;35:*.m2v=01;35:*.mkv=01;35:*.webm=01;35:*.webp=01;35:*.ogm=01;35:*.mp4=01;35:*.m4v=01;35:*.mp4v=01;35:*.vob=01;35:*.qt=01;35:*.nuv=01;35:*.wmv=01;35:*.asf=01;35:*.rm=01;35:*.rmvb=01;35:*.flc=01;35:*.avi=01;35:*.fli=01;35:*.flv=01;35:*.gl=01;35:*.dl=01;35:*.xcf=01;35:*.xwd=01;35:*.yuv=01;35:*.cgm=01;35:*.emf=01;35:*.ogv=01;35:*.ogx=01;35:*.aac=00;36:*.au=00;36:*.flac=00;36:*.m4a=00;36:*.mid=00;36:*.midi=00;36:*.mka=00;36:*.mp3=00;36:*.mpc=00;36:*.ogg=00;36:*.ra=00;36:*.wav=00;36:*.oga=00;36:*.opus=00;36:*.spx=00;36:*.xspf=00;36:'), ('VSCODE_GIT_IPC_HANDLE', '/tmp/vscode-git-b3700a665a.sock'), ('TERM_PROGRAM', 'vscode'), ('SSH_AUTH_SOCK', '/tmp/vscode-ssh-auth-341e799d-6559-4f55-bd96-503d787638c7.sock'), ('ROS_DOMAIN_ID', '42'), ('AMENT_PREFIX_PATH', '/ros2_ws/install/oradar_lidar:/ros2_ws/install/bringup:/ros2_ws/install/description:/ros2_ws/install/brain_hardware:/ros2_ws/install/brain_controller:/ros2_ws/install/interfaces:/ros2_ws/install/collision_avoidance:/opt/ros/humble'), ('SHELL', '/bin/bash'), ('LESSCLOSE', '/usr/bin/lesspipe %s %s'), ('VSCODE_GIT_ASKPASS_EXTRA_ARGS', ''), ('PWD', '/ros2_ws/build/oradar_lidar'), ('PYTHONPATH', '/ros2_ws/install/interfaces/local/lib/python3.10/dist-packages:/opt/ros/humble/lib/python3.10/site-packages:/opt/ros/humble/local/lib/python3.10/dist-packages'), ('ROS_HOSTNAME', '10.10.0.2'), ('COLCON', '1'), ('CMAKE_PREFIX_PATH', '/ros2_ws/install/oradar_lidar:/ros2_ws/install/bringup:/ros2_ws/install/description:/ros2_ws/install/brain_hardware:/ros2_ws/install/brain_controller:/ros2_ws/install/interfaces:/ros2_ws/install/collision_avoidance:/opt/ros/humble')]), 'shell': False}
[0.797332] (oradar_lidar) StdoutLine: {'line': b'-- Install configuration: "RELEASE"\n'}
[0.799074] (oradar_lidar) StdoutLine: {'line': b'-- Execute custom install script\n'}
[0.801291] (oradar_lidar) StdoutLine: {'line': b'-- Up-to-date symlink: /ros2_ws/install/oradar_lidar/bin/blocking_test\n'}
[0.801830] (oradar_lidar) StdoutLine: {'line': b'-- Up-to-date symlink: /ros2_ws/install/oradar_lidar/bin/non-blocking_test\n'}
[0.805157] (oradar_lidar) StdoutLine: {'line': b'-- Up-to-date symlink: /ros2_ws/install/oradar_lidar/bin/blocking_c_api_test\n'}
[0.805574] (oradar_lidar) StdoutLine: {'line': b'-- Up-to-date symlink: /ros2_ws/install/oradar_lidar/include/core/base/datatype.h\n'}
[0.809470] (-) TimerEvent: {}
[0.810404] (oradar_lidar) StdoutLine: {'line': b'-- Up-to-date symlink: /ros2_ws/install/oradar_lidar/include/core/base/locker.h\n'}
[0.811064] (oradar_lidar) StdoutLine: {'line': b'-- Up-to-date symlink: /ros2_ws/install/oradar_lidar/include/core/base/thread.h\n'}
[0.811647] (oradar_lidar) StdoutLine: {'line': b'-- Up-to-date symlink: /ros2_ws/install/oradar_lidar/include/core/base/timer.h\n'}
[0.812194] (oradar_lidar) StdoutLine: {'line': b'-- Up-to-date symlink: /ros2_ws/install/oradar_lidar/include/core/base/typedef.h\n'}
[0.819073] (oradar_lidar) StdoutLine: {'line': b'-- Up-to-date symlink: /ros2_ws/install/oradar_lidar/include/core/base/utils.h\n'}
[0.819672] (oradar_lidar) StdoutLine: {'line': b'-- Up-to-date symlink: /ros2_ws/install/oradar_lidar/include/core/base/v8stdint.h\n'}
[0.820432] (oradar_lidar) StdoutLine: {'line': b'-- Up-to-date symlink: /ros2_ws/install/oradar_lidar/include/core/common/ChannelDevice.h\n'}
[0.820926] (oradar_lidar) StdoutLine: {'line': b'-- Up-to-date symlink: /ros2_ws/install/oradar_lidar/include/core/math/angles.h\n'}
[0.821300] (oradar_lidar) StdoutLine: {'line': b'-- Up-to-date symlink: /ros2_ws/install/oradar_lidar/include/core/network/ActiveSocket.h\n'}
[0.821747] (oradar_lidar) StdoutLine: {'line': b'-- Up-to-date symlink: /ros2_ws/install/oradar_lidar/include/core/network/PassiveSocket.h\n'}
[0.822190] (oradar_lidar) StdoutLine: {'line': b'-- Up-to-date symlink: /ros2_ws/install/oradar_lidar/include/core/network/SimpleSocket.h\n'}
[0.822577] (oradar_lidar) StdoutLine: {'line': b'-- Up-to-date symlink: /ros2_ws/install/oradar_lidar/include/core/network/StatTimer.h\n'}
[0.823037] (oradar_lidar) StdoutLine: {'line': b'-- Up-to-date symlink: /ros2_ws/install/oradar_lidar/include/core/serial/common.h\n'}
[0.823433] (oradar_lidar) StdoutLine: {'line': b'-- Up-to-date symlink: /ros2_ws/install/oradar_lidar/include/core/serial/serial.h\n'}
[0.823890] (oradar_lidar) StdoutLine: {'line': b'-- Up-to-date symlink: /ros2_ws/install/oradar_lidar/include/core/serial/impl/unix/lock.h\n'}
[0.824392] (oradar_lidar) StdoutLine: {'line': b'-- Up-to-date symlink: /ros2_ws/install/oradar_lidar/include/core/serial/impl/unix/unix.h\n'}
[0.824851] (oradar_lidar) StdoutLine: {'line': b'-- Up-to-date symlink: /ros2_ws/install/oradar_lidar/include/core/serial/impl/unix/unix_serial.h\n'}
[0.825238] (oradar_lidar) StdoutLine: {'line': b'-- Up-to-date symlink: /ros2_ws/install/oradar_lidar/include/src/ord_lidar_c_api_driver.h\n'}
[0.825758] (oradar_lidar) StdoutLine: {'line': b'-- Up-to-date symlink: /ros2_ws/install/oradar_lidar/include/src/ord_lidar_driver.h\n'}
[0.826275] (oradar_lidar) StdoutLine: {'line': b'-- Up-to-date symlink: /ros2_ws/install/oradar_lidar/include/src/ordlidar_protocol.h\n'}
[0.826692] (oradar_lidar) StdoutLine: {'line': b'-- Up-to-date symlink: /ros2_ws/install/oradar_lidar/include/src/filters/FullScanFilter.h\n'}
[0.827143] (oradar_lidar) StdoutLine: {'line': b'-- Up-to-date symlink: /ros2_ws/install/oradar_lidar/lib/liboradar_sdk.a\n'}
[0.827627] (oradar_lidar) StdoutLine: {'line': b'-- Up-to-date symlink: /ros2_ws/install/oradar_lidar/lib/oradar_lidar/oradar_scan\n'}
[0.828215] (oradar_lidar) StdoutLine: {'line': b'-- Up-to-date symlink: /ros2_ws/install/oradar_lidar/share/oradar_lidar//launch/ms200_scan.launch\n'}
[0.828716] (oradar_lidar) StdoutLine: {'line': b'-- Up-to-date symlink: /ros2_ws/install/oradar_lidar/share/oradar_lidar//launch/ms200_scan.launch.py\n'}
[0.829131] (oradar_lidar) StdoutLine: {'line': b'-- Up-to-date symlink: /ros2_ws/install/oradar_lidar/share/oradar_lidar//launch/ms200_scan_gmapping.launch.py\n'}
[0.829541] (oradar_lidar) StdoutLine: {'line': b'-- Up-to-date symlink: /ros2_ws/install/oradar_lidar/share/oradar_lidar//launch/ms200_scan_view.launch\n'}
[0.829903] (oradar_lidar) StdoutLine: {'line': b'-- Up-to-date symlink: /ros2_ws/install/oradar_lidar/share/oradar_lidar//launch/ms200_scan_view.launch.py\n'}
[0.830239] (oradar_lidar) StdoutLine: {'line': b'-- Up-to-date symlink: /ros2_ws/install/oradar_lidar/share/oradar_lidar//rviz2/oradar_scan.rviz\n'}
[0.830559] (oradar_lidar) StdoutLine: {'line': b'-- Up-to-date symlink: /ros2_ws/install/oradar_lidar/share/ament_index/resource_index/package_run_dependencies/oradar_lidar\n'}
[0.830940] (oradar_lidar) StdoutLine: {'line': b'-- Up-to-date symlink: /ros2_ws/install/oradar_lidar/share/ament_index/resource_index/parent_prefix_path/oradar_lidar\n'}
[0.831300] (oradar_lidar) StdoutLine: {'line': b'-- Up-to-date symlink: /ros2_ws/install/oradar_lidar/share/oradar_lidar/environment/ament_prefix_path.sh\n'}
[0.835949] (oradar_lidar) StdoutLine: {'line': b'-- Up-to-date symlink: /ros2_ws/install/oradar_lidar/share/oradar_lidar/environment/ament_prefix_path.dsv\n'}
[0.836418] (oradar_lidar) StdoutLine: {'line': b'-- Up-to-date symlink: /ros2_ws/install/oradar_lidar/share/oradar_lidar/environment/path.sh\n'}
[0.836759] (oradar_lidar) StdoutLine: {'line': b'-- Up-to-date symlink: /ros2_ws/install/oradar_lidar/share/oradar_lidar/environment/path.dsv\n'}
[0.837087] (oradar_lidar) StdoutLine: {'line': b'-- Up-to-date symlink: /ros2_ws/install/oradar_lidar/share/oradar_lidar/local_setup.bash\n'}
[0.837435] (oradar_lidar) StdoutLine: {'line': b'-- Up-to-date symlink: /ros2_ws/install/oradar_lidar/share/oradar_lidar/local_setup.sh\n'}
[0.837797] (oradar_lidar) StdoutLine: {'line': b'-- Up-to-date symlink: /ros2_ws/install/oradar_lidar/share/oradar_lidar/local_setup.zsh\n'}
[0.838131] (oradar_lidar) StdoutLine: {'line': b'-- Up-to-date symlink: /ros2_ws/install/oradar_lidar/share/oradar_lidar/local_setup.dsv\n'}
[0.838512] (oradar_lidar) StdoutLine: {'line': b'-- Symlinking: /ros2_ws/install/oradar_lidar/share/oradar_lidar/package.dsv\n'}
[0.862773] (oradar_lidar) StdoutLine: {'line': b'-- Up-to-date symlink: /ros2_ws/install/oradar_lidar/share/ament_index/resource_index/packages/oradar_lidar\n'}
[0.863528] (oradar_lidar) StdoutLine: {'line': b'-- Up-to-date symlink: /ros2_ws/install/oradar_lidar/share/oradar_lidar/cmake/oradar_lidarConfig.cmake\n'}
[0.864250] (oradar_lidar) StdoutLine: {'line': b'-- Up-to-date symlink: /ros2_ws/install/oradar_lidar/share/oradar_lidar/cmake/oradar_lidarConfig-version.cmake\n'}
[0.864846] (oradar_lidar) StdoutLine: {'line': b'-- Up-to-date symlink: /ros2_ws/install/oradar_lidar/share/oradar_lidar/package.xml\n'}
[0.873668] (oradar_lidar) CommandEnded: {'returncode': 0}
[0.910426] (-) TimerEvent: {}
[0.969418] (oradar_lidar) JobEnded: {'identifier': 'oradar_lidar', 'rc': 0}
[1.010625] (-) TimerEvent: {}
[1.111215] (-) TimerEvent: {}
[1.211853] (-) TimerEvent: {}
[1.312541] (-) TimerEvent: {}
[1.413173] (-) TimerEvent: {}
[1.513856] (-) TimerEvent: {}
[1.614549] (-) TimerEvent: {}
[1.715253] (-) TimerEvent: {}
[1.815954] (-) TimerEvent: {}
[1.841340] (interfaces) StdoutLine: {'line': b'running egg_info\n'}
[1.860441] (interfaces) StdoutLine: {'line': b"writing manifest file 'interfaces.egg-info/SOURCES.txt'\n"}
[1.916195] (-) TimerEvent: {}
[1.987139] (interfaces) StdoutLine: {'line': b'[  5%] Built target ament_cmake_python_build_interfaces_egg\n'}
[2.016357] (-) TimerEvent: {}
[2.057251] (interfaces) StdoutLine: {'line': b'[ 15%] Built target interfaces__rosidl_typesupport_introspection_cpp\n'}
[2.116529] (-) TimerEvent: {}
[2.124089] (interfaces) StdoutLine: {'line': b'[ 25%] Built target interfaces__rosidl_typesupport_cpp\n'}
[2.196770] (interfaces) StdoutLine: {'line': b'[ 35%] Built target interfaces__rosidl_typesupport_fastrtps_cpp\n'}
[2.216694] (-) TimerEvent: {}
[2.266200] (interfaces) StdoutLine: {'line': b'[ 45%] Built target interfaces__rosidl_generator_c\n'}
[2.316856] (-) TimerEvent: {}
[2.334687] (interfaces) StdoutLine: {'line': b'[ 55%] Built target interfaces__rosidl_typesupport_fastrtps_c\n'}
[2.398079] (interfaces) StdoutLine: {'line': b'[ 65%] Built target interfaces__rosidl_typesupport_c\n'}
[2.417023] (-) TimerEvent: {}
[2.463985] (interfaces) StdoutLine: {'line': b'[ 75%] Built target interfaces__rosidl_typesupport_introspection_c\n'}
[2.517196] (-) TimerEvent: {}
[2.528956] (interfaces) StdoutLine: {'line': b'[ 75%] Built target interfaces\n'}
[2.596255] (interfaces) StdoutLine: {'line': b'[ 77%] Built target interfaces__py\n'}
[2.617420] (-) TimerEvent: {}
[2.671109] (interfaces) StdoutLine: {'line': b'[ 85%] Built target interfaces__rosidl_generator_py\n'}
[2.717591] (-) TimerEvent: {}
[2.741560] (interfaces) StdoutLine: {'line': b'[ 90%] Built target interfaces__rosidl_typesupport_fastrtps_c__pyext\n'}
[2.814144] (interfaces) StdoutLine: {'line': b'[ 95%] Built target interfaces__rosidl_typesupport_c__pyext\n'}
[2.819593] (-) TimerEvent: {}
[2.894531] (interfaces) StdoutLine: {'line': b'[100%] Built target interfaces__rosidl_typesupport_introspection_c__pyext\n'}
[2.919919] (-) TimerEvent: {}
[2.938680] (interfaces) CommandEnded: {'returncode': 0}
[2.941375] (interfaces) JobProgress: {'identifier': 'interfaces', 'progress': 'install'}
[2.942358] (interfaces) Command: {'cmd': ['/usr/bin/cmake', '--install', '/ros2_ws/build/interfaces'], 'cwd': '/ros2_ws/build/interfaces', 'env': OrderedDict([('LESSOPEN', '| /usr/bin/lesspipe %s'), ('HOSTNAME', '4b5b6ba4567e'), ('GIT_ASKPASS', '/root/.vscode-server/bin/8b3775030ed1a69b13e4f4c628c612102e30a681/extensions/git/dist/askpass.sh'), ('SHLVL', '2'), ('LD_LIBRARY_PATH', '/ros2_ws/install/brain_hardware/lib:/ros2_ws/install/brain_controller/lib:/ros2_ws/install/interfaces/lib:/ros2_ws/install/collision_avoidance/lib:/opt/ros/humble/opt/rviz_ogre_vendor/lib:/opt/ros/humble/lib/aarch64-linux-gnu:/opt/ros/humble/lib'), ('BROWSER', '/root/.vscode-server/bin/8b3775030ed1a69b13e4f4c628c612102e30a681/bin/helpers/browser.sh'), ('HOME', '/root'), ('TERM_PROGRAM_VERSION', '1.85.2'), ('VSCODE_IPC_HOOK_CLI', '/tmp/vscode-ipc-2549745c-29a6-40af-b823-6844a5ac7cbe.sock'), ('ROS_PYTHON_VERSION', '3'), ('VSCODE_GIT_ASKPASS_MAIN', '/root/.vscode-server/bin/8b3775030ed1a69b13e4f4c628c612102e30a681/extensions/git/dist/askpass-main.js'), ('PS1', '\\[\x1b]633;A\x07\\]\\u@\\h\\[\\033[01;32m\\](brain)\\[\\033[00m\\]:\\w$ \\[\x1b]633;B\x07\\]'), ('VSCODE_GIT_ASKPASS_NODE', '/root/.vscode-server/bin/8b3775030ed1a69b13e4f4c628c612102e30a681/node'), ('ROS_IP', '10.10.0.2'), ('COLORTERM', 'truecolor'), ('REMOTE_CONTAINERS', 'true'), ('COLCON_PREFIX_PATH', '/ros2_ws/install'), ('ROS_DISTRO', 'humble'), ('REMOTE_CONTAINERS_IPC', '/tmp/vscode-remote-containers-ipc-341e799d-6559-4f55-bd96-503d787638c7.sock'), ('_', '/usr/bin/colcon'), ('ROS_VERSION', '2'), ('TERM', 'xterm-256color'), ('ROS_LOCALHOST_ONLY', '0'), ('PATH', '/ros2_ws/install/oradar_lidar/bin:/root/.vscode-server/bin/8b3775030ed1a69b13e4f4c628c612102e30a681/bin/remote-cli:/opt/ros/humble/bin:/usr/local/sbin:/usr/local/bin:/usr/sbin:/usr/bin:/sbin:/bin'), ('REMOTE_CONTAINERS_SOCKETS', '["/tmp/vscode-ssh-auth-341e799d-6559-4f55-bd96-503d787638c7.sock","/root/.gnupg/S.gpg-agent"]'), ('DISPLAY', ':0'), ('LANG', 'en_US.UTF-8'), ('RMW_IMPLEMENTATION', 'rmw_fastrtps_cpp'), ('LS_COLORS', 'rs=0:di=01;34:ln=01;36:mh=00:pi=40;33:so=01;35:do=01;35:bd=40;33;01:cd=40;33;01:or=40;31;01:mi=00:su=37;41:sg=30;43:ca=30;41:tw=30;42:ow=34;42:st=37;44:ex=01;32:*.tar=01;31:*.tgz=01;31:*.arc=01;31:*.arj=01;31:*.taz=01;31:*.lha=01;31:*.lz4=01;31:*.lzh=01;31:*.lzma=01;31:*.tlz=01;31:*.txz=01;31:*.tzo=01;31:*.t7z=01;31:*.zip=01;31:*.z=01;31:*.dz=01;31:*.gz=01;31:*.lrz=01;31:*.lz=01;31:*.lzo=01;31:*.xz=01;31:*.zst=01;31:*.tzst=01;31:*.bz2=01;31:*.bz=01;31:*.tbz=01;31:*.tbz2=01;31:*.tz=01;31:*.deb=01;31:*.rpm=01;31:*.jar=01;31:*.war=01;31:*.ear=01;31:*.sar=01;31:*.rar=01;31:*.alz=01;31:*.ace=01;31:*.zoo=01;31:*.cpio=01;31:*.7z=01;31:*.rz=01;31:*.cab=01;31:*.wim=01;31:*.swm=01;31:*.dwm=01;31:*.esd=01;31:*.jpg=01;35:*.jpeg=01;35:*.mjpg=01;35:*.mjpeg=01;35:*.gif=01;35:*.bmp=01;35:*.pbm=01;35:*.pgm=01;35:*.ppm=01;35:*.tga=01;35:*.xbm=01;35:*.xpm=01;35:*.tif=01;35:*.tiff=01;35:*.png=01;35:*.svg=01;35:*.svgz=01;35:*.mng=01;35:*.pcx=01;35:*.mov=01;35:*.mpg=01;35:*.mpeg=01;35:*.m2v=01;35:*.mkv=01;35:*.webm=01;35:*.webp=01;35:*.ogm=01;35:*.mp4=01;35:*.m4v=01;35:*.mp4v=01;35:*.vob=01;35:*.qt=01;35:*.nuv=01;35:*.wmv=01;35:*.asf=01;35:*.rm=01;35:*.rmvb=01;35:*.flc=01;35:*.avi=01;35:*.fli=01;35:*.flv=01;35:*.gl=01;35:*.dl=01;35:*.xcf=01;35:*.xwd=01;35:*.yuv=01;35:*.cgm=01;35:*.emf=01;35:*.ogv=01;35:*.ogx=01;35:*.aac=00;36:*.au=00;36:*.flac=00;36:*.m4a=00;36:*.mid=00;36:*.midi=00;36:*.mka=00;36:*.mp3=00;36:*.mpc=00;36:*.ogg=00;36:*.ra=00;36:*.wav=00;36:*.oga=00;36:*.opus=00;36:*.spx=00;36:*.xspf=00;36:'), ('VSCODE_GIT_IPC_HANDLE', '/tmp/vscode-git-b3700a665a.sock'), ('TERM_PROGRAM', 'vscode'), ('SSH_AUTH_SOCK', '/tmp/vscode-ssh-auth-341e799d-6559-4f55-bd96-503d787638c7.sock'), ('ROS_DOMAIN_ID', '42'), ('AMENT_PREFIX_PATH', '/ros2_ws/install/oradar_lidar:/ros2_ws/install/bringup:/ros2_ws/install/description:/ros2_ws/install/brain_hardware:/ros2_ws/install/brain_controller:/ros2_ws/install/interfaces:/ros2_ws/install/collision_avoidance:/opt/ros/humble'), ('SHELL', '/bin/bash'), ('LESSCLOSE', '/usr/bin/lesspipe %s %s'), ('VSCODE_GIT_ASKPASS_EXTRA_ARGS', ''), ('PWD', '/ros2_ws/build/interfaces'), ('PYTHONPATH', '/ros2_ws/install/interfaces/local/lib/python3.10/dist-packages:/opt/ros/humble/lib/python3.10/site-packages:/opt/ros/humble/local/lib/python3.10/dist-packages'), ('ROS_HOSTNAME', '10.10.0.2'), ('COLCON', '1'), ('CMAKE_PREFIX_PATH', '/ros2_ws/install/oradar_lidar:/ros2_ws/install/bringup:/ros2_ws/install/description:/ros2_ws/install/brain_hardware:/ros2_ws/install/brain_controller:/ros2_ws/install/interfaces:/ros2_ws/install/collision_avoidance:/opt/ros/humble')]), 'shell': False}
[2.977589] (interfaces) StdoutLine: {'line': b'-- Install configuration: ""\n'}
[2.979386] (interfaces) StdoutLine: {'line': b'-- Execute custom install script\n'}
[2.981374] (interfaces) StdoutLine: {'line': b'-- Up-to-date symlink: /ros2_ws/install/interfaces/share/ament_index/resource_index/rosidl_interfaces/interfaces\n'}
[2.983200] (interfaces) StdoutLine: {'line': b'-- Up-to-date symlink: /ros2_ws/install/interfaces/include/interfaces/interfaces/msg/detail/motor_cmd__functions.h\n'}
[2.984050] (interfaces) StdoutLine: {'line': b'-- Up-to-date symlink: /ros2_ws/install/interfaces/include/interfaces/interfaces/msg/detail/motor_cmd__struct.h\n'}
[2.984728] (interfaces) StdoutLine: {'line': b'-- Up-to-date symlink: /ros2_ws/install/interfaces/include/interfaces/interfaces/msg/detail/motor_cmd__type_support.h\n'}
[2.988941] (interfaces) StdoutLine: {'line': b'-- Up-to-date symlink: /ros2_ws/install/interfaces/include/interfaces/interfaces/msg/detail/motor_states__functions.h\n'}
[2.989663] (interfaces) StdoutLine: {'line': b'-- Up-to-date symlink: /ros2_ws/install/interfaces/include/interfaces/interfaces/msg/detail/motor_states__struct.h\n'}
[2.990118] (interfaces) StdoutLine: {'line': b'-- Up-to-date symlink: /ros2_ws/install/interfaces/include/interfaces/interfaces/msg/detail/motor_states__type_support.h\n'}
[2.990533] (interfaces) StdoutLine: {'line': b'-- Up-to-date symlink: /ros2_ws/install/interfaces/include/interfaces/interfaces/msg/motor_cmd.h\n'}
[2.990912] (interfaces) StdoutLine: {'line': b'-- Up-to-date symlink: /ros2_ws/install/interfaces/include/interfaces/interfaces/msg/motor_states.h\n'}
[2.991278] (interfaces) StdoutLine: {'line': b'-- Up-to-date symlink: /ros2_ws/install/interfaces/include/interfaces/interfaces/msg/rosidl_generator_c__visibility_control.h\n'}
[2.991646] (interfaces) StdoutLine: {'line': b'-- Up-to-date symlink: /ros2_ws/install/interfaces/share/interfaces/environment/library_path.sh\n'}
[2.992081] (interfaces) StdoutLine: {'line': b'-- Up-to-date symlink: /ros2_ws/install/interfaces/share/interfaces/environment/library_path.dsv\n'}
[2.994790] (interfaces) StdoutLine: {'line': b'-- Up-to-date symlink: /ros2_ws/install/interfaces/include/interfaces/interfaces/msg/detail/motor_cmd__rosidl_typesupport_fastrtps_c.h\n'}
[2.995541] (interfaces) StdoutLine: {'line': b'-- Up-to-date symlink: /ros2_ws/install/interfaces/include/interfaces/interfaces/msg/detail/motor_states__rosidl_typesupport_fastrtps_c.h\n'}
[2.996309] (interfaces) StdoutLine: {'line': b'-- Up-to-date symlink: /ros2_ws/install/interfaces/include/interfaces/interfaces/msg/rosidl_typesupport_fastrtps_c__visibility_control.h\n'}
[2.997370] (interfaces) StdoutLine: {'line': b'-- Up-to-date symlink: /ros2_ws/install/interfaces/include/interfaces/interfaces/msg/detail/motor_cmd__rosidl_typesupport_introspection_c.h\n'}
[2.997957] (interfaces) StdoutLine: {'line': b'-- Up-to-date symlink: /ros2_ws/install/interfaces/include/interfaces/interfaces/msg/detail/motor_states__rosidl_typesupport_introspection_c.h\n'}
[2.998471] (interfaces) StdoutLine: {'line': b'-- Up-to-date symlink: /ros2_ws/install/interfaces/include/interfaces/interfaces/msg/rosidl_typesupport_introspection_c__visibility_control.h\n'}
[3.000122] (interfaces) StdoutLine: {'line': b'-- Up-to-date symlink: /ros2_ws/install/interfaces/include/interfaces/interfaces/msg/detail/motor_cmd__builder.hpp\n'}
[3.000723] (interfaces) StdoutLine: {'line': b'-- Up-to-date symlink: /ros2_ws/install/interfaces/include/interfaces/interfaces/msg/detail/motor_cmd__struct.hpp\n'}
[3.001238] (interfaces) StdoutLine: {'line': b'-- Up-to-date symlink: /ros2_ws/install/interfaces/include/interfaces/interfaces/msg/detail/motor_cmd__traits.hpp\n'}
[3.001732] (interfaces) StdoutLine: {'line': b'-- Up-to-date symlink: /ros2_ws/install/interfaces/include/interfaces/interfaces/msg/detail/motor_cmd__type_support.hpp\n'}
[3.002221] (interfaces) StdoutLine: {'line': b'-- Up-to-date symlink: /ros2_ws/install/interfaces/include/interfaces/interfaces/msg/detail/motor_states__builder.hpp\n'}
[3.002682] (interfaces) StdoutLine: {'line': b'-- Up-to-date symlink: /ros2_ws/install/interfaces/include/interfaces/interfaces/msg/detail/motor_states__struct.hpp\n'}
[3.003143] (interfaces) StdoutLine: {'line': b'-- Up-to-date symlink: /ros2_ws/install/interfaces/include/interfaces/interfaces/msg/detail/motor_states__traits.hpp\n'}
[3.003637] (interfaces) StdoutLine: {'line': b'-- Up-to-date symlink: /ros2_ws/install/interfaces/include/interfaces/interfaces/msg/detail/motor_states__type_support.hpp\n'}
[3.004320] (interfaces) StdoutLine: {'line': b'-- Up-to-date symlink: /ros2_ws/install/interfaces/include/interfaces/interfaces/msg/motor_cmd.hpp\n'}
[3.004846] (interfaces) StdoutLine: {'line': b'-- Up-to-date symlink: /ros2_ws/install/interfaces/include/interfaces/interfaces/msg/motor_states.hpp\n'}
[3.005235] (interfaces) StdoutLine: {'line': b'-- Up-to-date symlink: /ros2_ws/install/interfaces/include/interfaces/interfaces/msg/rosidl_generator_cpp__visibility_control.hpp\n'}
[3.006761] (interfaces) StdoutLine: {'line': b'-- Up-to-date symlink: /ros2_ws/install/interfaces/include/interfaces/interfaces/msg/detail/motor_cmd__rosidl_typesupport_fastrtps_cpp.hpp\n'}
[3.007333] (interfaces) StdoutLine: {'line': b'-- Up-to-date symlink: /ros2_ws/install/interfaces/include/interfaces/interfaces/msg/detail/motor_states__rosidl_typesupport_fastrtps_cpp.hpp\n'}
[3.007852] (interfaces) StdoutLine: {'line': b'-- Up-to-date symlink: /ros2_ws/install/interfaces/include/interfaces/interfaces/msg/rosidl_typesupport_fastrtps_cpp__visibility_control.h\n'}
[3.009198] (interfaces) StdoutLine: {'line': b'-- Up-to-date symlink: /ros2_ws/install/interfaces/include/interfaces/interfaces/msg/detail/motor_cmd__rosidl_typesupport_introspection_cpp.hpp\n'}
[3.009765] (interfaces) StdoutLine: {'line': b'-- Up-to-date symlink: /ros2_ws/install/interfaces/include/interfaces/interfaces/msg/detail/motor_states__rosidl_typesupport_introspection_cpp.hpp\n'}
[3.010294] (interfaces) StdoutLine: {'line': b'-- Up-to-date symlink: /ros2_ws/install/interfaces/share/interfaces/environment/pythonpath.sh\n'}
[3.010966] (interfaces) StdoutLine: {'line': b'-- Up-to-date symlink: /ros2_ws/install/interfaces/share/interfaces/environment/pythonpath.dsv\n'}
[3.012107] (interfaces) StdoutLine: {'line': b'-- Up-to-date symlink: /ros2_ws/install/interfaces/local/lib/python3.10/dist-packages/interfaces-0.0.0-py3.10.egg-info/PKG-INFO\n'}
[3.012626] (interfaces) StdoutLine: {'line': b'-- Up-to-date symlink: /ros2_ws/install/interfaces/local/lib/python3.10/dist-packages/interfaces-0.0.0-py3.10.egg-info/SOURCES.txt\n'}
[3.013141] (interfaces) StdoutLine: {'line': b'-- Up-to-date symlink: /ros2_ws/install/interfaces/local/lib/python3.10/dist-packages/interfaces-0.0.0-py3.10.egg-info/dependency_links.txt\n'}
[3.013637] (interfaces) StdoutLine: {'line': b'-- Up-to-date symlink: /ros2_ws/install/interfaces/local/lib/python3.10/dist-packages/interfaces-0.0.0-py3.10.egg-info/top_level.txt\n'}
[3.016037] (interfaces) StdoutLine: {'line': b'-- Up-to-date symlink: /ros2_ws/install/interfaces/local/lib/python3.10/dist-packages/interfaces/__init__.py\n'}
[3.016580] (interfaces) StdoutLine: {'line': b'-- Up-to-date symlink: /ros2_ws/install/interfaces/local/lib/python3.10/dist-packages/interfaces/_interfaces_s.ep.rosidl_typesupport_c.c\n'}
[3.017076] (interfaces) StdoutLine: {'line': b'-- Up-to-date symlink: /ros2_ws/install/interfaces/local/lib/python3.10/dist-packages/interfaces/_interfaces_s.ep.rosidl_typesupport_fastrtps_c.c\n'}
[3.017572] (interfaces) StdoutLine: {'line': b'-- Up-to-date symlink: /ros2_ws/install/interfaces/local/lib/python3.10/dist-packages/interfaces/_interfaces_s.ep.rosidl_typesupport_introspection_c.c\n'}
[3.018062] (interfaces) StdoutLine: {'line': b'-- Up-to-date symlink: /ros2_ws/install/interfaces/local/lib/python3.10/dist-packages/interfaces/interfaces_s__rosidl_typesupport_c.cpython-310-aarch64-linux-gnu.so\n'}
[3.018552] (interfaces) StdoutLine: {'line': b'-- Up-to-date symlink: /ros2_ws/install/interfaces/local/lib/python3.10/dist-packages/interfaces/interfaces_s__rosidl_typesupport_fastrtps_c.cpython-310-aarch64-linux-gnu.so\n'}
[3.019037] (interfaces) StdoutLine: {'line': b'-- Up-to-date symlink: /ros2_ws/install/interfaces/local/lib/python3.10/dist-packages/interfaces/interfaces_s__rosidl_typesupport_introspection_c.cpython-310-aarch64-linux-gnu.so\n'}
[3.019518] (interfaces) StdoutLine: {'line': b'-- Up-to-date symlink: /ros2_ws/install/interfaces/local/lib/python3.10/dist-packages/interfaces/libinterfaces__rosidl_generator_py.so\n'}
[3.020146] (-) TimerEvent: {}
[3.020792] (interfaces) StdoutLine: {'line': b'-- Up-to-date symlink: /ros2_ws/install/interfaces/local/lib/python3.10/dist-packages/interfaces/msg/__init__.py\n'}
[3.021310] (interfaces) StdoutLine: {'line': b'-- Up-to-date symlink: /ros2_ws/install/interfaces/local/lib/python3.10/dist-packages/interfaces/msg/_motor_cmd.py\n'}
[3.021895] (interfaces) StdoutLine: {'line': b'-- Up-to-date symlink: /ros2_ws/install/interfaces/local/lib/python3.10/dist-packages/interfaces/msg/_motor_cmd_s.c\n'}
[3.022441] (interfaces) StdoutLine: {'line': b'-- Up-to-date symlink: /ros2_ws/install/interfaces/local/lib/python3.10/dist-packages/interfaces/msg/_motor_states.py\n'}
[3.022825] (interfaces) StdoutLine: {'line': b'-- Up-to-date symlink: /ros2_ws/install/interfaces/local/lib/python3.10/dist-packages/interfaces/msg/_motor_states_s.c\n'}
[3.023345] (interfaces) StdoutLine: {'line': b'-- Up-to-date symlink: /ros2_ws/install/interfaces/local/lib/python3.10/dist-packages/interfaces/interfaces_s__rosidl_typesupport_fastrtps_c.cpython-310-aarch64-linux-gnu.so\n'}
[3.024294] (interfaces) StdoutLine: {'line': b'-- Up-to-date symlink: /ros2_ws/install/interfaces/local/lib/python3.10/dist-packages/interfaces/interfaces_s__rosidl_typesupport_introspection_c.cpython-310-aarch64-linux-gnu.so\n'}
[3.025285] (interfaces) StdoutLine: {'line': b'-- Up-to-date symlink: /ros2_ws/install/interfaces/local/lib/python3.10/dist-packages/interfaces/interfaces_s__rosidl_typesupport_c.cpython-310-aarch64-linux-gnu.so\n'}
[3.026663] (interfaces) StdoutLine: {'line': b'-- Up-to-date symlink: /ros2_ws/install/interfaces/share/ament_index/resource_index/rust_packages/interfaces\n'}
[3.028491] (interfaces) StdoutLine: {'line': b'-- Up-to-date symlink: /ros2_ws/install/interfaces/share/interfaces/rust/Cargo.toml\n'}
[3.029336] (interfaces) StdoutLine: {'line': b'-- Up-to-date symlink: /ros2_ws/install/interfaces/share/interfaces/rust/build.rs\n'}
[3.029893] (interfaces) StdoutLine: {'line': b'-- Up-to-date symlink: /ros2_ws/install/interfaces/share/interfaces/rust/src/lib.rs\n'}
[3.030392] (interfaces) StdoutLine: {'line': b'-- Up-to-date symlink: /ros2_ws/install/interfaces/share/interfaces/rust/src/msg.rs\n'}
[3.030891] (interfaces) StdoutLine: {'line': b'-- Up-to-date symlink: /ros2_ws/install/interfaces/share/interfaces/rust/src/msg/rmw.rs\n'}
[3.031397] (interfaces) StdoutLine: {'line': b'-- Up-to-date symlink: /ros2_ws/install/interfaces/share/interfaces/msg/MotorCmd.idl\n'}
[3.032052] (interfaces) StdoutLine: {'line': b'-- Up-to-date symlink: /ros2_ws/install/interfaces/share/interfaces/msg/MotorStates.idl\n'}
[3.032878] (interfaces) StdoutLine: {'line': b'-- Up-to-date symlink: /ros2_ws/install/interfaces/share/interfaces/msg/MotorCmd.msg\n'}
[3.033375] (interfaces) StdoutLine: {'line': b'-- Up-to-date symlink: /ros2_ws/install/interfaces/share/interfaces/msg/MotorStates.msg\n'}
[3.033929] (interfaces) StdoutLine: {'line': b'-- Up-to-date symlink: /ros2_ws/install/interfaces/share/ament_index/resource_index/package_run_dependencies/interfaces\n'}
[3.034585] (interfaces) StdoutLine: {'line': b'-- Up-to-date symlink: /ros2_ws/install/interfaces/share/ament_index/resource_index/parent_prefix_path/interfaces\n'}
[3.035256] (interfaces) StdoutLine: {'line': b'-- Up-to-date symlink: /ros2_ws/install/interfaces/share/interfaces/environment/ament_prefix_path.sh\n'}
[3.035840] (interfaces) StdoutLine: {'line': b'-- Up-to-date symlink: /ros2_ws/install/interfaces/share/interfaces/environment/ament_prefix_path.dsv\n'}
[3.036547] (interfaces) StdoutLine: {'line': b'-- Up-to-date symlink: /ros2_ws/install/interfaces/share/interfaces/environment/path.sh\n'}
[3.037155] (interfaces) StdoutLine: {'line': b'-- Up-to-date symlink: /ros2_ws/install/interfaces/share/interfaces/environment/path.dsv\n'}
[3.037800] (interfaces) StdoutLine: {'line': b'-- Up-to-date symlink: /ros2_ws/install/interfaces/share/interfaces/local_setup.bash\n'}
[3.038409] (interfaces) StdoutLine: {'line': b'-- Up-to-date symlink: /ros2_ws/install/interfaces/share/interfaces/local_setup.sh\n'}
[3.038986] (interfaces) StdoutLine: {'line': b'-- Up-to-date symlink: /ros2_ws/install/interfaces/share/interfaces/local_setup.zsh\n'}
[3.039653] (interfaces) StdoutLine: {'line': b'-- Up-to-date symlink: /ros2_ws/install/interfaces/share/interfaces/local_setup.dsv\n'}
[3.040337] (interfaces) StdoutLine: {'line': b'-- Symlinking: /ros2_ws/install/interfaces/share/interfaces/package.dsv\n'}
[3.073152] (interfaces) StdoutLine: {'line': b'-- Up-to-date symlink: /ros2_ws/install/interfaces/share/ament_index/resource_index/packages/interfaces\n'}
[3.073916] (interfaces) StdoutLine: {'line': b'-- Up-to-date symlink: /ros2_ws/install/interfaces/share/interfaces/cmake/rosidl_cmake-extras.cmake\n'}
[3.074498] (interfaces) StdoutLine: {'line': b'-- Up-to-date symlink: /ros2_ws/install/interfaces/share/interfaces/cmake/ament_cmake_export_include_directories-extras.cmake\n'}
[3.075027] (interfaces) StdoutLine: {'line': b'-- Up-to-date symlink: /ros2_ws/install/interfaces/share/interfaces/cmake/ament_cmake_export_libraries-extras.cmake\n'}
[3.075541] (interfaces) StdoutLine: {'line': b'-- Up-to-date symlink: /ros2_ws/install/interfaces/share/interfaces/cmake/ament_cmake_export_targets-extras.cmake\n'}
[3.076128] (interfaces) StdoutLine: {'line': b'-- Up-to-date symlink: /ros2_ws/install/interfaces/share/interfaces/cmake/rosidl_cmake_export_typesupport_targets-extras.cmake\n'}
[3.076747] (interfaces) StdoutLine: {'line': b'-- Up-to-date symlink: /ros2_ws/install/interfaces/share/interfaces/cmake/ament_cmake_export_dependencies-extras.cmake\n'}
[3.077338] (interfaces) StdoutLine: {'line': b'-- Up-to-date symlink: /ros2_ws/install/interfaces/share/interfaces/cmake/rosidl_cmake_export_typesupport_libraries-extras.cmake\n'}
[3.077922] (interfaces) StdoutLine: {'line': b'-- Up-to-date symlink: /ros2_ws/install/interfaces/share/interfaces/cmake/rosidl_cmake_aggregate_target-extras.cmake\n'}
[3.078534] (interfaces) StdoutLine: {'line': b'-- Up-to-date symlink: /ros2_ws/install/interfaces/share/interfaces/cmake/interfacesConfig.cmake\n'}
[3.079062] (interfaces) StdoutLine: {'line': b'-- Up-to-date symlink: /ros2_ws/install/interfaces/share/interfaces/cmake/interfacesConfig-version.cmake\n'}
[3.079579] (interfaces) StdoutLine: {'line': b'-- Up-to-date symlink: /ros2_ws/install/interfaces/share/interfaces/package.xml\n'}
[3.080408] (interfaces) StdoutLine: {'line': b'-- Up-to-date: /ros2_ws/install/interfaces/lib/libinterfaces__rosidl_generator_c.so\n'}
[3.081848] (interfaces) StdoutLine: {'line': b'-- Up-to-date: /ros2_ws/install/interfaces/lib/libinterfaces__rosidl_typesupport_fastrtps_c.so\n'}
[3.082671] (interfaces) StdoutLine: {'line': b'-- Up-to-date: /ros2_ws/install/interfaces/lib/libinterfaces__rosidl_typesupport_introspection_c.so\n'}
[3.083687] (interfaces) StdoutLine: {'line': b'-- Up-to-date: /ros2_ws/install/interfaces/lib/libinterfaces__rosidl_typesupport_c.so\n'}
[3.084803] (interfaces) StdoutLine: {'line': b'-- Up-to-date: /ros2_ws/install/interfaces/lib/libinterfaces__rosidl_typesupport_fastrtps_cpp.so\n'}
[3.085863] (interfaces) StdoutLine: {'line': b'-- Up-to-date: /ros2_ws/install/interfaces/lib/libinterfaces__rosidl_typesupport_introspection_cpp.so\n'}
[3.086841] (interfaces) StdoutLine: {'line': b'-- Up-to-date: /ros2_ws/install/interfaces/lib/libinterfaces__rosidl_typesupport_cpp.so\n'}
[3.120331] (-) TimerEvent: {}
[3.221394] (-) TimerEvent: {}
[3.232806] (interfaces) StdoutLine: {'line': b"Listing '/ros2_ws/install/interfaces/local/lib/python3.10/dist-packages/interfaces'...\n"}
[3.233688] (interfaces) StdoutLine: {'line': b"Listing '/ros2_ws/install/interfaces/local/lib/python3.10/dist-packages/interfaces/msg'...\n"}
[3.264434] (interfaces) StdoutLine: {'line': b'-- Up-to-date: /ros2_ws/install/interfaces/lib/libinterfaces__rosidl_generator_py.so\n'}
[3.265381] (interfaces) StdoutLine: {'line': b'-- Up-to-date: /ros2_ws/install/interfaces/share/interfaces/cmake/export_interfaces__rosidl_generator_cExport.cmake\n'}
[3.267987] (interfaces) StdoutLine: {'line': b'-- Up-to-date: /ros2_ws/install/interfaces/share/interfaces/cmake/export_interfaces__rosidl_generator_cExport-noconfig.cmake\n'}
[3.268514] (interfaces) StdoutLine: {'line': b'-- Up-to-date: /ros2_ws/install/interfaces/share/interfaces/cmake/export_interfaces__rosidl_typesupport_fastrtps_cExport.cmake\n'}
[3.268935] (interfaces) StdoutLine: {'line': b'-- Up-to-date: /ros2_ws/install/interfaces/share/interfaces/cmake/export_interfaces__rosidl_typesupport_fastrtps_cExport-noconfig.cmake\n'}
[3.276297] (interfaces) StdoutLine: {'line': b'-- Up-to-date: /ros2_ws/install/interfaces/share/interfaces/cmake/interfaces__rosidl_typesupport_introspection_cExport.cmake\n'}
[3.277285] (interfaces) StdoutLine: {'line': b'-- Up-to-date: /ros2_ws/install/interfaces/share/interfaces/cmake/interfaces__rosidl_typesupport_introspection_cExport-noconfig.cmake\n'}
[3.279645] (interfaces) StdoutLine: {'line': b'-- Up-to-date: /ros2_ws/install/interfaces/share/interfaces/cmake/interfaces__rosidl_typesupport_cExport.cmake\n'}
[3.281029] (interfaces) StdoutLine: {'line': b'-- Up-to-date: /ros2_ws/install/interfaces/share/interfaces/cmake/interfaces__rosidl_typesupport_cExport-noconfig.cmake\n'}
[3.281563] (interfaces) StdoutLine: {'line': b'-- Up-to-date: /ros2_ws/install/interfaces/share/interfaces/cmake/export_interfaces__rosidl_generator_cppExport.cmake\n'}
[3.282069] (interfaces) StdoutLine: {'line': b'-- Up-to-date: /ros2_ws/install/interfaces/share/interfaces/cmake/export_interfaces__rosidl_typesupport_fastrtps_cppExport.cmake\n'}
[3.282533] (interfaces) StdoutLine: {'line': b'-- Up-to-date: /ros2_ws/install/interfaces/share/interfaces/cmake/export_interfaces__rosidl_typesupport_fastrtps_cppExport-noconfig.cmake\n'}
[3.282936] (interfaces) StdoutLine: {'line': b'-- Up-to-date: /ros2_ws/install/interfaces/share/interfaces/cmake/interfaces__rosidl_typesupport_introspection_cppExport.cmake\n'}
[3.283391] (interfaces) StdoutLine: {'line': b'-- Up-to-date: /ros2_ws/install/interfaces/share/interfaces/cmake/interfaces__rosidl_typesupport_introspection_cppExport-noconfig.cmake\n'}
[3.288335] (interfaces) StdoutLine: {'line': b'-- Up-to-date: /ros2_ws/install/interfaces/share/interfaces/cmake/interfaces__rosidl_typesupport_cppExport.cmake\n'}
[3.288966] (interfaces) StdoutLine: {'line': b'-- Up-to-date: /ros2_ws/install/interfaces/share/interfaces/cmake/interfaces__rosidl_typesupport_cppExport-noconfig.cmake\n'}
[3.289458] (interfaces) StdoutLine: {'line': b'-- Up-to-date: /ros2_ws/install/interfaces/share/interfaces/cmake/export_interfaces__rosidl_generator_pyExport.cmake\n'}
[3.289871] (interfaces) StdoutLine: {'line': b'-- Up-to-date: /ros2_ws/install/interfaces/share/interfaces/cmake/export_interfaces__rosidl_generator_pyExport-noconfig.cmake\n'}
[3.308560] (interfaces) CommandEnded: {'returncode': 0}
[3.321541] (-) TimerEvent: {}
[3.399285] (interfaces) JobEnded: {'identifier': 'interfaces', 'rc': 0}
[3.403789] (brain_hardware) JobStarted: {'identifier': 'brain_hardware'}
[3.423202] (-) TimerEvent: {}
[3.424544] (brain_controller) JobStarted: {'identifier': 'brain_controller'}
[3.456238] (brain_hardware) JobProgress: {'identifier': 'brain_hardware', 'progress': 'cmake'}
[3.459231] (brain_hardware) JobProgress: {'identifier': 'brain_hardware', 'progress': 'build'}
[3.460620] (brain_hardware) Command: {'cmd': ['/usr/bin/cmake', '--build', '/ros2_ws/build/brain_hardware', '--', '-j4', '-l4'], 'cwd': '/ros2_ws/build/brain_hardware', 'env': OrderedDict([('LESSOPEN', '| /usr/bin/lesspipe %s'), ('HOSTNAME', '4b5b6ba4567e'), ('GIT_ASKPASS', '/root/.vscode-server/bin/8b3775030ed1a69b13e4f4c628c612102e30a681/extensions/git/dist/askpass.sh'), ('SHLVL', '2'), ('LD_LIBRARY_PATH', '/ros2_ws/install/interfaces/lib:/ros2_ws/install/brain_hardware/lib:/ros2_ws/install/brain_controller/lib:/ros2_ws/install/collision_avoidance/lib:/opt/ros/humble/opt/rviz_ogre_vendor/lib:/opt/ros/humble/lib/aarch64-linux-gnu:/opt/ros/humble/lib'), ('BROWSER', '/root/.vscode-server/bin/8b3775030ed1a69b13e4f4c628c612102e30a681/bin/helpers/browser.sh'), ('HOME', '/root'), ('TERM_PROGRAM_VERSION', '1.85.2'), ('VSCODE_IPC_HOOK_CLI', '/tmp/vscode-ipc-2549745c-29a6-40af-b823-6844a5ac7cbe.sock'), ('ROS_PYTHON_VERSION', '3'), ('VSCODE_GIT_ASKPASS_MAIN', '/root/.vscode-server/bin/8b3775030ed1a69b13e4f4c628c612102e30a681/extensions/git/dist/askpass-main.js'), ('PS1', '\\[\x1b]633;A\x07\\]\\u@\\h\\[\\033[01;32m\\](brain)\\[\\033[00m\\]:\\w$ \\[\x1b]633;B\x07\\]'), ('VSCODE_GIT_ASKPASS_NODE', '/root/.vscode-server/bin/8b3775030ed1a69b13e4f4c628c612102e30a681/node'), ('ROS_IP', '10.10.0.2'), ('COLORTERM', 'truecolor'), ('REMOTE_CONTAINERS', 'true'), ('COLCON_PREFIX_PATH', '/ros2_ws/install'), ('ROS_DISTRO', 'humble'), ('REMOTE_CONTAINERS_IPC', '/tmp/vscode-remote-containers-ipc-341e799d-6559-4f55-bd96-503d787638c7.sock'), ('_', '/usr/bin/colcon'), ('ROS_VERSION', '2'), ('TERM', 'xterm-256color'), ('ROS_LOCALHOST_ONLY', '0'), ('PATH', '/ros2_ws/install/oradar_lidar/bin:/root/.vscode-server/bin/8b3775030ed1a69b13e4f4c628c612102e30a681/bin/remote-cli:/opt/ros/humble/bin:/usr/local/sbin:/usr/local/bin:/usr/sbin:/usr/bin:/sbin:/bin'), ('REMOTE_CONTAINERS_SOCKETS', '["/tmp/vscode-ssh-auth-341e799d-6559-4f55-bd96-503d787638c7.sock","/root/.gnupg/S.gpg-agent"]'), ('DISPLAY', ':0'), ('LANG', 'en_US.UTF-8'), ('RMW_IMPLEMENTATION', 'rmw_fastrtps_cpp'), ('LS_COLORS', 'rs=0:di=01;34:ln=01;36:mh=00:pi=40;33:so=01;35:do=01;35:bd=40;33;01:cd=40;33;01:or=40;31;01:mi=00:su=37;41:sg=30;43:ca=30;41:tw=30;42:ow=34;42:st=37;44:ex=01;32:*.tar=01;31:*.tgz=01;31:*.arc=01;31:*.arj=01;31:*.taz=01;31:*.lha=01;31:*.lz4=01;31:*.lzh=01;31:*.lzma=01;31:*.tlz=01;31:*.txz=01;31:*.tzo=01;31:*.t7z=01;31:*.zip=01;31:*.z=01;31:*.dz=01;31:*.gz=01;31:*.lrz=01;31:*.lz=01;31:*.lzo=01;31:*.xz=01;31:*.zst=01;31:*.tzst=01;31:*.bz2=01;31:*.bz=01;31:*.tbz=01;31:*.tbz2=01;31:*.tz=01;31:*.deb=01;31:*.rpm=01;31:*.jar=01;31:*.war=01;31:*.ear=01;31:*.sar=01;31:*.rar=01;31:*.alz=01;31:*.ace=01;31:*.zoo=01;31:*.cpio=01;31:*.7z=01;31:*.rz=01;31:*.cab=01;31:*.wim=01;31:*.swm=01;31:*.dwm=01;31:*.esd=01;31:*.jpg=01;35:*.jpeg=01;35:*.mjpg=01;35:*.mjpeg=01;35:*.gif=01;35:*.bmp=01;35:*.pbm=01;35:*.pgm=01;35:*.ppm=01;35:*.tga=01;35:*.xbm=01;35:*.xpm=01;35:*.tif=01;35:*.tiff=01;35:*.png=01;35:*.svg=01;35:*.svgz=01;35:*.mng=01;35:*.pcx=01;35:*.mov=01;35:*.mpg=01;35:*.mpeg=01;35:*.m2v=01;35:*.mkv=01;35:*.webm=01;35:*.webp=01;35:*.ogm=01;35:*.mp4=01;35:*.m4v=01;35:*.mp4v=01;35:*.vob=01;35:*.qt=01;35:*.nuv=01;35:*.wmv=01;35:*.asf=01;35:*.rm=01;35:*.rmvb=01;35:*.flc=01;35:*.avi=01;35:*.fli=01;35:*.flv=01;35:*.gl=01;35:*.dl=01;35:*.xcf=01;35:*.xwd=01;35:*.yuv=01;35:*.cgm=01;35:*.emf=01;35:*.ogv=01;35:*.ogx=01;35:*.aac=00;36:*.au=00;36:*.flac=00;36:*.m4a=00;36:*.mid=00;36:*.midi=00;36:*.mka=00;36:*.mp3=00;36:*.mpc=00;36:*.ogg=00;36:*.ra=00;36:*.wav=00;36:*.oga=00;36:*.opus=00;36:*.spx=00;36:*.xspf=00;36:'), ('VSCODE_GIT_IPC_HANDLE', '/tmp/vscode-git-b3700a665a.sock'), ('TERM_PROGRAM', 'vscode'), ('SSH_AUTH_SOCK', '/tmp/vscode-ssh-auth-341e799d-6559-4f55-bd96-503d787638c7.sock'), ('ROS_DOMAIN_ID', '42'), ('AMENT_PREFIX_PATH', '/ros2_ws/install/oradar_lidar:/ros2_ws/install/bringup:/ros2_ws/install/description:/ros2_ws/install/brain_hardware:/ros2_ws/install/brain_controller:/ros2_ws/install/interfaces:/ros2_ws/install/collision_avoidance:/opt/ros/humble'), ('SHELL', '/bin/bash'), ('LESSCLOSE', '/usr/bin/lesspipe %s %s'), ('VSCODE_GIT_ASKPASS_EXTRA_ARGS', ''), ('PWD', '/ros2_ws/build/brain_hardware'), ('PYTHONPATH', '/ros2_ws/install/interfaces/local/lib/python3.10/dist-packages:/opt/ros/humble/lib/python3.10/site-packages:/opt/ros/humble/local/lib/python3.10/dist-packages'), ('ROS_HOSTNAME', '10.10.0.2'), ('COLCON', '1'), ('CMAKE_PREFIX_PATH', '/ros2_ws/install/interfaces:/ros2_ws/install/oradar_lidar:/ros2_ws/install/bringup:/ros2_ws/install/description:/ros2_ws/install/brain_hardware:/ros2_ws/install/brain_controller:/ros2_ws/install/collision_avoidance:/opt/ros/humble')]), 'shell': False}
[3.476597] (brain_controller) JobProgress: {'identifier': 'brain_controller', 'progress': 'cmake'}
[3.480352] (brain_controller) JobProgress: {'identifier': 'brain_controller', 'progress': 'build'}
[3.482004] (brain_controller) Command: {'cmd': ['/usr/bin/cmake', '--build', '/ros2_ws/build/brain_controller', '--', '-j4', '-l4'], 'cwd': '/ros2_ws/build/brain_controller', 'env': OrderedDict([('LESSOPEN', '| /usr/bin/lesspipe %s'), ('HOSTNAME', '4b5b6ba4567e'), ('GIT_ASKPASS', '/root/.vscode-server/bin/8b3775030ed1a69b13e4f4c628c612102e30a681/extensions/git/dist/askpass.sh'), ('SHLVL', '2'), ('LD_LIBRARY_PATH', '/ros2_ws/install/interfaces/lib:/ros2_ws/install/brain_hardware/lib:/ros2_ws/install/brain_controller/lib:/ros2_ws/install/collision_avoidance/lib:/opt/ros/humble/opt/rviz_ogre_vendor/lib:/opt/ros/humble/lib/aarch64-linux-gnu:/opt/ros/humble/lib'), ('BROWSER', '/root/.vscode-server/bin/8b3775030ed1a69b13e4f4c628c612102e30a681/bin/helpers/browser.sh'), ('HOME', '/root'), ('TERM_PROGRAM_VERSION', '1.85.2'), ('VSCODE_IPC_HOOK_CLI', '/tmp/vscode-ipc-2549745c-29a6-40af-b823-6844a5ac7cbe.sock'), ('ROS_PYTHON_VERSION', '3'), ('VSCODE_GIT_ASKPASS_MAIN', '/root/.vscode-server/bin/8b3775030ed1a69b13e4f4c628c612102e30a681/extensions/git/dist/askpass-main.js'), ('PS1', '\\[\x1b]633;A\x07\\]\\u@\\h\\[\\033[01;32m\\](brain)\\[\\033[00m\\]:\\w$ \\[\x1b]633;B\x07\\]'), ('VSCODE_GIT_ASKPASS_NODE', '/root/.vscode-server/bin/8b3775030ed1a69b13e4f4c628c612102e30a681/node'), ('ROS_IP', '10.10.0.2'), ('COLORTERM', 'truecolor'), ('REMOTE_CONTAINERS', 'true'), ('COLCON_PREFIX_PATH', '/ros2_ws/install'), ('ROS_DISTRO', 'humble'), ('REMOTE_CONTAINERS_IPC', '/tmp/vscode-remote-containers-ipc-341e799d-6559-4f55-bd96-503d787638c7.sock'), ('_', '/usr/bin/colcon'), ('ROS_VERSION', '2'), ('TERM', 'xterm-256color'), ('ROS_LOCALHOST_ONLY', '0'), ('PATH', '/ros2_ws/install/oradar_lidar/bin:/root/.vscode-server/bin/8b3775030ed1a69b13e4f4c628c612102e30a681/bin/remote-cli:/opt/ros/humble/bin:/usr/local/sbin:/usr/local/bin:/usr/sbin:/usr/bin:/sbin:/bin'), ('REMOTE_CONTAINERS_SOCKETS', '["/tmp/vscode-ssh-auth-341e799d-6559-4f55-bd96-503d787638c7.sock","/root/.gnupg/S.gpg-agent"]'), ('DISPLAY', ':0'), ('LANG', 'en_US.UTF-8'), ('RMW_IMPLEMENTATION', 'rmw_fastrtps_cpp'), ('LS_COLORS', 'rs=0:di=01;34:ln=01;36:mh=00:pi=40;33:so=01;35:do=01;35:bd=40;33;01:cd=40;33;01:or=40;31;01:mi=00:su=37;41:sg=30;43:ca=30;41:tw=30;42:ow=34;42:st=37;44:ex=01;32:*.tar=01;31:*.tgz=01;31:*.arc=01;31:*.arj=01;31:*.taz=01;31:*.lha=01;31:*.lz4=01;31:*.lzh=01;31:*.lzma=01;31:*.tlz=01;31:*.txz=01;31:*.tzo=01;31:*.t7z=01;31:*.zip=01;31:*.z=01;31:*.dz=01;31:*.gz=01;31:*.lrz=01;31:*.lz=01;31:*.lzo=01;31:*.xz=01;31:*.zst=01;31:*.tzst=01;31:*.bz2=01;31:*.bz=01;31:*.tbz=01;31:*.tbz2=01;31:*.tz=01;31:*.deb=01;31:*.rpm=01;31:*.jar=01;31:*.war=01;31:*.ear=01;31:*.sar=01;31:*.rar=01;31:*.alz=01;31:*.ace=01;31:*.zoo=01;31:*.cpio=01;31:*.7z=01;31:*.rz=01;31:*.cab=01;31:*.wim=01;31:*.swm=01;31:*.dwm=01;31:*.esd=01;31:*.jpg=01;35:*.jpeg=01;35:*.mjpg=01;35:*.mjpeg=01;35:*.gif=01;35:*.bmp=01;35:*.pbm=01;35:*.pgm=01;35:*.ppm=01;35:*.tga=01;35:*.xbm=01;35:*.xpm=01;35:*.tif=01;35:*.tiff=01;35:*.png=01;35:*.svg=01;35:*.svgz=01;35:*.mng=01;35:*.pcx=01;35:*.mov=01;35:*.mpg=01;35:*.mpeg=01;35:*.m2v=01;35:*.mkv=01;35:*.webm=01;35:*.webp=01;35:*.ogm=01;35:*.mp4=01;35:*.m4v=01;35:*.mp4v=01;35:*.vob=01;35:*.qt=01;35:*.nuv=01;35:*.wmv=01;35:*.asf=01;35:*.rm=01;35:*.rmvb=01;35:*.flc=01;35:*.avi=01;35:*.fli=01;35:*.flv=01;35:*.gl=01;35:*.dl=01;35:*.xcf=01;35:*.xwd=01;35:*.yuv=01;35:*.cgm=01;35:*.emf=01;35:*.ogv=01;35:*.ogx=01;35:*.aac=00;36:*.au=00;36:*.flac=00;36:*.m4a=00;36:*.mid=00;36:*.midi=00;36:*.mka=00;36:*.mp3=00;36:*.mpc=00;36:*.ogg=00;36:*.ra=00;36:*.wav=00;36:*.oga=00;36:*.opus=00;36:*.spx=00;36:*.xspf=00;36:'), ('VSCODE_GIT_IPC_HANDLE', '/tmp/vscode-git-b3700a665a.sock'), ('TERM_PROGRAM', 'vscode'), ('SSH_AUTH_SOCK', '/tmp/vscode-ssh-auth-341e799d-6559-4f55-bd96-503d787638c7.sock'), ('ROS_DOMAIN_ID', '42'), ('AMENT_PREFIX_PATH', '/ros2_ws/install/oradar_lidar:/ros2_ws/install/bringup:/ros2_ws/install/description:/ros2_ws/install/brain_hardware:/ros2_ws/install/brain_controller:/ros2_ws/install/interfaces:/ros2_ws/install/collision_avoidance:/opt/ros/humble'), ('SHELL', '/bin/bash'), ('LESSCLOSE', '/usr/bin/lesspipe %s %s'), ('VSCODE_GIT_ASKPASS_EXTRA_ARGS', ''), ('PWD', '/ros2_ws/build/brain_controller'), ('PYTHONPATH', '/ros2_ws/install/interfaces/local/lib/python3.10/dist-packages:/opt/ros/humble/lib/python3.10/site-packages:/opt/ros/humble/local/lib/python3.10/dist-packages'), ('ROS_HOSTNAME', '10.10.0.2'), ('COLCON', '1'), ('CMAKE_PREFIX_PATH', '/ros2_ws/install/interfaces:/ros2_ws/install/oradar_lidar:/ros2_ws/install/bringup:/ros2_ws/install/description:/ros2_ws/install/brain_hardware:/ros2_ws/install/brain_controller:/ros2_ws/install/collision_avoidance:/opt/ros/humble')]), 'shell': False}
[3.523402] (-) TimerEvent: {}
[3.624994] (-) TimerEvent: {}
[3.718358] (brain_hardware) StdoutLine: {'line': b'[100%] Built target brain_hardware\n'}
[3.725180] (-) TimerEvent: {}
[3.778522] (brain_hardware) CommandEnded: {'returncode': 0}
[3.780192] (brain_hardware) JobProgress: {'identifier': 'brain_hardware', 'progress': 'install'}
[3.780365] (brain_hardware) Command: {'cmd': ['/usr/bin/cmake', '--install', '/ros2_ws/build/brain_hardware'], 'cwd': '/ros2_ws/build/brain_hardware', 'env': OrderedDict([('LESSOPEN', '| /usr/bin/lesspipe %s'), ('HOSTNAME', '4b5b6ba4567e'), ('GIT_ASKPASS', '/root/.vscode-server/bin/8b3775030ed1a69b13e4f4c628c612102e30a681/extensions/git/dist/askpass.sh'), ('SHLVL', '2'), ('LD_LIBRARY_PATH', '/ros2_ws/install/interfaces/lib:/ros2_ws/install/brain_hardware/lib:/ros2_ws/install/brain_controller/lib:/ros2_ws/install/collision_avoidance/lib:/opt/ros/humble/opt/rviz_ogre_vendor/lib:/opt/ros/humble/lib/aarch64-linux-gnu:/opt/ros/humble/lib'), ('BROWSER', '/root/.vscode-server/bin/8b3775030ed1a69b13e4f4c628c612102e30a681/bin/helpers/browser.sh'), ('HOME', '/root'), ('TERM_PROGRAM_VERSION', '1.85.2'), ('VSCODE_IPC_HOOK_CLI', '/tmp/vscode-ipc-2549745c-29a6-40af-b823-6844a5ac7cbe.sock'), ('ROS_PYTHON_VERSION', '3'), ('VSCODE_GIT_ASKPASS_MAIN', '/root/.vscode-server/bin/8b3775030ed1a69b13e4f4c628c612102e30a681/extensions/git/dist/askpass-main.js'), ('PS1', '\\[\x1b]633;A\x07\\]\\u@\\h\\[\\033[01;32m\\](brain)\\[\\033[00m\\]:\\w$ \\[\x1b]633;B\x07\\]'), ('VSCODE_GIT_ASKPASS_NODE', '/root/.vscode-server/bin/8b3775030ed1a69b13e4f4c628c612102e30a681/node'), ('ROS_IP', '10.10.0.2'), ('COLORTERM', 'truecolor'), ('REMOTE_CONTAINERS', 'true'), ('COLCON_PREFIX_PATH', '/ros2_ws/install'), ('ROS_DISTRO', 'humble'), ('REMOTE_CONTAINERS_IPC', '/tmp/vscode-remote-containers-ipc-341e799d-6559-4f55-bd96-503d787638c7.sock'), ('_', '/usr/bin/colcon'), ('ROS_VERSION', '2'), ('TERM', 'xterm-256color'), ('ROS_LOCALHOST_ONLY', '0'), ('PATH', '/ros2_ws/install/oradar_lidar/bin:/root/.vscode-server/bin/8b3775030ed1a69b13e4f4c628c612102e30a681/bin/remote-cli:/opt/ros/humble/bin:/usr/local/sbin:/usr/local/bin:/usr/sbin:/usr/bin:/sbin:/bin'), ('REMOTE_CONTAINERS_SOCKETS', '["/tmp/vscode-ssh-auth-341e799d-6559-4f55-bd96-503d787638c7.sock","/root/.gnupg/S.gpg-agent"]'), ('DISPLAY', ':0'), ('LANG', 'en_US.UTF-8'), ('RMW_IMPLEMENTATION', 'rmw_fastrtps_cpp'), ('LS_COLORS', 'rs=0:di=01;34:ln=01;36:mh=00:pi=40;33:so=01;35:do=01;35:bd=40;33;01:cd=40;33;01:or=40;31;01:mi=00:su=37;41:sg=30;43:ca=30;41:tw=30;42:ow=34;42:st=37;44:ex=01;32:*.tar=01;31:*.tgz=01;31:*.arc=01;31:*.arj=01;31:*.taz=01;31:*.lha=01;31:*.lz4=01;31:*.lzh=01;31:*.lzma=01;31:*.tlz=01;31:*.txz=01;31:*.tzo=01;31:*.t7z=01;31:*.zip=01;31:*.z=01;31:*.dz=01;31:*.gz=01;31:*.lrz=01;31:*.lz=01;31:*.lzo=01;31:*.xz=01;31:*.zst=01;31:*.tzst=01;31:*.bz2=01;31:*.bz=01;31:*.tbz=01;31:*.tbz2=01;31:*.tz=01;31:*.deb=01;31:*.rpm=01;31:*.jar=01;31:*.war=01;31:*.ear=01;31:*.sar=01;31:*.rar=01;31:*.alz=01;31:*.ace=01;31:*.zoo=01;31:*.cpio=01;31:*.7z=01;31:*.rz=01;31:*.cab=01;31:*.wim=01;31:*.swm=01;31:*.dwm=01;31:*.esd=01;31:*.jpg=01;35:*.jpeg=01;35:*.mjpg=01;35:*.mjpeg=01;35:*.gif=01;35:*.bmp=01;35:*.pbm=01;35:*.pgm=01;35:*.ppm=01;35:*.tga=01;35:*.xbm=01;35:*.xpm=01;35:*.tif=01;35:*.tiff=01;35:*.png=01;35:*.svg=01;35:*.svgz=01;35:*.mng=01;35:*.pcx=01;35:*.mov=01;35:*.mpg=01;35:*.mpeg=01;35:*.m2v=01;35:*.mkv=01;35:*.webm=01;35:*.webp=01;35:*.ogm=01;35:*.mp4=01;35:*.m4v=01;35:*.mp4v=01;35:*.vob=01;35:*.qt=01;35:*.nuv=01;35:*.wmv=01;35:*.asf=01;35:*.rm=01;35:*.rmvb=01;35:*.flc=01;35:*.avi=01;35:*.fli=01;35:*.flv=01;35:*.gl=01;35:*.dl=01;35:*.xcf=01;35:*.xwd=01;35:*.yuv=01;35:*.cgm=01;35:*.emf=01;35:*.ogv=01;35:*.ogx=01;35:*.aac=00;36:*.au=00;36:*.flac=00;36:*.m4a=00;36:*.mid=00;36:*.midi=00;36:*.mka=00;36:*.mp3=00;36:*.mpc=00;36:*.ogg=00;36:*.ra=00;36:*.wav=00;36:*.oga=00;36:*.opus=00;36:*.spx=00;36:*.xspf=00;36:'), ('VSCODE_GIT_IPC_HANDLE', '/tmp/vscode-git-b3700a665a.sock'), ('TERM_PROGRAM', 'vscode'), ('SSH_AUTH_SOCK', '/tmp/vscode-ssh-auth-341e799d-6559-4f55-bd96-503d787638c7.sock'), ('ROS_DOMAIN_ID', '42'), ('AMENT_PREFIX_PATH', '/ros2_ws/install/oradar_lidar:/ros2_ws/install/bringup:/ros2_ws/install/description:/ros2_ws/install/brain_hardware:/ros2_ws/install/brain_controller:/ros2_ws/install/interfaces:/ros2_ws/install/collision_avoidance:/opt/ros/humble'), ('SHELL', '/bin/bash'), ('LESSCLOSE', '/usr/bin/lesspipe %s %s'), ('VSCODE_GIT_ASKPASS_EXTRA_ARGS', ''), ('PWD', '/ros2_ws/build/brain_hardware'), ('PYTHONPATH', '/ros2_ws/install/interfaces/local/lib/python3.10/dist-packages:/opt/ros/humble/lib/python3.10/site-packages:/opt/ros/humble/local/lib/python3.10/dist-packages'), ('ROS_HOSTNAME', '10.10.0.2'), ('COLCON', '1'), ('CMAKE_PREFIX_PATH', '/ros2_ws/install/interfaces:/ros2_ws/install/oradar_lidar:/ros2_ws/install/bringup:/ros2_ws/install/description:/ros2_ws/install/brain_hardware:/ros2_ws/install/brain_controller:/ros2_ws/install/collision_avoidance:/opt/ros/humble')]), 'shell': False}
[3.799540] (brain_controller) StdoutLine: {'line': b'[100%] Built target brain_controller\n'}
[3.801957] (brain_hardware) StdoutLine: {'line': b'-- Install configuration: ""\n'}
[3.803691] (brain_hardware) StdoutLine: {'line': b'-- Execute custom install script\n'}
[3.804689] (brain_hardware) StdoutLine: {'line': b'-- Up-to-date symlink: /ros2_ws/install/brain_hardware/share/brain_hardware//brain_hardware_plugins.xml\n'}
[3.805491] (brain_hardware) StdoutLine: {'line': b'-- Up-to-date symlink: /ros2_ws/install/brain_hardware/lib/libbrain_hardware.so\n'}
[3.806822] (brain_hardware) StdoutLine: {'line': b'-- Up-to-date symlink: /ros2_ws/install/brain_hardware/include/brain_hardware/brain_hardware/brain_system_hardware.hpp\n'}
[3.807474] (brain_hardware) StdoutLine: {'line': b'-- Up-to-date symlink: /ros2_ws/install/brain_hardware/share/brain_hardware/brain_hardware_plugins.xml\n'}
[3.808360] (brain_hardware) StdoutLine: {'line': b'-- Up-to-date symlink: /ros2_ws/install/brain_hardware/share/brain_hardware/environment/library_path.sh\n'}
[3.809045] (brain_hardware) StdoutLine: {'line': b'-- Up-to-date symlink: /ros2_ws/install/brain_hardware/share/brain_hardware/environment/library_path.dsv\n'}
[3.809824] (brain_hardware) StdoutLine: {'line': b'-- Up-to-date symlink: /ros2_ws/install/brain_hardware/share/ament_index/resource_index/package_run_dependencies/brain_hardware\n'}
[3.810564] (brain_hardware) StdoutLine: {'line': b'-- Up-to-date symlink: /ros2_ws/install/brain_hardware/share/ament_index/resource_index/parent_prefix_path/brain_hardware\n'}
[3.811547] (brain_hardware) StdoutLine: {'line': b'-- Up-to-date symlink: /ros2_ws/install/brain_hardware/share/brain_hardware/environment/ament_prefix_path.sh\n'}
[3.812325] (brain_hardware) StdoutLine: {'line': b'-- Up-to-date symlink: /ros2_ws/install/brain_hardware/share/brain_hardware/environment/ament_prefix_path.dsv\n'}
[3.813452] (brain_hardware) StdoutLine: {'line': b'-- Up-to-date symlink: /ros2_ws/install/brain_hardware/share/brain_hardware/environment/path.sh\n'}
[3.814108] (brain_hardware) StdoutLine: {'line': b'-- Up-to-date symlink: /ros2_ws/install/brain_hardware/share/brain_hardware/environment/path.dsv\n'}
[3.814689] (brain_hardware) StdoutLine: {'line': b'-- Up-to-date symlink: /ros2_ws/install/brain_hardware/share/brain_hardware/local_setup.bash\n'}
[3.815287] (brain_hardware) StdoutLine: {'line': b'-- Up-to-date symlink: /ros2_ws/install/brain_hardware/share/brain_hardware/local_setup.sh\n'}
[3.815943] (brain_hardware) StdoutLine: {'line': b'-- Up-to-date symlink: /ros2_ws/install/brain_hardware/share/brain_hardware/local_setup.zsh\n'}
[3.816723] (brain_hardware) StdoutLine: {'line': b'-- Up-to-date symlink: /ros2_ws/install/brain_hardware/share/brain_hardware/local_setup.dsv\n'}
[3.817317] (brain_hardware) StdoutLine: {'line': b'-- Symlinking: /ros2_ws/install/brain_hardware/share/brain_hardware/package.dsv\n'}
[3.825351] (-) TimerEvent: {}
[3.854851] (brain_controller) CommandEnded: {'returncode': 0}
[3.857461] (brain_controller) JobProgress: {'identifier': 'brain_controller', 'progress': 'install'}
[3.858524] (brain_controller) Command: {'cmd': ['/usr/bin/cmake', '--install', '/ros2_ws/build/brain_controller'], 'cwd': '/ros2_ws/build/brain_controller', 'env': OrderedDict([('LESSOPEN', '| /usr/bin/lesspipe %s'), ('HOSTNAME', '4b5b6ba4567e'), ('GIT_ASKPASS', '/root/.vscode-server/bin/8b3775030ed1a69b13e4f4c628c612102e30a681/extensions/git/dist/askpass.sh'), ('SHLVL', '2'), ('LD_LIBRARY_PATH', '/ros2_ws/install/interfaces/lib:/ros2_ws/install/brain_hardware/lib:/ros2_ws/install/brain_controller/lib:/ros2_ws/install/collision_avoidance/lib:/opt/ros/humble/opt/rviz_ogre_vendor/lib:/opt/ros/humble/lib/aarch64-linux-gnu:/opt/ros/humble/lib'), ('BROWSER', '/root/.vscode-server/bin/8b3775030ed1a69b13e4f4c628c612102e30a681/bin/helpers/browser.sh'), ('HOME', '/root'), ('TERM_PROGRAM_VERSION', '1.85.2'), ('VSCODE_IPC_HOOK_CLI', '/tmp/vscode-ipc-2549745c-29a6-40af-b823-6844a5ac7cbe.sock'), ('ROS_PYTHON_VERSION', '3'), ('VSCODE_GIT_ASKPASS_MAIN', '/root/.vscode-server/bin/8b3775030ed1a69b13e4f4c628c612102e30a681/extensions/git/dist/askpass-main.js'), ('PS1', '\\[\x1b]633;A\x07\\]\\u@\\h\\[\\033[01;32m\\](brain)\\[\\033[00m\\]:\\w$ \\[\x1b]633;B\x07\\]'), ('VSCODE_GIT_ASKPASS_NODE', '/root/.vscode-server/bin/8b3775030ed1a69b13e4f4c628c612102e30a681/node'), ('ROS_IP', '10.10.0.2'), ('COLORTERM', 'truecolor'), ('REMOTE_CONTAINERS', 'true'), ('COLCON_PREFIX_PATH', '/ros2_ws/install'), ('ROS_DISTRO', 'humble'), ('REMOTE_CONTAINERS_IPC', '/tmp/vscode-remote-containers-ipc-341e799d-6559-4f55-bd96-503d787638c7.sock'), ('_', '/usr/bin/colcon'), ('ROS_VERSION', '2'), ('TERM', 'xterm-256color'), ('ROS_LOCALHOST_ONLY', '0'), ('PATH', '/ros2_ws/install/oradar_lidar/bin:/root/.vscode-server/bin/8b3775030ed1a69b13e4f4c628c612102e30a681/bin/remote-cli:/opt/ros/humble/bin:/usr/local/sbin:/usr/local/bin:/usr/sbin:/usr/bin:/sbin:/bin'), ('REMOTE_CONTAINERS_SOCKETS', '["/tmp/vscode-ssh-auth-341e799d-6559-4f55-bd96-503d787638c7.sock","/root/.gnupg/S.gpg-agent"]'), ('DISPLAY', ':0'), ('LANG', 'en_US.UTF-8'), ('RMW_IMPLEMENTATION', 'rmw_fastrtps_cpp'), ('LS_COLORS', 'rs=0:di=01;34:ln=01;36:mh=00:pi=40;33:so=01;35:do=01;35:bd=40;33;01:cd=40;33;01:or=40;31;01:mi=00:su=37;41:sg=30;43:ca=30;41:tw=30;42:ow=34;42:st=37;44:ex=01;32:*.tar=01;31:*.tgz=01;31:*.arc=01;31:*.arj=01;31:*.taz=01;31:*.lha=01;31:*.lz4=01;31:*.lzh=01;31:*.lzma=01;31:*.tlz=01;31:*.txz=01;31:*.tzo=01;31:*.t7z=01;31:*.zip=01;31:*.z=01;31:*.dz=01;31:*.gz=01;31:*.lrz=01;31:*.lz=01;31:*.lzo=01;31:*.xz=01;31:*.zst=01;31:*.tzst=01;31:*.bz2=01;31:*.bz=01;31:*.tbz=01;31:*.tbz2=01;31:*.tz=01;31:*.deb=01;31:*.rpm=01;31:*.jar=01;31:*.war=01;31:*.ear=01;31:*.sar=01;31:*.rar=01;31:*.alz=01;31:*.ace=01;31:*.zoo=01;31:*.cpio=01;31:*.7z=01;31:*.rz=01;31:*.cab=01;31:*.wim=01;31:*.swm=01;31:*.dwm=01;31:*.esd=01;31:*.jpg=01;35:*.jpeg=01;35:*.mjpg=01;35:*.mjpeg=01;35:*.gif=01;35:*.bmp=01;35:*.pbm=01;35:*.pgm=01;35:*.ppm=01;35:*.tga=01;35:*.xbm=01;35:*.xpm=01;35:*.tif=01;35:*.tiff=01;35:*.png=01;35:*.svg=01;35:*.svgz=01;35:*.mng=01;35:*.pcx=01;35:*.mov=01;35:*.mpg=01;35:*.mpeg=01;35:*.m2v=01;35:*.mkv=01;35:*.webm=01;35:*.webp=01;35:*.ogm=01;35:*.mp4=01;35:*.m4v=01;35:*.mp4v=01;35:*.vob=01;35:*.qt=01;35:*.nuv=01;35:*.wmv=01;35:*.asf=01;35:*.rm=01;35:*.rmvb=01;35:*.flc=01;35:*.avi=01;35:*.fli=01;35:*.flv=01;35:*.gl=01;35:*.dl=01;35:*.xcf=01;35:*.xwd=01;35:*.yuv=01;35:*.cgm=01;35:*.emf=01;35:*.ogv=01;35:*.ogx=01;35:*.aac=00;36:*.au=00;36:*.flac=00;36:*.m4a=00;36:*.mid=00;36:*.midi=00;36:*.mka=00;36:*.mp3=00;36:*.mpc=00;36:*.ogg=00;36:*.ra=00;36:*.wav=00;36:*.oga=00;36:*.opus=00;36:*.spx=00;36:*.xspf=00;36:'), ('VSCODE_GIT_IPC_HANDLE', '/tmp/vscode-git-b3700a665a.sock'), ('TERM_PROGRAM', 'vscode'), ('SSH_AUTH_SOCK', '/tmp/vscode-ssh-auth-341e799d-6559-4f55-bd96-503d787638c7.sock'), ('ROS_DOMAIN_ID', '42'), ('AMENT_PREFIX_PATH', '/ros2_ws/install/oradar_lidar:/ros2_ws/install/bringup:/ros2_ws/install/description:/ros2_ws/install/brain_hardware:/ros2_ws/install/brain_controller:/ros2_ws/install/interfaces:/ros2_ws/install/collision_avoidance:/opt/ros/humble'), ('SHELL', '/bin/bash'), ('LESSCLOSE', '/usr/bin/lesspipe %s %s'), ('VSCODE_GIT_ASKPASS_EXTRA_ARGS', ''), ('PWD', '/ros2_ws/build/brain_controller'), ('PYTHONPATH', '/ros2_ws/install/interfaces/local/lib/python3.10/dist-packages:/opt/ros/humble/lib/python3.10/site-packages:/opt/ros/humble/local/lib/python3.10/dist-packages'), ('ROS_HOSTNAME', '10.10.0.2'), ('COLCON', '1'), ('CMAKE_PREFIX_PATH', '/ros2_ws/install/interfaces:/ros2_ws/install/oradar_lidar:/ros2_ws/install/bringup:/ros2_ws/install/description:/ros2_ws/install/brain_hardware:/ros2_ws/install/brain_controller:/ros2_ws/install/collision_avoidance:/opt/ros/humble')]), 'shell': False}
[3.873529] (brain_hardware) StdoutLine: {'line': b'-- Up-to-date symlink: /ros2_ws/install/brain_hardware/share/ament_index/resource_index/packages/brain_hardware\n'}
[3.875180] (brain_hardware) StdoutLine: {'line': b'-- Up-to-date symlink: /ros2_ws/install/brain_hardware/share/ament_index/resource_index/hardware_interface__pluginlib__plugin/brain_hardware\n'}
[3.875808] (brain_hardware) StdoutLine: {'line': b'-- Up-to-date symlink: /ros2_ws/install/brain_hardware/share/brain_hardware/cmake/ament_cmake_export_include_directories-extras.cmake\n'}
[3.876377] (brain_hardware) StdoutLine: {'line': b'-- Up-to-date symlink: /ros2_ws/install/brain_hardware/share/brain_hardware/cmake/ament_cmake_export_libraries-extras.cmake\n'}
[3.876872] (brain_hardware) StdoutLine: {'line': b'-- Up-to-date symlink: /ros2_ws/install/brain_hardware/share/brain_hardware/cmake/ament_cmake_export_dependencies-extras.cmake\n'}
[3.877477] (brain_hardware) StdoutLine: {'line': b'-- Up-to-date symlink: /ros2_ws/install/brain_hardware/share/brain_hardware/cmake/brain_hardwareConfig.cmake\n'}
[3.877916] (brain_hardware) StdoutLine: {'line': b'-- Up-to-date symlink: /ros2_ws/install/brain_hardware/share/brain_hardware/cmake/brain_hardwareConfig-version.cmake\n'}
[3.878389] (brain_hardware) StdoutLine: {'line': b'-- Up-to-date symlink: /ros2_ws/install/brain_hardware/share/brain_hardware/package.xml\n'}
[3.890241] (brain_hardware) CommandEnded: {'returncode': 0}
[3.899572] (brain_controller) StdoutLine: {'line': b'-- Install configuration: ""\n'}
[3.900887] (brain_controller) StdoutLine: {'line': b'-- Execute custom install script\n'}
[3.902472] (brain_controller) StdoutLine: {'line': b'-- Up-to-date symlink: /ros2_ws/install/brain_controller/share/brain_controller//brain_controller_plugins.xml\n'}
[3.903053] (brain_controller) StdoutLine: {'line': b'-- Up-to-date symlink: /ros2_ws/install/brain_controller/lib/libbrain_controller.so\n'}
[3.904249] (brain_controller) StdoutLine: {'line': b'-- Up-to-date symlink: /ros2_ws/install/brain_controller/include/brain_controller/brain_controller/brain_controller.hpp\n'}
[3.905066] (brain_controller) StdoutLine: {'line': b'-- Up-to-date symlink: /ros2_ws/install/brain_controller/share/brain_controller/brain_controller_plugins.xml\n'}
[3.905855] (brain_controller) StdoutLine: {'line': b'-- Up-to-date symlink: /ros2_ws/install/brain_controller/share/brain_controller/environment/library_path.sh\n'}
[3.906547] (brain_controller) StdoutLine: {'line': b'-- Up-to-date symlink: /ros2_ws/install/brain_controller/share/brain_controller/environment/library_path.dsv\n'}
[3.907318] (brain_controller) StdoutLine: {'line': b'-- Up-to-date symlink: /ros2_ws/install/brain_controller/share/ament_index/resource_index/package_run_dependencies/brain_controller\n'}
[3.908650] (brain_controller) StdoutLine: {'line': b'-- Up-to-date symlink: /ros2_ws/install/brain_controller/share/ament_index/resource_index/parent_prefix_path/brain_controller\n'}
[3.909237] (brain_controller) StdoutLine: {'line': b'-- Up-to-date symlink: /ros2_ws/install/brain_controller/share/brain_controller/environment/ament_prefix_path.sh\n'}
[3.909771] (brain_controller) StdoutLine: {'line': b'-- Up-to-date symlink: /ros2_ws/install/brain_controller/share/brain_controller/environment/ament_prefix_path.dsv\n'}
[3.910259] (brain_controller) StdoutLine: {'line': b'-- Up-to-date symlink: /ros2_ws/install/brain_controller/share/brain_controller/environment/path.sh\n'}
[3.910839] (brain_controller) StdoutLine: {'line': b'-- Up-to-date symlink: /ros2_ws/install/brain_controller/share/brain_controller/environment/path.dsv\n'}
[3.911413] (brain_controller) StdoutLine: {'line': b'-- Up-to-date symlink: /ros2_ws/install/brain_controller/share/brain_controller/local_setup.bash\n'}
[3.912048] (brain_controller) StdoutLine: {'line': b'-- Up-to-date symlink: /ros2_ws/install/brain_controller/share/brain_controller/local_setup.sh\n'}
[3.912593] (brain_controller) StdoutLine: {'line': b'-- Up-to-date symlink: /ros2_ws/install/brain_controller/share/brain_controller/local_setup.zsh\n'}
[3.913509] (brain_controller) StdoutLine: {'line': b'-- Up-to-date symlink: /ros2_ws/install/brain_controller/share/brain_controller/local_setup.dsv\n'}
[3.914047] (brain_controller) StdoutLine: {'line': b'-- Symlinking: /ros2_ws/install/brain_controller/share/brain_controller/package.dsv\n'}
[3.926412] (-) TimerEvent: {}
[3.947568] (brain_controller) StdoutLine: {'line': b'-- Up-to-date symlink: /ros2_ws/install/brain_controller/share/ament_index/resource_index/packages/brain_controller\n'}
[3.948567] (brain_controller) StdoutLine: {'line': b'-- Up-to-date symlink: /ros2_ws/install/brain_controller/share/ament_index/resource_index/controller_interface__pluginlib__plugin/brain_controller\n'}
[3.949278] (brain_controller) StdoutLine: {'line': b'-- Up-to-date symlink: /ros2_ws/install/brain_controller/share/brain_controller/cmake/ament_cmake_export_include_directories-extras.cmake\n'}
[3.950016] (brain_controller) StdoutLine: {'line': b'-- Up-to-date symlink: /ros2_ws/install/brain_controller/share/brain_controller/cmake/ament_cmake_export_libraries-extras.cmake\n'}
[3.950706] (brain_controller) StdoutLine: {'line': b'-- Up-to-date symlink: /ros2_ws/install/brain_controller/share/brain_controller/cmake/ament_cmake_export_dependencies-extras.cmake\n'}
[3.951470] (brain_controller) StdoutLine: {'line': b'-- Up-to-date symlink: /ros2_ws/install/brain_controller/share/brain_controller/cmake/brain_controllerConfig.cmake\n'}
[3.952224] (brain_controller) StdoutLine: {'line': b'-- Up-to-date symlink: /ros2_ws/install/brain_controller/share/brain_controller/cmake/brain_controllerConfig-version.cmake\n'}
[3.953132] (brain_controller) StdoutLine: {'line': b'-- Up-to-date symlink: /ros2_ws/install/brain_controller/share/brain_controller/package.xml\n'}
[4.002113] (brain_hardware) JobEnded: {'identifier': 'brain_hardware', 'rc': 0}
[4.008520] (description) JobStarted: {'identifier': 'description'}
[4.026592] (-) TimerEvent: {}
[4.038270] (brain_controller) CommandEnded: {'returncode': 0}
[4.128026] (-) TimerEvent: {}
[4.142393] (brain_controller) JobEnded: {'identifier': 'brain_controller', 'rc': 0}
[4.147338] (description) JobProgress: {'identifier': 'description', 'progress': 'cmake'}
[4.150045] (description) JobProgress: {'identifier': 'description', 'progress': 'build'}
[4.152543] (description) Command: {'cmd': ['/usr/bin/cmake', '--build', '/ros2_ws/build/description', '--', '-j4', '-l4'], 'cwd': '/ros2_ws/build/description', 'env': OrderedDict([('LESSOPEN', '| /usr/bin/lesspipe %s'), ('HOSTNAME', '4b5b6ba4567e'), ('GIT_ASKPASS', '/root/.vscode-server/bin/8b3775030ed1a69b13e4f4c628c612102e30a681/extensions/git/dist/askpass.sh'), ('SHLVL', '2'), ('LD_LIBRARY_PATH', '/ros2_ws/install/brain_hardware/lib:/ros2_ws/install/interfaces/lib:/ros2_ws/install/brain_controller/lib:/ros2_ws/install/collision_avoidance/lib:/opt/ros/humble/opt/rviz_ogre_vendor/lib:/opt/ros/humble/lib/aarch64-linux-gnu:/opt/ros/humble/lib'), ('BROWSER', '/root/.vscode-server/bin/8b3775030ed1a69b13e4f4c628c612102e30a681/bin/helpers/browser.sh'), ('HOME', '/root'), ('TERM_PROGRAM_VERSION', '1.85.2'), ('VSCODE_IPC_HOOK_CLI', '/tmp/vscode-ipc-2549745c-29a6-40af-b823-6844a5ac7cbe.sock'), ('ROS_PYTHON_VERSION', '3'), ('VSCODE_GIT_ASKPASS_MAIN', '/root/.vscode-server/bin/8b3775030ed1a69b13e4f4c628c612102e30a681/extensions/git/dist/askpass-main.js'), ('PS1', '\\[\x1b]633;A\x07\\]\\u@\\h\\[\\033[01;32m\\](brain)\\[\\033[00m\\]:\\w$ \\[\x1b]633;B\x07\\]'), ('VSCODE_GIT_ASKPASS_NODE', '/root/.vscode-server/bin/8b3775030ed1a69b13e4f4c628c612102e30a681/node'), ('ROS_IP', '10.10.0.2'), ('COLORTERM', 'truecolor'), ('REMOTE_CONTAINERS', 'true'), ('COLCON_PREFIX_PATH', '/ros2_ws/install'), ('ROS_DISTRO', 'humble'), ('REMOTE_CONTAINERS_IPC', '/tmp/vscode-remote-containers-ipc-341e799d-6559-4f55-bd96-503d787638c7.sock'), ('_', '/usr/bin/colcon'), ('ROS_VERSION', '2'), ('TERM', 'xterm-256color'), ('ROS_LOCALHOST_ONLY', '0'), ('PATH', '/ros2_ws/install/oradar_lidar/bin:/root/.vscode-server/bin/8b3775030ed1a69b13e4f4c628c612102e30a681/bin/remote-cli:/opt/ros/humble/bin:/usr/local/sbin:/usr/local/bin:/usr/sbin:/usr/bin:/sbin:/bin'), ('REMOTE_CONTAINERS_SOCKETS', '["/tmp/vscode-ssh-auth-341e799d-6559-4f55-bd96-503d787638c7.sock","/root/.gnupg/S.gpg-agent"]'), ('DISPLAY', ':0'), ('LANG', 'en_US.UTF-8'), ('RMW_IMPLEMENTATION', 'rmw_fastrtps_cpp'), ('LS_COLORS', 'rs=0:di=01;34:ln=01;36:mh=00:pi=40;33:so=01;35:do=01;35:bd=40;33;01:cd=40;33;01:or=40;31;01:mi=00:su=37;41:sg=30;43:ca=30;41:tw=30;42:ow=34;42:st=37;44:ex=01;32:*.tar=01;31:*.tgz=01;31:*.arc=01;31:*.arj=01;31:*.taz=01;31:*.lha=01;31:*.lz4=01;31:*.lzh=01;31:*.lzma=01;31:*.tlz=01;31:*.txz=01;31:*.tzo=01;31:*.t7z=01;31:*.zip=01;31:*.z=01;31:*.dz=01;31:*.gz=01;31:*.lrz=01;31:*.lz=01;31:*.lzo=01;31:*.xz=01;31:*.zst=01;31:*.tzst=01;31:*.bz2=01;31:*.bz=01;31:*.tbz=01;31:*.tbz2=01;31:*.tz=01;31:*.deb=01;31:*.rpm=01;31:*.jar=01;31:*.war=01;31:*.ear=01;31:*.sar=01;31:*.rar=01;31:*.alz=01;31:*.ace=01;31:*.zoo=01;31:*.cpio=01;31:*.7z=01;31:*.rz=01;31:*.cab=01;31:*.wim=01;31:*.swm=01;31:*.dwm=01;31:*.esd=01;31:*.jpg=01;35:*.jpeg=01;35:*.mjpg=01;35:*.mjpeg=01;35:*.gif=01;35:*.bmp=01;35:*.pbm=01;35:*.pgm=01;35:*.ppm=01;35:*.tga=01;35:*.xbm=01;35:*.xpm=01;35:*.tif=01;35:*.tiff=01;35:*.png=01;35:*.svg=01;35:*.svgz=01;35:*.mng=01;35:*.pcx=01;35:*.mov=01;35:*.mpg=01;35:*.mpeg=01;35:*.m2v=01;35:*.mkv=01;35:*.webm=01;35:*.webp=01;35:*.ogm=01;35:*.mp4=01;35:*.m4v=01;35:*.mp4v=01;35:*.vob=01;35:*.qt=01;35:*.nuv=01;35:*.wmv=01;35:*.asf=01;35:*.rm=01;35:*.rmvb=01;35:*.flc=01;35:*.avi=01;35:*.fli=01;35:*.flv=01;35:*.gl=01;35:*.dl=01;35:*.xcf=01;35:*.xwd=01;35:*.yuv=01;35:*.cgm=01;35:*.emf=01;35:*.ogv=01;35:*.ogx=01;35:*.aac=00;36:*.au=00;36:*.flac=00;36:*.m4a=00;36:*.mid=00;36:*.midi=00;36:*.mka=00;36:*.mp3=00;36:*.mpc=00;36:*.ogg=00;36:*.ra=00;36:*.wav=00;36:*.oga=00;36:*.opus=00;36:*.spx=00;36:*.xspf=00;36:'), ('VSCODE_GIT_IPC_HANDLE', '/tmp/vscode-git-b3700a665a.sock'), ('TERM_PROGRAM', 'vscode'), ('SSH_AUTH_SOCK', '/tmp/vscode-ssh-auth-341e799d-6559-4f55-bd96-503d787638c7.sock'), ('ROS_DOMAIN_ID', '42'), ('AMENT_PREFIX_PATH', '/ros2_ws/install/oradar_lidar:/ros2_ws/install/bringup:/ros2_ws/install/description:/ros2_ws/install/brain_hardware:/ros2_ws/install/brain_controller:/ros2_ws/install/interfaces:/ros2_ws/install/collision_avoidance:/opt/ros/humble'), ('SHELL', '/bin/bash'), ('LESSCLOSE', '/usr/bin/lesspipe %s %s'), ('VSCODE_GIT_ASKPASS_EXTRA_ARGS', ''), ('PWD', '/ros2_ws/build/description'), ('PYTHONPATH', '/ros2_ws/install/interfaces/local/lib/python3.10/dist-packages:/opt/ros/humble/lib/python3.10/site-packages:/opt/ros/humble/local/lib/python3.10/dist-packages'), ('ROS_HOSTNAME', '10.10.0.2'), ('COLCON', '1'), ('CMAKE_PREFIX_PATH', '/ros2_ws/install/brain_hardware:/ros2_ws/install/interfaces:/ros2_ws/install/oradar_lidar:/ros2_ws/install/bringup:/ros2_ws/install/description:/ros2_ws/install/brain_controller:/ros2_ws/install/collision_avoidance:/opt/ros/humble')]), 'shell': False}
[4.228202] (-) TimerEvent: {}
[4.282027] (description) CommandEnded: {'returncode': 0}
[4.300996] (description) JobProgress: {'identifier': 'description', 'progress': 'install'}
[4.301175] (description) Command: {'cmd': ['/usr/bin/cmake', '--install', '/ros2_ws/build/description'], 'cwd': '/ros2_ws/build/description', 'env': OrderedDict([('LESSOPEN', '| /usr/bin/lesspipe %s'), ('HOSTNAME', '4b5b6ba4567e'), ('GIT_ASKPASS', '/root/.vscode-server/bin/8b3775030ed1a69b13e4f4c628c612102e30a681/extensions/git/dist/askpass.sh'), ('SHLVL', '2'), ('LD_LIBRARY_PATH', '/ros2_ws/install/brain_hardware/lib:/ros2_ws/install/interfaces/lib:/ros2_ws/install/brain_controller/lib:/ros2_ws/install/collision_avoidance/lib:/opt/ros/humble/opt/rviz_ogre_vendor/lib:/opt/ros/humble/lib/aarch64-linux-gnu:/opt/ros/humble/lib'), ('BROWSER', '/root/.vscode-server/bin/8b3775030ed1a69b13e4f4c628c612102e30a681/bin/helpers/browser.sh'), ('HOME', '/root'), ('TERM_PROGRAM_VERSION', '1.85.2'), ('VSCODE_IPC_HOOK_CLI', '/tmp/vscode-ipc-2549745c-29a6-40af-b823-6844a5ac7cbe.sock'), ('ROS_PYTHON_VERSION', '3'), ('VSCODE_GIT_ASKPASS_MAIN', '/root/.vscode-server/bin/8b3775030ed1a69b13e4f4c628c612102e30a681/extensions/git/dist/askpass-main.js'), ('PS1', '\\[\x1b]633;A\x07\\]\\u@\\h\\[\\033[01;32m\\](brain)\\[\\033[00m\\]:\\w$ \\[\x1b]633;B\x07\\]'), ('VSCODE_GIT_ASKPASS_NODE', '/root/.vscode-server/bin/8b3775030ed1a69b13e4f4c628c612102e30a681/node'), ('ROS_IP', '10.10.0.2'), ('COLORTERM', 'truecolor'), ('REMOTE_CONTAINERS', 'true'), ('COLCON_PREFIX_PATH', '/ros2_ws/install'), ('ROS_DISTRO', 'humble'), ('REMOTE_CONTAINERS_IPC', '/tmp/vscode-remote-containers-ipc-341e799d-6559-4f55-bd96-503d787638c7.sock'), ('_', '/usr/bin/colcon'), ('ROS_VERSION', '2'), ('TERM', 'xterm-256color'), ('ROS_LOCALHOST_ONLY', '0'), ('PATH', '/ros2_ws/install/oradar_lidar/bin:/root/.vscode-server/bin/8b3775030ed1a69b13e4f4c628c612102e30a681/bin/remote-cli:/opt/ros/humble/bin:/usr/local/sbin:/usr/local/bin:/usr/sbin:/usr/bin:/sbin:/bin'), ('REMOTE_CONTAINERS_SOCKETS', '["/tmp/vscode-ssh-auth-341e799d-6559-4f55-bd96-503d787638c7.sock","/root/.gnupg/S.gpg-agent"]'), ('DISPLAY', ':0'), ('LANG', 'en_US.UTF-8'), ('RMW_IMPLEMENTATION', 'rmw_fastrtps_cpp'), ('LS_COLORS', 'rs=0:di=01;34:ln=01;36:mh=00:pi=40;33:so=01;35:do=01;35:bd=40;33;01:cd=40;33;01:or=40;31;01:mi=00:su=37;41:sg=30;43:ca=30;41:tw=30;42:ow=34;42:st=37;44:ex=01;32:*.tar=01;31:*.tgz=01;31:*.arc=01;31:*.arj=01;31:*.taz=01;31:*.lha=01;31:*.lz4=01;31:*.lzh=01;31:*.lzma=01;31:*.tlz=01;31:*.txz=01;31:*.tzo=01;31:*.t7z=01;31:*.zip=01;31:*.z=01;31:*.dz=01;31:*.gz=01;31:*.lrz=01;31:*.lz=01;31:*.lzo=01;31:*.xz=01;31:*.zst=01;31:*.tzst=01;31:*.bz2=01;31:*.bz=01;31:*.tbz=01;31:*.tbz2=01;31:*.tz=01;31:*.deb=01;31:*.rpm=01;31:*.jar=01;31:*.war=01;31:*.ear=01;31:*.sar=01;31:*.rar=01;31:*.alz=01;31:*.ace=01;31:*.zoo=01;31:*.cpio=01;31:*.7z=01;31:*.rz=01;31:*.cab=01;31:*.wim=01;31:*.swm=01;31:*.dwm=01;31:*.esd=01;31:*.jpg=01;35:*.jpeg=01;35:*.mjpg=01;35:*.mjpeg=01;35:*.gif=01;35:*.bmp=01;35:*.pbm=01;35:*.pgm=01;35:*.ppm=01;35:*.tga=01;35:*.xbm=01;35:*.xpm=01;35:*.tif=01;35:*.tiff=01;35:*.png=01;35:*.svg=01;35:*.svgz=01;35:*.mng=01;35:*.pcx=01;35:*.mov=01;35:*.mpg=01;35:*.mpeg=01;35:*.m2v=01;35:*.mkv=01;35:*.webm=01;35:*.webp=01;35:*.ogm=01;35:*.mp4=01;35:*.m4v=01;35:*.mp4v=01;35:*.vob=01;35:*.qt=01;35:*.nuv=01;35:*.wmv=01;35:*.asf=01;35:*.rm=01;35:*.rmvb=01;35:*.flc=01;35:*.avi=01;35:*.fli=01;35:*.flv=01;35:*.gl=01;35:*.dl=01;35:*.xcf=01;35:*.xwd=01;35:*.yuv=01;35:*.cgm=01;35:*.emf=01;35:*.ogv=01;35:*.ogx=01;35:*.aac=00;36:*.au=00;36:*.flac=00;36:*.m4a=00;36:*.mid=00;36:*.midi=00;36:*.mka=00;36:*.mp3=00;36:*.mpc=00;36:*.ogg=00;36:*.ra=00;36:*.wav=00;36:*.oga=00;36:*.opus=00;36:*.spx=00;36:*.xspf=00;36:'), ('VSCODE_GIT_IPC_HANDLE', '/tmp/vscode-git-b3700a665a.sock'), ('TERM_PROGRAM', 'vscode'), ('SSH_AUTH_SOCK', '/tmp/vscode-ssh-auth-341e799d-6559-4f55-bd96-503d787638c7.sock'), ('ROS_DOMAIN_ID', '42'), ('AMENT_PREFIX_PATH', '/ros2_ws/install/oradar_lidar:/ros2_ws/install/bringup:/ros2_ws/install/description:/ros2_ws/install/brain_hardware:/ros2_ws/install/brain_controller:/ros2_ws/install/interfaces:/ros2_ws/install/collision_avoidance:/opt/ros/humble'), ('SHELL', '/bin/bash'), ('LESSCLOSE', '/usr/bin/lesspipe %s %s'), ('VSCODE_GIT_ASKPASS_EXTRA_ARGS', ''), ('PWD', '/ros2_ws/build/description'), ('PYTHONPATH', '/ros2_ws/install/interfaces/local/lib/python3.10/dist-packages:/opt/ros/humble/lib/python3.10/site-packages:/opt/ros/humble/local/lib/python3.10/dist-packages'), ('ROS_HOSTNAME', '10.10.0.2'), ('COLCON', '1'), ('CMAKE_PREFIX_PATH', '/ros2_ws/install/brain_hardware:/ros2_ws/install/interfaces:/ros2_ws/install/oradar_lidar:/ros2_ws/install/bringup:/ros2_ws/install/description:/ros2_ws/install/brain_controller:/ros2_ws/install/collision_avoidance:/opt/ros/humble')]), 'shell': False}
[4.324055] (description) StdoutLine: {'line': b'-- Install configuration: ""\n'}
[4.326111] (description) StdoutLine: {'line': b'-- Execute custom install script\n'}
[4.328501] (description) StdoutLine: {'line': b'-- Up-to-date symlink: /ros2_ws/install/description/share/description/urdf/ascamera.xacro\n'}
[4.331636] (-) TimerEvent: {}
[4.334071] (description) StdoutLine: {'line': b'-- Up-to-date symlink: /ros2_ws/install/description/share/description/urdf/description.urdf.xacro\n'}
[4.339239] (description) StdoutLine: {'line': b'-- Up-to-date symlink: /ros2_ws/install/description/share/description/urdf/materials.xacro\n'}
[4.342618] (description) StdoutLine: {'line': b'-- Up-to-date symlink: /ros2_ws/install/description/share/description/config/behavior_trees/navigate_to_pose_without_backup.xml\n'}
[4.344697] (description) StdoutLine: {'line': b'-- Up-to-date symlink: /ros2_ws/install/description/share/description/config/behavior_trees/navigate_without_backup.xml\n'}
[4.346099] (description) StdoutLine: {'line': b'-- Up-to-date symlink: /ros2_ws/install/description/share/description/config/brain_controllers.yaml\n'}
[4.346628] (description) StdoutLine: {'line': b'-- Up-to-date symlink: /ros2_ws/install/description/share/description/config/collision_avoidance.yaml\n'}
[4.347085] (description) StdoutLine: {'line': b'-- Up-to-date symlink: /ros2_ws/install/description/share/description/config/collision_monitor.yaml\n'}
[4.347522] (description) StdoutLine: {'line': b'-- Up-to-date symlink: /ros2_ws/install/description/share/description/config/ekf.yaml\n'}
[4.348003] (description) StdoutLine: {'line': b'-- Up-to-date symlink: /ros2_ws/install/description/share/description/config/ekf_3d.yaml\n'}
[4.348482] (description) StdoutLine: {'line': b'-- Up-to-date symlink: /ros2_ws/install/description/share/description/config/nav2_params.yaml\n'}
[4.348912] (description) StdoutLine: {'line': b'-- Up-to-date symlink: /ros2_ws/install/description/share/description/config/nav2_params_pointcloud.yaml\n'}
[4.349414] (description) StdoutLine: {'line': b'-- Up-to-date symlink: /ros2_ws/install/description/share/description/config/slam_params.yaml\n'}
[4.349843] (description) StdoutLine: {'line': b'-- Up-to-date symlink: /ros2_ws/install/description/share/description/launch/display.launch.py\n'}
[4.350230] (description) StdoutLine: {'line': b'-- Up-to-date symlink: /ros2_ws/install/description/share/description/rviz/view.rviz\n'}
[4.350605] (description) StdoutLine: {'line': b'-- Up-to-date symlink: /ros2_ws/install/description/share/description/rviz/view_collisionMonitor.rviz\n'}
[4.350981] (description) StdoutLine: {'line': b'-- Up-to-date symlink: /ros2_ws/install/description/share/description/rviz/view_pointcloud.rviz\n'}
[4.351352] (description) StdoutLine: {'line': b'-- Up-to-date symlink: /ros2_ws/install/description/share/ament_index/resource_index/package_run_dependencies/description\n'}
[4.351715] (description) StdoutLine: {'line': b'-- Up-to-date symlink: /ros2_ws/install/description/share/ament_index/resource_index/parent_prefix_path/description\n'}
[4.352155] (description) StdoutLine: {'line': b'-- Up-to-date symlink: /ros2_ws/install/description/share/description/environment/ament_prefix_path.sh\n'}
[4.352563] (description) StdoutLine: {'line': b'-- Up-to-date symlink: /ros2_ws/install/description/share/description/environment/ament_prefix_path.dsv\n'}
[4.352996] (description) StdoutLine: {'line': b'-- Up-to-date symlink: /ros2_ws/install/description/share/description/environment/path.sh\n'}
[4.368544] (description) StdoutLine: {'line': b'-- Up-to-date symlink: /ros2_ws/install/description/share/description/environment/path.dsv\n'}
[4.369089] (description) StdoutLine: {'line': b'-- Up-to-date symlink: /ros2_ws/install/description/share/description/local_setup.bash\n'}
[4.370012] (description) StdoutLine: {'line': b'-- Up-to-date symlink: /ros2_ws/install/description/share/description/local_setup.sh\n'}
[4.370533] (description) StdoutLine: {'line': b'-- Up-to-date symlink: /ros2_ws/install/description/share/description/local_setup.zsh\n'}
[4.370997] (description) StdoutLine: {'line': b'-- Up-to-date symlink: /ros2_ws/install/description/share/description/local_setup.dsv\n'}
[4.371437] (description) StdoutLine: {'line': b'-- Symlinking: /ros2_ws/install/description/share/description/package.dsv\n'}
[4.375832] (description) StdoutLine: {'line': b'-- Up-to-date symlink: /ros2_ws/install/description/share/ament_index/resource_index/packages/description\n'}
[4.376644] (description) StdoutLine: {'line': b'-- Up-to-date symlink: /ros2_ws/install/description/share/description/cmake/descriptionConfig.cmake\n'}
[4.377285] (description) StdoutLine: {'line': b'-- Up-to-date symlink: /ros2_ws/install/description/share/description/cmake/descriptionConfig-version.cmake\n'}
[4.377739] (description) StdoutLine: {'line': b'-- Up-to-date symlink: /ros2_ws/install/description/share/description/package.xml\n'}
[4.393556] (description) CommandEnded: {'returncode': 0}
[4.432648] (-) TimerEvent: {}
[4.459457] (description) JobEnded: {'identifier': 'description', 'rc': 0}
[4.462976] (bringup) JobStarted: {'identifier': 'bringup'}
[4.511229] (bringup) JobProgress: {'identifier': 'bringup', 'progress': 'cmake'}
[4.513638] (bringup) JobProgress: {'identifier': 'bringup', 'progress': 'build'}
[4.514559] (bringup) Command: {'cmd': ['/usr/bin/cmake', '--build', '/ros2_ws/build/bringup', '--', '-j4', '-l4'], 'cwd': '/ros2_ws/build/bringup', 'env': OrderedDict([('LESSOPEN', '| /usr/bin/lesspipe %s'), ('HOSTNAME', '4b5b6ba4567e'), ('GIT_ASKPASS', '/root/.vscode-server/bin/8b3775030ed1a69b13e4f4c628c612102e30a681/extensions/git/dist/askpass.sh'), ('SHLVL', '2'), ('LD_LIBRARY_PATH', '/ros2_ws/install/brain_hardware/lib:/ros2_ws/install/interfaces/lib:/ros2_ws/install/brain_controller/lib:/ros2_ws/install/collision_avoidance/lib:/opt/ros/humble/opt/rviz_ogre_vendor/lib:/opt/ros/humble/lib/aarch64-linux-gnu:/opt/ros/humble/lib'), ('BROWSER', '/root/.vscode-server/bin/8b3775030ed1a69b13e4f4c628c612102e30a681/bin/helpers/browser.sh'), ('HOME', '/root'), ('TERM_PROGRAM_VERSION', '1.85.2'), ('VSCODE_IPC_HOOK_CLI', '/tmp/vscode-ipc-2549745c-29a6-40af-b823-6844a5ac7cbe.sock'), ('ROS_PYTHON_VERSION', '3'), ('VSCODE_GIT_ASKPASS_MAIN', '/root/.vscode-server/bin/8b3775030ed1a69b13e4f4c628c612102e30a681/extensions/git/dist/askpass-main.js'), ('PS1', '\\[\x1b]633;A\x07\\]\\u@\\h\\[\\033[01;32m\\](brain)\\[\\033[00m\\]:\\w$ \\[\x1b]633;B\x07\\]'), ('VSCODE_GIT_ASKPASS_NODE', '/root/.vscode-server/bin/8b3775030ed1a69b13e4f4c628c612102e30a681/node'), ('ROS_IP', '10.10.0.2'), ('COLORTERM', 'truecolor'), ('REMOTE_CONTAINERS', 'true'), ('COLCON_PREFIX_PATH', '/ros2_ws/install'), ('ROS_DISTRO', 'humble'), ('REMOTE_CONTAINERS_IPC', '/tmp/vscode-remote-containers-ipc-341e799d-6559-4f55-bd96-503d787638c7.sock'), ('_', '/usr/bin/colcon'), ('ROS_VERSION', '2'), ('TERM', 'xterm-256color'), ('ROS_LOCALHOST_ONLY', '0'), ('PATH', '/ros2_ws/install/oradar_lidar/bin:/root/.vscode-server/bin/8b3775030ed1a69b13e4f4c628c612102e30a681/bin/remote-cli:/opt/ros/humble/bin:/usr/local/sbin:/usr/local/bin:/usr/sbin:/usr/bin:/sbin:/bin'), ('REMOTE_CONTAINERS_SOCKETS', '["/tmp/vscode-ssh-auth-341e799d-6559-4f55-bd96-503d787638c7.sock","/root/.gnupg/S.gpg-agent"]'), ('DISPLAY', ':0'), ('LANG', 'en_US.UTF-8'), ('RMW_IMPLEMENTATION', 'rmw_fastrtps_cpp'), ('LS_COLORS', 'rs=0:di=01;34:ln=01;36:mh=00:pi=40;33:so=01;35:do=01;35:bd=40;33;01:cd=40;33;01:or=40;31;01:mi=00:su=37;41:sg=30;43:ca=30;41:tw=30;42:ow=34;42:st=37;44:ex=01;32:*.tar=01;31:*.tgz=01;31:*.arc=01;31:*.arj=01;31:*.taz=01;31:*.lha=01;31:*.lz4=01;31:*.lzh=01;31:*.lzma=01;31:*.tlz=01;31:*.txz=01;31:*.tzo=01;31:*.t7z=01;31:*.zip=01;31:*.z=01;31:*.dz=01;31:*.gz=01;31:*.lrz=01;31:*.lz=01;31:*.lzo=01;31:*.xz=01;31:*.zst=01;31:*.tzst=01;31:*.bz2=01;31:*.bz=01;31:*.tbz=01;31:*.tbz2=01;31:*.tz=01;31:*.deb=01;31:*.rpm=01;31:*.jar=01;31:*.war=01;31:*.ear=01;31:*.sar=01;31:*.rar=01;31:*.alz=01;31:*.ace=01;31:*.zoo=01;31:*.cpio=01;31:*.7z=01;31:*.rz=01;31:*.cab=01;31:*.wim=01;31:*.swm=01;31:*.dwm=01;31:*.esd=01;31:*.jpg=01;35:*.jpeg=01;35:*.mjpg=01;35:*.mjpeg=01;35:*.gif=01;35:*.bmp=01;35:*.pbm=01;35:*.pgm=01;35:*.ppm=01;35:*.tga=01;35:*.xbm=01;35:*.xpm=01;35:*.tif=01;35:*.tiff=01;35:*.png=01;35:*.svg=01;35:*.svgz=01;35:*.mng=01;35:*.pcx=01;35:*.mov=01;35:*.mpg=01;35:*.mpeg=01;35:*.m2v=01;35:*.mkv=01;35:*.webm=01;35:*.webp=01;35:*.ogm=01;35:*.mp4=01;35:*.m4v=01;35:*.mp4v=01;35:*.vob=01;35:*.qt=01;35:*.nuv=01;35:*.wmv=01;35:*.asf=01;35:*.rm=01;35:*.rmvb=01;35:*.flc=01;35:*.avi=01;35:*.fli=01;35:*.flv=01;35:*.gl=01;35:*.dl=01;35:*.xcf=01;35:*.xwd=01;35:*.yuv=01;35:*.cgm=01;35:*.emf=01;35:*.ogv=01;35:*.ogx=01;35:*.aac=00;36:*.au=00;36:*.flac=00;36:*.m4a=00;36:*.mid=00;36:*.midi=00;36:*.mka=00;36:*.mp3=00;36:*.mpc=00;36:*.ogg=00;36:*.ra=00;36:*.wav=00;36:*.oga=00;36:*.opus=00;36:*.spx=00;36:*.xspf=00;36:'), ('VSCODE_GIT_IPC_HANDLE', '/tmp/vscode-git-b3700a665a.sock'), ('TERM_PROGRAM', 'vscode'), ('SSH_AUTH_SOCK', '/tmp/vscode-ssh-auth-341e799d-6559-4f55-bd96-503d787638c7.sock'), ('ROS_DOMAIN_ID', '42'), ('AMENT_PREFIX_PATH', '/ros2_ws/install/oradar_lidar:/ros2_ws/install/bringup:/ros2_ws/install/description:/ros2_ws/install/brain_hardware:/ros2_ws/install/brain_controller:/ros2_ws/install/interfaces:/ros2_ws/install/collision_avoidance:/opt/ros/humble'), ('SHELL', '/bin/bash'), ('LESSCLOSE', '/usr/bin/lesspipe %s %s'), ('VSCODE_GIT_ASKPASS_EXTRA_ARGS', ''), ('PWD', '/ros2_ws/build/bringup'), ('PYTHONPATH', '/ros2_ws/install/interfaces/local/lib/python3.10/dist-packages:/opt/ros/humble/lib/python3.10/site-packages:/opt/ros/humble/local/lib/python3.10/dist-packages'), ('ROS_HOSTNAME', '10.10.0.2'), ('COLCON', '1'), ('CMAKE_PREFIX_PATH', '/ros2_ws/install/description:/ros2_ws/install/brain_hardware:/ros2_ws/install/interfaces:/ros2_ws/install/oradar_lidar:/ros2_ws/install/bringup:/ros2_ws/install/brain_controller:/ros2_ws/install/collision_avoidance:/opt/ros/humble')]), 'shell': False}
[4.532831] (-) TimerEvent: {}
[4.633534] (-) TimerEvent: {}
[4.646458] (bringup) CommandEnded: {'returncode': 0}
[4.652552] (bringup) JobProgress: {'identifier': 'bringup', 'progress': 'install'}
[4.652795] (bringup) Command: {'cmd': ['/usr/bin/cmake', '--install', '/ros2_ws/build/bringup'], 'cwd': '/ros2_ws/build/bringup', 'env': OrderedDict([('LESSOPEN', '| /usr/bin/lesspipe %s'), ('HOSTNAME', '4b5b6ba4567e'), ('GIT_ASKPASS', '/root/.vscode-server/bin/8b3775030ed1a69b13e4f4c628c612102e30a681/extensions/git/dist/askpass.sh'), ('SHLVL', '2'), ('LD_LIBRARY_PATH', '/ros2_ws/install/brain_hardware/lib:/ros2_ws/install/interfaces/lib:/ros2_ws/install/brain_controller/lib:/ros2_ws/install/collision_avoidance/lib:/opt/ros/humble/opt/rviz_ogre_vendor/lib:/opt/ros/humble/lib/aarch64-linux-gnu:/opt/ros/humble/lib'), ('BROWSER', '/root/.vscode-server/bin/8b3775030ed1a69b13e4f4c628c612102e30a681/bin/helpers/browser.sh'), ('HOME', '/root'), ('TERM_PROGRAM_VERSION', '1.85.2'), ('VSCODE_IPC_HOOK_CLI', '/tmp/vscode-ipc-2549745c-29a6-40af-b823-6844a5ac7cbe.sock'), ('ROS_PYTHON_VERSION', '3'), ('VSCODE_GIT_ASKPASS_MAIN', '/root/.vscode-server/bin/8b3775030ed1a69b13e4f4c628c612102e30a681/extensions/git/dist/askpass-main.js'), ('PS1', '\\[\x1b]633;A\x07\\]\\u@\\h\\[\\033[01;32m\\](brain)\\[\\033[00m\\]:\\w$ \\[\x1b]633;B\x07\\]'), ('VSCODE_GIT_ASKPASS_NODE', '/root/.vscode-server/bin/8b3775030ed1a69b13e4f4c628c612102e30a681/node'), ('ROS_IP', '10.10.0.2'), ('COLORTERM', 'truecolor'), ('REMOTE_CONTAINERS', 'true'), ('COLCON_PREFIX_PATH', '/ros2_ws/install'), ('ROS_DISTRO', 'humble'), ('REMOTE_CONTAINERS_IPC', '/tmp/vscode-remote-containers-ipc-341e799d-6559-4f55-bd96-503d787638c7.sock'), ('_', '/usr/bin/colcon'), ('ROS_VERSION', '2'), ('TERM', 'xterm-256color'), ('ROS_LOCALHOST_ONLY', '0'), ('PATH', '/ros2_ws/install/oradar_lidar/bin:/root/.vscode-server/bin/8b3775030ed1a69b13e4f4c628c612102e30a681/bin/remote-cli:/opt/ros/humble/bin:/usr/local/sbin:/usr/local/bin:/usr/sbin:/usr/bin:/sbin:/bin'), ('REMOTE_CONTAINERS_SOCKETS', '["/tmp/vscode-ssh-auth-341e799d-6559-4f55-bd96-503d787638c7.sock","/root/.gnupg/S.gpg-agent"]'), ('DISPLAY', ':0'), ('LANG', 'en_US.UTF-8'), ('RMW_IMPLEMENTATION', 'rmw_fastrtps_cpp'), ('LS_COLORS', 'rs=0:di=01;34:ln=01;36:mh=00:pi=40;33:so=01;35:do=01;35:bd=40;33;01:cd=40;33;01:or=40;31;01:mi=00:su=37;41:sg=30;43:ca=30;41:tw=30;42:ow=34;42:st=37;44:ex=01;32:*.tar=01;31:*.tgz=01;31:*.arc=01;31:*.arj=01;31:*.taz=01;31:*.lha=01;31:*.lz4=01;31:*.lzh=01;31:*.lzma=01;31:*.tlz=01;31:*.txz=01;31:*.tzo=01;31:*.t7z=01;31:*.zip=01;31:*.z=01;31:*.dz=01;31:*.gz=01;31:*.lrz=01;31:*.lz=01;31:*.lzo=01;31:*.xz=01;31:*.zst=01;31:*.tzst=01;31:*.bz2=01;31:*.bz=01;31:*.tbz=01;31:*.tbz2=01;31:*.tz=01;31:*.deb=01;31:*.rpm=01;31:*.jar=01;31:*.war=01;31:*.ear=01;31:*.sar=01;31:*.rar=01;31:*.alz=01;31:*.ace=01;31:*.zoo=01;31:*.cpio=01;31:*.7z=01;31:*.rz=01;31:*.cab=01;31:*.wim=01;31:*.swm=01;31:*.dwm=01;31:*.esd=01;31:*.jpg=01;35:*.jpeg=01;35:*.mjpg=01;35:*.mjpeg=01;35:*.gif=01;35:*.bmp=01;35:*.pbm=01;35:*.pgm=01;35:*.ppm=01;35:*.tga=01;35:*.xbm=01;35:*.xpm=01;35:*.tif=01;35:*.tiff=01;35:*.png=01;35:*.svg=01;35:*.svgz=01;35:*.mng=01;35:*.pcx=01;35:*.mov=01;35:*.mpg=01;35:*.mpeg=01;35:*.m2v=01;35:*.mkv=01;35:*.webm=01;35:*.webp=01;35:*.ogm=01;35:*.mp4=01;35:*.m4v=01;35:*.mp4v=01;35:*.vob=01;35:*.qt=01;35:*.nuv=01;35:*.wmv=01;35:*.asf=01;35:*.rm=01;35:*.rmvb=01;35:*.flc=01;35:*.avi=01;35:*.fli=01;35:*.flv=01;35:*.gl=01;35:*.dl=01;35:*.xcf=01;35:*.xwd=01;35:*.yuv=01;35:*.cgm=01;35:*.emf=01;35:*.ogv=01;35:*.ogx=01;35:*.aac=00;36:*.au=00;36:*.flac=00;36:*.m4a=00;36:*.mid=00;36:*.midi=00;36:*.mka=00;36:*.mp3=00;36:*.mpc=00;36:*.ogg=00;36:*.ra=00;36:*.wav=00;36:*.oga=00;36:*.opus=00;36:*.spx=00;36:*.xspf=00;36:'), ('VSCODE_GIT_IPC_HANDLE', '/tmp/vscode-git-b3700a665a.sock'), ('TERM_PROGRAM', 'vscode'), ('SSH_AUTH_SOCK', '/tmp/vscode-ssh-auth-341e799d-6559-4f55-bd96-503d787638c7.sock'), ('ROS_DOMAIN_ID', '42'), ('AMENT_PREFIX_PATH', '/ros2_ws/install/oradar_lidar:/ros2_ws/install/bringup:/ros2_ws/install/description:/ros2_ws/install/brain_hardware:/ros2_ws/install/brain_controller:/ros2_ws/install/interfaces:/ros2_ws/install/collision_avoidance:/opt/ros/humble'), ('SHELL', '/bin/bash'), ('LESSCLOSE', '/usr/bin/lesspipe %s %s'), ('VSCODE_GIT_ASKPASS_EXTRA_ARGS', ''), ('PWD', '/ros2_ws/build/bringup'), ('PYTHONPATH', '/ros2_ws/install/interfaces/local/lib/python3.10/dist-packages:/opt/ros/humble/lib/python3.10/site-packages:/opt/ros/humble/local/lib/python3.10/dist-packages'), ('ROS_HOSTNAME', '10.10.0.2'), ('COLCON', '1'), ('CMAKE_PREFIX_PATH', '/ros2_ws/install/description:/ros2_ws/install/brain_hardware:/ros2_ws/install/interfaces:/ros2_ws/install/oradar_lidar:/ros2_ws/install/bringup:/ros2_ws/install/brain_controller:/ros2_ws/install/collision_avoidance:/opt/ros/humble')]), 'shell': False}
[4.689792] (bringup) StdoutLine: {'line': b'-- Install configuration: ""\n'}
[4.694048] (bringup) StdoutLine: {'line': b'-- Execute custom install script\n'}
[4.695803] (bringup) StdoutLine: {'line': b'-- Up-to-date symlink: /ros2_ws/install/bringup/share/bringup/launch/a_full.launch.py\n'}
[4.696957] (bringup) StdoutLine: {'line': b'-- Up-to-date symlink: /ros2_ws/install/bringup/share/bringup/launch/a_localization.launch.py\n'}
[4.698093] (bringup) StdoutLine: {'line': b'-- Up-to-date symlink: /ros2_ws/install/bringup/share/bringup/launch/aurora_include.launch.py\n'}
[4.700881] (bringup) StdoutLine: {'line': b'-- Up-to-date symlink: /ros2_ws/install/bringup/share/bringup/launch/brain_full_debug_rosbridge.launch.py\n'}
[4.703549] (bringup) StdoutLine: {'line': b'-- Up-to-date symlink: /ros2_ws/install/bringup/share/bringup/launch/brain_localization.launch.py\n'}
[4.705602] (bringup) StdoutLine: {'line': b'-- Up-to-date symlink: /ros2_ws/install/bringup/share/bringup/launch/brain_localization_collision_avoidance.launch.py\n'}
[4.707144] (bringup) StdoutLine: {'line': b'-- Up-to-date symlink: /ros2_ws/install/bringup/share/bringup/launch/brain_localization_pointcloud.launch.py\n'}
[4.710307] (bringup) StdoutLine: {'line': b'-- Up-to-date symlink: /ros2_ws/install/bringup/share/bringup/launch/brain_mapping.launch.py\n'}
[4.711478] (bringup) StdoutLine: {'line': b'-- Up-to-date symlink: /ros2_ws/install/bringup/share/bringup/launch/brain_slam_nav.launch.py\n'}
[4.713557] (bringup) StdoutLine: {'line': b'-- Up-to-date symlink: /ros2_ws/install/bringup/share/bringup/launch/brain_slam_nav_pointcloud.launch.py\n'}
[4.715132] (bringup) StdoutLine: {'line': b'-- Up-to-date symlink: /ros2_ws/install/bringup/share/bringup/launch/image_compressor.launch.py\n'}
[4.717684] (bringup) StdoutLine: {'line': b'-- Up-to-date symlink: /ros2_ws/install/bringup/share/bringup/launch/rosbridge.launch.py\n'}
[4.718177] (bringup) StdoutLine: {'line': b'-- Up-to-date symlink: /ros2_ws/install/bringup/share/bringup/launch/teleop_collision_avoidance.launch.py\n'}
[4.718610] (bringup) StdoutLine: {'line': b'-- Up-to-date symlink: /ros2_ws/install/bringup/share/bringup/launch/teleop_collision_monitor.launch.py\n'}
[4.719015] (bringup) StdoutLine: {'line': b'-- Up-to-date symlink: /ros2_ws/install/bringup/lib/bringup/ros_to_rtmp.py\n'}
[4.719390] (bringup) StdoutLine: {'line': b'-- Up-to-date symlink: /ros2_ws/install/bringup/share/ament_index/resource_index/package_run_dependencies/bringup\n'}
[4.719829] (bringup) StdoutLine: {'line': b'-- Up-to-date symlink: /ros2_ws/install/bringup/share/ament_index/resource_index/parent_prefix_path/bringup\n'}
[4.720299] (bringup) StdoutLine: {'line': b'-- Up-to-date symlink: /ros2_ws/install/bringup/share/bringup/environment/ament_prefix_path.sh\n'}
[4.720684] (bringup) StdoutLine: {'line': b'-- Up-to-date symlink: /ros2_ws/install/bringup/share/bringup/environment/ament_prefix_path.dsv\n'}
[4.721060] (bringup) StdoutLine: {'line': b'-- Up-to-date symlink: /ros2_ws/install/bringup/share/bringup/environment/path.sh\n'}
[4.732921] (bringup) StdoutLine: {'line': b'-- Up-to-date symlink: /ros2_ws/install/bringup/share/bringup/environment/path.dsv\n'}
[4.733471] (bringup) StdoutLine: {'line': b'-- Up-to-date symlink: /ros2_ws/install/bringup/share/bringup/local_setup.bash\n'}
[4.733867] (-) TimerEvent: {}
[4.735199] (bringup) StdoutLine: {'line': b'-- Up-to-date symlink: /ros2_ws/install/bringup/share/bringup/local_setup.sh\n'}
[4.735764] (bringup) StdoutLine: {'line': b'-- Up-to-date symlink: /ros2_ws/install/bringup/share/bringup/local_setup.zsh\n'}
[4.736271] (bringup) StdoutLine: {'line': b'-- Up-to-date symlink: /ros2_ws/install/bringup/share/bringup/local_setup.dsv\n'}
[4.736707] (bringup) StdoutLine: {'line': b'-- Symlinking: /ros2_ws/install/bringup/share/bringup/package.dsv\n'}
[4.773002] (bringup) StdoutLine: {'line': b'-- Up-to-date symlink: /ros2_ws/install/bringup/share/ament_index/resource_index/packages/bringup\n'}
[4.774272] (bringup) StdoutLine: {'line': b'-- Up-to-date symlink: /ros2_ws/install/bringup/share/bringup/cmake/bringupConfig.cmake\n'}
[4.776313] (bringup) StdoutLine: {'line': b'-- Up-to-date symlink: /ros2_ws/install/bringup/share/bringup/cmake/bringupConfig-version.cmake\n'}
[4.777021] (bringup) StdoutLine: {'line': b'-- Up-to-date symlink: /ros2_ws/install/bringup/share/bringup/package.xml\n'}
[4.788481] (bringup) CommandEnded: {'returncode': 0}
[4.834110] (-) TimerEvent: {}
[4.889087] (bringup) JobEnded: {'identifier': 'bringup', 'rc': 0}
[4.894176] (-) EventReactorShutdown: {}
