[0.000000] (-) TimerEvent: {}
[0.001836] (interfaces) JobQueued: {'identifier': 'interfaces', 'dependencies': OrderedDict()}
[0.001970] (oradar_lidar) JobQueued: {'identifier': 'oradar_lidar', 'dependencies': OrderedDict()}
[0.002839] (brain_controller) JobQueued: {'identifier': 'brain_controller', 'dependencies': OrderedDict([('interfaces', '/ros2_ws/install/interfaces')])}
[0.003017] (brain_hardware) JobQueued: {'identifier': 'brain_hardware', 'dependencies': OrderedDict([('interfaces', '/ros2_ws/install/interfaces')])}
[0.003292] (description) JobQueued: {'identifier': 'description', 'dependencies': OrderedDict([('interfaces', '/ros2_ws/install/interfaces'), ('brain_hardware', '/ros2_ws/install/brain_hardware')])}
[0.003448] (bringup) JobQueued: {'identifier': 'bringup', 'dependencies': OrderedDict([('interfaces', '/ros2_ws/install/interfaces'), ('brain_hardware', '/ros2_ws/install/brain_hardware'), ('description', '/ros2_ws/install/description')])}
[0.003562] (interfaces) JobStarted: {'identifier': 'interfaces'}
[0.031866] (oradar_lidar) JobStarted: {'identifier': 'oradar_lidar'}
[0.057683] (interfaces) JobProgress: {'identifier': 'interfaces', 'progress': 'cmake'}
[0.059336] (interfaces) JobProgress: {'identifier': 'interfaces', 'progress': 'build'}
[0.062564] (interfaces) Command: {'cmd': ['/usr/bin/cmake', '--build', '/ros2_ws/build/interfaces', '--', '-j4', '-l4'], 'cwd': '/ros2_ws/build/interfaces', 'env': OrderedDict([('LESSOPEN', '| /usr/bin/lesspipe %s'), ('HOSTNAME', '55456c0da4eb'), ('GIT_ASKPASS', '/root/.vscode-server/bin/8b3775030ed1a69b13e4f4c628c612102e30a681/extensions/git/dist/askpass.sh'), ('SHLVL', '2'), ('LD_LIBRARY_PATH', '/opt/ros/humble/opt/rviz_ogre_vendor/lib:/opt/ros/humble/lib/aarch64-linux-gnu:/opt/ros/humble/lib'), ('BROWSER', '/root/.vscode-server/bin/8b3775030ed1a69b13e4f4c628c612102e30a681/bin/helpers/browser.sh'), ('HOME', '/root'), ('TERM_PROGRAM_VERSION', '1.85.2'), ('VSCODE_IPC_HOOK_CLI', '/tmp/vscode-ipc-d7878676-71cb-4525-8110-398c659ccb15.sock'), ('ROS_PYTHON_VERSION', '3'), ('VSCODE_GIT_ASKPASS_MAIN', '/root/.vscode-server/bin/8b3775030ed1a69b13e4f4c628c612102e30a681/extensions/git/dist/askpass-main.js'), ('PS1', '\\[\x1b]633;A\x07\\]\\u@\\h\\[\\033[01;32m\\](brain)\\[\\033[00m\\]:\\w$ \\[\x1b]633;B\x07\\]'), ('VSCODE_GIT_ASKPASS_NODE', '/root/.vscode-server/bin/8b3775030ed1a69b13e4f4c628c612102e30a681/node'), ('ROS_IP', '10.10.0.2'), ('COLORTERM', 'truecolor'), ('REMOTE_CONTAINERS', 'true'), ('ROS_DISTRO', 'humble'), ('REMOTE_CONTAINERS_IPC', '/tmp/vscode-remote-containers-ipc-2645588d-ea61-4df9-83f3-4f3a79670a0e.sock'), ('_', '/usr/bin/colcon'), ('ROS_VERSION', '2'), ('TERM', 'xterm-256color'), ('ROS_LOCALHOST_ONLY', '0'), ('PATH', '/root/.vscode-server/bin/8b3775030ed1a69b13e4f4c628c612102e30a681/bin/remote-cli:/opt/ros/humble/bin:/usr/local/sbin:/usr/local/bin:/usr/sbin:/usr/bin:/sbin:/bin'), ('REMOTE_CONTAINERS_SOCKETS', '["/tmp/vscode-ssh-auth-2645588d-ea61-4df9-83f3-4f3a79670a0e.sock","/root/.gnupg/S.gpg-agent"]'), ('DISPLAY', ':0'), ('LANG', 'en_US.UTF-8'), ('RMW_IMPLEMENTATION', 'rmw_fastrtps_cpp'), ('LS_COLORS', 'rs=0:di=01;34:ln=01;36:mh=00:pi=40;33:so=01;35:do=01;35:bd=40;33;01:cd=40;33;01:or=40;31;01:mi=00:su=37;41:sg=30;43:ca=30;41:tw=30;42:ow=34;42:st=37;44:ex=01;32:*.tar=01;31:*.tgz=01;31:*.arc=01;31:*.arj=01;31:*.taz=01;31:*.lha=01;31:*.lz4=01;31:*.lzh=01;31:*.lzma=01;31:*.tlz=01;31:*.txz=01;31:*.tzo=01;31:*.t7z=01;31:*.zip=01;31:*.z=01;31:*.dz=01;31:*.gz=01;31:*.lrz=01;31:*.lz=01;31:*.lzo=01;31:*.xz=01;31:*.zst=01;31:*.tzst=01;31:*.bz2=01;31:*.bz=01;31:*.tbz=01;31:*.tbz2=01;31:*.tz=01;31:*.deb=01;31:*.rpm=01;31:*.jar=01;31:*.war=01;31:*.ear=01;31:*.sar=01;31:*.rar=01;31:*.alz=01;31:*.ace=01;31:*.zoo=01;31:*.cpio=01;31:*.7z=01;31:*.rz=01;31:*.cab=01;31:*.wim=01;31:*.swm=01;31:*.dwm=01;31:*.esd=01;31:*.jpg=01;35:*.jpeg=01;35:*.mjpg=01;35:*.mjpeg=01;35:*.gif=01;35:*.bmp=01;35:*.pbm=01;35:*.pgm=01;35:*.ppm=01;35:*.tga=01;35:*.xbm=01;35:*.xpm=01;35:*.tif=01;35:*.tiff=01;35:*.png=01;35:*.svg=01;35:*.svgz=01;35:*.mng=01;35:*.pcx=01;35:*.mov=01;35:*.mpg=01;35:*.mpeg=01;35:*.m2v=01;35:*.mkv=01;35:*.webm=01;35:*.webp=01;35:*.ogm=01;35:*.mp4=01;35:*.m4v=01;35:*.mp4v=01;35:*.vob=01;35:*.qt=01;35:*.nuv=01;35:*.wmv=01;35:*.asf=01;35:*.rm=01;35:*.rmvb=01;35:*.flc=01;35:*.avi=01;35:*.fli=01;35:*.flv=01;35:*.gl=01;35:*.dl=01;35:*.xcf=01;35:*.xwd=01;35:*.yuv=01;35:*.cgm=01;35:*.emf=01;35:*.ogv=01;35:*.ogx=01;35:*.aac=00;36:*.au=00;36:*.flac=00;36:*.m4a=00;36:*.mid=00;36:*.midi=00;36:*.mka=00;36:*.mp3=00;36:*.mpc=00;36:*.ogg=00;36:*.ra=00;36:*.wav=00;36:*.oga=00;36:*.opus=00;36:*.spx=00;36:*.xspf=00;36:'), ('VSCODE_GIT_IPC_HANDLE', '/tmp/vscode-git-b3700a665a.sock'), ('TERM_PROGRAM', 'vscode'), ('SSH_AUTH_SOCK', '/tmp/vscode-ssh-auth-2645588d-ea61-4df9-83f3-4f3a79670a0e.sock'), ('ROS_DOMAIN_ID', '42'), ('AMENT_PREFIX_PATH', '/opt/ros/humble'), ('SHELL', '/bin/bash'), ('LESSCLOSE', '/usr/bin/lesspipe %s %s'), ('VSCODE_GIT_ASKPASS_EXTRA_ARGS', ''), ('PWD', '/ros2_ws/build/interfaces'), ('PYTHONPATH', '/opt/ros/humble/lib/python3.10/site-packages:/opt/ros/humble/local/lib/python3.10/dist-packages'), ('ROS_HOSTNAME', '10.10.0.2'), ('COLCON', '1'), ('CMAKE_PREFIX_PATH', '/opt/ros/humble')]), 'shell': False}
[0.076052] (oradar_lidar) JobProgress: {'identifier': 'oradar_lidar', 'progress': 'cmake'}
[0.079247] (oradar_lidar) JobProgress: {'identifier': 'oradar_lidar', 'progress': 'build'}
[0.080404] (oradar_lidar) Command: {'cmd': ['/usr/bin/cmake', '--build', '/ros2_ws/build/oradar_lidar', '--', '-j4', '-l4'], 'cwd': '/ros2_ws/build/oradar_lidar', 'env': OrderedDict([('LESSOPEN', '| /usr/bin/lesspipe %s'), ('HOSTNAME', '55456c0da4eb'), ('GIT_ASKPASS', '/root/.vscode-server/bin/8b3775030ed1a69b13e4f4c628c612102e30a681/extensions/git/dist/askpass.sh'), ('SHLVL', '2'), ('LD_LIBRARY_PATH', '/opt/ros/humble/opt/rviz_ogre_vendor/lib:/opt/ros/humble/lib/aarch64-linux-gnu:/opt/ros/humble/lib'), ('BROWSER', '/root/.vscode-server/bin/8b3775030ed1a69b13e4f4c628c612102e30a681/bin/helpers/browser.sh'), ('HOME', '/root'), ('TERM_PROGRAM_VERSION', '1.85.2'), ('VSCODE_IPC_HOOK_CLI', '/tmp/vscode-ipc-d7878676-71cb-4525-8110-398c659ccb15.sock'), ('ROS_PYTHON_VERSION', '3'), ('VSCODE_GIT_ASKPASS_MAIN', '/root/.vscode-server/bin/8b3775030ed1a69b13e4f4c628c612102e30a681/extensions/git/dist/askpass-main.js'), ('PS1', '\\[\x1b]633;A\x07\\]\\u@\\h\\[\\033[01;32m\\](brain)\\[\\033[00m\\]:\\w$ \\[\x1b]633;B\x07\\]'), ('VSCODE_GIT_ASKPASS_NODE', '/root/.vscode-server/bin/8b3775030ed1a69b13e4f4c628c612102e30a681/node'), ('ROS_IP', '10.10.0.2'), ('COLORTERM', 'truecolor'), ('REMOTE_CONTAINERS', 'true'), ('ROS_DISTRO', 'humble'), ('REMOTE_CONTAINERS_IPC', '/tmp/vscode-remote-containers-ipc-2645588d-ea61-4df9-83f3-4f3a79670a0e.sock'), ('_', '/usr/bin/colcon'), ('ROS_VERSION', '2'), ('TERM', 'xterm-256color'), ('ROS_LOCALHOST_ONLY', '0'), ('PATH', '/root/.vscode-server/bin/8b3775030ed1a69b13e4f4c628c612102e30a681/bin/remote-cli:/opt/ros/humble/bin:/usr/local/sbin:/usr/local/bin:/usr/sbin:/usr/bin:/sbin:/bin'), ('REMOTE_CONTAINERS_SOCKETS', '["/tmp/vscode-ssh-auth-2645588d-ea61-4df9-83f3-4f3a79670a0e.sock","/root/.gnupg/S.gpg-agent"]'), ('DISPLAY', ':0'), ('LANG', 'en_US.UTF-8'), ('RMW_IMPLEMENTATION', 'rmw_fastrtps_cpp'), ('LS_COLORS', 'rs=0:di=01;34:ln=01;36:mh=00:pi=40;33:so=01;35:do=01;35:bd=40;33;01:cd=40;33;01:or=40;31;01:mi=00:su=37;41:sg=30;43:ca=30;41:tw=30;42:ow=34;42:st=37;44:ex=01;32:*.tar=01;31:*.tgz=01;31:*.arc=01;31:*.arj=01;31:*.taz=01;31:*.lha=01;31:*.lz4=01;31:*.lzh=01;31:*.lzma=01;31:*.tlz=01;31:*.txz=01;31:*.tzo=01;31:*.t7z=01;31:*.zip=01;31:*.z=01;31:*.dz=01;31:*.gz=01;31:*.lrz=01;31:*.lz=01;31:*.lzo=01;31:*.xz=01;31:*.zst=01;31:*.tzst=01;31:*.bz2=01;31:*.bz=01;31:*.tbz=01;31:*.tbz2=01;31:*.tz=01;31:*.deb=01;31:*.rpm=01;31:*.jar=01;31:*.war=01;31:*.ear=01;31:*.sar=01;31:*.rar=01;31:*.alz=01;31:*.ace=01;31:*.zoo=01;31:*.cpio=01;31:*.7z=01;31:*.rz=01;31:*.cab=01;31:*.wim=01;31:*.swm=01;31:*.dwm=01;31:*.esd=01;31:*.jpg=01;35:*.jpeg=01;35:*.mjpg=01;35:*.mjpeg=01;35:*.gif=01;35:*.bmp=01;35:*.pbm=01;35:*.pgm=01;35:*.ppm=01;35:*.tga=01;35:*.xbm=01;35:*.xpm=01;35:*.tif=01;35:*.tiff=01;35:*.png=01;35:*.svg=01;35:*.svgz=01;35:*.mng=01;35:*.pcx=01;35:*.mov=01;35:*.mpg=01;35:*.mpeg=01;35:*.m2v=01;35:*.mkv=01;35:*.webm=01;35:*.webp=01;35:*.ogm=01;35:*.mp4=01;35:*.m4v=01;35:*.mp4v=01;35:*.vob=01;35:*.qt=01;35:*.nuv=01;35:*.wmv=01;35:*.asf=01;35:*.rm=01;35:*.rmvb=01;35:*.flc=01;35:*.avi=01;35:*.fli=01;35:*.flv=01;35:*.gl=01;35:*.dl=01;35:*.xcf=01;35:*.xwd=01;35:*.yuv=01;35:*.cgm=01;35:*.emf=01;35:*.ogv=01;35:*.ogx=01;35:*.aac=00;36:*.au=00;36:*.flac=00;36:*.m4a=00;36:*.mid=00;36:*.midi=00;36:*.mka=00;36:*.mp3=00;36:*.mpc=00;36:*.ogg=00;36:*.ra=00;36:*.wav=00;36:*.oga=00;36:*.opus=00;36:*.spx=00;36:*.xspf=00;36:'), ('VSCODE_GIT_IPC_HANDLE', '/tmp/vscode-git-b3700a665a.sock'), ('TERM_PROGRAM', 'vscode'), ('SSH_AUTH_SOCK', '/tmp/vscode-ssh-auth-2645588d-ea61-4df9-83f3-4f3a79670a0e.sock'), ('ROS_DOMAIN_ID', '42'), ('AMENT_PREFIX_PATH', '/opt/ros/humble'), ('SHELL', '/bin/bash'), ('LESSCLOSE', '/usr/bin/lesspipe %s %s'), ('VSCODE_GIT_ASKPASS_EXTRA_ARGS', ''), ('PWD', '/ros2_ws/build/oradar_lidar'), ('PYTHONPATH', '/opt/ros/humble/lib/python3.10/site-packages:/opt/ros/humble/local/lib/python3.10/dist-packages'), ('ROS_HOSTNAME', '10.10.0.2'), ('COLCON', '1'), ('CMAKE_PREFIX_PATH', '/opt/ros/humble')]), 'shell': False}
[0.099065] (-) TimerEvent: {}
[0.203275] (-) TimerEvent: {}
[0.261006] (interfaces) StdoutLine: {'line': b'[  2%] Built target interfaces__rs\n'}
[0.266163] (interfaces) StdoutLine: {'line': b'[ 12%] Built target interfaces__rosidl_generator_c\n'}
[0.277350] (interfaces) StdoutLine: {'line': b'[ 15%] Built target interfaces__cpp\n'}
[0.303474] (-) TimerEvent: {}
[0.326517] (interfaces) StdoutLine: {'line': b'[ 15%] Built target ament_cmake_python_copy_interfaces\n'}
[0.354604] (interfaces) StdoutLine: {'line': b'[ 25%] Built target interfaces__rosidl_typesupport_c\n'}
[0.377201] (interfaces) StdoutLine: {'line': b'[ 35%] Built target interfaces__rosidl_typesupport_introspection_c\n'}
[0.392980] (oradar_lidar) StdoutLine: {'line': b'[ 60%] Built target oradar_sdk\n'}
[0.403658] (-) TimerEvent: {}
[0.476943] (interfaces) StdoutLine: {'line': b'[ 47%] Built target interfaces__rosidl_typesupport_fastrtps_c\n'}
[0.480606] (interfaces) StdoutLine: {'line': b'[ 55%] Built target interfaces__rosidl_typesupport_fastrtps_cpp\n'}
[0.503001] (interfaces) StdoutLine: {'line': b'[ 65%] Built target interfaces__rosidl_typesupport_introspection_cpp\n'}
[0.504588] (-) TimerEvent: {}
[0.523658] (interfaces) StdoutLine: {'line': b'[ 75%] Built target interfaces__rosidl_typesupport_cpp\n'}
[0.526501] (oradar_lidar) StdoutLine: {'line': b'[ 70%] Built target blocking_test\n'}
[0.556452] (oradar_lidar) StdoutLine: {'line': b'[ 80%] Built target non-blocking_test\n'}
[0.563128] (oradar_lidar) StdoutLine: {'line': b'[ 90%] Built target oradar_scan\n'}
[0.568075] (oradar_lidar) StdoutLine: {'line': b'[100%] Built target blocking_c_api_test\n'}
[0.602050] (interfaces) StdoutLine: {'line': b'[ 75%] Built target interfaces\n'}
[0.604762] (-) TimerEvent: {}
[0.643668] (oradar_lidar) CommandEnded: {'returncode': 0}
[0.645990] (oradar_lidar) JobProgress: {'identifier': 'oradar_lidar', 'progress': 'install'}
[0.674126] (oradar_lidar) Command: {'cmd': ['/usr/bin/cmake', '--install', '/ros2_ws/build/oradar_lidar'], 'cwd': '/ros2_ws/build/oradar_lidar', 'env': OrderedDict([('LESSOPEN', '| /usr/bin/lesspipe %s'), ('HOSTNAME', '55456c0da4eb'), ('GIT_ASKPASS', '/root/.vscode-server/bin/8b3775030ed1a69b13e4f4c628c612102e30a681/extensions/git/dist/askpass.sh'), ('SHLVL', '2'), ('LD_LIBRARY_PATH', '/opt/ros/humble/opt/rviz_ogre_vendor/lib:/opt/ros/humble/lib/aarch64-linux-gnu:/opt/ros/humble/lib'), ('BROWSER', '/root/.vscode-server/bin/8b3775030ed1a69b13e4f4c628c612102e30a681/bin/helpers/browser.sh'), ('HOME', '/root'), ('TERM_PROGRAM_VERSION', '1.85.2'), ('VSCODE_IPC_HOOK_CLI', '/tmp/vscode-ipc-d7878676-71cb-4525-8110-398c659ccb15.sock'), ('ROS_PYTHON_VERSION', '3'), ('VSCODE_GIT_ASKPASS_MAIN', '/root/.vscode-server/bin/8b3775030ed1a69b13e4f4c628c612102e30a681/extensions/git/dist/askpass-main.js'), ('PS1', '\\[\x1b]633;A\x07\\]\\u@\\h\\[\\033[01;32m\\](brain)\\[\\033[00m\\]:\\w$ \\[\x1b]633;B\x07\\]'), ('VSCODE_GIT_ASKPASS_NODE', '/root/.vscode-server/bin/8b3775030ed1a69b13e4f4c628c612102e30a681/node'), ('ROS_IP', '10.10.0.2'), ('COLORTERM', 'truecolor'), ('REMOTE_CONTAINERS', 'true'), ('ROS_DISTRO', 'humble'), ('REMOTE_CONTAINERS_IPC', '/tmp/vscode-remote-containers-ipc-2645588d-ea61-4df9-83f3-4f3a79670a0e.sock'), ('_', '/usr/bin/colcon'), ('ROS_VERSION', '2'), ('TERM', 'xterm-256color'), ('ROS_LOCALHOST_ONLY', '0'), ('PATH', '/root/.vscode-server/bin/8b3775030ed1a69b13e4f4c628c612102e30a681/bin/remote-cli:/opt/ros/humble/bin:/usr/local/sbin:/usr/local/bin:/usr/sbin:/usr/bin:/sbin:/bin'), ('REMOTE_CONTAINERS_SOCKETS', '["/tmp/vscode-ssh-auth-2645588d-ea61-4df9-83f3-4f3a79670a0e.sock","/root/.gnupg/S.gpg-agent"]'), ('DISPLAY', ':0'), ('LANG', 'en_US.UTF-8'), ('RMW_IMPLEMENTATION', 'rmw_fastrtps_cpp'), ('LS_COLORS', 'rs=0:di=01;34:ln=01;36:mh=00:pi=40;33:so=01;35:do=01;35:bd=40;33;01:cd=40;33;01:or=40;31;01:mi=00:su=37;41:sg=30;43:ca=30;41:tw=30;42:ow=34;42:st=37;44:ex=01;32:*.tar=01;31:*.tgz=01;31:*.arc=01;31:*.arj=01;31:*.taz=01;31:*.lha=01;31:*.lz4=01;31:*.lzh=01;31:*.lzma=01;31:*.tlz=01;31:*.txz=01;31:*.tzo=01;31:*.t7z=01;31:*.zip=01;31:*.z=01;31:*.dz=01;31:*.gz=01;31:*.lrz=01;31:*.lz=01;31:*.lzo=01;31:*.xz=01;31:*.zst=01;31:*.tzst=01;31:*.bz2=01;31:*.bz=01;31:*.tbz=01;31:*.tbz2=01;31:*.tz=01;31:*.deb=01;31:*.rpm=01;31:*.jar=01;31:*.war=01;31:*.ear=01;31:*.sar=01;31:*.rar=01;31:*.alz=01;31:*.ace=01;31:*.zoo=01;31:*.cpio=01;31:*.7z=01;31:*.rz=01;31:*.cab=01;31:*.wim=01;31:*.swm=01;31:*.dwm=01;31:*.esd=01;31:*.jpg=01;35:*.jpeg=01;35:*.mjpg=01;35:*.mjpeg=01;35:*.gif=01;35:*.bmp=01;35:*.pbm=01;35:*.pgm=01;35:*.ppm=01;35:*.tga=01;35:*.xbm=01;35:*.xpm=01;35:*.tif=01;35:*.tiff=01;35:*.png=01;35:*.svg=01;35:*.svgz=01;35:*.mng=01;35:*.pcx=01;35:*.mov=01;35:*.mpg=01;35:*.mpeg=01;35:*.m2v=01;35:*.mkv=01;35:*.webm=01;35:*.webp=01;35:*.ogm=01;35:*.mp4=01;35:*.m4v=01;35:*.mp4v=01;35:*.vob=01;35:*.qt=01;35:*.nuv=01;35:*.wmv=01;35:*.asf=01;35:*.rm=01;35:*.rmvb=01;35:*.flc=01;35:*.avi=01;35:*.fli=01;35:*.flv=01;35:*.gl=01;35:*.dl=01;35:*.xcf=01;35:*.xwd=01;35:*.yuv=01;35:*.cgm=01;35:*.emf=01;35:*.ogv=01;35:*.ogx=01;35:*.aac=00;36:*.au=00;36:*.flac=00;36:*.m4a=00;36:*.mid=00;36:*.midi=00;36:*.mka=00;36:*.mp3=00;36:*.mpc=00;36:*.ogg=00;36:*.ra=00;36:*.wav=00;36:*.oga=00;36:*.opus=00;36:*.spx=00;36:*.xspf=00;36:'), ('VSCODE_GIT_IPC_HANDLE', '/tmp/vscode-git-b3700a665a.sock'), ('TERM_PROGRAM', 'vscode'), ('SSH_AUTH_SOCK', '/tmp/vscode-ssh-auth-2645588d-ea61-4df9-83f3-4f3a79670a0e.sock'), ('ROS_DOMAIN_ID', '42'), ('AMENT_PREFIX_PATH', '/opt/ros/humble'), ('SHELL', '/bin/bash'), ('LESSCLOSE', '/usr/bin/lesspipe %s %s'), ('VSCODE_GIT_ASKPASS_EXTRA_ARGS', ''), ('PWD', '/ros2_ws/build/oradar_lidar'), ('PYTHONPATH', '/opt/ros/humble/lib/python3.10/site-packages:/opt/ros/humble/local/lib/python3.10/dist-packages'), ('ROS_HOSTNAME', '10.10.0.2'), ('COLCON', '1'), ('CMAKE_PREFIX_PATH', '/opt/ros/humble')]), 'shell': False}
[0.702093] (oradar_lidar) StdoutLine: {'line': b'-- Install configuration: "RELEASE"\n'}
[0.703727] (oradar_lidar) StdoutLine: {'line': b'-- Up-to-date: /ros2_ws/install/oradar_lidar/lib/oradar_lidar/oradar_scan\n'}
[0.704881] (-) TimerEvent: {}
[0.706132] (oradar_lidar) StdoutLine: {'line': b'-- Up-to-date: /ros2_ws/install/oradar_lidar/share/oradar_lidar//launch\n'}
[0.707320] (oradar_lidar) StdoutLine: {'line': b'-- Up-to-date: /ros2_ws/install/oradar_lidar/share/oradar_lidar//launch/ms200_scan_view.launch\n'}
[0.708053] (oradar_lidar) StdoutLine: {'line': b'-- Up-to-date: /ros2_ws/install/oradar_lidar/share/oradar_lidar//launch/ms200_scan_gmapping.launch.py\n'}
[0.708878] (oradar_lidar) StdoutLine: {'line': b'-- Up-to-date: /ros2_ws/install/oradar_lidar/share/oradar_lidar//launch/ms200_scan.launch.py\n'}
[0.711182] (oradar_lidar) StdoutLine: {'line': b'-- Up-to-date: /ros2_ws/install/oradar_lidar/share/oradar_lidar//launch/ms200_scan_view.launch.py\n'}
[0.719622] (oradar_lidar) StdoutLine: {'line': b'-- Up-to-date: /ros2_ws/install/oradar_lidar/share/oradar_lidar//launch/ms200_scan.launch\n'}
[0.721583] (oradar_lidar) StdoutLine: {'line': b'-- Up-to-date: /ros2_ws/install/oradar_lidar/share/oradar_lidar//rviz2\n'}
[0.722149] (oradar_lidar) StdoutLine: {'line': b'-- Up-to-date: /ros2_ws/install/oradar_lidar/share/oradar_lidar//rviz2/oradar_scan.rviz\n'}
[0.722613] (oradar_lidar) StdoutLine: {'line': b'-- Up-to-date: /ros2_ws/install/oradar_lidar/share/ament_index/resource_index/package_run_dependencies/oradar_lidar\n'}
[0.723065] (oradar_lidar) StdoutLine: {'line': b'-- Up-to-date: /ros2_ws/install/oradar_lidar/share/ament_index/resource_index/parent_prefix_path/oradar_lidar\n'}
[0.729000] (oradar_lidar) StdoutLine: {'line': b'-- Up-to-date: /ros2_ws/install/oradar_lidar/share/oradar_lidar/environment/ament_prefix_path.sh\n'}
[0.729614] (oradar_lidar) StdoutLine: {'line': b'-- Up-to-date: /ros2_ws/install/oradar_lidar/share/oradar_lidar/environment/ament_prefix_path.dsv\n'}
[0.730010] (oradar_lidar) StdoutLine: {'line': b'-- Up-to-date: /ros2_ws/install/oradar_lidar/share/oradar_lidar/environment/path.sh\n'}
[0.730386] (oradar_lidar) StdoutLine: {'line': b'-- Up-to-date: /ros2_ws/install/oradar_lidar/share/oradar_lidar/environment/path.dsv\n'}
[0.740928] (oradar_lidar) StdoutLine: {'line': b'-- Up-to-date: /ros2_ws/install/oradar_lidar/share/oradar_lidar/local_setup.bash\n'}
[0.741537] (oradar_lidar) StdoutLine: {'line': b'-- Up-to-date: /ros2_ws/install/oradar_lidar/share/oradar_lidar/local_setup.sh\n'}
[0.742083] (oradar_lidar) StdoutLine: {'line': b'-- Up-to-date: /ros2_ws/install/oradar_lidar/share/oradar_lidar/local_setup.zsh\n'}
[0.750867] (oradar_lidar) StdoutLine: {'line': b'-- Up-to-date: /ros2_ws/install/oradar_lidar/share/oradar_lidar/local_setup.dsv\n'}
[0.751531] (oradar_lidar) StdoutLine: {'line': b'-- Installing: /ros2_ws/install/oradar_lidar/share/oradar_lidar/package.dsv\n'}
[0.752048] (oradar_lidar) StdoutLine: {'line': b'-- Up-to-date: /ros2_ws/install/oradar_lidar/share/ament_index/resource_index/packages/oradar_lidar\n'}
[0.752553] (oradar_lidar) StdoutLine: {'line': b'-- Up-to-date: /ros2_ws/install/oradar_lidar/share/oradar_lidar/cmake/oradar_lidarConfig.cmake\n'}
[0.753116] (oradar_lidar) StdoutLine: {'line': b'-- Up-to-date: /ros2_ws/install/oradar_lidar/share/oradar_lidar/cmake/oradar_lidarConfig-version.cmake\n'}
[0.753640] (oradar_lidar) StdoutLine: {'line': b'-- Up-to-date: /ros2_ws/install/oradar_lidar/share/oradar_lidar/package.xml\n'}
[0.754106] (oradar_lidar) StdoutLine: {'line': b'-- Up-to-date: /ros2_ws/install/oradar_lidar/include/core/base/datatype.h\n'}
[0.754571] (oradar_lidar) StdoutLine: {'line': b'-- Up-to-date: /ros2_ws/install/oradar_lidar/include/core/base/locker.h\n'}
[0.755014] (oradar_lidar) StdoutLine: {'line': b'-- Up-to-date: /ros2_ws/install/oradar_lidar/include/core/base/thread.h\n'}
[0.755469] (oradar_lidar) StdoutLine: {'line': b'-- Up-to-date: /ros2_ws/install/oradar_lidar/include/core/base/timer.h\n'}
[0.755963] (oradar_lidar) StdoutLine: {'line': b'-- Up-to-date: /ros2_ws/install/oradar_lidar/include/core/base/typedef.h\n'}
[0.756397] (oradar_lidar) StdoutLine: {'line': b'-- Up-to-date: /ros2_ws/install/oradar_lidar/include/core/base/utils.h\n'}
[0.756747] (oradar_lidar) StdoutLine: {'line': b'-- Up-to-date: /ros2_ws/install/oradar_lidar/include/core/base/v8stdint.h\n'}
[0.757209] (oradar_lidar) StdoutLine: {'line': b'-- Up-to-date: /ros2_ws/install/oradar_lidar/include/core/common/ChannelDevice.h\n'}
[0.757663] (oradar_lidar) StdoutLine: {'line': b'-- Up-to-date: /ros2_ws/install/oradar_lidar/include/core/math/angles.h\n'}
[0.758094] (oradar_lidar) StdoutLine: {'line': b'-- Up-to-date: /ros2_ws/install/oradar_lidar/include/core/network/ActiveSocket.h\n'}
[0.758527] (oradar_lidar) StdoutLine: {'line': b'-- Up-to-date: /ros2_ws/install/oradar_lidar/include/core/network/PassiveSocket.h\n'}
[0.758900] (oradar_lidar) StdoutLine: {'line': b'-- Up-to-date: /ros2_ws/install/oradar_lidar/include/core/network/SimpleSocket.h\n'}
[0.759309] (oradar_lidar) StdoutLine: {'line': b'-- Up-to-date: /ros2_ws/install/oradar_lidar/include/core/network/StatTimer.h\n'}
[0.759700] (oradar_lidar) StdoutLine: {'line': b'-- Up-to-date: /ros2_ws/install/oradar_lidar/include/core/serial/common.h\n'}
[0.769607] (oradar_lidar) StdoutLine: {'line': b'-- Up-to-date: /ros2_ws/install/oradar_lidar/include/core/serial/serial.h\n'}
[0.770258] (oradar_lidar) StdoutLine: {'line': b'-- Up-to-date: /ros2_ws/install/oradar_lidar/include/core/serial/impl/unix/lock.h\n'}
[0.770730] (oradar_lidar) StdoutLine: {'line': b'-- Up-to-date: /ros2_ws/install/oradar_lidar/include/core/serial/impl/unix/unix.h\n'}
[0.771125] (oradar_lidar) StdoutLine: {'line': b'-- Up-to-date: /ros2_ws/install/oradar_lidar/include/core/serial/impl/unix/unix_serial.h\n'}
[0.771504] (oradar_lidar) StdoutLine: {'line': b'-- Up-to-date: /ros2_ws/install/oradar_lidar/include/src/ord_lidar_c_api_driver.h\n'}
[0.771874] (oradar_lidar) StdoutLine: {'line': b'-- Up-to-date: /ros2_ws/install/oradar_lidar/include/src/ord_lidar_driver.h\n'}
[0.772223] (oradar_lidar) StdoutLine: {'line': b'-- Up-to-date: /ros2_ws/install/oradar_lidar/include/src/ordlidar_protocol.h\n'}
[0.772580] (oradar_lidar) StdoutLine: {'line': b'-- Up-to-date: /ros2_ws/install/oradar_lidar/include/src/filters/FullScanFilter.h\n'}
[0.772916] (oradar_lidar) StdoutLine: {'line': b'-- Up-to-date: /ros2_ws/install/oradar_lidar/lib/liboradar_sdk.a\n'}
[0.773462] (oradar_lidar) StdoutLine: {'line': b'-- Up-to-date: /ros2_ws/install/oradar_lidar/bin/blocking_test\n'}
[0.773863] (oradar_lidar) StdoutLine: {'line': b'-- Up-to-date: /ros2_ws/install/oradar_lidar/bin/non-blocking_test\n'}
[0.774227] (oradar_lidar) StdoutLine: {'line': b'-- Up-to-date: /ros2_ws/install/oradar_lidar/bin/blocking_c_api_test\n'}
[0.774576] (oradar_lidar) CommandEnded: {'returncode': 0}
[0.779987] (interfaces) StdoutLine: {'line': b'[ 77%] Built target interfaces__py\n'}
[0.806225] (-) TimerEvent: {}
[0.907827] (-) TimerEvent: {}
[0.926334] (oradar_lidar) JobEnded: {'identifier': 'oradar_lidar', 'rc': 0}
[1.003499] (interfaces) StdoutLine: {'line': b'[ 85%] Built target interfaces__rosidl_generator_py\n'}
[1.008205] (-) TimerEvent: {}
[1.109282] (-) TimerEvent: {}
[1.211000] (-) TimerEvent: {}
[1.226592] (interfaces) StdoutLine: {'line': b'[ 90%] Built target interfaces__rosidl_typesupport_introspection_c__pyext\n'}
[1.311164] (-) TimerEvent: {}
[1.331203] (interfaces) StdoutLine: {'line': b'[ 95%] Built target interfaces__rosidl_typesupport_c__pyext\n'}
[1.375899] (interfaces) StdoutLine: {'line': b'[100%] Built target interfaces__rosidl_typesupport_fastrtps_c__pyext\n'}
[1.411348] (-) TimerEvent: {}
[1.512849] (-) TimerEvent: {}
[1.614392] (-) TimerEvent: {}
[1.715938] (-) TimerEvent: {}
[1.817595] (-) TimerEvent: {}
[1.919194] (-) TimerEvent: {}
[2.009170] (interfaces) StdoutLine: {'line': b'running egg_info\n'}
[2.012587] (interfaces) StdoutLine: {'line': b'writing interfaces.egg-info/PKG-INFO\n'}
[2.016631] (interfaces) StdoutLine: {'line': b'writing dependency_links to interfaces.egg-info/dependency_links.txt\n'}
[2.019316] (-) TimerEvent: {}
[2.020969] (interfaces) StdoutLine: {'line': b'writing top-level names to interfaces.egg-info/top_level.txt\n'}
[2.030951] (interfaces) StdoutLine: {'line': b"reading manifest file 'interfaces.egg-info/SOURCES.txt'\n"}
[2.034177] (interfaces) StdoutLine: {'line': b"writing manifest file 'interfaces.egg-info/SOURCES.txt'\n"}
[2.119513] (-) TimerEvent: {}
[2.178547] (interfaces) StdoutLine: {'line': b'[100%] Built target ament_cmake_python_build_interfaces_egg\n'}
[2.219691] (-) TimerEvent: {}
[2.237518] (interfaces) CommandEnded: {'returncode': 0}
[2.238991] (interfaces) JobProgress: {'identifier': 'interfaces', 'progress': 'install'}
[2.242234] (interfaces) Command: {'cmd': ['/usr/bin/cmake', '--install', '/ros2_ws/build/interfaces'], 'cwd': '/ros2_ws/build/interfaces', 'env': OrderedDict([('LESSOPEN', '| /usr/bin/lesspipe %s'), ('HOSTNAME', '55456c0da4eb'), ('GIT_ASKPASS', '/root/.vscode-server/bin/8b3775030ed1a69b13e4f4c628c612102e30a681/extensions/git/dist/askpass.sh'), ('SHLVL', '2'), ('LD_LIBRARY_PATH', '/opt/ros/humble/opt/rviz_ogre_vendor/lib:/opt/ros/humble/lib/aarch64-linux-gnu:/opt/ros/humble/lib'), ('BROWSER', '/root/.vscode-server/bin/8b3775030ed1a69b13e4f4c628c612102e30a681/bin/helpers/browser.sh'), ('HOME', '/root'), ('TERM_PROGRAM_VERSION', '1.85.2'), ('VSCODE_IPC_HOOK_CLI', '/tmp/vscode-ipc-d7878676-71cb-4525-8110-398c659ccb15.sock'), ('ROS_PYTHON_VERSION', '3'), ('VSCODE_GIT_ASKPASS_MAIN', '/root/.vscode-server/bin/8b3775030ed1a69b13e4f4c628c612102e30a681/extensions/git/dist/askpass-main.js'), ('PS1', '\\[\x1b]633;A\x07\\]\\u@\\h\\[\\033[01;32m\\](brain)\\[\\033[00m\\]:\\w$ \\[\x1b]633;B\x07\\]'), ('VSCODE_GIT_ASKPASS_NODE', '/root/.vscode-server/bin/8b3775030ed1a69b13e4f4c628c612102e30a681/node'), ('ROS_IP', '10.10.0.2'), ('COLORTERM', 'truecolor'), ('REMOTE_CONTAINERS', 'true'), ('ROS_DISTRO', 'humble'), ('REMOTE_CONTAINERS_IPC', '/tmp/vscode-remote-containers-ipc-2645588d-ea61-4df9-83f3-4f3a79670a0e.sock'), ('_', '/usr/bin/colcon'), ('ROS_VERSION', '2'), ('TERM', 'xterm-256color'), ('ROS_LOCALHOST_ONLY', '0'), ('PATH', '/root/.vscode-server/bin/8b3775030ed1a69b13e4f4c628c612102e30a681/bin/remote-cli:/opt/ros/humble/bin:/usr/local/sbin:/usr/local/bin:/usr/sbin:/usr/bin:/sbin:/bin'), ('REMOTE_CONTAINERS_SOCKETS', '["/tmp/vscode-ssh-auth-2645588d-ea61-4df9-83f3-4f3a79670a0e.sock","/root/.gnupg/S.gpg-agent"]'), ('DISPLAY', ':0'), ('LANG', 'en_US.UTF-8'), ('RMW_IMPLEMENTATION', 'rmw_fastrtps_cpp'), ('LS_COLORS', 'rs=0:di=01;34:ln=01;36:mh=00:pi=40;33:so=01;35:do=01;35:bd=40;33;01:cd=40;33;01:or=40;31;01:mi=00:su=37;41:sg=30;43:ca=30;41:tw=30;42:ow=34;42:st=37;44:ex=01;32:*.tar=01;31:*.tgz=01;31:*.arc=01;31:*.arj=01;31:*.taz=01;31:*.lha=01;31:*.lz4=01;31:*.lzh=01;31:*.lzma=01;31:*.tlz=01;31:*.txz=01;31:*.tzo=01;31:*.t7z=01;31:*.zip=01;31:*.z=01;31:*.dz=01;31:*.gz=01;31:*.lrz=01;31:*.lz=01;31:*.lzo=01;31:*.xz=01;31:*.zst=01;31:*.tzst=01;31:*.bz2=01;31:*.bz=01;31:*.tbz=01;31:*.tbz2=01;31:*.tz=01;31:*.deb=01;31:*.rpm=01;31:*.jar=01;31:*.war=01;31:*.ear=01;31:*.sar=01;31:*.rar=01;31:*.alz=01;31:*.ace=01;31:*.zoo=01;31:*.cpio=01;31:*.7z=01;31:*.rz=01;31:*.cab=01;31:*.wim=01;31:*.swm=01;31:*.dwm=01;31:*.esd=01;31:*.jpg=01;35:*.jpeg=01;35:*.mjpg=01;35:*.mjpeg=01;35:*.gif=01;35:*.bmp=01;35:*.pbm=01;35:*.pgm=01;35:*.ppm=01;35:*.tga=01;35:*.xbm=01;35:*.xpm=01;35:*.tif=01;35:*.tiff=01;35:*.png=01;35:*.svg=01;35:*.svgz=01;35:*.mng=01;35:*.pcx=01;35:*.mov=01;35:*.mpg=01;35:*.mpeg=01;35:*.m2v=01;35:*.mkv=01;35:*.webm=01;35:*.webp=01;35:*.ogm=01;35:*.mp4=01;35:*.m4v=01;35:*.mp4v=01;35:*.vob=01;35:*.qt=01;35:*.nuv=01;35:*.wmv=01;35:*.asf=01;35:*.rm=01;35:*.rmvb=01;35:*.flc=01;35:*.avi=01;35:*.fli=01;35:*.flv=01;35:*.gl=01;35:*.dl=01;35:*.xcf=01;35:*.xwd=01;35:*.yuv=01;35:*.cgm=01;35:*.emf=01;35:*.ogv=01;35:*.ogx=01;35:*.aac=00;36:*.au=00;36:*.flac=00;36:*.m4a=00;36:*.mid=00;36:*.midi=00;36:*.mka=00;36:*.mp3=00;36:*.mpc=00;36:*.ogg=00;36:*.ra=00;36:*.wav=00;36:*.oga=00;36:*.opus=00;36:*.spx=00;36:*.xspf=00;36:'), ('VSCODE_GIT_IPC_HANDLE', '/tmp/vscode-git-b3700a665a.sock'), ('TERM_PROGRAM', 'vscode'), ('SSH_AUTH_SOCK', '/tmp/vscode-ssh-auth-2645588d-ea61-4df9-83f3-4f3a79670a0e.sock'), ('ROS_DOMAIN_ID', '42'), ('AMENT_PREFIX_PATH', '/opt/ros/humble'), ('SHELL', '/bin/bash'), ('LESSCLOSE', '/usr/bin/lesspipe %s %s'), ('VSCODE_GIT_ASKPASS_EXTRA_ARGS', ''), ('PWD', '/ros2_ws/build/interfaces'), ('PYTHONPATH', '/opt/ros/humble/lib/python3.10/site-packages:/opt/ros/humble/local/lib/python3.10/dist-packages'), ('ROS_HOSTNAME', '10.10.0.2'), ('COLCON', '1'), ('CMAKE_PREFIX_PATH', '/opt/ros/humble')]), 'shell': False}
[2.269173] (interfaces) StdoutLine: {'line': b'-- Install configuration: ""\n'}
[2.269920] (interfaces) StdoutLine: {'line': b'-- Up-to-date: /ros2_ws/install/interfaces/share/ament_index/resource_index/rosidl_interfaces/interfaces\n'}
[2.270681] (interfaces) StdoutLine: {'line': b'-- Up-to-date: /ros2_ws/install/interfaces/include/interfaces/interfaces\n'}
[2.271512] (interfaces) StdoutLine: {'line': b'-- Up-to-date: /ros2_ws/install/interfaces/include/interfaces/interfaces/msg\n'}
[2.272387] (interfaces) StdoutLine: {'line': b'-- Up-to-date: /ros2_ws/install/interfaces/include/interfaces/interfaces/msg/detail\n'}
[2.273374] (interfaces) StdoutLine: {'line': b'-- Up-to-date: /ros2_ws/install/interfaces/include/interfaces/interfaces/msg/detail/motor_cmd__struct.h\n'}
[2.274218] (interfaces) StdoutLine: {'line': b'-- Up-to-date: /ros2_ws/install/interfaces/include/interfaces/interfaces/msg/detail/motor_states__functions.h\n'}
[2.275040] (interfaces) StdoutLine: {'line': b'-- Up-to-date: /ros2_ws/install/interfaces/include/interfaces/interfaces/msg/detail/motor_states__type_support.h\n'}
[2.290743] (interfaces) StdoutLine: {'line': b'-- Up-to-date: /ros2_ws/install/interfaces/include/interfaces/interfaces/msg/detail/motor_cmd__functions.h\n'}
[2.292450] (interfaces) StdoutLine: {'line': b'-- Up-to-date: /ros2_ws/install/interfaces/include/interfaces/interfaces/msg/detail/motor_states__functions.c\n'}
[2.292931] (interfaces) StdoutLine: {'line': b'-- Up-to-date: /ros2_ws/install/interfaces/include/interfaces/interfaces/msg/detail/motor_cmd__functions.c\n'}
[2.299375] (interfaces) StdoutLine: {'line': b'-- Up-to-date: /ros2_ws/install/interfaces/include/interfaces/interfaces/msg/detail/motor_states__struct.h\n'}
[2.305596] (interfaces) StdoutLine: {'line': b'-- Up-to-date: /ros2_ws/install/interfaces/include/interfaces/interfaces/msg/detail/motor_cmd__type_support.h\n'}
[2.306845] (interfaces) StdoutLine: {'line': b'-- Up-to-date: /ros2_ws/install/interfaces/include/interfaces/interfaces/msg/motor_states.h\n'}
[2.307526] (interfaces) StdoutLine: {'line': b'-- Up-to-date: /ros2_ws/install/interfaces/include/interfaces/interfaces/msg/motor_cmd.h\n'}
[2.308020] (interfaces) StdoutLine: {'line': b'-- Up-to-date: /ros2_ws/install/interfaces/include/interfaces/interfaces/msg/rosidl_generator_c__visibility_control.h\n'}
[2.308473] (interfaces) StdoutLine: {'line': b'-- Up-to-date: /ros2_ws/install/interfaces/share/interfaces/environment/library_path.sh\n'}
[2.308901] (interfaces) StdoutLine: {'line': b'-- Up-to-date: /ros2_ws/install/interfaces/share/interfaces/environment/library_path.dsv\n'}
[2.309450] (interfaces) StdoutLine: {'line': b'-- Up-to-date: /ros2_ws/install/interfaces/lib/libinterfaces__rosidl_generator_c.so\n'}
[2.309888] (interfaces) StdoutLine: {'line': b'-- Up-to-date: /ros2_ws/install/interfaces/include/interfaces/interfaces\n'}
[2.310312] (interfaces) StdoutLine: {'line': b'-- Up-to-date: /ros2_ws/install/interfaces/include/interfaces/interfaces/msg\n'}
[2.310811] (interfaces) StdoutLine: {'line': b'-- Up-to-date: /ros2_ws/install/interfaces/include/interfaces/interfaces/msg/rosidl_typesupport_fastrtps_c__visibility_control.h\n'}
[2.311355] (interfaces) StdoutLine: {'line': b'-- Up-to-date: /ros2_ws/install/interfaces/include/interfaces/interfaces/msg/detail\n'}
[2.311854] (interfaces) StdoutLine: {'line': b'-- Up-to-date: /ros2_ws/install/interfaces/include/interfaces/interfaces/msg/detail/motor_states__rosidl_typesupport_fastrtps_c.h\n'}
[2.312347] (interfaces) StdoutLine: {'line': b'-- Up-to-date: /ros2_ws/install/interfaces/include/interfaces/interfaces/msg/detail/motor_cmd__rosidl_typesupport_fastrtps_c.h\n'}
[2.312788] (interfaces) StdoutLine: {'line': b'-- Up-to-date: /ros2_ws/install/interfaces/lib/libinterfaces__rosidl_typesupport_fastrtps_c.so\n'}
[2.319733] (-) TimerEvent: {}
[2.321293] (interfaces) StdoutLine: {'line': b'-- Up-to-date: /ros2_ws/install/interfaces/include/interfaces/interfaces\n'}
[2.321929] (interfaces) StdoutLine: {'line': b'-- Up-to-date: /ros2_ws/install/interfaces/include/interfaces/interfaces/msg\n'}
[2.322344] (interfaces) StdoutLine: {'line': b'-- Up-to-date: /ros2_ws/install/interfaces/include/interfaces/interfaces/msg/rosidl_typesupport_introspection_c__visibility_control.h\n'}
[2.322716] (interfaces) StdoutLine: {'line': b'-- Up-to-date: /ros2_ws/install/interfaces/include/interfaces/interfaces/msg/detail\n'}
[2.323113] (interfaces) StdoutLine: {'line': b'-- Up-to-date: /ros2_ws/install/interfaces/include/interfaces/interfaces/msg/detail/motor_cmd__rosidl_typesupport_introspection_c.h\n'}
[2.323454] (interfaces) StdoutLine: {'line': b'-- Up-to-date: /ros2_ws/install/interfaces/include/interfaces/interfaces/msg/detail/motor_cmd__type_support.c\n'}
[2.323803] (interfaces) StdoutLine: {'line': b'-- Up-to-date: /ros2_ws/install/interfaces/include/interfaces/interfaces/msg/detail/motor_states__type_support.c\n'}
[2.326057] (interfaces) StdoutLine: {'line': b'-- Up-to-date: /ros2_ws/install/interfaces/include/interfaces/interfaces/msg/detail/motor_states__rosidl_typesupport_introspection_c.h\n'}
[2.326593] (interfaces) StdoutLine: {'line': b'-- Up-to-date: /ros2_ws/install/interfaces/lib/libinterfaces__rosidl_typesupport_introspection_c.so\n'}
[2.327231] (interfaces) StdoutLine: {'line': b'-- Up-to-date: /ros2_ws/install/interfaces/lib/libinterfaces__rosidl_typesupport_c.so\n'}
[2.327710] (interfaces) StdoutLine: {'line': b'-- Up-to-date: /ros2_ws/install/interfaces/include/interfaces/interfaces\n'}
[2.328229] (interfaces) StdoutLine: {'line': b'-- Up-to-date: /ros2_ws/install/interfaces/include/interfaces/interfaces/msg\n'}
[2.329321] (interfaces) StdoutLine: {'line': b'-- Up-to-date: /ros2_ws/install/interfaces/include/interfaces/interfaces/msg/motor_states.hpp\n'}
[2.329826] (interfaces) StdoutLine: {'line': b'-- Up-to-date: /ros2_ws/install/interfaces/include/interfaces/interfaces/msg/rosidl_generator_cpp__visibility_control.hpp\n'}
[2.330265] (interfaces) StdoutLine: {'line': b'-- Up-to-date: /ros2_ws/install/interfaces/include/interfaces/interfaces/msg/detail\n'}
[2.330673] (interfaces) StdoutLine: {'line': b'-- Up-to-date: /ros2_ws/install/interfaces/include/interfaces/interfaces/msg/detail/motor_states__type_support.hpp\n'}
[2.331056] (interfaces) StdoutLine: {'line': b'-- Up-to-date: /ros2_ws/install/interfaces/include/interfaces/interfaces/msg/detail/motor_states__traits.hpp\n'}
[2.331428] (interfaces) StdoutLine: {'line': b'-- Up-to-date: /ros2_ws/install/interfaces/include/interfaces/interfaces/msg/detail/motor_cmd__builder.hpp\n'}
[2.331789] (interfaces) StdoutLine: {'line': b'-- Up-to-date: /ros2_ws/install/interfaces/include/interfaces/interfaces/msg/detail/motor_cmd__type_support.hpp\n'}
[2.332166] (interfaces) StdoutLine: {'line': b'-- Up-to-date: /ros2_ws/install/interfaces/include/interfaces/interfaces/msg/detail/motor_cmd__traits.hpp\n'}
[2.332533] (interfaces) StdoutLine: {'line': b'-- Up-to-date: /ros2_ws/install/interfaces/include/interfaces/interfaces/msg/detail/motor_states__struct.hpp\n'}
[2.332897] (interfaces) StdoutLine: {'line': b'-- Up-to-date: /ros2_ws/install/interfaces/include/interfaces/interfaces/msg/detail/motor_states__builder.hpp\n'}
[2.333369] (interfaces) StdoutLine: {'line': b'-- Up-to-date: /ros2_ws/install/interfaces/include/interfaces/interfaces/msg/detail/motor_cmd__struct.hpp\n'}
[2.333940] (interfaces) StdoutLine: {'line': b'-- Up-to-date: /ros2_ws/install/interfaces/include/interfaces/interfaces/msg/motor_cmd.hpp\n'}
[2.334356] (interfaces) StdoutLine: {'line': b'-- Up-to-date: /ros2_ws/install/interfaces/include/interfaces/interfaces\n'}
[2.334831] (interfaces) StdoutLine: {'line': b'-- Up-to-date: /ros2_ws/install/interfaces/include/interfaces/interfaces/msg\n'}
[2.335953] (interfaces) StdoutLine: {'line': b'-- Up-to-date: /ros2_ws/install/interfaces/include/interfaces/interfaces/msg/detail\n'}
[2.336538] (interfaces) StdoutLine: {'line': b'-- Up-to-date: /ros2_ws/install/interfaces/include/interfaces/interfaces/msg/detail/motor_states__rosidl_typesupport_fastrtps_cpp.hpp\n'}
[2.336994] (interfaces) StdoutLine: {'line': b'-- Up-to-date: /ros2_ws/install/interfaces/include/interfaces/interfaces/msg/detail/dds_fastrtps\n'}
[2.337530] (interfaces) StdoutLine: {'line': b'-- Up-to-date: /ros2_ws/install/interfaces/include/interfaces/interfaces/msg/detail/motor_cmd__rosidl_typesupport_fastrtps_cpp.hpp\n'}
[2.337946] (interfaces) StdoutLine: {'line': b'-- Up-to-date: /ros2_ws/install/interfaces/include/interfaces/interfaces/msg/rosidl_typesupport_fastrtps_cpp__visibility_control.h\n'}
[2.338355] (interfaces) StdoutLine: {'line': b'-- Up-to-date: /ros2_ws/install/interfaces/lib/libinterfaces__rosidl_typesupport_fastrtps_cpp.so\n'}
[2.338780] (interfaces) StdoutLine: {'line': b'-- Up-to-date: /ros2_ws/install/interfaces/include/interfaces/interfaces\n'}
[2.339194] (interfaces) StdoutLine: {'line': b'-- Up-to-date: /ros2_ws/install/interfaces/include/interfaces/interfaces/msg\n'}
[2.339583] (interfaces) StdoutLine: {'line': b'-- Up-to-date: /ros2_ws/install/interfaces/include/interfaces/interfaces/msg/detail\n'}
[2.339948] (interfaces) StdoutLine: {'line': b'-- Up-to-date: /ros2_ws/install/interfaces/include/interfaces/interfaces/msg/detail/motor_cmd__type_support.cpp\n'}
[2.340323] (interfaces) StdoutLine: {'line': b'-- Up-to-date: /ros2_ws/install/interfaces/include/interfaces/interfaces/msg/detail/motor_states__type_support.cpp\n'}
[2.340694] (interfaces) StdoutLine: {'line': b'-- Up-to-date: /ros2_ws/install/interfaces/include/interfaces/interfaces/msg/detail/motor_cmd__rosidl_typesupport_introspection_cpp.hpp\n'}
[2.341134] (interfaces) StdoutLine: {'line': b'-- Up-to-date: /ros2_ws/install/interfaces/include/interfaces/interfaces/msg/detail/motor_states__rosidl_typesupport_introspection_cpp.hpp\n'}
[2.341556] (interfaces) StdoutLine: {'line': b'-- Up-to-date: /ros2_ws/install/interfaces/lib/libinterfaces__rosidl_typesupport_introspection_cpp.so\n'}
[2.341923] (interfaces) StdoutLine: {'line': b'-- Up-to-date: /ros2_ws/install/interfaces/lib/libinterfaces__rosidl_typesupport_cpp.so\n'}
[2.342278] (interfaces) StdoutLine: {'line': b'-- Up-to-date: /ros2_ws/install/interfaces/share/interfaces/environment/pythonpath.sh\n'}
[2.342762] (interfaces) StdoutLine: {'line': b'-- Up-to-date: /ros2_ws/install/interfaces/share/interfaces/environment/pythonpath.dsv\n'}
[2.343175] (interfaces) StdoutLine: {'line': b'-- Up-to-date: /ros2_ws/install/interfaces/local/lib/python3.10/dist-packages/interfaces-0.0.0-py3.10.egg-info\n'}
[2.343673] (interfaces) StdoutLine: {'line': b'-- Installing: /ros2_ws/install/interfaces/local/lib/python3.10/dist-packages/interfaces-0.0.0-py3.10.egg-info/SOURCES.txt\n'}
[2.344760] (interfaces) StdoutLine: {'line': b'-- Installing: /ros2_ws/install/interfaces/local/lib/python3.10/dist-packages/interfaces-0.0.0-py3.10.egg-info/PKG-INFO\n'}
[2.345996] (interfaces) StdoutLine: {'line': b'-- Installing: /ros2_ws/install/interfaces/local/lib/python3.10/dist-packages/interfaces-0.0.0-py3.10.egg-info/dependency_links.txt\n'}
[2.346583] (interfaces) StdoutLine: {'line': b'-- Installing: /ros2_ws/install/interfaces/local/lib/python3.10/dist-packages/interfaces-0.0.0-py3.10.egg-info/top_level.txt\n'}
[2.347112] (interfaces) StdoutLine: {'line': b'-- Up-to-date: /ros2_ws/install/interfaces/local/lib/python3.10/dist-packages/interfaces\n'}
[2.347566] (interfaces) StdoutLine: {'line': b'-- Up-to-date: /ros2_ws/install/interfaces/local/lib/python3.10/dist-packages/interfaces/_interfaces_s.ep.rosidl_typesupport_c.c\n'}
[2.348007] (interfaces) StdoutLine: {'line': b'-- Up-to-date: /ros2_ws/install/interfaces/local/lib/python3.10/dist-packages/interfaces/_interfaces_s.ep.rosidl_typesupport_fastrtps_c.c\n'}
[2.348442] (interfaces) StdoutLine: {'line': b'-- Up-to-date: /ros2_ws/install/interfaces/local/lib/python3.10/dist-packages/interfaces/interfaces_s__rosidl_typesupport_introspection_c.cpython-310-aarch64-linux-gnu.so\n'}
[2.348859] (interfaces) StdoutLine: {'line': b'-- Up-to-date: /ros2_ws/install/interfaces/local/lib/python3.10/dist-packages/interfaces/__init__.py\n'}
[2.349378] (interfaces) StdoutLine: {'line': b'-- Up-to-date: /ros2_ws/install/interfaces/local/lib/python3.10/dist-packages/interfaces/libinterfaces__rosidl_generator_py.so\n'}
[2.349819] (interfaces) StdoutLine: {'line': b'-- Up-to-date: /ros2_ws/install/interfaces/local/lib/python3.10/dist-packages/interfaces/_interfaces_s.ep.rosidl_typesupport_introspection_c.c\n'}
[2.350229] (interfaces) StdoutLine: {'line': b'-- Up-to-date: /ros2_ws/install/interfaces/local/lib/python3.10/dist-packages/interfaces/msg\n'}
[2.350649] (interfaces) StdoutLine: {'line': b'-- Up-to-date: /ros2_ws/install/interfaces/local/lib/python3.10/dist-packages/interfaces/msg/_motor_cmd_s.c\n'}
[2.351060] (interfaces) StdoutLine: {'line': b'-- Up-to-date: /ros2_ws/install/interfaces/local/lib/python3.10/dist-packages/interfaces/msg/_motor_states.py\n'}
[2.351607] (interfaces) StdoutLine: {'line': b'-- Up-to-date: /ros2_ws/install/interfaces/local/lib/python3.10/dist-packages/interfaces/msg/_motor_cmd.py\n'}
[2.352051] (interfaces) StdoutLine: {'line': b'-- Up-to-date: /ros2_ws/install/interfaces/local/lib/python3.10/dist-packages/interfaces/msg/__init__.py\n'}
[2.352417] (interfaces) StdoutLine: {'line': b'-- Up-to-date: /ros2_ws/install/interfaces/local/lib/python3.10/dist-packages/interfaces/msg/_motor_states_s.c\n'}
[2.352781] (interfaces) StdoutLine: {'line': b'-- Up-to-date: /ros2_ws/install/interfaces/local/lib/python3.10/dist-packages/interfaces/interfaces_s__rosidl_typesupport_c.cpython-310-aarch64-linux-gnu.so\n'}
[2.353251] (interfaces) StdoutLine: {'line': b'-- Up-to-date: /ros2_ws/install/interfaces/local/lib/python3.10/dist-packages/interfaces/interfaces_s__rosidl_typesupport_fastrtps_c.cpython-310-aarch64-linux-gnu.so\n'}
[2.421405] (-) TimerEvent: {}
[2.522219] (-) TimerEvent: {}
[2.569696] (interfaces) StdoutLine: {'line': b"Listing '/ros2_ws/install/interfaces/local/lib/python3.10/dist-packages/interfaces'...\n"}
[2.571708] (interfaces) StdoutLine: {'line': b"Listing '/ros2_ws/install/interfaces/local/lib/python3.10/dist-packages/interfaces/msg'...\n"}
[2.600459] (interfaces) StdoutLine: {'line': b'-- Up-to-date: /ros2_ws/install/interfaces/local/lib/python3.10/dist-packages/interfaces/interfaces_s__rosidl_typesupport_fastrtps_c.cpython-310-aarch64-linux-gnu.so\n'}
[2.601579] (interfaces) StdoutLine: {'line': b'-- Up-to-date: /ros2_ws/install/interfaces/local/lib/python3.10/dist-packages/interfaces/interfaces_s__rosidl_typesupport_introspection_c.cpython-310-aarch64-linux-gnu.so\n'}
[2.621283] (interfaces) StdoutLine: {'line': b'-- Up-to-date: /ros2_ws/install/interfaces/local/lib/python3.10/dist-packages/interfaces/interfaces_s__rosidl_typesupport_c.cpython-310-aarch64-linux-gnu.so\n'}
[2.621982] (interfaces) StdoutLine: {'line': b'-- Up-to-date: /ros2_ws/install/interfaces/lib/libinterfaces__rosidl_generator_py.so\n'}
[2.622490] (-) TimerEvent: {}
[2.623566] (interfaces) StdoutLine: {'line': b'-- Up-to-date: /ros2_ws/install/interfaces/share/ament_index/resource_index/rust_packages/interfaces\n'}
[2.624176] (interfaces) StdoutLine: {'line': b'-- Up-to-date: /ros2_ws/install/interfaces/share/interfaces/rust\n'}
[2.624670] (interfaces) StdoutLine: {'line': b'-- Up-to-date: /ros2_ws/install/interfaces/share/interfaces/rust/src\n'}
[2.625212] (interfaces) StdoutLine: {'line': b'-- Up-to-date: /ros2_ws/install/interfaces/share/interfaces/rust/src/msg.rs\n'}
[2.625715] (interfaces) StdoutLine: {'line': b'-- Up-to-date: /ros2_ws/install/interfaces/share/interfaces/rust/src/lib.rs\n'}
[2.626174] (interfaces) StdoutLine: {'line': b'-- Up-to-date: /ros2_ws/install/interfaces/share/interfaces/rust/src/msg\n'}
[2.626571] (interfaces) StdoutLine: {'line': b'-- Up-to-date: /ros2_ws/install/interfaces/share/interfaces/rust/src/msg/rmw.rs\n'}
[2.626953] (interfaces) StdoutLine: {'line': b'-- Up-to-date: /ros2_ws/install/interfaces/share/interfaces/rust/build.rs\n'}
[2.627322] (interfaces) StdoutLine: {'line': b'-- Up-to-date: /ros2_ws/install/interfaces/share/interfaces/rust/Cargo.toml\n'}
[2.627704] (interfaces) StdoutLine: {'line': b'-- Up-to-date: /ros2_ws/install/interfaces/share/interfaces/msg/MotorCmd.idl\n'}
[2.628086] (interfaces) StdoutLine: {'line': b'-- Up-to-date: /ros2_ws/install/interfaces/share/interfaces/msg/MotorStates.idl\n'}
[2.628458] (interfaces) StdoutLine: {'line': b'-- Up-to-date: /ros2_ws/install/interfaces/share/interfaces/msg/MotorCmd.msg\n'}
[2.630900] (interfaces) StdoutLine: {'line': b'-- Up-to-date: /ros2_ws/install/interfaces/share/interfaces/msg/MotorStates.msg\n'}
[2.631546] (interfaces) StdoutLine: {'line': b'-- Up-to-date: /ros2_ws/install/interfaces/share/ament_index/resource_index/package_run_dependencies/interfaces\n'}
[2.632093] (interfaces) StdoutLine: {'line': b'-- Up-to-date: /ros2_ws/install/interfaces/share/ament_index/resource_index/parent_prefix_path/interfaces\n'}
[2.632599] (interfaces) StdoutLine: {'line': b'-- Up-to-date: /ros2_ws/install/interfaces/share/interfaces/environment/ament_prefix_path.sh\n'}
[2.633135] (interfaces) StdoutLine: {'line': b'-- Up-to-date: /ros2_ws/install/interfaces/share/interfaces/environment/ament_prefix_path.dsv\n'}
[2.633652] (interfaces) StdoutLine: {'line': b'-- Up-to-date: /ros2_ws/install/interfaces/share/interfaces/environment/path.sh\n'}
[2.634148] (interfaces) StdoutLine: {'line': b'-- Up-to-date: /ros2_ws/install/interfaces/share/interfaces/environment/path.dsv\n'}
[2.634587] (interfaces) StdoutLine: {'line': b'-- Up-to-date: /ros2_ws/install/interfaces/share/interfaces/local_setup.bash\n'}
[2.635007] (interfaces) StdoutLine: {'line': b'-- Up-to-date: /ros2_ws/install/interfaces/share/interfaces/local_setup.sh\n'}
[2.635427] (interfaces) StdoutLine: {'line': b'-- Up-to-date: /ros2_ws/install/interfaces/share/interfaces/local_setup.zsh\n'}
[2.635896] (interfaces) StdoutLine: {'line': b'-- Up-to-date: /ros2_ws/install/interfaces/share/interfaces/local_setup.dsv\n'}
[2.636337] (interfaces) StdoutLine: {'line': b'-- Installing: /ros2_ws/install/interfaces/share/interfaces/package.dsv\n'}
[2.636714] (interfaces) StdoutLine: {'line': b'-- Up-to-date: /ros2_ws/install/interfaces/share/ament_index/resource_index/packages/interfaces\n'}
[2.661558] (interfaces) StdoutLine: {'line': b'-- Up-to-date: /ros2_ws/install/interfaces/share/interfaces/cmake/export_interfaces__rosidl_generator_cExport.cmake\n'}
[2.662067] (interfaces) StdoutLine: {'line': b'-- Up-to-date: /ros2_ws/install/interfaces/share/interfaces/cmake/export_interfaces__rosidl_generator_cExport-noconfig.cmake\n'}
[2.662491] (interfaces) StdoutLine: {'line': b'-- Up-to-date: /ros2_ws/install/interfaces/share/interfaces/cmake/export_interfaces__rosidl_typesupport_fastrtps_cExport.cmake\n'}
[2.662911] (interfaces) StdoutLine: {'line': b'-- Up-to-date: /ros2_ws/install/interfaces/share/interfaces/cmake/export_interfaces__rosidl_typesupport_fastrtps_cExport-noconfig.cmake\n'}
[2.663303] (interfaces) StdoutLine: {'line': b'-- Up-to-date: /ros2_ws/install/interfaces/share/interfaces/cmake/interfaces__rosidl_typesupport_introspection_cExport.cmake\n'}
[2.663685] (interfaces) StdoutLine: {'line': b'-- Up-to-date: /ros2_ws/install/interfaces/share/interfaces/cmake/interfaces__rosidl_typesupport_introspection_cExport-noconfig.cmake\n'}
[2.664092] (interfaces) StdoutLine: {'line': b'-- Up-to-date: /ros2_ws/install/interfaces/share/interfaces/cmake/interfaces__rosidl_typesupport_cExport.cmake\n'}
[2.664721] (interfaces) StdoutLine: {'line': b'-- Up-to-date: /ros2_ws/install/interfaces/share/interfaces/cmake/interfaces__rosidl_typesupport_cExport-noconfig.cmake\n'}
[2.665325] (interfaces) StdoutLine: {'line': b'-- Up-to-date: /ros2_ws/install/interfaces/share/interfaces/cmake/export_interfaces__rosidl_generator_cppExport.cmake\n'}
[2.665948] (interfaces) StdoutLine: {'line': b'-- Up-to-date: /ros2_ws/install/interfaces/share/interfaces/cmake/export_interfaces__rosidl_typesupport_fastrtps_cppExport.cmake\n'}
[2.678734] (interfaces) StdoutLine: {'line': b'-- Up-to-date: /ros2_ws/install/interfaces/share/interfaces/cmake/export_interfaces__rosidl_typesupport_fastrtps_cppExport-noconfig.cmake\n'}
[2.679285] (interfaces) StdoutLine: {'line': b'-- Up-to-date: /ros2_ws/install/interfaces/share/interfaces/cmake/interfaces__rosidl_typesupport_introspection_cppExport.cmake\n'}
[2.679749] (interfaces) StdoutLine: {'line': b'-- Up-to-date: /ros2_ws/install/interfaces/share/interfaces/cmake/interfaces__rosidl_typesupport_introspection_cppExport-noconfig.cmake\n'}
[2.680203] (interfaces) StdoutLine: {'line': b'-- Up-to-date: /ros2_ws/install/interfaces/share/interfaces/cmake/interfaces__rosidl_typesupport_cppExport.cmake\n'}
[2.680651] (interfaces) StdoutLine: {'line': b'-- Up-to-date: /ros2_ws/install/interfaces/share/interfaces/cmake/interfaces__rosidl_typesupport_cppExport-noconfig.cmake\n'}
[2.681163] (interfaces) StdoutLine: {'line': b'-- Up-to-date: /ros2_ws/install/interfaces/share/interfaces/cmake/export_interfaces__rosidl_generator_pyExport.cmake\n'}
[2.681755] (interfaces) StdoutLine: {'line': b'-- Up-to-date: /ros2_ws/install/interfaces/share/interfaces/cmake/export_interfaces__rosidl_generator_pyExport-noconfig.cmake\n'}
[2.682294] (interfaces) StdoutLine: {'line': b'-- Up-to-date: /ros2_ws/install/interfaces/share/interfaces/cmake/rosidl_cmake-extras.cmake\n'}
[2.682787] (interfaces) StdoutLine: {'line': b'-- Up-to-date: /ros2_ws/install/interfaces/share/interfaces/cmake/ament_cmake_export_include_directories-extras.cmake\n'}
[2.683255] (interfaces) StdoutLine: {'line': b'-- Up-to-date: /ros2_ws/install/interfaces/share/interfaces/cmake/ament_cmake_export_libraries-extras.cmake\n'}
[2.683710] (interfaces) StdoutLine: {'line': b'-- Up-to-date: /ros2_ws/install/interfaces/share/interfaces/cmake/ament_cmake_export_targets-extras.cmake\n'}
[2.684209] (interfaces) StdoutLine: {'line': b'-- Up-to-date: /ros2_ws/install/interfaces/share/interfaces/cmake/rosidl_cmake_export_typesupport_targets-extras.cmake\n'}
[2.684658] (interfaces) StdoutLine: {'line': b'-- Up-to-date: /ros2_ws/install/interfaces/share/interfaces/cmake/ament_cmake_export_dependencies-extras.cmake\n'}
[2.685174] (interfaces) StdoutLine: {'line': b'-- Up-to-date: /ros2_ws/install/interfaces/share/interfaces/cmake/rosidl_cmake_export_typesupport_libraries-extras.cmake\n'}
[2.685664] (interfaces) StdoutLine: {'line': b'-- Up-to-date: /ros2_ws/install/interfaces/share/interfaces/cmake/rosidl_cmake_aggregate_target-extras.cmake\n'}
[2.686182] (interfaces) StdoutLine: {'line': b'-- Up-to-date: /ros2_ws/install/interfaces/share/interfaces/cmake/interfacesConfig.cmake\n'}
[2.686639] (interfaces) StdoutLine: {'line': b'-- Up-to-date: /ros2_ws/install/interfaces/share/interfaces/cmake/interfacesConfig-version.cmake\n'}
[2.687096] (interfaces) StdoutLine: {'line': b'-- Up-to-date: /ros2_ws/install/interfaces/share/interfaces/package.xml\n'}
[2.687576] (interfaces) CommandEnded: {'returncode': 0}
[2.723793] (-) TimerEvent: {}
[2.824670] (-) TimerEvent: {}
[2.828765] (interfaces) JobEnded: {'identifier': 'interfaces', 'rc': 0}
[2.833791] (brain_hardware) JobStarted: {'identifier': 'brain_hardware'}
[2.864889] (brain_controller) JobStarted: {'identifier': 'brain_controller'}
[2.916724] (brain_hardware) JobProgress: {'identifier': 'brain_hardware', 'progress': 'cmake'}
[2.919428] (brain_hardware) JobProgress: {'identifier': 'brain_hardware', 'progress': 'build'}
[2.920717] (brain_hardware) Command: {'cmd': ['/usr/bin/cmake', '--build', '/ros2_ws/build/brain_hardware', '--', '-j4', '-l4'], 'cwd': '/ros2_ws/build/brain_hardware', 'env': OrderedDict([('LESSOPEN', '| /usr/bin/lesspipe %s'), ('HOSTNAME', '55456c0da4eb'), ('GIT_ASKPASS', '/root/.vscode-server/bin/8b3775030ed1a69b13e4f4c628c612102e30a681/extensions/git/dist/askpass.sh'), ('SHLVL', '2'), ('LD_LIBRARY_PATH', '/ros2_ws/install/interfaces/lib:/opt/ros/humble/opt/rviz_ogre_vendor/lib:/opt/ros/humble/lib/aarch64-linux-gnu:/opt/ros/humble/lib'), ('BROWSER', '/root/.vscode-server/bin/8b3775030ed1a69b13e4f4c628c612102e30a681/bin/helpers/browser.sh'), ('HOME', '/root'), ('TERM_PROGRAM_VERSION', '1.85.2'), ('VSCODE_IPC_HOOK_CLI', '/tmp/vscode-ipc-d7878676-71cb-4525-8110-398c659ccb15.sock'), ('ROS_PYTHON_VERSION', '3'), ('VSCODE_GIT_ASKPASS_MAIN', '/root/.vscode-server/bin/8b3775030ed1a69b13e4f4c628c612102e30a681/extensions/git/dist/askpass-main.js'), ('PS1', '\\[\x1b]633;A\x07\\]\\u@\\h\\[\\033[01;32m\\](brain)\\[\\033[00m\\]:\\w$ \\[\x1b]633;B\x07\\]'), ('VSCODE_GIT_ASKPASS_NODE', '/root/.vscode-server/bin/8b3775030ed1a69b13e4f4c628c612102e30a681/node'), ('ROS_IP', '10.10.0.2'), ('COLORTERM', 'truecolor'), ('REMOTE_CONTAINERS', 'true'), ('ROS_DISTRO', 'humble'), ('REMOTE_CONTAINERS_IPC', '/tmp/vscode-remote-containers-ipc-2645588d-ea61-4df9-83f3-4f3a79670a0e.sock'), ('_', '/usr/bin/colcon'), ('ROS_VERSION', '2'), ('TERM', 'xterm-256color'), ('ROS_LOCALHOST_ONLY', '0'), ('PATH', '/root/.vscode-server/bin/8b3775030ed1a69b13e4f4c628c612102e30a681/bin/remote-cli:/opt/ros/humble/bin:/usr/local/sbin:/usr/local/bin:/usr/sbin:/usr/bin:/sbin:/bin'), ('REMOTE_CONTAINERS_SOCKETS', '["/tmp/vscode-ssh-auth-2645588d-ea61-4df9-83f3-4f3a79670a0e.sock","/root/.gnupg/S.gpg-agent"]'), ('DISPLAY', ':0'), ('LANG', 'en_US.UTF-8'), ('RMW_IMPLEMENTATION', 'rmw_fastrtps_cpp'), ('LS_COLORS', 'rs=0:di=01;34:ln=01;36:mh=00:pi=40;33:so=01;35:do=01;35:bd=40;33;01:cd=40;33;01:or=40;31;01:mi=00:su=37;41:sg=30;43:ca=30;41:tw=30;42:ow=34;42:st=37;44:ex=01;32:*.tar=01;31:*.tgz=01;31:*.arc=01;31:*.arj=01;31:*.taz=01;31:*.lha=01;31:*.lz4=01;31:*.lzh=01;31:*.lzma=01;31:*.tlz=01;31:*.txz=01;31:*.tzo=01;31:*.t7z=01;31:*.zip=01;31:*.z=01;31:*.dz=01;31:*.gz=01;31:*.lrz=01;31:*.lz=01;31:*.lzo=01;31:*.xz=01;31:*.zst=01;31:*.tzst=01;31:*.bz2=01;31:*.bz=01;31:*.tbz=01;31:*.tbz2=01;31:*.tz=01;31:*.deb=01;31:*.rpm=01;31:*.jar=01;31:*.war=01;31:*.ear=01;31:*.sar=01;31:*.rar=01;31:*.alz=01;31:*.ace=01;31:*.zoo=01;31:*.cpio=01;31:*.7z=01;31:*.rz=01;31:*.cab=01;31:*.wim=01;31:*.swm=01;31:*.dwm=01;31:*.esd=01;31:*.jpg=01;35:*.jpeg=01;35:*.mjpg=01;35:*.mjpeg=01;35:*.gif=01;35:*.bmp=01;35:*.pbm=01;35:*.pgm=01;35:*.ppm=01;35:*.tga=01;35:*.xbm=01;35:*.xpm=01;35:*.tif=01;35:*.tiff=01;35:*.png=01;35:*.svg=01;35:*.svgz=01;35:*.mng=01;35:*.pcx=01;35:*.mov=01;35:*.mpg=01;35:*.mpeg=01;35:*.m2v=01;35:*.mkv=01;35:*.webm=01;35:*.webp=01;35:*.ogm=01;35:*.mp4=01;35:*.m4v=01;35:*.mp4v=01;35:*.vob=01;35:*.qt=01;35:*.nuv=01;35:*.wmv=01;35:*.asf=01;35:*.rm=01;35:*.rmvb=01;35:*.flc=01;35:*.avi=01;35:*.fli=01;35:*.flv=01;35:*.gl=01;35:*.dl=01;35:*.xcf=01;35:*.xwd=01;35:*.yuv=01;35:*.cgm=01;35:*.emf=01;35:*.ogv=01;35:*.ogx=01;35:*.aac=00;36:*.au=00;36:*.flac=00;36:*.m4a=00;36:*.mid=00;36:*.midi=00;36:*.mka=00;36:*.mp3=00;36:*.mpc=00;36:*.ogg=00;36:*.ra=00;36:*.wav=00;36:*.oga=00;36:*.opus=00;36:*.spx=00;36:*.xspf=00;36:'), ('VSCODE_GIT_IPC_HANDLE', '/tmp/vscode-git-b3700a665a.sock'), ('TERM_PROGRAM', 'vscode'), ('SSH_AUTH_SOCK', '/tmp/vscode-ssh-auth-2645588d-ea61-4df9-83f3-4f3a79670a0e.sock'), ('ROS_DOMAIN_ID', '42'), ('AMENT_PREFIX_PATH', '/ros2_ws/install/interfaces:/opt/ros/humble'), ('SHELL', '/bin/bash'), ('LESSCLOSE', '/usr/bin/lesspipe %s %s'), ('VSCODE_GIT_ASKPASS_EXTRA_ARGS', ''), ('PWD', '/ros2_ws/build/brain_hardware'), ('PYTHONPATH', '/ros2_ws/install/interfaces/local/lib/python3.10/dist-packages:/opt/ros/humble/lib/python3.10/site-packages:/opt/ros/humble/local/lib/python3.10/dist-packages'), ('ROS_HOSTNAME', '10.10.0.2'), ('COLCON', '1'), ('CMAKE_PREFIX_PATH', '/ros2_ws/install/interfaces:/opt/ros/humble')]), 'shell': False}
[2.932140] (-) TimerEvent: {}
[2.957503] (brain_controller) JobProgress: {'identifier': 'brain_controller', 'progress': 'cmake'}
[2.962282] (brain_controller) JobProgress: {'identifier': 'brain_controller', 'progress': 'build'}
[2.975682] (brain_controller) Command: {'cmd': ['/usr/bin/cmake', '--build', '/ros2_ws/build/brain_controller', '--', '-j4', '-l4'], 'cwd': '/ros2_ws/build/brain_controller', 'env': OrderedDict([('LESSOPEN', '| /usr/bin/lesspipe %s'), ('HOSTNAME', '55456c0da4eb'), ('GIT_ASKPASS', '/root/.vscode-server/bin/8b3775030ed1a69b13e4f4c628c612102e30a681/extensions/git/dist/askpass.sh'), ('SHLVL', '2'), ('LD_LIBRARY_PATH', '/ros2_ws/install/interfaces/lib:/opt/ros/humble/opt/rviz_ogre_vendor/lib:/opt/ros/humble/lib/aarch64-linux-gnu:/opt/ros/humble/lib'), ('BROWSER', '/root/.vscode-server/bin/8b3775030ed1a69b13e4f4c628c612102e30a681/bin/helpers/browser.sh'), ('HOME', '/root'), ('TERM_PROGRAM_VERSION', '1.85.2'), ('VSCODE_IPC_HOOK_CLI', '/tmp/vscode-ipc-d7878676-71cb-4525-8110-398c659ccb15.sock'), ('ROS_PYTHON_VERSION', '3'), ('VSCODE_GIT_ASKPASS_MAIN', '/root/.vscode-server/bin/8b3775030ed1a69b13e4f4c628c612102e30a681/extensions/git/dist/askpass-main.js'), ('PS1', '\\[\x1b]633;A\x07\\]\\u@\\h\\[\\033[01;32m\\](brain)\\[\\033[00m\\]:\\w$ \\[\x1b]633;B\x07\\]'), ('VSCODE_GIT_ASKPASS_NODE', '/root/.vscode-server/bin/8b3775030ed1a69b13e4f4c628c612102e30a681/node'), ('ROS_IP', '10.10.0.2'), ('COLORTERM', 'truecolor'), ('REMOTE_CONTAINERS', 'true'), ('ROS_DISTRO', 'humble'), ('REMOTE_CONTAINERS_IPC', '/tmp/vscode-remote-containers-ipc-2645588d-ea61-4df9-83f3-4f3a79670a0e.sock'), ('_', '/usr/bin/colcon'), ('ROS_VERSION', '2'), ('TERM', 'xterm-256color'), ('ROS_LOCALHOST_ONLY', '0'), ('PATH', '/root/.vscode-server/bin/8b3775030ed1a69b13e4f4c628c612102e30a681/bin/remote-cli:/opt/ros/humble/bin:/usr/local/sbin:/usr/local/bin:/usr/sbin:/usr/bin:/sbin:/bin'), ('REMOTE_CONTAINERS_SOCKETS', '["/tmp/vscode-ssh-auth-2645588d-ea61-4df9-83f3-4f3a79670a0e.sock","/root/.gnupg/S.gpg-agent"]'), ('DISPLAY', ':0'), ('LANG', 'en_US.UTF-8'), ('RMW_IMPLEMENTATION', 'rmw_fastrtps_cpp'), ('LS_COLORS', 'rs=0:di=01;34:ln=01;36:mh=00:pi=40;33:so=01;35:do=01;35:bd=40;33;01:cd=40;33;01:or=40;31;01:mi=00:su=37;41:sg=30;43:ca=30;41:tw=30;42:ow=34;42:st=37;44:ex=01;32:*.tar=01;31:*.tgz=01;31:*.arc=01;31:*.arj=01;31:*.taz=01;31:*.lha=01;31:*.lz4=01;31:*.lzh=01;31:*.lzma=01;31:*.tlz=01;31:*.txz=01;31:*.tzo=01;31:*.t7z=01;31:*.zip=01;31:*.z=01;31:*.dz=01;31:*.gz=01;31:*.lrz=01;31:*.lz=01;31:*.lzo=01;31:*.xz=01;31:*.zst=01;31:*.tzst=01;31:*.bz2=01;31:*.bz=01;31:*.tbz=01;31:*.tbz2=01;31:*.tz=01;31:*.deb=01;31:*.rpm=01;31:*.jar=01;31:*.war=01;31:*.ear=01;31:*.sar=01;31:*.rar=01;31:*.alz=01;31:*.ace=01;31:*.zoo=01;31:*.cpio=01;31:*.7z=01;31:*.rz=01;31:*.cab=01;31:*.wim=01;31:*.swm=01;31:*.dwm=01;31:*.esd=01;31:*.jpg=01;35:*.jpeg=01;35:*.mjpg=01;35:*.mjpeg=01;35:*.gif=01;35:*.bmp=01;35:*.pbm=01;35:*.pgm=01;35:*.ppm=01;35:*.tga=01;35:*.xbm=01;35:*.xpm=01;35:*.tif=01;35:*.tiff=01;35:*.png=01;35:*.svg=01;35:*.svgz=01;35:*.mng=01;35:*.pcx=01;35:*.mov=01;35:*.mpg=01;35:*.mpeg=01;35:*.m2v=01;35:*.mkv=01;35:*.webm=01;35:*.webp=01;35:*.ogm=01;35:*.mp4=01;35:*.m4v=01;35:*.mp4v=01;35:*.vob=01;35:*.qt=01;35:*.nuv=01;35:*.wmv=01;35:*.asf=01;35:*.rm=01;35:*.rmvb=01;35:*.flc=01;35:*.avi=01;35:*.fli=01;35:*.flv=01;35:*.gl=01;35:*.dl=01;35:*.xcf=01;35:*.xwd=01;35:*.yuv=01;35:*.cgm=01;35:*.emf=01;35:*.ogv=01;35:*.ogx=01;35:*.aac=00;36:*.au=00;36:*.flac=00;36:*.m4a=00;36:*.mid=00;36:*.midi=00;36:*.mka=00;36:*.mp3=00;36:*.mpc=00;36:*.ogg=00;36:*.ra=00;36:*.wav=00;36:*.oga=00;36:*.opus=00;36:*.spx=00;36:*.xspf=00;36:'), ('VSCODE_GIT_IPC_HANDLE', '/tmp/vscode-git-b3700a665a.sock'), ('TERM_PROGRAM', 'vscode'), ('SSH_AUTH_SOCK', '/tmp/vscode-ssh-auth-2645588d-ea61-4df9-83f3-4f3a79670a0e.sock'), ('ROS_DOMAIN_ID', '42'), ('AMENT_PREFIX_PATH', '/ros2_ws/install/interfaces:/opt/ros/humble'), ('SHELL', '/bin/bash'), ('LESSCLOSE', '/usr/bin/lesspipe %s %s'), ('VSCODE_GIT_ASKPASS_EXTRA_ARGS', ''), ('PWD', '/ros2_ws/build/brain_controller'), ('PYTHONPATH', '/ros2_ws/install/interfaces/local/lib/python3.10/dist-packages:/opt/ros/humble/lib/python3.10/site-packages:/opt/ros/humble/local/lib/python3.10/dist-packages'), ('ROS_HOSTNAME', '10.10.0.2'), ('COLCON', '1'), ('CMAKE_PREFIX_PATH', '/ros2_ws/install/interfaces:/opt/ros/humble')]), 'shell': False}
[3.032335] (-) TimerEvent: {}
[3.134094] (-) TimerEvent: {}
[3.234849] (-) TimerEvent: {}
[3.336218] (-) TimerEvent: {}
[3.338670] (brain_controller) StdoutLine: {'line': b'\x1b[35m\x1b[1mConsolidate compiler generated dependencies of target brain_controller\x1b[0m\n'}
[3.374763] (brain_hardware) StdoutLine: {'line': b'[100%] Built target brain_hardware\n'}
[3.433723] (brain_hardware) CommandEnded: {'returncode': 0}
[3.435176] (brain_hardware) JobProgress: {'identifier': 'brain_hardware', 'progress': 'install'}
[3.437364] (brain_hardware) Command: {'cmd': ['/usr/bin/cmake', '--install', '/ros2_ws/build/brain_hardware'], 'cwd': '/ros2_ws/build/brain_hardware', 'env': OrderedDict([('LESSOPEN', '| /usr/bin/lesspipe %s'), ('HOSTNAME', '55456c0da4eb'), ('GIT_ASKPASS', '/root/.vscode-server/bin/8b3775030ed1a69b13e4f4c628c612102e30a681/extensions/git/dist/askpass.sh'), ('SHLVL', '2'), ('LD_LIBRARY_PATH', '/ros2_ws/install/interfaces/lib:/opt/ros/humble/opt/rviz_ogre_vendor/lib:/opt/ros/humble/lib/aarch64-linux-gnu:/opt/ros/humble/lib'), ('BROWSER', '/root/.vscode-server/bin/8b3775030ed1a69b13e4f4c628c612102e30a681/bin/helpers/browser.sh'), ('HOME', '/root'), ('TERM_PROGRAM_VERSION', '1.85.2'), ('VSCODE_IPC_HOOK_CLI', '/tmp/vscode-ipc-d7878676-71cb-4525-8110-398c659ccb15.sock'), ('ROS_PYTHON_VERSION', '3'), ('VSCODE_GIT_ASKPASS_MAIN', '/root/.vscode-server/bin/8b3775030ed1a69b13e4f4c628c612102e30a681/extensions/git/dist/askpass-main.js'), ('PS1', '\\[\x1b]633;A\x07\\]\\u@\\h\\[\\033[01;32m\\](brain)\\[\\033[00m\\]:\\w$ \\[\x1b]633;B\x07\\]'), ('VSCODE_GIT_ASKPASS_NODE', '/root/.vscode-server/bin/8b3775030ed1a69b13e4f4c628c612102e30a681/node'), ('ROS_IP', '10.10.0.2'), ('COLORTERM', 'truecolor'), ('REMOTE_CONTAINERS', 'true'), ('ROS_DISTRO', 'humble'), ('REMOTE_CONTAINERS_IPC', '/tmp/vscode-remote-containers-ipc-2645588d-ea61-4df9-83f3-4f3a79670a0e.sock'), ('_', '/usr/bin/colcon'), ('ROS_VERSION', '2'), ('TERM', 'xterm-256color'), ('ROS_LOCALHOST_ONLY', '0'), ('PATH', '/root/.vscode-server/bin/8b3775030ed1a69b13e4f4c628c612102e30a681/bin/remote-cli:/opt/ros/humble/bin:/usr/local/sbin:/usr/local/bin:/usr/sbin:/usr/bin:/sbin:/bin'), ('REMOTE_CONTAINERS_SOCKETS', '["/tmp/vscode-ssh-auth-2645588d-ea61-4df9-83f3-4f3a79670a0e.sock","/root/.gnupg/S.gpg-agent"]'), ('DISPLAY', ':0'), ('LANG', 'en_US.UTF-8'), ('RMW_IMPLEMENTATION', 'rmw_fastrtps_cpp'), ('LS_COLORS', 'rs=0:di=01;34:ln=01;36:mh=00:pi=40;33:so=01;35:do=01;35:bd=40;33;01:cd=40;33;01:or=40;31;01:mi=00:su=37;41:sg=30;43:ca=30;41:tw=30;42:ow=34;42:st=37;44:ex=01;32:*.tar=01;31:*.tgz=01;31:*.arc=01;31:*.arj=01;31:*.taz=01;31:*.lha=01;31:*.lz4=01;31:*.lzh=01;31:*.lzma=01;31:*.tlz=01;31:*.txz=01;31:*.tzo=01;31:*.t7z=01;31:*.zip=01;31:*.z=01;31:*.dz=01;31:*.gz=01;31:*.lrz=01;31:*.lz=01;31:*.lzo=01;31:*.xz=01;31:*.zst=01;31:*.tzst=01;31:*.bz2=01;31:*.bz=01;31:*.tbz=01;31:*.tbz2=01;31:*.tz=01;31:*.deb=01;31:*.rpm=01;31:*.jar=01;31:*.war=01;31:*.ear=01;31:*.sar=01;31:*.rar=01;31:*.alz=01;31:*.ace=01;31:*.zoo=01;31:*.cpio=01;31:*.7z=01;31:*.rz=01;31:*.cab=01;31:*.wim=01;31:*.swm=01;31:*.dwm=01;31:*.esd=01;31:*.jpg=01;35:*.jpeg=01;35:*.mjpg=01;35:*.mjpeg=01;35:*.gif=01;35:*.bmp=01;35:*.pbm=01;35:*.pgm=01;35:*.ppm=01;35:*.tga=01;35:*.xbm=01;35:*.xpm=01;35:*.tif=01;35:*.tiff=01;35:*.png=01;35:*.svg=01;35:*.svgz=01;35:*.mng=01;35:*.pcx=01;35:*.mov=01;35:*.mpg=01;35:*.mpeg=01;35:*.m2v=01;35:*.mkv=01;35:*.webm=01;35:*.webp=01;35:*.ogm=01;35:*.mp4=01;35:*.m4v=01;35:*.mp4v=01;35:*.vob=01;35:*.qt=01;35:*.nuv=01;35:*.wmv=01;35:*.asf=01;35:*.rm=01;35:*.rmvb=01;35:*.flc=01;35:*.avi=01;35:*.fli=01;35:*.flv=01;35:*.gl=01;35:*.dl=01;35:*.xcf=01;35:*.xwd=01;35:*.yuv=01;35:*.cgm=01;35:*.emf=01;35:*.ogv=01;35:*.ogx=01;35:*.aac=00;36:*.au=00;36:*.flac=00;36:*.m4a=00;36:*.mid=00;36:*.midi=00;36:*.mka=00;36:*.mp3=00;36:*.mpc=00;36:*.ogg=00;36:*.ra=00;36:*.wav=00;36:*.oga=00;36:*.opus=00;36:*.spx=00;36:*.xspf=00;36:'), ('VSCODE_GIT_IPC_HANDLE', '/tmp/vscode-git-b3700a665a.sock'), ('TERM_PROGRAM', 'vscode'), ('SSH_AUTH_SOCK', '/tmp/vscode-ssh-auth-2645588d-ea61-4df9-83f3-4f3a79670a0e.sock'), ('ROS_DOMAIN_ID', '42'), ('AMENT_PREFIX_PATH', '/ros2_ws/install/interfaces:/opt/ros/humble'), ('SHELL', '/bin/bash'), ('LESSCLOSE', '/usr/bin/lesspipe %s %s'), ('VSCODE_GIT_ASKPASS_EXTRA_ARGS', ''), ('PWD', '/ros2_ws/build/brain_hardware'), ('PYTHONPATH', '/ros2_ws/install/interfaces/local/lib/python3.10/dist-packages:/opt/ros/humble/lib/python3.10/site-packages:/opt/ros/humble/local/lib/python3.10/dist-packages'), ('ROS_HOSTNAME', '10.10.0.2'), ('COLCON', '1'), ('CMAKE_PREFIX_PATH', '/ros2_ws/install/interfaces:/opt/ros/humble')]), 'shell': False}
[3.439009] (-) TimerEvent: {}
[3.507038] (brain_hardware) StdoutLine: {'line': b'-- Install configuration: ""\n'}
[3.508992] (brain_hardware) StdoutLine: {'line': b'-- Up-to-date: /ros2_ws/install/brain_hardware/share/brain_hardware/brain_hardware_plugins.xml\n'}
[3.512000] (brain_hardware) StdoutLine: {'line': b'-- Up-to-date: /ros2_ws/install/brain_hardware/lib/libbrain_hardware.so\n'}
[3.515026] (brain_hardware) StdoutLine: {'line': b'-- Up-to-date: /ros2_ws/install/brain_hardware/include/brain_hardware\n'}
[3.518085] (brain_hardware) StdoutLine: {'line': b'-- Up-to-date: /ros2_ws/install/brain_hardware/include/brain_hardware/brain_hardware\n'}
[3.520547] (brain_hardware) StdoutLine: {'line': b'-- Up-to-date: /ros2_ws/install/brain_hardware/include/brain_hardware/brain_hardware/brain_system_hardware.hpp\n'}
[3.524907] (brain_hardware) StdoutLine: {'line': b'-- Up-to-date: /ros2_ws/install/brain_hardware/share/brain_hardware/brain_hardware_plugins.xml\n'}
[3.525670] (brain_hardware) StdoutLine: {'line': b'-- Up-to-date: /ros2_ws/install/brain_hardware/share/brain_hardware/environment/library_path.sh\n'}
[3.526369] (brain_hardware) StdoutLine: {'line': b'-- Up-to-date: /ros2_ws/install/brain_hardware/share/brain_hardware/environment/library_path.dsv\n'}
[3.530887] (brain_hardware) StdoutLine: {'line': b'-- Up-to-date: /ros2_ws/install/brain_hardware/share/ament_index/resource_index/package_run_dependencies/brain_hardware\n'}
[3.532189] (brain_hardware) StdoutLine: {'line': b'-- Up-to-date: /ros2_ws/install/brain_hardware/share/ament_index/resource_index/parent_prefix_path/brain_hardware\n'}
[3.533392] (brain_hardware) StdoutLine: {'line': b'-- Up-to-date: /ros2_ws/install/brain_hardware/share/brain_hardware/environment/ament_prefix_path.sh\n'}
[3.534952] (brain_hardware) StdoutLine: {'line': b'-- Up-to-date: /ros2_ws/install/brain_hardware/share/brain_hardware/environment/ament_prefix_path.dsv\n'}
[3.536909] (brain_hardware) StdoutLine: {'line': b'-- Up-to-date: /ros2_ws/install/brain_hardware/share/brain_hardware/environment/path.sh\n'}
[3.537790] (brain_controller) StdoutLine: {'line': b'[ 50%] \x1b[32mBuilding CXX object CMakeFiles/brain_controller.dir/src/brain_controller.cpp.o\x1b[0m\n'}
[3.538876] (brain_hardware) StdoutLine: {'line': b'-- Up-to-date: /ros2_ws/install/brain_hardware/share/brain_hardware/environment/path.dsv\n'}
[3.539457] (-) TimerEvent: {}
[3.545136] (brain_hardware) StdoutLine: {'line': b'-- Up-to-date: /ros2_ws/install/brain_hardware/share/brain_hardware/local_setup.bash\n'}
[3.546917] (brain_hardware) StdoutLine: {'line': b'-- Up-to-date: /ros2_ws/install/brain_hardware/share/brain_hardware/local_setup.sh\n'}
[3.549311] (brain_hardware) StdoutLine: {'line': b'-- Up-to-date: /ros2_ws/install/brain_hardware/share/brain_hardware/local_setup.zsh\n'}
[3.550168] (brain_hardware) StdoutLine: {'line': b'-- Up-to-date: /ros2_ws/install/brain_hardware/share/brain_hardware/local_setup.dsv\n'}
[3.550859] (brain_hardware) StdoutLine: {'line': b'-- Installing: /ros2_ws/install/brain_hardware/share/brain_hardware/package.dsv\n'}
[3.552621] (brain_hardware) StdoutLine: {'line': b'-- Up-to-date: /ros2_ws/install/brain_hardware/share/ament_index/resource_index/packages/brain_hardware\n'}
[3.553695] (brain_hardware) StdoutLine: {'line': b'-- Up-to-date: /ros2_ws/install/brain_hardware/share/ament_index/resource_index/hardware_interface__pluginlib__plugin/brain_hardware\n'}
[3.554329] (brain_hardware) StdoutLine: {'line': b'-- Up-to-date: /ros2_ws/install/brain_hardware/share/brain_hardware/cmake/ament_cmake_export_include_directories-extras.cmake\n'}
[3.555293] (brain_hardware) StdoutLine: {'line': b'-- Up-to-date: /ros2_ws/install/brain_hardware/share/brain_hardware/cmake/ament_cmake_export_libraries-extras.cmake\n'}
[3.555914] (brain_hardware) StdoutLine: {'line': b'-- Up-to-date: /ros2_ws/install/brain_hardware/share/brain_hardware/cmake/ament_cmake_export_dependencies-extras.cmake\n'}
[3.558119] (brain_hardware) StdoutLine: {'line': b'-- Up-to-date: /ros2_ws/install/brain_hardware/share/brain_hardware/cmake/brain_hardwareConfig.cmake\n'}
[3.559434] (brain_hardware) StdoutLine: {'line': b'-- Up-to-date: /ros2_ws/install/brain_hardware/share/brain_hardware/cmake/brain_hardwareConfig-version.cmake\n'}
[3.574495] (brain_hardware) StdoutLine: {'line': b'-- Up-to-date: /ros2_ws/install/brain_hardware/share/brain_hardware/package.xml\n'}
[3.576169] (brain_hardware) CommandEnded: {'returncode': 0}
[3.639711] (-) TimerEvent: {}
[3.722929] (brain_hardware) JobEnded: {'identifier': 'brain_hardware', 'rc': 0}
[3.726909] (description) JobStarted: {'identifier': 'description'}
[3.739882] (-) TimerEvent: {}
[3.789161] (description) JobProgress: {'identifier': 'description', 'progress': 'cmake'}
[3.791579] (description) JobProgress: {'identifier': 'description', 'progress': 'build'}
[3.792976] (description) Command: {'cmd': ['/usr/bin/cmake', '--build', '/ros2_ws/build/description', '--', '-j4', '-l4'], 'cwd': '/ros2_ws/build/description', 'env': OrderedDict([('LESSOPEN', '| /usr/bin/lesspipe %s'), ('HOSTNAME', '55456c0da4eb'), ('GIT_ASKPASS', '/root/.vscode-server/bin/8b3775030ed1a69b13e4f4c628c612102e30a681/extensions/git/dist/askpass.sh'), ('SHLVL', '2'), ('LD_LIBRARY_PATH', '/ros2_ws/install/brain_hardware/lib:/ros2_ws/install/interfaces/lib:/opt/ros/humble/opt/rviz_ogre_vendor/lib:/opt/ros/humble/lib/aarch64-linux-gnu:/opt/ros/humble/lib'), ('BROWSER', '/root/.vscode-server/bin/8b3775030ed1a69b13e4f4c628c612102e30a681/bin/helpers/browser.sh'), ('HOME', '/root'), ('TERM_PROGRAM_VERSION', '1.85.2'), ('VSCODE_IPC_HOOK_CLI', '/tmp/vscode-ipc-d7878676-71cb-4525-8110-398c659ccb15.sock'), ('ROS_PYTHON_VERSION', '3'), ('VSCODE_GIT_ASKPASS_MAIN', '/root/.vscode-server/bin/8b3775030ed1a69b13e4f4c628c612102e30a681/extensions/git/dist/askpass-main.js'), ('PS1', '\\[\x1b]633;A\x07\\]\\u@\\h\\[\\033[01;32m\\](brain)\\[\\033[00m\\]:\\w$ \\[\x1b]633;B\x07\\]'), ('VSCODE_GIT_ASKPASS_NODE', '/root/.vscode-server/bin/8b3775030ed1a69b13e4f4c628c612102e30a681/node'), ('ROS_IP', '10.10.0.2'), ('COLORTERM', 'truecolor'), ('REMOTE_CONTAINERS', 'true'), ('ROS_DISTRO', 'humble'), ('REMOTE_CONTAINERS_IPC', '/tmp/vscode-remote-containers-ipc-2645588d-ea61-4df9-83f3-4f3a79670a0e.sock'), ('_', '/usr/bin/colcon'), ('ROS_VERSION', '2'), ('TERM', 'xterm-256color'), ('ROS_LOCALHOST_ONLY', '0'), ('PATH', '/root/.vscode-server/bin/8b3775030ed1a69b13e4f4c628c612102e30a681/bin/remote-cli:/opt/ros/humble/bin:/usr/local/sbin:/usr/local/bin:/usr/sbin:/usr/bin:/sbin:/bin'), ('REMOTE_CONTAINERS_SOCKETS', '["/tmp/vscode-ssh-auth-2645588d-ea61-4df9-83f3-4f3a79670a0e.sock","/root/.gnupg/S.gpg-agent"]'), ('DISPLAY', ':0'), ('LANG', 'en_US.UTF-8'), ('RMW_IMPLEMENTATION', 'rmw_fastrtps_cpp'), ('LS_COLORS', 'rs=0:di=01;34:ln=01;36:mh=00:pi=40;33:so=01;35:do=01;35:bd=40;33;01:cd=40;33;01:or=40;31;01:mi=00:su=37;41:sg=30;43:ca=30;41:tw=30;42:ow=34;42:st=37;44:ex=01;32:*.tar=01;31:*.tgz=01;31:*.arc=01;31:*.arj=01;31:*.taz=01;31:*.lha=01;31:*.lz4=01;31:*.lzh=01;31:*.lzma=01;31:*.tlz=01;31:*.txz=01;31:*.tzo=01;31:*.t7z=01;31:*.zip=01;31:*.z=01;31:*.dz=01;31:*.gz=01;31:*.lrz=01;31:*.lz=01;31:*.lzo=01;31:*.xz=01;31:*.zst=01;31:*.tzst=01;31:*.bz2=01;31:*.bz=01;31:*.tbz=01;31:*.tbz2=01;31:*.tz=01;31:*.deb=01;31:*.rpm=01;31:*.jar=01;31:*.war=01;31:*.ear=01;31:*.sar=01;31:*.rar=01;31:*.alz=01;31:*.ace=01;31:*.zoo=01;31:*.cpio=01;31:*.7z=01;31:*.rz=01;31:*.cab=01;31:*.wim=01;31:*.swm=01;31:*.dwm=01;31:*.esd=01;31:*.jpg=01;35:*.jpeg=01;35:*.mjpg=01;35:*.mjpeg=01;35:*.gif=01;35:*.bmp=01;35:*.pbm=01;35:*.pgm=01;35:*.ppm=01;35:*.tga=01;35:*.xbm=01;35:*.xpm=01;35:*.tif=01;35:*.tiff=01;35:*.png=01;35:*.svg=01;35:*.svgz=01;35:*.mng=01;35:*.pcx=01;35:*.mov=01;35:*.mpg=01;35:*.mpeg=01;35:*.m2v=01;35:*.mkv=01;35:*.webm=01;35:*.webp=01;35:*.ogm=01;35:*.mp4=01;35:*.m4v=01;35:*.mp4v=01;35:*.vob=01;35:*.qt=01;35:*.nuv=01;35:*.wmv=01;35:*.asf=01;35:*.rm=01;35:*.rmvb=01;35:*.flc=01;35:*.avi=01;35:*.fli=01;35:*.flv=01;35:*.gl=01;35:*.dl=01;35:*.xcf=01;35:*.xwd=01;35:*.yuv=01;35:*.cgm=01;35:*.emf=01;35:*.ogv=01;35:*.ogx=01;35:*.aac=00;36:*.au=00;36:*.flac=00;36:*.m4a=00;36:*.mid=00;36:*.midi=00;36:*.mka=00;36:*.mp3=00;36:*.mpc=00;36:*.ogg=00;36:*.ra=00;36:*.wav=00;36:*.oga=00;36:*.opus=00;36:*.spx=00;36:*.xspf=00;36:'), ('VSCODE_GIT_IPC_HANDLE', '/tmp/vscode-git-b3700a665a.sock'), ('TERM_PROGRAM', 'vscode'), ('SSH_AUTH_SOCK', '/tmp/vscode-ssh-auth-2645588d-ea61-4df9-83f3-4f3a79670a0e.sock'), ('ROS_DOMAIN_ID', '42'), ('AMENT_PREFIX_PATH', '/ros2_ws/install/brain_hardware:/ros2_ws/install/interfaces:/opt/ros/humble'), ('SHELL', '/bin/bash'), ('LESSCLOSE', '/usr/bin/lesspipe %s %s'), ('VSCODE_GIT_ASKPASS_EXTRA_ARGS', ''), ('PWD', '/ros2_ws/build/description'), ('PYTHONPATH', '/ros2_ws/install/interfaces/local/lib/python3.10/dist-packages:/opt/ros/humble/lib/python3.10/site-packages:/opt/ros/humble/local/lib/python3.10/dist-packages'), ('ROS_HOSTNAME', '10.10.0.2'), ('COLCON', '1'), ('CMAKE_PREFIX_PATH', '/ros2_ws/install/brain_hardware:/ros2_ws/install/interfaces:/opt/ros/humble')]), 'shell': False}
[3.840074] (-) TimerEvent: {}
[3.941192] (-) TimerEvent: {}
[3.977291] (description) CommandEnded: {'returncode': 0}
[3.978890] (description) JobProgress: {'identifier': 'description', 'progress': 'install'}
[3.979092] (description) Command: {'cmd': ['/usr/bin/cmake', '--install', '/ros2_ws/build/description'], 'cwd': '/ros2_ws/build/description', 'env': OrderedDict([('LESSOPEN', '| /usr/bin/lesspipe %s'), ('HOSTNAME', '55456c0da4eb'), ('GIT_ASKPASS', '/root/.vscode-server/bin/8b3775030ed1a69b13e4f4c628c612102e30a681/extensions/git/dist/askpass.sh'), ('SHLVL', '2'), ('LD_LIBRARY_PATH', '/ros2_ws/install/brain_hardware/lib:/ros2_ws/install/interfaces/lib:/opt/ros/humble/opt/rviz_ogre_vendor/lib:/opt/ros/humble/lib/aarch64-linux-gnu:/opt/ros/humble/lib'), ('BROWSER', '/root/.vscode-server/bin/8b3775030ed1a69b13e4f4c628c612102e30a681/bin/helpers/browser.sh'), ('HOME', '/root'), ('TERM_PROGRAM_VERSION', '1.85.2'), ('VSCODE_IPC_HOOK_CLI', '/tmp/vscode-ipc-d7878676-71cb-4525-8110-398c659ccb15.sock'), ('ROS_PYTHON_VERSION', '3'), ('VSCODE_GIT_ASKPASS_MAIN', '/root/.vscode-server/bin/8b3775030ed1a69b13e4f4c628c612102e30a681/extensions/git/dist/askpass-main.js'), ('PS1', '\\[\x1b]633;A\x07\\]\\u@\\h\\[\\033[01;32m\\](brain)\\[\\033[00m\\]:\\w$ \\[\x1b]633;B\x07\\]'), ('VSCODE_GIT_ASKPASS_NODE', '/root/.vscode-server/bin/8b3775030ed1a69b13e4f4c628c612102e30a681/node'), ('ROS_IP', '10.10.0.2'), ('COLORTERM', 'truecolor'), ('REMOTE_CONTAINERS', 'true'), ('ROS_DISTRO', 'humble'), ('REMOTE_CONTAINERS_IPC', '/tmp/vscode-remote-containers-ipc-2645588d-ea61-4df9-83f3-4f3a79670a0e.sock'), ('_', '/usr/bin/colcon'), ('ROS_VERSION', '2'), ('TERM', 'xterm-256color'), ('ROS_LOCALHOST_ONLY', '0'), ('PATH', '/root/.vscode-server/bin/8b3775030ed1a69b13e4f4c628c612102e30a681/bin/remote-cli:/opt/ros/humble/bin:/usr/local/sbin:/usr/local/bin:/usr/sbin:/usr/bin:/sbin:/bin'), ('REMOTE_CONTAINERS_SOCKETS', '["/tmp/vscode-ssh-auth-2645588d-ea61-4df9-83f3-4f3a79670a0e.sock","/root/.gnupg/S.gpg-agent"]'), ('DISPLAY', ':0'), ('LANG', 'en_US.UTF-8'), ('RMW_IMPLEMENTATION', 'rmw_fastrtps_cpp'), ('LS_COLORS', 'rs=0:di=01;34:ln=01;36:mh=00:pi=40;33:so=01;35:do=01;35:bd=40;33;01:cd=40;33;01:or=40;31;01:mi=00:su=37;41:sg=30;43:ca=30;41:tw=30;42:ow=34;42:st=37;44:ex=01;32:*.tar=01;31:*.tgz=01;31:*.arc=01;31:*.arj=01;31:*.taz=01;31:*.lha=01;31:*.lz4=01;31:*.lzh=01;31:*.lzma=01;31:*.tlz=01;31:*.txz=01;31:*.tzo=01;31:*.t7z=01;31:*.zip=01;31:*.z=01;31:*.dz=01;31:*.gz=01;31:*.lrz=01;31:*.lz=01;31:*.lzo=01;31:*.xz=01;31:*.zst=01;31:*.tzst=01;31:*.bz2=01;31:*.bz=01;31:*.tbz=01;31:*.tbz2=01;31:*.tz=01;31:*.deb=01;31:*.rpm=01;31:*.jar=01;31:*.war=01;31:*.ear=01;31:*.sar=01;31:*.rar=01;31:*.alz=01;31:*.ace=01;31:*.zoo=01;31:*.cpio=01;31:*.7z=01;31:*.rz=01;31:*.cab=01;31:*.wim=01;31:*.swm=01;31:*.dwm=01;31:*.esd=01;31:*.jpg=01;35:*.jpeg=01;35:*.mjpg=01;35:*.mjpeg=01;35:*.gif=01;35:*.bmp=01;35:*.pbm=01;35:*.pgm=01;35:*.ppm=01;35:*.tga=01;35:*.xbm=01;35:*.xpm=01;35:*.tif=01;35:*.tiff=01;35:*.png=01;35:*.svg=01;35:*.svgz=01;35:*.mng=01;35:*.pcx=01;35:*.mov=01;35:*.mpg=01;35:*.mpeg=01;35:*.m2v=01;35:*.mkv=01;35:*.webm=01;35:*.webp=01;35:*.ogm=01;35:*.mp4=01;35:*.m4v=01;35:*.mp4v=01;35:*.vob=01;35:*.qt=01;35:*.nuv=01;35:*.wmv=01;35:*.asf=01;35:*.rm=01;35:*.rmvb=01;35:*.flc=01;35:*.avi=01;35:*.fli=01;35:*.flv=01;35:*.gl=01;35:*.dl=01;35:*.xcf=01;35:*.xwd=01;35:*.yuv=01;35:*.cgm=01;35:*.emf=01;35:*.ogv=01;35:*.ogx=01;35:*.aac=00;36:*.au=00;36:*.flac=00;36:*.m4a=00;36:*.mid=00;36:*.midi=00;36:*.mka=00;36:*.mp3=00;36:*.mpc=00;36:*.ogg=00;36:*.ra=00;36:*.wav=00;36:*.oga=00;36:*.opus=00;36:*.spx=00;36:*.xspf=00;36:'), ('VSCODE_GIT_IPC_HANDLE', '/tmp/vscode-git-b3700a665a.sock'), ('TERM_PROGRAM', 'vscode'), ('SSH_AUTH_SOCK', '/tmp/vscode-ssh-auth-2645588d-ea61-4df9-83f3-4f3a79670a0e.sock'), ('ROS_DOMAIN_ID', '42'), ('AMENT_PREFIX_PATH', '/ros2_ws/install/brain_hardware:/ros2_ws/install/interfaces:/opt/ros/humble'), ('SHELL', '/bin/bash'), ('LESSCLOSE', '/usr/bin/lesspipe %s %s'), ('VSCODE_GIT_ASKPASS_EXTRA_ARGS', ''), ('PWD', '/ros2_ws/build/description'), ('PYTHONPATH', '/ros2_ws/install/interfaces/local/lib/python3.10/dist-packages:/opt/ros/humble/lib/python3.10/site-packages:/opt/ros/humble/local/lib/python3.10/dist-packages'), ('ROS_HOSTNAME', '10.10.0.2'), ('COLCON', '1'), ('CMAKE_PREFIX_PATH', '/ros2_ws/install/brain_hardware:/ros2_ws/install/interfaces:/opt/ros/humble')]), 'shell': False}
[4.041407] (-) TimerEvent: {}
[4.050763] (description) StdoutLine: {'line': b'-- Install configuration: ""\n'}
[4.052928] (description) StdoutLine: {'line': b'-- Up-to-date: /ros2_ws/install/description/share/description/urdf\n'}
[4.053533] (description) StdoutLine: {'line': b'-- Up-to-date: /ros2_ws/install/description/share/description/urdf/dabai.xacro\n'}
[4.056690] (description) StdoutLine: {'line': b'-- Up-to-date: /ros2_ws/install/description/share/description/urdf/materials.xacro\n'}
[4.059179] (description) StdoutLine: {'line': b'-- Up-to-date: /ros2_ws/install/description/share/description/urdf/description.urdf.xacro\n'}
[4.059954] (description) StdoutLine: {'line': b'-- Up-to-date: /ros2_ws/install/description/share/description/urdf/ascamera.xacro\n'}
[4.060393] (description) StdoutLine: {'line': b'-- Up-to-date: /ros2_ws/install/description/share/description/config\n'}
[4.060856] (description) StdoutLine: {'line': b'-- Up-to-date: /ros2_ws/install/description/share/description/config/brain_controllers.yaml\n'}
[4.061732] (description) StdoutLine: {'line': b'-- Up-to-date: /ros2_ws/install/description/share/description/config/nav2_params.yaml\n'}
[4.062634] (description) StdoutLine: {'line': b'-- Up-to-date: /ros2_ws/install/description/share/description/config/slam_params.yaml\n'}
[4.063194] (description) StdoutLine: {'line': b'-- Up-to-date: /ros2_ws/install/description/share/description/launch\n'}
[4.063831] (description) StdoutLine: {'line': b'-- Up-to-date: /ros2_ws/install/description/share/description/launch/display.launch.py\n'}
[4.064971] (description) StdoutLine: {'line': b'-- Up-to-date: /ros2_ws/install/description/share/description/rviz\n'}
[4.066816] (description) StdoutLine: {'line': b'-- Up-to-date: /ros2_ws/install/description/share/description/meshes\n'}
[4.088137] (description) StdoutLine: {'line': b'-- Up-to-date: /ros2_ws/install/description/share/ament_index/resource_index/package_run_dependencies/description\n'}
[4.088680] (description) StdoutLine: {'line': b'-- Up-to-date: /ros2_ws/install/description/share/ament_index/resource_index/parent_prefix_path/description\n'}
[4.089162] (description) StdoutLine: {'line': b'-- Up-to-date: /ros2_ws/install/description/share/description/environment/ament_prefix_path.sh\n'}
[4.089630] (description) StdoutLine: {'line': b'-- Up-to-date: /ros2_ws/install/description/share/description/environment/ament_prefix_path.dsv\n'}
[4.090054] (description) StdoutLine: {'line': b'-- Up-to-date: /ros2_ws/install/description/share/description/environment/path.sh\n'}
[4.090517] (description) StdoutLine: {'line': b'-- Up-to-date: /ros2_ws/install/description/share/description/environment/path.dsv\n'}
[4.090932] (description) StdoutLine: {'line': b'-- Up-to-date: /ros2_ws/install/description/share/description/local_setup.bash\n'}
[4.091330] (description) StdoutLine: {'line': b'-- Up-to-date: /ros2_ws/install/description/share/description/local_setup.sh\n'}
[4.091721] (description) StdoutLine: {'line': b'-- Up-to-date: /ros2_ws/install/description/share/description/local_setup.zsh\n'}
[4.092140] (description) StdoutLine: {'line': b'-- Up-to-date: /ros2_ws/install/description/share/description/local_setup.dsv\n'}
[4.092546] (description) StdoutLine: {'line': b'-- Installing: /ros2_ws/install/description/share/description/package.dsv\n'}
[4.092907] (description) StdoutLine: {'line': b'-- Up-to-date: /ros2_ws/install/description/share/ament_index/resource_index/packages/description\n'}
[4.096383] (description) StdoutLine: {'line': b'-- Up-to-date: /ros2_ws/install/description/share/description/cmake/descriptionConfig.cmake\n'}
[4.096909] (description) StdoutLine: {'line': b'-- Up-to-date: /ros2_ws/install/description/share/description/cmake/descriptionConfig-version.cmake\n'}
[4.097441] (description) StdoutLine: {'line': b'-- Up-to-date: /ros2_ws/install/description/share/description/package.xml\n'}
[4.097889] (description) CommandEnded: {'returncode': 0}
[4.141574] (-) TimerEvent: {}
[4.242960] (-) TimerEvent: {}
[4.264689] (description) JobEnded: {'identifier': 'description', 'rc': 0}
[4.269129] (bringup) JobStarted: {'identifier': 'bringup'}
[4.343039] (-) TimerEvent: {}
[4.443758] (-) TimerEvent: {}
[4.502017] (bringup) JobProgress: {'identifier': 'bringup', 'progress': 'cmake'}
[4.502265] (bringup) JobProgress: {'identifier': 'bringup', 'progress': 'build'}
[4.502405] (bringup) Command: {'cmd': ['/usr/bin/cmake', '--build', '/ros2_ws/build/bringup', '--', '-j4', '-l4'], 'cwd': '/ros2_ws/build/bringup', 'env': OrderedDict([('LESSOPEN', '| /usr/bin/lesspipe %s'), ('HOSTNAME', '55456c0da4eb'), ('GIT_ASKPASS', '/root/.vscode-server/bin/8b3775030ed1a69b13e4f4c628c612102e30a681/extensions/git/dist/askpass.sh'), ('SHLVL', '2'), ('LD_LIBRARY_PATH', '/ros2_ws/install/brain_hardware/lib:/ros2_ws/install/interfaces/lib:/opt/ros/humble/opt/rviz_ogre_vendor/lib:/opt/ros/humble/lib/aarch64-linux-gnu:/opt/ros/humble/lib'), ('BROWSER', '/root/.vscode-server/bin/8b3775030ed1a69b13e4f4c628c612102e30a681/bin/helpers/browser.sh'), ('HOME', '/root'), ('TERM_PROGRAM_VERSION', '1.85.2'), ('VSCODE_IPC_HOOK_CLI', '/tmp/vscode-ipc-d7878676-71cb-4525-8110-398c659ccb15.sock'), ('ROS_PYTHON_VERSION', '3'), ('VSCODE_GIT_ASKPASS_MAIN', '/root/.vscode-server/bin/8b3775030ed1a69b13e4f4c628c612102e30a681/extensions/git/dist/askpass-main.js'), ('PS1', '\\[\x1b]633;A\x07\\]\\u@\\h\\[\\033[01;32m\\](brain)\\[\\033[00m\\]:\\w$ \\[\x1b]633;B\x07\\]'), ('VSCODE_GIT_ASKPASS_NODE', '/root/.vscode-server/bin/8b3775030ed1a69b13e4f4c628c612102e30a681/node'), ('ROS_IP', '10.10.0.2'), ('COLORTERM', 'truecolor'), ('REMOTE_CONTAINERS', 'true'), ('ROS_DISTRO', 'humble'), ('REMOTE_CONTAINERS_IPC', '/tmp/vscode-remote-containers-ipc-2645588d-ea61-4df9-83f3-4f3a79670a0e.sock'), ('_', '/usr/bin/colcon'), ('ROS_VERSION', '2'), ('TERM', 'xterm-256color'), ('ROS_LOCALHOST_ONLY', '0'), ('PATH', '/root/.vscode-server/bin/8b3775030ed1a69b13e4f4c628c612102e30a681/bin/remote-cli:/opt/ros/humble/bin:/usr/local/sbin:/usr/local/bin:/usr/sbin:/usr/bin:/sbin:/bin'), ('REMOTE_CONTAINERS_SOCKETS', '["/tmp/vscode-ssh-auth-2645588d-ea61-4df9-83f3-4f3a79670a0e.sock","/root/.gnupg/S.gpg-agent"]'), ('DISPLAY', ':0'), ('LANG', 'en_US.UTF-8'), ('RMW_IMPLEMENTATION', 'rmw_fastrtps_cpp'), ('LS_COLORS', 'rs=0:di=01;34:ln=01;36:mh=00:pi=40;33:so=01;35:do=01;35:bd=40;33;01:cd=40;33;01:or=40;31;01:mi=00:su=37;41:sg=30;43:ca=30;41:tw=30;42:ow=34;42:st=37;44:ex=01;32:*.tar=01;31:*.tgz=01;31:*.arc=01;31:*.arj=01;31:*.taz=01;31:*.lha=01;31:*.lz4=01;31:*.lzh=01;31:*.lzma=01;31:*.tlz=01;31:*.txz=01;31:*.tzo=01;31:*.t7z=01;31:*.zip=01;31:*.z=01;31:*.dz=01;31:*.gz=01;31:*.lrz=01;31:*.lz=01;31:*.lzo=01;31:*.xz=01;31:*.zst=01;31:*.tzst=01;31:*.bz2=01;31:*.bz=01;31:*.tbz=01;31:*.tbz2=01;31:*.tz=01;31:*.deb=01;31:*.rpm=01;31:*.jar=01;31:*.war=01;31:*.ear=01;31:*.sar=01;31:*.rar=01;31:*.alz=01;31:*.ace=01;31:*.zoo=01;31:*.cpio=01;31:*.7z=01;31:*.rz=01;31:*.cab=01;31:*.wim=01;31:*.swm=01;31:*.dwm=01;31:*.esd=01;31:*.jpg=01;35:*.jpeg=01;35:*.mjpg=01;35:*.mjpeg=01;35:*.gif=01;35:*.bmp=01;35:*.pbm=01;35:*.pgm=01;35:*.ppm=01;35:*.tga=01;35:*.xbm=01;35:*.xpm=01;35:*.tif=01;35:*.tiff=01;35:*.png=01;35:*.svg=01;35:*.svgz=01;35:*.mng=01;35:*.pcx=01;35:*.mov=01;35:*.mpg=01;35:*.mpeg=01;35:*.m2v=01;35:*.mkv=01;35:*.webm=01;35:*.webp=01;35:*.ogm=01;35:*.mp4=01;35:*.m4v=01;35:*.mp4v=01;35:*.vob=01;35:*.qt=01;35:*.nuv=01;35:*.wmv=01;35:*.asf=01;35:*.rm=01;35:*.rmvb=01;35:*.flc=01;35:*.avi=01;35:*.fli=01;35:*.flv=01;35:*.gl=01;35:*.dl=01;35:*.xcf=01;35:*.xwd=01;35:*.yuv=01;35:*.cgm=01;35:*.emf=01;35:*.ogv=01;35:*.ogx=01;35:*.aac=00;36:*.au=00;36:*.flac=00;36:*.m4a=00;36:*.mid=00;36:*.midi=00;36:*.mka=00;36:*.mp3=00;36:*.mpc=00;36:*.ogg=00;36:*.ra=00;36:*.wav=00;36:*.oga=00;36:*.opus=00;36:*.spx=00;36:*.xspf=00;36:'), ('VSCODE_GIT_IPC_HANDLE', '/tmp/vscode-git-b3700a665a.sock'), ('TERM_PROGRAM', 'vscode'), ('SSH_AUTH_SOCK', '/tmp/vscode-ssh-auth-2645588d-ea61-4df9-83f3-4f3a79670a0e.sock'), ('ROS_DOMAIN_ID', '42'), ('AMENT_PREFIX_PATH', '/ros2_ws/install/description:/ros2_ws/install/brain_hardware:/ros2_ws/install/interfaces:/opt/ros/humble'), ('SHELL', '/bin/bash'), ('LESSCLOSE', '/usr/bin/lesspipe %s %s'), ('VSCODE_GIT_ASKPASS_EXTRA_ARGS', ''), ('PWD', '/ros2_ws/build/bringup'), ('PYTHONPATH', '/ros2_ws/install/interfaces/local/lib/python3.10/dist-packages:/opt/ros/humble/lib/python3.10/site-packages:/opt/ros/humble/local/lib/python3.10/dist-packages'), ('ROS_HOSTNAME', '10.10.0.2'), ('COLCON', '1'), ('CMAKE_PREFIX_PATH', '/ros2_ws/install/description:/ros2_ws/install/brain_hardware:/ros2_ws/install/interfaces:/opt/ros/humble')]), 'shell': False}
[4.543927] (-) TimerEvent: {}
[4.652139] (-) TimerEvent: {}
[4.765199] (bringup) CommandEnded: {'returncode': 0}
[4.766776] (-) TimerEvent: {}
[4.769682] (bringup) JobProgress: {'identifier': 'bringup', 'progress': 'install'}
[4.769912] (bringup) Command: {'cmd': ['/usr/bin/cmake', '--install', '/ros2_ws/build/bringup'], 'cwd': '/ros2_ws/build/bringup', 'env': OrderedDict([('LESSOPEN', '| /usr/bin/lesspipe %s'), ('HOSTNAME', '55456c0da4eb'), ('GIT_ASKPASS', '/root/.vscode-server/bin/8b3775030ed1a69b13e4f4c628c612102e30a681/extensions/git/dist/askpass.sh'), ('SHLVL', '2'), ('LD_LIBRARY_PATH', '/ros2_ws/install/brain_hardware/lib:/ros2_ws/install/interfaces/lib:/opt/ros/humble/opt/rviz_ogre_vendor/lib:/opt/ros/humble/lib/aarch64-linux-gnu:/opt/ros/humble/lib'), ('BROWSER', '/root/.vscode-server/bin/8b3775030ed1a69b13e4f4c628c612102e30a681/bin/helpers/browser.sh'), ('HOME', '/root'), ('TERM_PROGRAM_VERSION', '1.85.2'), ('VSCODE_IPC_HOOK_CLI', '/tmp/vscode-ipc-d7878676-71cb-4525-8110-398c659ccb15.sock'), ('ROS_PYTHON_VERSION', '3'), ('VSCODE_GIT_ASKPASS_MAIN', '/root/.vscode-server/bin/8b3775030ed1a69b13e4f4c628c612102e30a681/extensions/git/dist/askpass-main.js'), ('PS1', '\\[\x1b]633;A\x07\\]\\u@\\h\\[\\033[01;32m\\](brain)\\[\\033[00m\\]:\\w$ \\[\x1b]633;B\x07\\]'), ('VSCODE_GIT_ASKPASS_NODE', '/root/.vscode-server/bin/8b3775030ed1a69b13e4f4c628c612102e30a681/node'), ('ROS_IP', '10.10.0.2'), ('COLORTERM', 'truecolor'), ('REMOTE_CONTAINERS', 'true'), ('ROS_DISTRO', 'humble'), ('REMOTE_CONTAINERS_IPC', '/tmp/vscode-remote-containers-ipc-2645588d-ea61-4df9-83f3-4f3a79670a0e.sock'), ('_', '/usr/bin/colcon'), ('ROS_VERSION', '2'), ('TERM', 'xterm-256color'), ('ROS_LOCALHOST_ONLY', '0'), ('PATH', '/root/.vscode-server/bin/8b3775030ed1a69b13e4f4c628c612102e30a681/bin/remote-cli:/opt/ros/humble/bin:/usr/local/sbin:/usr/local/bin:/usr/sbin:/usr/bin:/sbin:/bin'), ('REMOTE_CONTAINERS_SOCKETS', '["/tmp/vscode-ssh-auth-2645588d-ea61-4df9-83f3-4f3a79670a0e.sock","/root/.gnupg/S.gpg-agent"]'), ('DISPLAY', ':0'), ('LANG', 'en_US.UTF-8'), ('RMW_IMPLEMENTATION', 'rmw_fastrtps_cpp'), ('LS_COLORS', 'rs=0:di=01;34:ln=01;36:mh=00:pi=40;33:so=01;35:do=01;35:bd=40;33;01:cd=40;33;01:or=40;31;01:mi=00:su=37;41:sg=30;43:ca=30;41:tw=30;42:ow=34;42:st=37;44:ex=01;32:*.tar=01;31:*.tgz=01;31:*.arc=01;31:*.arj=01;31:*.taz=01;31:*.lha=01;31:*.lz4=01;31:*.lzh=01;31:*.lzma=01;31:*.tlz=01;31:*.txz=01;31:*.tzo=01;31:*.t7z=01;31:*.zip=01;31:*.z=01;31:*.dz=01;31:*.gz=01;31:*.lrz=01;31:*.lz=01;31:*.lzo=01;31:*.xz=01;31:*.zst=01;31:*.tzst=01;31:*.bz2=01;31:*.bz=01;31:*.tbz=01;31:*.tbz2=01;31:*.tz=01;31:*.deb=01;31:*.rpm=01;31:*.jar=01;31:*.war=01;31:*.ear=01;31:*.sar=01;31:*.rar=01;31:*.alz=01;31:*.ace=01;31:*.zoo=01;31:*.cpio=01;31:*.7z=01;31:*.rz=01;31:*.cab=01;31:*.wim=01;31:*.swm=01;31:*.dwm=01;31:*.esd=01;31:*.jpg=01;35:*.jpeg=01;35:*.mjpg=01;35:*.mjpeg=01;35:*.gif=01;35:*.bmp=01;35:*.pbm=01;35:*.pgm=01;35:*.ppm=01;35:*.tga=01;35:*.xbm=01;35:*.xpm=01;35:*.tif=01;35:*.tiff=01;35:*.png=01;35:*.svg=01;35:*.svgz=01;35:*.mng=01;35:*.pcx=01;35:*.mov=01;35:*.mpg=01;35:*.mpeg=01;35:*.m2v=01;35:*.mkv=01;35:*.webm=01;35:*.webp=01;35:*.ogm=01;35:*.mp4=01;35:*.m4v=01;35:*.mp4v=01;35:*.vob=01;35:*.qt=01;35:*.nuv=01;35:*.wmv=01;35:*.asf=01;35:*.rm=01;35:*.rmvb=01;35:*.flc=01;35:*.avi=01;35:*.fli=01;35:*.flv=01;35:*.gl=01;35:*.dl=01;35:*.xcf=01;35:*.xwd=01;35:*.yuv=01;35:*.cgm=01;35:*.emf=01;35:*.ogv=01;35:*.ogx=01;35:*.aac=00;36:*.au=00;36:*.flac=00;36:*.m4a=00;36:*.mid=00;36:*.midi=00;36:*.mka=00;36:*.mp3=00;36:*.mpc=00;36:*.ogg=00;36:*.ra=00;36:*.wav=00;36:*.oga=00;36:*.opus=00;36:*.spx=00;36:*.xspf=00;36:'), ('VSCODE_GIT_IPC_HANDLE', '/tmp/vscode-git-b3700a665a.sock'), ('TERM_PROGRAM', 'vscode'), ('SSH_AUTH_SOCK', '/tmp/vscode-ssh-auth-2645588d-ea61-4df9-83f3-4f3a79670a0e.sock'), ('ROS_DOMAIN_ID', '42'), ('AMENT_PREFIX_PATH', '/ros2_ws/install/description:/ros2_ws/install/brain_hardware:/ros2_ws/install/interfaces:/opt/ros/humble'), ('SHELL', '/bin/bash'), ('LESSCLOSE', '/usr/bin/lesspipe %s %s'), ('VSCODE_GIT_ASKPASS_EXTRA_ARGS', ''), ('PWD', '/ros2_ws/build/bringup'), ('PYTHONPATH', '/ros2_ws/install/interfaces/local/lib/python3.10/dist-packages:/opt/ros/humble/lib/python3.10/site-packages:/opt/ros/humble/local/lib/python3.10/dist-packages'), ('ROS_HOSTNAME', '10.10.0.2'), ('COLCON', '1'), ('CMAKE_PREFIX_PATH', '/ros2_ws/install/description:/ros2_ws/install/brain_hardware:/ros2_ws/install/interfaces:/opt/ros/humble')]), 'shell': False}
[4.842800] (bringup) StdoutLine: {'line': b'-- Install configuration: ""\n'}
[4.843599] (bringup) StdoutLine: {'line': b'-- Up-to-date: /ros2_ws/install/bringup/share/bringup/launch\n'}
[4.846060] (bringup) StdoutLine: {'line': b'-- Up-to-date: /ros2_ws/install/bringup/share/bringup/launch/brain_nav.launch.py\n'}
[4.847698] (bringup) StdoutLine: {'line': b'-- Installing: /ros2_ws/install/bringup/share/bringup/launch/brain_nav_norviz.launch.py\n'}
[4.851918] (bringup) StdoutLine: {'line': b'-- Up-to-date: /ros2_ws/install/bringup/share/ament_index/resource_index/package_run_dependencies/bringup\n'}
[4.852854] (bringup) StdoutLine: {'line': b'-- Up-to-date: /ros2_ws/install/bringup/share/ament_index/resource_index/parent_prefix_path/bringup\n'}
[4.854842] (bringup) StdoutLine: {'line': b'-- Up-to-date: /ros2_ws/install/bringup/share/bringup/environment/ament_prefix_path.sh\n'}
[4.856172] (bringup) StdoutLine: {'line': b'-- Up-to-date: /ros2_ws/install/bringup/share/bringup/environment/ament_prefix_path.dsv\n'}
[4.856714] (bringup) StdoutLine: {'line': b'-- Up-to-date: /ros2_ws/install/bringup/share/bringup/environment/path.sh\n'}
[4.857304] (bringup) StdoutLine: {'line': b'-- Up-to-date: /ros2_ws/install/bringup/share/bringup/environment/path.dsv\n'}
[4.858385] (bringup) StdoutLine: {'line': b'-- Up-to-date: /ros2_ws/install/bringup/share/bringup/local_setup.bash\n'}
[4.858948] (bringup) StdoutLine: {'line': b'-- Up-to-date: /ros2_ws/install/bringup/share/bringup/local_setup.sh\n'}
[4.859396] (bringup) StdoutLine: {'line': b'-- Up-to-date: /ros2_ws/install/bringup/share/bringup/local_setup.zsh\n'}
[4.859850] (bringup) StdoutLine: {'line': b'-- Up-to-date: /ros2_ws/install/bringup/share/bringup/local_setup.dsv\n'}
[4.860281] (bringup) StdoutLine: {'line': b'-- Installing: /ros2_ws/install/bringup/share/bringup/package.dsv\n'}
[4.860726] (bringup) StdoutLine: {'line': b'-- Up-to-date: /ros2_ws/install/bringup/share/ament_index/resource_index/packages/bringup\n'}
[4.861235] (bringup) StdoutLine: {'line': b'-- Up-to-date: /ros2_ws/install/bringup/share/bringup/cmake/bringupConfig.cmake\n'}
[4.861761] (bringup) StdoutLine: {'line': b'-- Up-to-date: /ros2_ws/install/bringup/share/bringup/cmake/bringupConfig-version.cmake\n'}
[4.862151] (bringup) StdoutLine: {'line': b'-- Up-to-date: /ros2_ws/install/bringup/share/bringup/package.xml\n'}
[4.868836] (-) TimerEvent: {}
[4.898362] (bringup) CommandEnded: {'returncode': 0}
[4.969052] (-) TimerEvent: {}
[5.071515] (-) TimerEvent: {}
[5.089900] (bringup) JobEnded: {'identifier': 'bringup', 'rc': 0}
[5.171718] (-) TimerEvent: {}
[5.273176] (-) TimerEvent: {}
[5.375031] (-) TimerEvent: {}
[5.476628] (-) TimerEvent: {}
[5.577372] (-) TimerEvent: {}
[5.678369] (-) TimerEvent: {}
[5.780049] (-) TimerEvent: {}
[5.881189] (-) TimerEvent: {}
[5.982325] (-) TimerEvent: {}
[6.084095] (-) TimerEvent: {}
[6.186016] (-) TimerEvent: {}
[6.287953] (-) TimerEvent: {}
[6.388672] (-) TimerEvent: {}
[6.490482] (-) TimerEvent: {}
[6.591616] (-) TimerEvent: {}
[6.692831] (-) TimerEvent: {}
[6.794061] (-) TimerEvent: {}
[6.896571] (-) TimerEvent: {}
[6.998434] (-) TimerEvent: {}
[7.104694] (-) TimerEvent: {}
[7.207073] (-) TimerEvent: {}
[7.308310] (-) TimerEvent: {}
[7.409873] (-) TimerEvent: {}
[7.510673] (-) TimerEvent: {}
[7.612409] (-) TimerEvent: {}
[7.714262] (-) TimerEvent: {}
[7.814981] (-) TimerEvent: {}
[7.916688] (-) TimerEvent: {}
[8.017472] (-) TimerEvent: {}
[8.119135] (-) TimerEvent: {}
[8.220859] (-) TimerEvent: {}
[8.322576] (-) TimerEvent: {}
[8.424277] (-) TimerEvent: {}
[8.525010] (-) TimerEvent: {}
[8.626309] (-) TimerEvent: {}
[8.727047] (-) TimerEvent: {}
[8.827777] (-) TimerEvent: {}
[8.928488] (-) TimerEvent: {}
[9.030328] (-) TimerEvent: {}
[9.132252] (-) TimerEvent: {}
[9.232980] (-) TimerEvent: {}
[9.334335] (-) TimerEvent: {}
[9.435639] (-) TimerEvent: {}
[9.537059] (-) TimerEvent: {}
[9.643833] (-) TimerEvent: {}
[9.746385] (-) TimerEvent: {}
[9.848901] (-) TimerEvent: {}
[9.950650] (-) TimerEvent: {}
[10.051891] (-) TimerEvent: {}
[10.153705] (-) TimerEvent: {}
[10.254865] (-) TimerEvent: {}
[10.357203] (-) TimerEvent: {}
[10.458917] (-) TimerEvent: {}
[10.560120] (-) TimerEvent: {}
[10.661886] (-) TimerEvent: {}
[10.763616] (-) TimerEvent: {}
[10.864804] (-) TimerEvent: {}
[10.966591] (-) TimerEvent: {}
[11.067920] (-) TimerEvent: {}
[11.170463] (-) TimerEvent: {}
[11.272149] (-) TimerEvent: {}
[11.374014] (-) TimerEvent: {}
[11.475334] (-) TimerEvent: {}
[11.576726] (-) TimerEvent: {}
[11.678103] (-) TimerEvent: {}
[11.781259] (-) TimerEvent: {}
[11.891340] (-) TimerEvent: {}
[11.996836] (-) TimerEvent: {}
[12.098772] (-) TimerEvent: {}
[12.200592] (-) TimerEvent: {}
[12.301885] (-) TimerEvent: {}
[12.402649] (-) TimerEvent: {}
[12.504956] (-) TimerEvent: {}
[12.606379] (-) TimerEvent: {}
[12.707870] (-) TimerEvent: {}
[12.810094] (-) TimerEvent: {}
[12.911745] (-) TimerEvent: {}
[13.012519] (-) TimerEvent: {}
[13.114308] (-) TimerEvent: {}
[13.216797] (-) TimerEvent: {}
[13.317570] (-) TimerEvent: {}
[13.418832] (-) TimerEvent: {}
[13.519574] (-) TimerEvent: {}
[13.621053] (-) TimerEvent: {}
[13.722207] (-) TimerEvent: {}
[13.822926] (-) TimerEvent: {}
[13.924829] (-) TimerEvent: {}
[14.025627] (-) TimerEvent: {}
[14.126334] (-) TimerEvent: {}
[14.227121] (-) TimerEvent: {}
[14.327871] (-) TimerEvent: {}
[14.428658] (-) TimerEvent: {}
[14.529818] (-) TimerEvent: {}
[14.630930] (-) TimerEvent: {}
[14.731664] (-) TimerEvent: {}
[14.833127] (-) TimerEvent: {}
[14.933871] (-) TimerEvent: {}
[15.034597] (-) TimerEvent: {}
[15.136499] (-) TimerEvent: {}
[15.238178] (-) TimerEvent: {}
[15.338929] (-) TimerEvent: {}
[15.439763] (-) TimerEvent: {}
[15.540831] (-) TimerEvent: {}
[15.641608] (-) TimerEvent: {}
[15.742333] (-) TimerEvent: {}
[15.843056] (-) TimerEvent: {}
[15.944027] (-) TimerEvent: {}
[16.044826] (-) TimerEvent: {}
[16.145600] (-) TimerEvent: {}
[16.246312] (-) TimerEvent: {}
[16.347024] (-) TimerEvent: {}
[16.447737] (-) TimerEvent: {}
[16.548783] (-) TimerEvent: {}
[16.650004] (-) TimerEvent: {}
[16.750781] (-) TimerEvent: {}
[16.851508] (-) TimerEvent: {}
[16.952156] (-) TimerEvent: {}
[17.053328] (-) TimerEvent: {}
[17.154023] (-) TimerEvent: {}
[17.254726] (-) TimerEvent: {}
[17.355383] (-) TimerEvent: {}
[17.456154] (-) TimerEvent: {}
[17.556881] (-) TimerEvent: {}
[17.657664] (-) TimerEvent: {}
[17.758779] (-) TimerEvent: {}
[17.860346] (-) TimerEvent: {}
[17.961075] (-) TimerEvent: {}
[18.061754] (-) TimerEvent: {}
[18.162460] (-) TimerEvent: {}
[18.263112] (-) TimerEvent: {}
[18.363821] (-) TimerEvent: {}
[18.464553] (-) TimerEvent: {}
[18.565315] (-) TimerEvent: {}
[18.666006] (-) TimerEvent: {}
[18.766760] (-) TimerEvent: {}
[18.867457] (-) TimerEvent: {}
[18.968163] (-) TimerEvent: {}
[19.016874] (brain_controller) StderrLine: {'line': b'In file included from \x1b[01m\x1b[K/ros2_ws/src/ros2_control/brain_controller/include/brain_controller/brain_controller.hpp:11\x1b[m\x1b[K,\n'}
[19.017653] (brain_controller) StderrLine: {'line': b'                 from \x1b[01m\x1b[K/ros2_ws/src/ros2_control/brain_controller/src/brain_controller.cpp:1\x1b[m\x1b[K:\n'}
[19.018141] (brain_controller) StderrLine: {'line': b"\x1b[01m\x1b[K/opt/ros/humble/include/realtime_tools/realtime_tools/realtime_buffer.h:22:100:\x1b[m\x1b[K \x1b[01;36m\x1b[Knote: \x1b[m\x1b[K\xe2\x80\x98\x1b[01m\x1b[K#pragma message: This header include is deprecated. Please update your code to use 'realtime_buffer.hpp' header.\x1b[m\x1b[K\xe2\x80\x99\n"}
[19.022362] (brain_controller) StderrLine: {'line': b'   22 |   "This header include is deprecated. Please update your code to use \'realtime_buffer.hpp\' header."\x1b[01;36m\x1b[K)\x1b[m\x1b[K  //NOLINT\n'}
[19.024964] (brain_controller) StderrLine: {'line': b'      |                                                                                                    \x1b[01;36m\x1b[K^\x1b[m\x1b[K\n'}
[19.068408] (-) TimerEvent: {}
[19.169187] (-) TimerEvent: {}
[19.269858] (-) TimerEvent: {}
[19.370581] (-) TimerEvent: {}
[19.471309] (-) TimerEvent: {}
[19.574356] (-) TimerEvent: {}
[19.675420] (-) TimerEvent: {}
[19.777635] (-) TimerEvent: {}
[19.878735] (-) TimerEvent: {}
[19.979433] (-) TimerEvent: {}
[20.080092] (-) TimerEvent: {}
[20.180779] (-) TimerEvent: {}
[20.281537] (-) TimerEvent: {}
[20.382173] (-) TimerEvent: {}
[20.483389] (-) TimerEvent: {}
[20.584106] (-) TimerEvent: {}
[20.687080] (-) TimerEvent: {}
[20.787806] (-) TimerEvent: {}
[20.888541] (-) TimerEvent: {}
[20.989233] (-) TimerEvent: {}
[21.089948] (-) TimerEvent: {}
[21.190686] (-) TimerEvent: {}
[21.291388] (-) TimerEvent: {}
[21.392093] (-) TimerEvent: {}
[21.492798] (-) TimerEvent: {}
[21.593581] (-) TimerEvent: {}
[21.694275] (-) TimerEvent: {}
[21.794981] (-) TimerEvent: {}
[21.895771] (-) TimerEvent: {}
[21.996503] (-) TimerEvent: {}
[22.097163] (-) TimerEvent: {}
[22.198097] (-) TimerEvent: {}
[22.298751] (-) TimerEvent: {}
[22.399473] (-) TimerEvent: {}
[22.500134] (-) TimerEvent: {}
[22.600798] (-) TimerEvent: {}
[22.701525] (-) TimerEvent: {}
[22.802237] (-) TimerEvent: {}
[22.902899] (-) TimerEvent: {}
[23.003608] (-) TimerEvent: {}
[23.104262] (-) TimerEvent: {}
[23.205012] (-) TimerEvent: {}
[23.305800] (-) TimerEvent: {}
[23.406460] (-) TimerEvent: {}
[23.507410] (-) TimerEvent: {}
[23.608572] (-) TimerEvent: {}
[23.709299] (-) TimerEvent: {}
[23.809957] (-) TimerEvent: {}
[23.910675] (-) TimerEvent: {}
[24.011396] (-) TimerEvent: {}
[24.112079] (-) TimerEvent: {}
[24.212755] (-) TimerEvent: {}
[24.313466] (-) TimerEvent: {}
[24.414744] (-) TimerEvent: {}
[24.517184] (-) TimerEvent: {}
[24.617841] (-) TimerEvent: {}
[24.718564] (-) TimerEvent: {}
[24.819215] (-) TimerEvent: {}
[24.919911] (-) TimerEvent: {}
[25.020645] (-) TimerEvent: {}
[25.121827] (-) TimerEvent: {}
[25.222523] (-) TimerEvent: {}
[25.323177] (-) TimerEvent: {}
[25.423883] (-) TimerEvent: {}
[25.527834] (-) TimerEvent: {}
[25.628613] (-) TimerEvent: {}
[25.729413] (-) TimerEvent: {}
[25.830060] (-) TimerEvent: {}
[25.930706] (-) TimerEvent: {}
[26.031464] (-) TimerEvent: {}
[26.132196] (-) TimerEvent: {}
[26.232901] (-) TimerEvent: {}
[26.333755] (-) TimerEvent: {}
[26.434408] (-) TimerEvent: {}
[26.535138] (-) TimerEvent: {}
[26.635884] (-) TimerEvent: {}
[26.736662] (-) TimerEvent: {}
[26.837425] (-) TimerEvent: {}
[26.938104] (-) TimerEvent: {}
[27.038761] (-) TimerEvent: {}
[27.139467] (-) TimerEvent: {}
[27.240186] (-) TimerEvent: {}
[27.340921] (-) TimerEvent: {}
[27.441668] (-) TimerEvent: {}
[27.542793] (-) TimerEvent: {}
[27.643507] (-) TimerEvent: {}
[27.744212] (-) TimerEvent: {}
[27.845399] (-) TimerEvent: {}
[27.946069] (-) TimerEvent: {}
[28.046784] (-) TimerEvent: {}
[28.147908] (-) TimerEvent: {}
[28.249151] (-) TimerEvent: {}
[28.349904] (-) TimerEvent: {}
[28.450569] (-) TimerEvent: {}
[28.551728] (-) TimerEvent: {}
[28.652447] (-) TimerEvent: {}
[28.753245] (-) TimerEvent: {}
[28.854012] (-) TimerEvent: {}
[28.954671] (-) TimerEvent: {}
[29.055438] (-) TimerEvent: {}
[29.156140] (-) TimerEvent: {}
[29.256839] (-) TimerEvent: {}
[29.357551] (-) TimerEvent: {}
[29.458330] (-) TimerEvent: {}
[29.559202] (-) TimerEvent: {}
[29.660309] (-) TimerEvent: {}
[29.761424] (-) TimerEvent: {}
[29.862132] (-) TimerEvent: {}
[29.962788] (-) TimerEvent: {}
[30.063495] (-) TimerEvent: {}
[30.164212] (-) TimerEvent: {}
[30.264918] (-) TimerEvent: {}
[30.365673] (-) TimerEvent: {}
[30.466852] (-) TimerEvent: {}
[30.567515] (-) TimerEvent: {}
[30.669361] (-) TimerEvent: {}
[30.770080] (-) TimerEvent: {}
[30.870766] (-) TimerEvent: {}
[30.971422] (-) TimerEvent: {}
[31.072122] (-) TimerEvent: {}
[31.172845] (-) TimerEvent: {}
[31.273631] (-) TimerEvent: {}
[31.374314] (-) TimerEvent: {}
[31.474973] (-) TimerEvent: {}
[31.575695] (-) TimerEvent: {}
[31.676824] (-) TimerEvent: {}
[31.777677] (-) TimerEvent: {}
[31.878398] (-) TimerEvent: {}
[31.979125] (-) TimerEvent: {}
[32.079759] (-) TimerEvent: {}
[32.180424] (-) TimerEvent: {}
[32.281185] (-) TimerEvent: {}
[32.381881] (-) TimerEvent: {}
[32.482568] (-) TimerEvent: {}
[32.583265] (-) TimerEvent: {}
[32.683968] (-) TimerEvent: {}
[32.784614] (-) TimerEvent: {}
[32.885834] (-) TimerEvent: {}
[32.986484] (-) TimerEvent: {}
[33.087328] (-) TimerEvent: {}
[33.188114] (-) TimerEvent: {}
[33.288820] (-) TimerEvent: {}
[33.389564] (-) TimerEvent: {}
[33.490258] (-) TimerEvent: {}
[33.592027] (-) TimerEvent: {}
[33.692730] (-) TimerEvent: {}
[33.793461] (-) TimerEvent: {}
[33.894162] (-) TimerEvent: {}
[33.994874] (-) TimerEvent: {}
[34.095628] (-) TimerEvent: {}
[34.196422] (-) TimerEvent: {}
[34.297130] (-) TimerEvent: {}
[34.397871] (-) TimerEvent: {}
[34.498576] (-) TimerEvent: {}
[34.599278] (-) TimerEvent: {}
[34.699969] (-) TimerEvent: {}
[34.800944] (-) TimerEvent: {}
[34.901643] (-) TimerEvent: {}
[35.002351] (-) TimerEvent: {}
[35.103016] (-) TimerEvent: {}
[35.203690] (-) TimerEvent: {}
[35.304388] (-) TimerEvent: {}
[35.405177] (-) TimerEvent: {}
[35.506379] (-) TimerEvent: {}
[35.607541] (-) TimerEvent: {}
[35.708193] (-) TimerEvent: {}
[35.808898] (-) TimerEvent: {}
[35.909929] (-) TimerEvent: {}
[36.010633] (-) TimerEvent: {}
[36.111299] (-) TimerEvent: {}
[36.212487] (-) TimerEvent: {}
[36.313198] (-) TimerEvent: {}
[36.413899] (-) TimerEvent: {}
[36.514592] (-) TimerEvent: {}
[36.615304] (-) TimerEvent: {}
[36.716526] (-) TimerEvent: {}
[36.818093] (-) TimerEvent: {}
[36.918756] (-) TimerEvent: {}
[37.019444] (-) TimerEvent: {}
[37.120152] (-) TimerEvent: {}
[37.220896] (-) TimerEvent: {}
[37.321670] (-) TimerEvent: {}
[37.422422] (-) TimerEvent: {}
[37.523124] (-) TimerEvent: {}
[37.623779] (-) TimerEvent: {}
[37.724509] (-) TimerEvent: {}
[37.825935] (-) TimerEvent: {}
[37.926638] (-) TimerEvent: {}
[38.027289] (-) TimerEvent: {}
[38.128107] (-) TimerEvent: {}
[38.228798] (-) TimerEvent: {}
[38.329549] (-) TimerEvent: {}
[38.430337] (-) TimerEvent: {}
[38.531087] (-) TimerEvent: {}
[38.633387] (-) TimerEvent: {}
[38.734079] (-) TimerEvent: {}
[38.834765] (-) TimerEvent: {}
[38.935443] (-) TimerEvent: {}
[39.036108] (-) TimerEvent: {}
[39.137199] (-) TimerEvent: {}
[39.237885] (-) TimerEvent: {}
[39.338615] (-) TimerEvent: {}
[39.441190] (-) TimerEvent: {}
[39.541882] (-) TimerEvent: {}
[39.643001] (-) TimerEvent: {}
[39.743704] (-) TimerEvent: {}
[39.844501] (-) TimerEvent: {}
[39.946822] (-) TimerEvent: {}
[40.047550] (-) TimerEvent: {}
[40.148238] (-) TimerEvent: {}
[40.248940] (-) TimerEvent: {}
[40.349698] (-) TimerEvent: {}
[40.450345] (-) TimerEvent: {}
[40.551075] (-) TimerEvent: {}
[40.651776] (-) TimerEvent: {}
[40.752470] (-) TimerEvent: {}
[40.853195] (-) TimerEvent: {}
[40.953903] (-) TimerEvent: {}
[41.054538] (-) TimerEvent: {}
[41.155230] (-) TimerEvent: {}
[41.255957] (-) TimerEvent: {}
[41.356719] (-) TimerEvent: {}
[41.457486] (-) TimerEvent: {}
[41.558535] (-) TimerEvent: {}
[41.659275] (-) TimerEvent: {}
[41.760441] (-) TimerEvent: {}
[41.861194] (-) TimerEvent: {}
[41.961836] (-) TimerEvent: {}
[42.062538] (-) TimerEvent: {}
[42.163256] (-) TimerEvent: {}
[42.263977] (-) TimerEvent: {}
[42.364708] (-) TimerEvent: {}
[42.465484] (-) TimerEvent: {}
[42.566394] (-) TimerEvent: {}
[42.667126] (-) TimerEvent: {}
[42.767805] (-) TimerEvent: {}
[42.870349] (-) TimerEvent: {}
[42.971107] (-) TimerEvent: {}
[43.071810] (-) TimerEvent: {}
[43.172514] (-) TimerEvent: {}
[43.273232] (-) TimerEvent: {}
[43.374802] (-) TimerEvent: {}
[43.477497] (-) TimerEvent: {}
[43.578222] (-) TimerEvent: {}
[43.678932] (-) TimerEvent: {}
[43.779673] (-) TimerEvent: {}
[43.880635] (-) TimerEvent: {}
[43.981445] (-) TimerEvent: {}
[44.082157] (-) TimerEvent: {}
[44.182852] (-) TimerEvent: {}
[44.283545] (-) TimerEvent: {}
[44.384250] (-) TimerEvent: {}
[44.484949] (-) TimerEvent: {}
[44.586715] (-) TimerEvent: {}
[44.687353] (-) TimerEvent: {}
[44.788020] (-) TimerEvent: {}
[44.888731] (-) TimerEvent: {}
[44.989854] (-) TimerEvent: {}
[45.090532] (-) TimerEvent: {}
[45.191262] (-) TimerEvent: {}
[45.291942] (-) TimerEvent: {}
[45.392574] (-) TimerEvent: {}
[45.493302] (-) TimerEvent: {}
[45.593943] (-) TimerEvent: {}
[45.694627] (-) TimerEvent: {}
[45.795263] (-) TimerEvent: {}
[45.895951] (-) TimerEvent: {}
[45.996997] (-) TimerEvent: {}
[46.097678] (-) TimerEvent: {}
[46.198316] (-) TimerEvent: {}
[46.298952] (-) TimerEvent: {}
[46.399595] (-) TimerEvent: {}
[46.500251] (-) TimerEvent: {}
[46.601385] (-) TimerEvent: {}
[46.702604] (-) TimerEvent: {}
[46.803345] (-) TimerEvent: {}
[46.904096] (-) TimerEvent: {}
[47.004848] (-) TimerEvent: {}
[47.105612] (-) TimerEvent: {}
[47.206346] (-) TimerEvent: {}
[47.306973] (-) TimerEvent: {}
[47.407604] (-) TimerEvent: {}
[47.423387] (brain_controller) StdoutLine: {'line': b'[100%] \x1b[32m\x1b[1mLinking CXX shared library libbrain_controller.so\x1b[0m\n'}
[47.507879] (-) TimerEvent: {}
[47.608614] (-) TimerEvent: {}
[47.709395] (-) TimerEvent: {}
[47.810098] (-) TimerEvent: {}
[47.910913] (-) TimerEvent: {}
[48.011723] (-) TimerEvent: {}
[48.112429] (-) TimerEvent: {}
[48.213275] (-) TimerEvent: {}
[48.314110] (-) TimerEvent: {}
[48.414824] (-) TimerEvent: {}
[48.516142] (-) TimerEvent: {}
[48.617842] (-) TimerEvent: {}
[48.718542] (-) TimerEvent: {}
[48.819311] (-) TimerEvent: {}
[48.920033] (-) TimerEvent: {}
[49.020764] (-) TimerEvent: {}
[49.121489] (-) TimerEvent: {}
[49.222118] (-) TimerEvent: {}
[49.322797] (-) TimerEvent: {}
[49.423430] (-) TimerEvent: {}
[49.524492] (-) TimerEvent: {}
[49.626368] (-) TimerEvent: {}
[49.727040] (-) TimerEvent: {}
[49.827753] (-) TimerEvent: {}
[49.928513] (-) TimerEvent: {}
[50.029245] (-) TimerEvent: {}
[50.075905] (brain_controller) StdoutLine: {'line': b'[100%] Built target brain_controller\n'}
[50.107610] (brain_controller) CommandEnded: {'returncode': 0}
[50.109698] (brain_controller) JobProgress: {'identifier': 'brain_controller', 'progress': 'install'}
[50.110600] (brain_controller) Command: {'cmd': ['/usr/bin/cmake', '--install', '/ros2_ws/build/brain_controller'], 'cwd': '/ros2_ws/build/brain_controller', 'env': OrderedDict([('LESSOPEN', '| /usr/bin/lesspipe %s'), ('HOSTNAME', '55456c0da4eb'), ('GIT_ASKPASS', '/root/.vscode-server/bin/8b3775030ed1a69b13e4f4c628c612102e30a681/extensions/git/dist/askpass.sh'), ('SHLVL', '2'), ('LD_LIBRARY_PATH', '/ros2_ws/install/interfaces/lib:/opt/ros/humble/opt/rviz_ogre_vendor/lib:/opt/ros/humble/lib/aarch64-linux-gnu:/opt/ros/humble/lib'), ('BROWSER', '/root/.vscode-server/bin/8b3775030ed1a69b13e4f4c628c612102e30a681/bin/helpers/browser.sh'), ('HOME', '/root'), ('TERM_PROGRAM_VERSION', '1.85.2'), ('VSCODE_IPC_HOOK_CLI', '/tmp/vscode-ipc-d7878676-71cb-4525-8110-398c659ccb15.sock'), ('ROS_PYTHON_VERSION', '3'), ('VSCODE_GIT_ASKPASS_MAIN', '/root/.vscode-server/bin/8b3775030ed1a69b13e4f4c628c612102e30a681/extensions/git/dist/askpass-main.js'), ('PS1', '\\[\x1b]633;A\x07\\]\\u@\\h\\[\\033[01;32m\\](brain)\\[\\033[00m\\]:\\w$ \\[\x1b]633;B\x07\\]'), ('VSCODE_GIT_ASKPASS_NODE', '/root/.vscode-server/bin/8b3775030ed1a69b13e4f4c628c612102e30a681/node'), ('ROS_IP', '10.10.0.2'), ('COLORTERM', 'truecolor'), ('REMOTE_CONTAINERS', 'true'), ('ROS_DISTRO', 'humble'), ('REMOTE_CONTAINERS_IPC', '/tmp/vscode-remote-containers-ipc-2645588d-ea61-4df9-83f3-4f3a79670a0e.sock'), ('_', '/usr/bin/colcon'), ('ROS_VERSION', '2'), ('TERM', 'xterm-256color'), ('ROS_LOCALHOST_ONLY', '0'), ('PATH', '/root/.vscode-server/bin/8b3775030ed1a69b13e4f4c628c612102e30a681/bin/remote-cli:/opt/ros/humble/bin:/usr/local/sbin:/usr/local/bin:/usr/sbin:/usr/bin:/sbin:/bin'), ('REMOTE_CONTAINERS_SOCKETS', '["/tmp/vscode-ssh-auth-2645588d-ea61-4df9-83f3-4f3a79670a0e.sock","/root/.gnupg/S.gpg-agent"]'), ('DISPLAY', ':0'), ('LANG', 'en_US.UTF-8'), ('RMW_IMPLEMENTATION', 'rmw_fastrtps_cpp'), ('LS_COLORS', 'rs=0:di=01;34:ln=01;36:mh=00:pi=40;33:so=01;35:do=01;35:bd=40;33;01:cd=40;33;01:or=40;31;01:mi=00:su=37;41:sg=30;43:ca=30;41:tw=30;42:ow=34;42:st=37;44:ex=01;32:*.tar=01;31:*.tgz=01;31:*.arc=01;31:*.arj=01;31:*.taz=01;31:*.lha=01;31:*.lz4=01;31:*.lzh=01;31:*.lzma=01;31:*.tlz=01;31:*.txz=01;31:*.tzo=01;31:*.t7z=01;31:*.zip=01;31:*.z=01;31:*.dz=01;31:*.gz=01;31:*.lrz=01;31:*.lz=01;31:*.lzo=01;31:*.xz=01;31:*.zst=01;31:*.tzst=01;31:*.bz2=01;31:*.bz=01;31:*.tbz=01;31:*.tbz2=01;31:*.tz=01;31:*.deb=01;31:*.rpm=01;31:*.jar=01;31:*.war=01;31:*.ear=01;31:*.sar=01;31:*.rar=01;31:*.alz=01;31:*.ace=01;31:*.zoo=01;31:*.cpio=01;31:*.7z=01;31:*.rz=01;31:*.cab=01;31:*.wim=01;31:*.swm=01;31:*.dwm=01;31:*.esd=01;31:*.jpg=01;35:*.jpeg=01;35:*.mjpg=01;35:*.mjpeg=01;35:*.gif=01;35:*.bmp=01;35:*.pbm=01;35:*.pgm=01;35:*.ppm=01;35:*.tga=01;35:*.xbm=01;35:*.xpm=01;35:*.tif=01;35:*.tiff=01;35:*.png=01;35:*.svg=01;35:*.svgz=01;35:*.mng=01;35:*.pcx=01;35:*.mov=01;35:*.mpg=01;35:*.mpeg=01;35:*.m2v=01;35:*.mkv=01;35:*.webm=01;35:*.webp=01;35:*.ogm=01;35:*.mp4=01;35:*.m4v=01;35:*.mp4v=01;35:*.vob=01;35:*.qt=01;35:*.nuv=01;35:*.wmv=01;35:*.asf=01;35:*.rm=01;35:*.rmvb=01;35:*.flc=01;35:*.avi=01;35:*.fli=01;35:*.flv=01;35:*.gl=01;35:*.dl=01;35:*.xcf=01;35:*.xwd=01;35:*.yuv=01;35:*.cgm=01;35:*.emf=01;35:*.ogv=01;35:*.ogx=01;35:*.aac=00;36:*.au=00;36:*.flac=00;36:*.m4a=00;36:*.mid=00;36:*.midi=00;36:*.mka=00;36:*.mp3=00;36:*.mpc=00;36:*.ogg=00;36:*.ra=00;36:*.wav=00;36:*.oga=00;36:*.opus=00;36:*.spx=00;36:*.xspf=00;36:'), ('VSCODE_GIT_IPC_HANDLE', '/tmp/vscode-git-b3700a665a.sock'), ('TERM_PROGRAM', 'vscode'), ('SSH_AUTH_SOCK', '/tmp/vscode-ssh-auth-2645588d-ea61-4df9-83f3-4f3a79670a0e.sock'), ('ROS_DOMAIN_ID', '42'), ('AMENT_PREFIX_PATH', '/ros2_ws/install/interfaces:/opt/ros/humble'), ('SHELL', '/bin/bash'), ('LESSCLOSE', '/usr/bin/lesspipe %s %s'), ('VSCODE_GIT_ASKPASS_EXTRA_ARGS', ''), ('PWD', '/ros2_ws/build/brain_controller'), ('PYTHONPATH', '/ros2_ws/install/interfaces/local/lib/python3.10/dist-packages:/opt/ros/humble/lib/python3.10/site-packages:/opt/ros/humble/local/lib/python3.10/dist-packages'), ('ROS_HOSTNAME', '10.10.0.2'), ('COLCON', '1'), ('CMAKE_PREFIX_PATH', '/ros2_ws/install/interfaces:/opt/ros/humble')]), 'shell': False}
[50.129652] (-) TimerEvent: {}
[50.135206] (brain_controller) StdoutLine: {'line': b'-- Install configuration: ""\n'}
[50.135927] (brain_controller) StdoutLine: {'line': b'-- Up-to-date: /ros2_ws/install/brain_controller/share/brain_controller/brain_controller_plugins.xml\n'}
[50.136720] (brain_controller) StdoutLine: {'line': b'-- Installing: /ros2_ws/install/brain_controller/lib/libbrain_controller.so\n'}
[50.173695] (brain_controller) StdoutLine: {'line': b'-- Set runtime path of "/ros2_ws/install/brain_controller/lib/libbrain_controller.so" to ""\n'}
[50.174505] (brain_controller) StdoutLine: {'line': b'-- Up-to-date: /ros2_ws/install/brain_controller/include/brain_controller\n'}
[50.175101] (brain_controller) StdoutLine: {'line': b'-- Up-to-date: /ros2_ws/install/brain_controller/include/brain_controller/brain_controller\n'}
[50.175551] (brain_controller) StdoutLine: {'line': b'-- Installing: /ros2_ws/install/brain_controller/include/brain_controller/brain_controller/brain_controller.hpp\n'}
[50.176681] (brain_controller) StdoutLine: {'line': b'-- Up-to-date: /ros2_ws/install/brain_controller/share/brain_controller/brain_controller_plugins.xml\n'}
[50.177564] (brain_controller) StdoutLine: {'line': b'-- Up-to-date: /ros2_ws/install/brain_controller/share/brain_controller/environment/library_path.sh\n'}
[50.178023] (brain_controller) StdoutLine: {'line': b'-- Up-to-date: /ros2_ws/install/brain_controller/share/brain_controller/environment/library_path.dsv\n'}
[50.178453] (brain_controller) StdoutLine: {'line': b'-- Up-to-date: /ros2_ws/install/brain_controller/share/ament_index/resource_index/package_run_dependencies/brain_controller\n'}
[50.178858] (brain_controller) StdoutLine: {'line': b'-- Up-to-date: /ros2_ws/install/brain_controller/share/ament_index/resource_index/parent_prefix_path/brain_controller\n'}
[50.179902] (brain_controller) StdoutLine: {'line': b'-- Up-to-date: /ros2_ws/install/brain_controller/share/brain_controller/environment/ament_prefix_path.sh\n'}
[50.180315] (brain_controller) StdoutLine: {'line': b'-- Up-to-date: /ros2_ws/install/brain_controller/share/brain_controller/environment/ament_prefix_path.dsv\n'}
[50.180697] (brain_controller) StdoutLine: {'line': b'-- Up-to-date: /ros2_ws/install/brain_controller/share/brain_controller/environment/path.sh\n'}
[50.181479] (brain_controller) StdoutLine: {'line': b'-- Up-to-date: /ros2_ws/install/brain_controller/share/brain_controller/environment/path.dsv\n'}
[50.181980] (brain_controller) StdoutLine: {'line': b'-- Up-to-date: /ros2_ws/install/brain_controller/share/brain_controller/local_setup.bash\n'}
[50.182365] (brain_controller) StdoutLine: {'line': b'-- Up-to-date: /ros2_ws/install/brain_controller/share/brain_controller/local_setup.sh\n'}
[50.184094] (brain_controller) StdoutLine: {'line': b'-- Up-to-date: /ros2_ws/install/brain_controller/share/brain_controller/local_setup.zsh\n'}
[50.184710] (brain_controller) StdoutLine: {'line': b'-- Up-to-date: /ros2_ws/install/brain_controller/share/brain_controller/local_setup.dsv\n'}
[50.185196] (brain_controller) StdoutLine: {'line': b'-- Installing: /ros2_ws/install/brain_controller/share/brain_controller/package.dsv\n'}
[50.185604] (brain_controller) StdoutLine: {'line': b'-- Up-to-date: /ros2_ws/install/brain_controller/share/ament_index/resource_index/packages/brain_controller\n'}
[50.204930] (brain_controller) StdoutLine: {'line': b'-- Up-to-date: /ros2_ws/install/brain_controller/share/ament_index/resource_index/controller_interface__pluginlib__plugin/brain_controller\n'}
[50.217446] (brain_controller) StdoutLine: {'line': b'-- Up-to-date: /ros2_ws/install/brain_controller/share/brain_controller/cmake/ament_cmake_export_include_directories-extras.cmake\n'}
[50.217907] (brain_controller) StdoutLine: {'line': b'-- Up-to-date: /ros2_ws/install/brain_controller/share/brain_controller/cmake/ament_cmake_export_libraries-extras.cmake\n'}
[50.218289] (brain_controller) StdoutLine: {'line': b'-- Up-to-date: /ros2_ws/install/brain_controller/share/brain_controller/cmake/ament_cmake_export_dependencies-extras.cmake\n'}
[50.218647] (brain_controller) StdoutLine: {'line': b'-- Up-to-date: /ros2_ws/install/brain_controller/share/brain_controller/cmake/brain_controllerConfig.cmake\n'}
[50.219010] (brain_controller) StdoutLine: {'line': b'-- Up-to-date: /ros2_ws/install/brain_controller/share/brain_controller/cmake/brain_controllerConfig-version.cmake\n'}
[50.219378] (brain_controller) StdoutLine: {'line': b'-- Up-to-date: /ros2_ws/install/brain_controller/share/brain_controller/package.xml\n'}
[50.219725] (brain_controller) CommandEnded: {'returncode': 0}
[50.229780] (-) TimerEvent: {}
[50.273651] (brain_controller) JobEnded: {'identifier': 'brain_controller', 'rc': 0}
[50.277199] (-) EventReactorShutdown: {}
