[0.000000] (-) TimerEvent: {}
[0.000535] (interfaces) JobQueued: {'identifier': 'interfaces', 'dependencies': OrderedDict()}
[0.001082] (oradar_lidar) JobQueued: {'identifier': 'oradar_lidar', 'dependencies': OrderedDict()}
[0.002007] (brain_controller) JobQueued: {'identifier': 'brain_controller', 'dependencies': OrderedDict([('interfaces', '/ros2_ws/install/interfaces')])}
[0.002984] (brain_hardware) JobQueued: {'identifier': 'brain_hardware', 'dependencies': OrderedDict([('interfaces', '/ros2_ws/install/interfaces')])}
[0.003176] (description) JobQueued: {'identifier': 'description', 'dependencies': OrderedDict([('interfaces', '/ros2_ws/install/interfaces'), ('brain_hardware', '/ros2_ws/install/brain_hardware')])}
[0.003474] (bringup) JobQueued: {'identifier': 'bringup', 'dependencies': OrderedDict([('interfaces', '/ros2_ws/install/interfaces'), ('brain_hardware', '/ros2_ws/install/brain_hardware'), ('description', '/ros2_ws/install/description')])}
[0.003635] (interfaces) JobStarted: {'identifier': 'interfaces'}
[0.032776] (oradar_lidar) JobStarted: {'identifier': 'oradar_lidar'}
[0.056803] (interfaces) JobProgress: {'identifier': 'interfaces', 'progress': 'cmake'}
[0.061359] (interfaces) JobProgress: {'identifier': 'interfaces', 'progress': 'build'}
[0.064319] (interfaces) Command: {'cmd': ['/usr/bin/cmake', '--build', '/ros2_ws/build/interfaces', '--', '-j4', '-l4'], 'cwd': '/ros2_ws/build/interfaces', 'env': OrderedDict([('LESSOPEN', '| /usr/bin/lesspipe %s'), ('HOSTNAME', '55456c0da4eb'), ('GIT_ASKPASS', '/root/.vscode-server/bin/8b3775030ed1a69b13e4f4c628c612102e30a681/extensions/git/dist/askpass.sh'), ('SHLVL', '2'), ('LD_LIBRARY_PATH', '/ros2_ws/install/brain_hardware/lib:/ros2_ws/install/brain_controller/lib:/ros2_ws/install/interfaces/lib:/opt/ros/humble/opt/rviz_ogre_vendor/lib:/opt/ros/humble/lib/aarch64-linux-gnu:/opt/ros/humble/lib'), ('BROWSER', '/root/.vscode-server/bin/8b3775030ed1a69b13e4f4c628c612102e30a681/bin/helpers/browser.sh'), ('HOME', '/root'), ('OLDPWD', '/ros2_ws/src/oradar_lidar'), ('TERM_PROGRAM_VERSION', '1.85.2'), ('VSCODE_IPC_HOOK_CLI', '/tmp/vscode-ipc-227bf243-44a6-4d98-8446-7d7188191a56.sock'), ('ROS_PYTHON_VERSION', '3'), ('VSCODE_GIT_ASKPASS_MAIN', '/root/.vscode-server/bin/8b3775030ed1a69b13e4f4c628c612102e30a681/extensions/git/dist/askpass-main.js'), ('PS1', '\\[\x1b]633;A\x07\\]\\u@\\h\\[\\033[01;32m\\](brain)\\[\\033[00m\\]:\\w$ \\[\x1b]633;B\x07\\]'), ('VSCODE_GIT_ASKPASS_NODE', '/root/.vscode-server/bin/8b3775030ed1a69b13e4f4c628c612102e30a681/node'), ('ROS_IP', '10.10.0.2'), ('COLORTERM', 'truecolor'), ('REMOTE_CONTAINERS', 'true'), ('COLCON_PREFIX_PATH', '/ros2_ws/install'), ('ROS_DISTRO', 'humble'), ('REMOTE_CONTAINERS_IPC', '/tmp/vscode-remote-containers-ipc-e9a7fba1-87ca-4d98-9169-9b578ca9000b.sock'), ('_', '/usr/bin/colcon'), ('ROS_VERSION', '2'), ('TERM', 'xterm-256color'), ('ROS_LOCALHOST_ONLY', '0'), ('PATH', '/ros2_ws/install/oradar_lidar/bin:/root/.vscode-server/bin/8b3775030ed1a69b13e4f4c628c612102e30a681/bin/remote-cli:/opt/ros/humble/bin:/usr/local/sbin:/usr/local/bin:/usr/sbin:/usr/bin:/sbin:/bin'), ('REMOTE_CONTAINERS_SOCKETS', '["/tmp/vscode-ssh-auth-e9a7fba1-87ca-4d98-9169-9b578ca9000b.sock","/root/.gnupg/S.gpg-agent"]'), ('DISPLAY', ':0'), ('LANG', 'en_US.UTF-8'), ('RMW_IMPLEMENTATION', 'rmw_fastrtps_cpp'), ('LS_COLORS', 'rs=0:di=01;34:ln=01;36:mh=00:pi=40;33:so=01;35:do=01;35:bd=40;33;01:cd=40;33;01:or=40;31;01:mi=00:su=37;41:sg=30;43:ca=30;41:tw=30;42:ow=34;42:st=37;44:ex=01;32:*.tar=01;31:*.tgz=01;31:*.arc=01;31:*.arj=01;31:*.taz=01;31:*.lha=01;31:*.lz4=01;31:*.lzh=01;31:*.lzma=01;31:*.tlz=01;31:*.txz=01;31:*.tzo=01;31:*.t7z=01;31:*.zip=01;31:*.z=01;31:*.dz=01;31:*.gz=01;31:*.lrz=01;31:*.lz=01;31:*.lzo=01;31:*.xz=01;31:*.zst=01;31:*.tzst=01;31:*.bz2=01;31:*.bz=01;31:*.tbz=01;31:*.tbz2=01;31:*.tz=01;31:*.deb=01;31:*.rpm=01;31:*.jar=01;31:*.war=01;31:*.ear=01;31:*.sar=01;31:*.rar=01;31:*.alz=01;31:*.ace=01;31:*.zoo=01;31:*.cpio=01;31:*.7z=01;31:*.rz=01;31:*.cab=01;31:*.wim=01;31:*.swm=01;31:*.dwm=01;31:*.esd=01;31:*.jpg=01;35:*.jpeg=01;35:*.mjpg=01;35:*.mjpeg=01;35:*.gif=01;35:*.bmp=01;35:*.pbm=01;35:*.pgm=01;35:*.ppm=01;35:*.tga=01;35:*.xbm=01;35:*.xpm=01;35:*.tif=01;35:*.tiff=01;35:*.png=01;35:*.svg=01;35:*.svgz=01;35:*.mng=01;35:*.pcx=01;35:*.mov=01;35:*.mpg=01;35:*.mpeg=01;35:*.m2v=01;35:*.mkv=01;35:*.webm=01;35:*.webp=01;35:*.ogm=01;35:*.mp4=01;35:*.m4v=01;35:*.mp4v=01;35:*.vob=01;35:*.qt=01;35:*.nuv=01;35:*.wmv=01;35:*.asf=01;35:*.rm=01;35:*.rmvb=01;35:*.flc=01;35:*.avi=01;35:*.fli=01;35:*.flv=01;35:*.gl=01;35:*.dl=01;35:*.xcf=01;35:*.xwd=01;35:*.yuv=01;35:*.cgm=01;35:*.emf=01;35:*.ogv=01;35:*.ogx=01;35:*.aac=00;36:*.au=00;36:*.flac=00;36:*.m4a=00;36:*.mid=00;36:*.midi=00;36:*.mka=00;36:*.mp3=00;36:*.mpc=00;36:*.ogg=00;36:*.ra=00;36:*.wav=00;36:*.oga=00;36:*.opus=00;36:*.spx=00;36:*.xspf=00;36:'), ('VSCODE_GIT_IPC_HANDLE', '/tmp/vscode-git-b3700a665a.sock'), ('TERM_PROGRAM', 'vscode'), ('SSH_AUTH_SOCK', '/tmp/vscode-ssh-auth-e9a7fba1-87ca-4d98-9169-9b578ca9000b.sock'), ('ROS_DOMAIN_ID', '42'), ('AMENT_PREFIX_PATH', '/ros2_ws/install/oradar_lidar:/ros2_ws/install/bringup:/ros2_ws/install/description:/ros2_ws/install/brain_hardware:/ros2_ws/install/brain_controller:/ros2_ws/install/interfaces:/opt/ros/humble'), ('SHELL', '/bin/bash'), ('LESSCLOSE', '/usr/bin/lesspipe %s %s'), ('VSCODE_GIT_ASKPASS_EXTRA_ARGS', ''), ('PWD', '/ros2_ws/build/interfaces'), ('PYTHONPATH', '/ros2_ws/install/interfaces/local/lib/python3.10/dist-packages:/opt/ros/humble/lib/python3.10/site-packages:/opt/ros/humble/local/lib/python3.10/dist-packages'), ('ROS_HOSTNAME', '10.10.0.2'), ('COLCON', '1'), ('CMAKE_PREFIX_PATH', '/ros2_ws/install/oradar_lidar:/ros2_ws/install/bringup:/ros2_ws/install/description:/ros2_ws/install/brain_hardware:/ros2_ws/install/brain_controller:/ros2_ws/install/interfaces:/opt/ros/humble')]), 'shell': False}
[0.077004] (oradar_lidar) JobProgress: {'identifier': 'oradar_lidar', 'progress': 'cmake'}
[0.081686] (oradar_lidar) JobProgress: {'identifier': 'oradar_lidar', 'progress': 'build'}
[0.084664] (oradar_lidar) Command: {'cmd': ['/usr/bin/cmake', '--build', '/ros2_ws/build/oradar_lidar', '--', '-j4', '-l4'], 'cwd': '/ros2_ws/build/oradar_lidar', 'env': OrderedDict([('LESSOPEN', '| /usr/bin/lesspipe %s'), ('HOSTNAME', '55456c0da4eb'), ('GIT_ASKPASS', '/root/.vscode-server/bin/8b3775030ed1a69b13e4f4c628c612102e30a681/extensions/git/dist/askpass.sh'), ('SHLVL', '2'), ('LD_LIBRARY_PATH', '/ros2_ws/install/brain_hardware/lib:/ros2_ws/install/brain_controller/lib:/ros2_ws/install/interfaces/lib:/opt/ros/humble/opt/rviz_ogre_vendor/lib:/opt/ros/humble/lib/aarch64-linux-gnu:/opt/ros/humble/lib'), ('BROWSER', '/root/.vscode-server/bin/8b3775030ed1a69b13e4f4c628c612102e30a681/bin/helpers/browser.sh'), ('HOME', '/root'), ('OLDPWD', '/ros2_ws/src/oradar_lidar'), ('TERM_PROGRAM_VERSION', '1.85.2'), ('VSCODE_IPC_HOOK_CLI', '/tmp/vscode-ipc-227bf243-44a6-4d98-8446-7d7188191a56.sock'), ('ROS_PYTHON_VERSION', '3'), ('VSCODE_GIT_ASKPASS_MAIN', '/root/.vscode-server/bin/8b3775030ed1a69b13e4f4c628c612102e30a681/extensions/git/dist/askpass-main.js'), ('PS1', '\\[\x1b]633;A\x07\\]\\u@\\h\\[\\033[01;32m\\](brain)\\[\\033[00m\\]:\\w$ \\[\x1b]633;B\x07\\]'), ('VSCODE_GIT_ASKPASS_NODE', '/root/.vscode-server/bin/8b3775030ed1a69b13e4f4c628c612102e30a681/node'), ('ROS_IP', '10.10.0.2'), ('COLORTERM', 'truecolor'), ('REMOTE_CONTAINERS', 'true'), ('COLCON_PREFIX_PATH', '/ros2_ws/install'), ('ROS_DISTRO', 'humble'), ('REMOTE_CONTAINERS_IPC', '/tmp/vscode-remote-containers-ipc-e9a7fba1-87ca-4d98-9169-9b578ca9000b.sock'), ('_', '/usr/bin/colcon'), ('ROS_VERSION', '2'), ('TERM', 'xterm-256color'), ('ROS_LOCALHOST_ONLY', '0'), ('PATH', '/ros2_ws/install/oradar_lidar/bin:/root/.vscode-server/bin/8b3775030ed1a69b13e4f4c628c612102e30a681/bin/remote-cli:/opt/ros/humble/bin:/usr/local/sbin:/usr/local/bin:/usr/sbin:/usr/bin:/sbin:/bin'), ('REMOTE_CONTAINERS_SOCKETS', '["/tmp/vscode-ssh-auth-e9a7fba1-87ca-4d98-9169-9b578ca9000b.sock","/root/.gnupg/S.gpg-agent"]'), ('DISPLAY', ':0'), ('LANG', 'en_US.UTF-8'), ('RMW_IMPLEMENTATION', 'rmw_fastrtps_cpp'), ('LS_COLORS', 'rs=0:di=01;34:ln=01;36:mh=00:pi=40;33:so=01;35:do=01;35:bd=40;33;01:cd=40;33;01:or=40;31;01:mi=00:su=37;41:sg=30;43:ca=30;41:tw=30;42:ow=34;42:st=37;44:ex=01;32:*.tar=01;31:*.tgz=01;31:*.arc=01;31:*.arj=01;31:*.taz=01;31:*.lha=01;31:*.lz4=01;31:*.lzh=01;31:*.lzma=01;31:*.tlz=01;31:*.txz=01;31:*.tzo=01;31:*.t7z=01;31:*.zip=01;31:*.z=01;31:*.dz=01;31:*.gz=01;31:*.lrz=01;31:*.lz=01;31:*.lzo=01;31:*.xz=01;31:*.zst=01;31:*.tzst=01;31:*.bz2=01;31:*.bz=01;31:*.tbz=01;31:*.tbz2=01;31:*.tz=01;31:*.deb=01;31:*.rpm=01;31:*.jar=01;31:*.war=01;31:*.ear=01;31:*.sar=01;31:*.rar=01;31:*.alz=01;31:*.ace=01;31:*.zoo=01;31:*.cpio=01;31:*.7z=01;31:*.rz=01;31:*.cab=01;31:*.wim=01;31:*.swm=01;31:*.dwm=01;31:*.esd=01;31:*.jpg=01;35:*.jpeg=01;35:*.mjpg=01;35:*.mjpeg=01;35:*.gif=01;35:*.bmp=01;35:*.pbm=01;35:*.pgm=01;35:*.ppm=01;35:*.tga=01;35:*.xbm=01;35:*.xpm=01;35:*.tif=01;35:*.tiff=01;35:*.png=01;35:*.svg=01;35:*.svgz=01;35:*.mng=01;35:*.pcx=01;35:*.mov=01;35:*.mpg=01;35:*.mpeg=01;35:*.m2v=01;35:*.mkv=01;35:*.webm=01;35:*.webp=01;35:*.ogm=01;35:*.mp4=01;35:*.m4v=01;35:*.mp4v=01;35:*.vob=01;35:*.qt=01;35:*.nuv=01;35:*.wmv=01;35:*.asf=01;35:*.rm=01;35:*.rmvb=01;35:*.flc=01;35:*.avi=01;35:*.fli=01;35:*.flv=01;35:*.gl=01;35:*.dl=01;35:*.xcf=01;35:*.xwd=01;35:*.yuv=01;35:*.cgm=01;35:*.emf=01;35:*.ogv=01;35:*.ogx=01;35:*.aac=00;36:*.au=00;36:*.flac=00;36:*.m4a=00;36:*.mid=00;36:*.midi=00;36:*.mka=00;36:*.mp3=00;36:*.mpc=00;36:*.ogg=00;36:*.ra=00;36:*.wav=00;36:*.oga=00;36:*.opus=00;36:*.spx=00;36:*.xspf=00;36:'), ('VSCODE_GIT_IPC_HANDLE', '/tmp/vscode-git-b3700a665a.sock'), ('TERM_PROGRAM', 'vscode'), ('SSH_AUTH_SOCK', '/tmp/vscode-ssh-auth-e9a7fba1-87ca-4d98-9169-9b578ca9000b.sock'), ('ROS_DOMAIN_ID', '42'), ('AMENT_PREFIX_PATH', '/ros2_ws/install/oradar_lidar:/ros2_ws/install/bringup:/ros2_ws/install/description:/ros2_ws/install/brain_hardware:/ros2_ws/install/brain_controller:/ros2_ws/install/interfaces:/opt/ros/humble'), ('SHELL', '/bin/bash'), ('LESSCLOSE', '/usr/bin/lesspipe %s %s'), ('VSCODE_GIT_ASKPASS_EXTRA_ARGS', ''), ('PWD', '/ros2_ws/build/oradar_lidar'), ('PYTHONPATH', '/ros2_ws/install/interfaces/local/lib/python3.10/dist-packages:/opt/ros/humble/lib/python3.10/site-packages:/opt/ros/humble/local/lib/python3.10/dist-packages'), ('ROS_HOSTNAME', '10.10.0.2'), ('COLCON', '1'), ('CMAKE_PREFIX_PATH', '/ros2_ws/install/oradar_lidar:/ros2_ws/install/bringup:/ros2_ws/install/description:/ros2_ws/install/brain_hardware:/ros2_ws/install/brain_controller:/ros2_ws/install/interfaces:/opt/ros/humble')]), 'shell': False}
[0.099062] (-) TimerEvent: {}
[0.199861] (-) TimerEvent: {}
[0.273347] (interfaces) StdoutLine: {'line': b'[  2%] Built target interfaces__cpp\n'}
[0.276566] (interfaces) StdoutLine: {'line': b'[ 12%] Built target interfaces__rosidl_generator_c\n'}
[0.279330] (interfaces) StdoutLine: {'line': b'[ 15%] Built target interfaces__rs\n'}
[0.299946] (-) TimerEvent: {}
[0.360218] (interfaces) StdoutLine: {'line': b'[ 15%] Built target ament_cmake_python_copy_interfaces\n'}
[0.361100] (oradar_lidar) StdoutLine: {'line': b'[ 60%] Built target oradar_sdk\n'}
[0.392008] (interfaces) StdoutLine: {'line': b'[ 25%] Built target interfaces__rosidl_typesupport_cpp\n'}
[0.400115] (-) TimerEvent: {}
[0.412121] (interfaces) StdoutLine: {'line': b'[ 35%] Built target interfaces__rosidl_typesupport_introspection_cpp\n'}
[0.469169] (interfaces) StdoutLine: {'line': b'[ 45%] Built target interfaces__rosidl_typesupport_fastrtps_cpp\n'}
[0.500301] (-) TimerEvent: {}
[0.507484] (oradar_lidar) StdoutLine: {'line': b'[ 70%] Built target oradar_scan\n'}
[0.509800] (interfaces) StdoutLine: {'line': b'[ 55%] Built target interfaces__rosidl_typesupport_fastrtps_c\n'}
[0.526557] (oradar_lidar) StdoutLine: {'line': b'[ 80%] Built target blocking_test\n'}
[0.544665] (interfaces) StdoutLine: {'line': b'[ 65%] Built target interfaces__rosidl_typesupport_c\n'}
[0.552147] (oradar_lidar) StdoutLine: {'line': b'[ 90%] Built target non-blocking_test\n'}
[0.564220] (oradar_lidar) StdoutLine: {'line': b'[100%] Built target blocking_c_api_test\n'}
[0.573370] (interfaces) StdoutLine: {'line': b'[ 75%] Built target interfaces__rosidl_typesupport_introspection_c\n'}
[0.600486] (-) TimerEvent: {}
[0.604918] (oradar_lidar) CommandEnded: {'returncode': 0}
[0.611028] (oradar_lidar) JobProgress: {'identifier': 'oradar_lidar', 'progress': 'install'}
[0.645194] (oradar_lidar) Command: {'cmd': ['/usr/bin/cmake', '--install', '/ros2_ws/build/oradar_lidar'], 'cwd': '/ros2_ws/build/oradar_lidar', 'env': OrderedDict([('LESSOPEN', '| /usr/bin/lesspipe %s'), ('HOSTNAME', '55456c0da4eb'), ('GIT_ASKPASS', '/root/.vscode-server/bin/8b3775030ed1a69b13e4f4c628c612102e30a681/extensions/git/dist/askpass.sh'), ('SHLVL', '2'), ('LD_LIBRARY_PATH', '/ros2_ws/install/brain_hardware/lib:/ros2_ws/install/brain_controller/lib:/ros2_ws/install/interfaces/lib:/opt/ros/humble/opt/rviz_ogre_vendor/lib:/opt/ros/humble/lib/aarch64-linux-gnu:/opt/ros/humble/lib'), ('BROWSER', '/root/.vscode-server/bin/8b3775030ed1a69b13e4f4c628c612102e30a681/bin/helpers/browser.sh'), ('HOME', '/root'), ('OLDPWD', '/ros2_ws/src/oradar_lidar'), ('TERM_PROGRAM_VERSION', '1.85.2'), ('VSCODE_IPC_HOOK_CLI', '/tmp/vscode-ipc-227bf243-44a6-4d98-8446-7d7188191a56.sock'), ('ROS_PYTHON_VERSION', '3'), ('VSCODE_GIT_ASKPASS_MAIN', '/root/.vscode-server/bin/8b3775030ed1a69b13e4f4c628c612102e30a681/extensions/git/dist/askpass-main.js'), ('PS1', '\\[\x1b]633;A\x07\\]\\u@\\h\\[\\033[01;32m\\](brain)\\[\\033[00m\\]:\\w$ \\[\x1b]633;B\x07\\]'), ('VSCODE_GIT_ASKPASS_NODE', '/root/.vscode-server/bin/8b3775030ed1a69b13e4f4c628c612102e30a681/node'), ('ROS_IP', '10.10.0.2'), ('COLORTERM', 'truecolor'), ('REMOTE_CONTAINERS', 'true'), ('COLCON_PREFIX_PATH', '/ros2_ws/install'), ('ROS_DISTRO', 'humble'), ('REMOTE_CONTAINERS_IPC', '/tmp/vscode-remote-containers-ipc-e9a7fba1-87ca-4d98-9169-9b578ca9000b.sock'), ('_', '/usr/bin/colcon'), ('ROS_VERSION', '2'), ('TERM', 'xterm-256color'), ('ROS_LOCALHOST_ONLY', '0'), ('PATH', '/ros2_ws/install/oradar_lidar/bin:/root/.vscode-server/bin/8b3775030ed1a69b13e4f4c628c612102e30a681/bin/remote-cli:/opt/ros/humble/bin:/usr/local/sbin:/usr/local/bin:/usr/sbin:/usr/bin:/sbin:/bin'), ('REMOTE_CONTAINERS_SOCKETS', '["/tmp/vscode-ssh-auth-e9a7fba1-87ca-4d98-9169-9b578ca9000b.sock","/root/.gnupg/S.gpg-agent"]'), ('DISPLAY', ':0'), ('LANG', 'en_US.UTF-8'), ('RMW_IMPLEMENTATION', 'rmw_fastrtps_cpp'), ('LS_COLORS', 'rs=0:di=01;34:ln=01;36:mh=00:pi=40;33:so=01;35:do=01;35:bd=40;33;01:cd=40;33;01:or=40;31;01:mi=00:su=37;41:sg=30;43:ca=30;41:tw=30;42:ow=34;42:st=37;44:ex=01;32:*.tar=01;31:*.tgz=01;31:*.arc=01;31:*.arj=01;31:*.taz=01;31:*.lha=01;31:*.lz4=01;31:*.lzh=01;31:*.lzma=01;31:*.tlz=01;31:*.txz=01;31:*.tzo=01;31:*.t7z=01;31:*.zip=01;31:*.z=01;31:*.dz=01;31:*.gz=01;31:*.lrz=01;31:*.lz=01;31:*.lzo=01;31:*.xz=01;31:*.zst=01;31:*.tzst=01;31:*.bz2=01;31:*.bz=01;31:*.tbz=01;31:*.tbz2=01;31:*.tz=01;31:*.deb=01;31:*.rpm=01;31:*.jar=01;31:*.war=01;31:*.ear=01;31:*.sar=01;31:*.rar=01;31:*.alz=01;31:*.ace=01;31:*.zoo=01;31:*.cpio=01;31:*.7z=01;31:*.rz=01;31:*.cab=01;31:*.wim=01;31:*.swm=01;31:*.dwm=01;31:*.esd=01;31:*.jpg=01;35:*.jpeg=01;35:*.mjpg=01;35:*.mjpeg=01;35:*.gif=01;35:*.bmp=01;35:*.pbm=01;35:*.pgm=01;35:*.ppm=01;35:*.tga=01;35:*.xbm=01;35:*.xpm=01;35:*.tif=01;35:*.tiff=01;35:*.png=01;35:*.svg=01;35:*.svgz=01;35:*.mng=01;35:*.pcx=01;35:*.mov=01;35:*.mpg=01;35:*.mpeg=01;35:*.m2v=01;35:*.mkv=01;35:*.webm=01;35:*.webp=01;35:*.ogm=01;35:*.mp4=01;35:*.m4v=01;35:*.mp4v=01;35:*.vob=01;35:*.qt=01;35:*.nuv=01;35:*.wmv=01;35:*.asf=01;35:*.rm=01;35:*.rmvb=01;35:*.flc=01;35:*.avi=01;35:*.fli=01;35:*.flv=01;35:*.gl=01;35:*.dl=01;35:*.xcf=01;35:*.xwd=01;35:*.yuv=01;35:*.cgm=01;35:*.emf=01;35:*.ogv=01;35:*.ogx=01;35:*.aac=00;36:*.au=00;36:*.flac=00;36:*.m4a=00;36:*.mid=00;36:*.midi=00;36:*.mka=00;36:*.mp3=00;36:*.mpc=00;36:*.ogg=00;36:*.ra=00;36:*.wav=00;36:*.oga=00;36:*.opus=00;36:*.spx=00;36:*.xspf=00;36:'), ('VSCODE_GIT_IPC_HANDLE', '/tmp/vscode-git-b3700a665a.sock'), ('TERM_PROGRAM', 'vscode'), ('SSH_AUTH_SOCK', '/tmp/vscode-ssh-auth-e9a7fba1-87ca-4d98-9169-9b578ca9000b.sock'), ('ROS_DOMAIN_ID', '42'), ('AMENT_PREFIX_PATH', '/ros2_ws/install/oradar_lidar:/ros2_ws/install/bringup:/ros2_ws/install/description:/ros2_ws/install/brain_hardware:/ros2_ws/install/brain_controller:/ros2_ws/install/interfaces:/opt/ros/humble'), ('SHELL', '/bin/bash'), ('LESSCLOSE', '/usr/bin/lesspipe %s %s'), ('VSCODE_GIT_ASKPASS_EXTRA_ARGS', ''), ('PWD', '/ros2_ws/build/oradar_lidar'), ('PYTHONPATH', '/ros2_ws/install/interfaces/local/lib/python3.10/dist-packages:/opt/ros/humble/lib/python3.10/site-packages:/opt/ros/humble/local/lib/python3.10/dist-packages'), ('ROS_HOSTNAME', '10.10.0.2'), ('COLCON', '1'), ('CMAKE_PREFIX_PATH', '/ros2_ws/install/oradar_lidar:/ros2_ws/install/bringup:/ros2_ws/install/description:/ros2_ws/install/brain_hardware:/ros2_ws/install/brain_controller:/ros2_ws/install/interfaces:/opt/ros/humble')]), 'shell': False}
[0.646920] (interfaces) StdoutLine: {'line': b'[ 75%] Built target interfaces\n'}
[0.672666] (oradar_lidar) StdoutLine: {'line': b'-- Install configuration: "RELEASE"\n'}
[0.673441] (oradar_lidar) StdoutLine: {'line': b'-- Up-to-date: /ros2_ws/install/oradar_lidar/lib/oradar_lidar/oradar_scan\n'}
[0.675103] (oradar_lidar) StdoutLine: {'line': b'-- Up-to-date: /ros2_ws/install/oradar_lidar/share/oradar_lidar//launch\n'}
[0.676207] (oradar_lidar) StdoutLine: {'line': b'-- Up-to-date: /ros2_ws/install/oradar_lidar/share/oradar_lidar//launch/ms200_scan_view.launch\n'}
[0.677131] (oradar_lidar) StdoutLine: {'line': b'-- Up-to-date: /ros2_ws/install/oradar_lidar/share/oradar_lidar//launch/ms200_scan_gmapping.launch.py\n'}
[0.678079] (oradar_lidar) StdoutLine: {'line': b'-- Installing: /ros2_ws/install/oradar_lidar/share/oradar_lidar//launch/ms200_scan.launch.py\n'}
[0.679442] (oradar_lidar) StdoutLine: {'line': b'-- Up-to-date: /ros2_ws/install/oradar_lidar/share/oradar_lidar//launch/ms200_scan_view.launch.py\n'}
[0.680414] (oradar_lidar) StdoutLine: {'line': b'-- Up-to-date: /ros2_ws/install/oradar_lidar/share/oradar_lidar//launch/ms200_scan.launch\n'}
[0.681295] (oradar_lidar) StdoutLine: {'line': b'-- Up-to-date: /ros2_ws/install/oradar_lidar/share/oradar_lidar//rviz2\n'}
[0.682377] (oradar_lidar) StdoutLine: {'line': b'-- Up-to-date: /ros2_ws/install/oradar_lidar/share/oradar_lidar//rviz2/oradar_scan.rviz\n'}
[0.683573] (oradar_lidar) StdoutLine: {'line': b'-- Up-to-date: /ros2_ws/install/oradar_lidar/share/ament_index/resource_index/package_run_dependencies/oradar_lidar\n'}
[0.684672] (oradar_lidar) StdoutLine: {'line': b'-- Up-to-date: /ros2_ws/install/oradar_lidar/share/ament_index/resource_index/parent_prefix_path/oradar_lidar\n'}
[0.685929] (oradar_lidar) StdoutLine: {'line': b'-- Up-to-date: /ros2_ws/install/oradar_lidar/share/oradar_lidar/environment/ament_prefix_path.sh\n'}
[0.687023] (oradar_lidar) StdoutLine: {'line': b'-- Up-to-date: /ros2_ws/install/oradar_lidar/share/oradar_lidar/environment/ament_prefix_path.dsv\n'}
[0.688114] (oradar_lidar) StdoutLine: {'line': b'-- Up-to-date: /ros2_ws/install/oradar_lidar/share/oradar_lidar/environment/path.sh\n'}
[0.689122] (oradar_lidar) StdoutLine: {'line': b'-- Up-to-date: /ros2_ws/install/oradar_lidar/share/oradar_lidar/environment/path.dsv\n'}
[0.690086] (oradar_lidar) StdoutLine: {'line': b'-- Up-to-date: /ros2_ws/install/oradar_lidar/share/oradar_lidar/local_setup.bash\n'}
[0.691225] (oradar_lidar) StdoutLine: {'line': b'-- Up-to-date: /ros2_ws/install/oradar_lidar/share/oradar_lidar/local_setup.sh\n'}
[0.692233] (oradar_lidar) StdoutLine: {'line': b'-- Up-to-date: /ros2_ws/install/oradar_lidar/share/oradar_lidar/local_setup.zsh\n'}
[0.693204] (oradar_lidar) StdoutLine: {'line': b'-- Up-to-date: /ros2_ws/install/oradar_lidar/share/oradar_lidar/local_setup.dsv\n'}
[0.694315] (oradar_lidar) StdoutLine: {'line': b'-- Installing: /ros2_ws/install/oradar_lidar/share/oradar_lidar/package.dsv\n'}
[0.696805] (oradar_lidar) StdoutLine: {'line': b'-- Up-to-date: /ros2_ws/install/oradar_lidar/share/ament_index/resource_index/packages/oradar_lidar\n'}
[0.697731] (oradar_lidar) StdoutLine: {'line': b'-- Up-to-date: /ros2_ws/install/oradar_lidar/share/oradar_lidar/cmake/oradar_lidarConfig.cmake\n'}
[0.698822] (oradar_lidar) StdoutLine: {'line': b'-- Up-to-date: /ros2_ws/install/oradar_lidar/share/oradar_lidar/cmake/oradar_lidarConfig-version.cmake\n'}
[0.699975] (oradar_lidar) StdoutLine: {'line': b'-- Up-to-date: /ros2_ws/install/oradar_lidar/share/oradar_lidar/package.xml\n'}
[0.700549] (-) TimerEvent: {}
[0.704501] (oradar_lidar) StdoutLine: {'line': b'-- Up-to-date: /ros2_ws/install/oradar_lidar/include/core/base/datatype.h\n'}
[0.705607] (oradar_lidar) StdoutLine: {'line': b'-- Up-to-date: /ros2_ws/install/oradar_lidar/include/core/base/locker.h\n'}
[0.706807] (oradar_lidar) StdoutLine: {'line': b'-- Up-to-date: /ros2_ws/install/oradar_lidar/include/core/base/thread.h\n'}
[0.707925] (oradar_lidar) StdoutLine: {'line': b'-- Up-to-date: /ros2_ws/install/oradar_lidar/include/core/base/timer.h\n'}
[0.709349] (oradar_lidar) StdoutLine: {'line': b'-- Up-to-date: /ros2_ws/install/oradar_lidar/include/core/base/typedef.h\n'}
[0.710656] (oradar_lidar) StdoutLine: {'line': b'-- Up-to-date: /ros2_ws/install/oradar_lidar/include/core/base/utils.h\n'}
[0.711318] (oradar_lidar) StdoutLine: {'line': b'-- Up-to-date: /ros2_ws/install/oradar_lidar/include/core/base/v8stdint.h\n'}
[0.711953] (oradar_lidar) StdoutLine: {'line': b'-- Up-to-date: /ros2_ws/install/oradar_lidar/include/core/common/ChannelDevice.h\n'}
[0.712566] (oradar_lidar) StdoutLine: {'line': b'-- Up-to-date: /ros2_ws/install/oradar_lidar/include/core/math/angles.h\n'}
[0.713196] (oradar_lidar) StdoutLine: {'line': b'-- Up-to-date: /ros2_ws/install/oradar_lidar/include/core/network/ActiveSocket.h\n'}
[0.713842] (oradar_lidar) StdoutLine: {'line': b'-- Up-to-date: /ros2_ws/install/oradar_lidar/include/core/network/PassiveSocket.h\n'}
[0.714654] (oradar_lidar) StdoutLine: {'line': b'-- Up-to-date: /ros2_ws/install/oradar_lidar/include/core/network/SimpleSocket.h\n'}
[0.715158] (oradar_lidar) StdoutLine: {'line': b'-- Up-to-date: /ros2_ws/install/oradar_lidar/include/core/network/StatTimer.h\n'}
[0.715591] (oradar_lidar) StdoutLine: {'line': b'-- Up-to-date: /ros2_ws/install/oradar_lidar/include/core/serial/common.h\n'}
[0.716200] (oradar_lidar) StdoutLine: {'line': b'-- Up-to-date: /ros2_ws/install/oradar_lidar/include/core/serial/serial.h\n'}
[0.716852] (oradar_lidar) StdoutLine: {'line': b'-- Up-to-date: /ros2_ws/install/oradar_lidar/include/core/serial/impl/unix/lock.h\n'}
[0.717482] (oradar_lidar) StdoutLine: {'line': b'-- Up-to-date: /ros2_ws/install/oradar_lidar/include/core/serial/impl/unix/unix.h\n'}
[0.722213] (oradar_lidar) StdoutLine: {'line': b'-- Up-to-date: /ros2_ws/install/oradar_lidar/include/core/serial/impl/unix/unix_serial.h\n'}
[0.722812] (oradar_lidar) StdoutLine: {'line': b'-- Up-to-date: /ros2_ws/install/oradar_lidar/include/src/ord_lidar_c_api_driver.h\n'}
[0.723329] (oradar_lidar) StdoutLine: {'line': b'-- Up-to-date: /ros2_ws/install/oradar_lidar/include/src/ord_lidar_driver.h\n'}
[0.724030] (oradar_lidar) StdoutLine: {'line': b'-- Up-to-date: /ros2_ws/install/oradar_lidar/include/src/ordlidar_protocol.h\n'}
[0.724675] (oradar_lidar) StdoutLine: {'line': b'-- Up-to-date: /ros2_ws/install/oradar_lidar/include/src/filters/FullScanFilter.h\n'}
[0.725253] (oradar_lidar) StdoutLine: {'line': b'-- Up-to-date: /ros2_ws/install/oradar_lidar/lib/liboradar_sdk.a\n'}
[0.735055] (oradar_lidar) StdoutLine: {'line': b'-- Up-to-date: /ros2_ws/install/oradar_lidar/bin/blocking_test\n'}
[0.737894] (oradar_lidar) StdoutLine: {'line': b'-- Up-to-date: /ros2_ws/install/oradar_lidar/bin/non-blocking_test\n'}
[0.741074] (oradar_lidar) StdoutLine: {'line': b'-- Up-to-date: /ros2_ws/install/oradar_lidar/bin/blocking_c_api_test\n'}
[0.753318] (oradar_lidar) CommandEnded: {'returncode': 0}
[0.757906] (interfaces) StdoutLine: {'line': b'[ 77%] Built target interfaces__py\n'}
[0.801009] (-) TimerEvent: {}
[0.874678] (interfaces) StdoutLine: {'line': b'[ 85%] Built target interfaces__rosidl_generator_py\n'}
[0.901160] (-) TimerEvent: {}
[0.928808] (oradar_lidar) JobEnded: {'identifier': 'oradar_lidar', 'rc': 0}
[1.001335] (-) TimerEvent: {}
[1.011656] (interfaces) StdoutLine: {'line': b'[ 90%] Built target interfaces__rosidl_typesupport_introspection_c__pyext\n'}
[1.039005] (interfaces) StdoutLine: {'line': b'[ 95%] Built target interfaces__rosidl_typesupport_c__pyext\n'}
[1.041379] (interfaces) StdoutLine: {'line': b'[100%] Built target interfaces__rosidl_typesupport_fastrtps_c__pyext\n'}
[1.101504] (-) TimerEvent: {}
[1.202163] (-) TimerEvent: {}
[1.302924] (-) TimerEvent: {}
[1.403513] (-) TimerEvent: {}
[1.504102] (-) TimerEvent: {}
[1.604809] (-) TimerEvent: {}
[1.647983] (interfaces) StdoutLine: {'line': b'running egg_info\n'}
[1.651174] (interfaces) StdoutLine: {'line': b'writing interfaces.egg-info/PKG-INFO\n'}
[1.651846] (interfaces) StdoutLine: {'line': b'writing dependency_links to interfaces.egg-info/dependency_links.txt\n'}
[1.652538] (interfaces) StdoutLine: {'line': b'writing top-level names to interfaces.egg-info/top_level.txt\n'}
[1.662307] (interfaces) StdoutLine: {'line': b"reading manifest file 'interfaces.egg-info/SOURCES.txt'\n"}
[1.665883] (interfaces) StdoutLine: {'line': b"writing manifest file 'interfaces.egg-info/SOURCES.txt'\n"}
[1.704990] (-) TimerEvent: {}
[1.786272] (interfaces) StdoutLine: {'line': b'[100%] Built target ament_cmake_python_build_interfaces_egg\n'}
[1.805229] (-) TimerEvent: {}
[1.821391] (interfaces) CommandEnded: {'returncode': 0}
[1.826347] (interfaces) JobProgress: {'identifier': 'interfaces', 'progress': 'install'}
[1.827375] (interfaces) Command: {'cmd': ['/usr/bin/cmake', '--install', '/ros2_ws/build/interfaces'], 'cwd': '/ros2_ws/build/interfaces', 'env': OrderedDict([('LESSOPEN', '| /usr/bin/lesspipe %s'), ('HOSTNAME', '55456c0da4eb'), ('GIT_ASKPASS', '/root/.vscode-server/bin/8b3775030ed1a69b13e4f4c628c612102e30a681/extensions/git/dist/askpass.sh'), ('SHLVL', '2'), ('LD_LIBRARY_PATH', '/ros2_ws/install/brain_hardware/lib:/ros2_ws/install/brain_controller/lib:/ros2_ws/install/interfaces/lib:/opt/ros/humble/opt/rviz_ogre_vendor/lib:/opt/ros/humble/lib/aarch64-linux-gnu:/opt/ros/humble/lib'), ('BROWSER', '/root/.vscode-server/bin/8b3775030ed1a69b13e4f4c628c612102e30a681/bin/helpers/browser.sh'), ('HOME', '/root'), ('OLDPWD', '/ros2_ws/src/oradar_lidar'), ('TERM_PROGRAM_VERSION', '1.85.2'), ('VSCODE_IPC_HOOK_CLI', '/tmp/vscode-ipc-227bf243-44a6-4d98-8446-7d7188191a56.sock'), ('ROS_PYTHON_VERSION', '3'), ('VSCODE_GIT_ASKPASS_MAIN', '/root/.vscode-server/bin/8b3775030ed1a69b13e4f4c628c612102e30a681/extensions/git/dist/askpass-main.js'), ('PS1', '\\[\x1b]633;A\x07\\]\\u@\\h\\[\\033[01;32m\\](brain)\\[\\033[00m\\]:\\w$ \\[\x1b]633;B\x07\\]'), ('VSCODE_GIT_ASKPASS_NODE', '/root/.vscode-server/bin/8b3775030ed1a69b13e4f4c628c612102e30a681/node'), ('ROS_IP', '10.10.0.2'), ('COLORTERM', 'truecolor'), ('REMOTE_CONTAINERS', 'true'), ('COLCON_PREFIX_PATH', '/ros2_ws/install'), ('ROS_DISTRO', 'humble'), ('REMOTE_CONTAINERS_IPC', '/tmp/vscode-remote-containers-ipc-e9a7fba1-87ca-4d98-9169-9b578ca9000b.sock'), ('_', '/usr/bin/colcon'), ('ROS_VERSION', '2'), ('TERM', 'xterm-256color'), ('ROS_LOCALHOST_ONLY', '0'), ('PATH', '/ros2_ws/install/oradar_lidar/bin:/root/.vscode-server/bin/8b3775030ed1a69b13e4f4c628c612102e30a681/bin/remote-cli:/opt/ros/humble/bin:/usr/local/sbin:/usr/local/bin:/usr/sbin:/usr/bin:/sbin:/bin'), ('REMOTE_CONTAINERS_SOCKETS', '["/tmp/vscode-ssh-auth-e9a7fba1-87ca-4d98-9169-9b578ca9000b.sock","/root/.gnupg/S.gpg-agent"]'), ('DISPLAY', ':0'), ('LANG', 'en_US.UTF-8'), ('RMW_IMPLEMENTATION', 'rmw_fastrtps_cpp'), ('LS_COLORS', 'rs=0:di=01;34:ln=01;36:mh=00:pi=40;33:so=01;35:do=01;35:bd=40;33;01:cd=40;33;01:or=40;31;01:mi=00:su=37;41:sg=30;43:ca=30;41:tw=30;42:ow=34;42:st=37;44:ex=01;32:*.tar=01;31:*.tgz=01;31:*.arc=01;31:*.arj=01;31:*.taz=01;31:*.lha=01;31:*.lz4=01;31:*.lzh=01;31:*.lzma=01;31:*.tlz=01;31:*.txz=01;31:*.tzo=01;31:*.t7z=01;31:*.zip=01;31:*.z=01;31:*.dz=01;31:*.gz=01;31:*.lrz=01;31:*.lz=01;31:*.lzo=01;31:*.xz=01;31:*.zst=01;31:*.tzst=01;31:*.bz2=01;31:*.bz=01;31:*.tbz=01;31:*.tbz2=01;31:*.tz=01;31:*.deb=01;31:*.rpm=01;31:*.jar=01;31:*.war=01;31:*.ear=01;31:*.sar=01;31:*.rar=01;31:*.alz=01;31:*.ace=01;31:*.zoo=01;31:*.cpio=01;31:*.7z=01;31:*.rz=01;31:*.cab=01;31:*.wim=01;31:*.swm=01;31:*.dwm=01;31:*.esd=01;31:*.jpg=01;35:*.jpeg=01;35:*.mjpg=01;35:*.mjpeg=01;35:*.gif=01;35:*.bmp=01;35:*.pbm=01;35:*.pgm=01;35:*.ppm=01;35:*.tga=01;35:*.xbm=01;35:*.xpm=01;35:*.tif=01;35:*.tiff=01;35:*.png=01;35:*.svg=01;35:*.svgz=01;35:*.mng=01;35:*.pcx=01;35:*.mov=01;35:*.mpg=01;35:*.mpeg=01;35:*.m2v=01;35:*.mkv=01;35:*.webm=01;35:*.webp=01;35:*.ogm=01;35:*.mp4=01;35:*.m4v=01;35:*.mp4v=01;35:*.vob=01;35:*.qt=01;35:*.nuv=01;35:*.wmv=01;35:*.asf=01;35:*.rm=01;35:*.rmvb=01;35:*.flc=01;35:*.avi=01;35:*.fli=01;35:*.flv=01;35:*.gl=01;35:*.dl=01;35:*.xcf=01;35:*.xwd=01;35:*.yuv=01;35:*.cgm=01;35:*.emf=01;35:*.ogv=01;35:*.ogx=01;35:*.aac=00;36:*.au=00;36:*.flac=00;36:*.m4a=00;36:*.mid=00;36:*.midi=00;36:*.mka=00;36:*.mp3=00;36:*.mpc=00;36:*.ogg=00;36:*.ra=00;36:*.wav=00;36:*.oga=00;36:*.opus=00;36:*.spx=00;36:*.xspf=00;36:'), ('VSCODE_GIT_IPC_HANDLE', '/tmp/vscode-git-b3700a665a.sock'), ('TERM_PROGRAM', 'vscode'), ('SSH_AUTH_SOCK', '/tmp/vscode-ssh-auth-e9a7fba1-87ca-4d98-9169-9b578ca9000b.sock'), ('ROS_DOMAIN_ID', '42'), ('AMENT_PREFIX_PATH', '/ros2_ws/install/oradar_lidar:/ros2_ws/install/bringup:/ros2_ws/install/description:/ros2_ws/install/brain_hardware:/ros2_ws/install/brain_controller:/ros2_ws/install/interfaces:/opt/ros/humble'), ('SHELL', '/bin/bash'), ('LESSCLOSE', '/usr/bin/lesspipe %s %s'), ('VSCODE_GIT_ASKPASS_EXTRA_ARGS', ''), ('PWD', '/ros2_ws/build/interfaces'), ('PYTHONPATH', '/ros2_ws/install/interfaces/local/lib/python3.10/dist-packages:/opt/ros/humble/lib/python3.10/site-packages:/opt/ros/humble/local/lib/python3.10/dist-packages'), ('ROS_HOSTNAME', '10.10.0.2'), ('COLCON', '1'), ('CMAKE_PREFIX_PATH', '/ros2_ws/install/oradar_lidar:/ros2_ws/install/bringup:/ros2_ws/install/description:/ros2_ws/install/brain_hardware:/ros2_ws/install/brain_controller:/ros2_ws/install/interfaces:/opt/ros/humble')]), 'shell': False}
[1.856644] (interfaces) StdoutLine: {'line': b'-- Install configuration: ""\n'}
[1.857417] (interfaces) StdoutLine: {'line': b'-- Up-to-date: /ros2_ws/install/interfaces/share/ament_index/resource_index/rosidl_interfaces/interfaces\n'}
[1.857957] (interfaces) StdoutLine: {'line': b'-- Up-to-date: /ros2_ws/install/interfaces/include/interfaces/interfaces\n'}
[1.858557] (interfaces) StdoutLine: {'line': b'-- Up-to-date: /ros2_ws/install/interfaces/include/interfaces/interfaces/msg\n'}
[1.858990] (interfaces) StdoutLine: {'line': b'-- Up-to-date: /ros2_ws/install/interfaces/include/interfaces/interfaces/msg/detail\n'}
[1.859424] (interfaces) StdoutLine: {'line': b'-- Up-to-date: /ros2_ws/install/interfaces/include/interfaces/interfaces/msg/detail/motor_cmd__struct.h\n'}
[1.859895] (interfaces) StdoutLine: {'line': b'-- Up-to-date: /ros2_ws/install/interfaces/include/interfaces/interfaces/msg/detail/motor_states__functions.h\n'}
[1.860305] (interfaces) StdoutLine: {'line': b'-- Up-to-date: /ros2_ws/install/interfaces/include/interfaces/interfaces/msg/detail/motor_states__type_support.h\n'}
[1.860662] (interfaces) StdoutLine: {'line': b'-- Up-to-date: /ros2_ws/install/interfaces/include/interfaces/interfaces/msg/detail/motor_cmd__functions.h\n'}
[1.860979] (interfaces) StdoutLine: {'line': b'-- Up-to-date: /ros2_ws/install/interfaces/include/interfaces/interfaces/msg/detail/motor_states__functions.c\n'}
[1.861291] (interfaces) StdoutLine: {'line': b'-- Up-to-date: /ros2_ws/install/interfaces/include/interfaces/interfaces/msg/detail/motor_cmd__functions.c\n'}
[1.861599] (interfaces) StdoutLine: {'line': b'-- Up-to-date: /ros2_ws/install/interfaces/include/interfaces/interfaces/msg/detail/motor_states__struct.h\n'}
[1.861907] (interfaces) StdoutLine: {'line': b'-- Up-to-date: /ros2_ws/install/interfaces/include/interfaces/interfaces/msg/detail/motor_cmd__type_support.h\n'}
[1.862213] (interfaces) StdoutLine: {'line': b'-- Up-to-date: /ros2_ws/install/interfaces/include/interfaces/interfaces/msg/motor_states.h\n'}
[1.862653] (interfaces) StdoutLine: {'line': b'-- Up-to-date: /ros2_ws/install/interfaces/include/interfaces/interfaces/msg/motor_cmd.h\n'}
[1.863022] (interfaces) StdoutLine: {'line': b'-- Up-to-date: /ros2_ws/install/interfaces/include/interfaces/interfaces/msg/rosidl_generator_c__visibility_control.h\n'}
[1.863487] (interfaces) StdoutLine: {'line': b'-- Up-to-date: /ros2_ws/install/interfaces/share/interfaces/environment/library_path.sh\n'}
[1.863861] (interfaces) StdoutLine: {'line': b'-- Up-to-date: /ros2_ws/install/interfaces/share/interfaces/environment/library_path.dsv\n'}
[1.864340] (interfaces) StdoutLine: {'line': b'-- Up-to-date: /ros2_ws/install/interfaces/lib/libinterfaces__rosidl_generator_c.so\n'}
[1.864822] (interfaces) StdoutLine: {'line': b'-- Up-to-date: /ros2_ws/install/interfaces/include/interfaces/interfaces\n'}
[1.865169] (interfaces) StdoutLine: {'line': b'-- Up-to-date: /ros2_ws/install/interfaces/include/interfaces/interfaces/msg\n'}
[1.865566] (interfaces) StdoutLine: {'line': b'-- Up-to-date: /ros2_ws/install/interfaces/include/interfaces/interfaces/msg/rosidl_typesupport_fastrtps_c__visibility_control.h\n'}
[1.865987] (interfaces) StdoutLine: {'line': b'-- Up-to-date: /ros2_ws/install/interfaces/include/interfaces/interfaces/msg/detail\n'}
[1.866321] (interfaces) StdoutLine: {'line': b'-- Up-to-date: /ros2_ws/install/interfaces/include/interfaces/interfaces/msg/detail/motor_states__rosidl_typesupport_fastrtps_c.h\n'}
[1.866825] (interfaces) StdoutLine: {'line': b'-- Up-to-date: /ros2_ws/install/interfaces/include/interfaces/interfaces/msg/detail/motor_cmd__rosidl_typesupport_fastrtps_c.h\n'}
[1.867300] (interfaces) StdoutLine: {'line': b'-- Up-to-date: /ros2_ws/install/interfaces/lib/libinterfaces__rosidl_typesupport_fastrtps_c.so\n'}
[1.867831] (interfaces) StdoutLine: {'line': b'-- Up-to-date: /ros2_ws/install/interfaces/include/interfaces/interfaces\n'}
[1.868171] (interfaces) StdoutLine: {'line': b'-- Up-to-date: /ros2_ws/install/interfaces/include/interfaces/interfaces/msg\n'}
[1.868604] (interfaces) StdoutLine: {'line': b'-- Up-to-date: /ros2_ws/install/interfaces/include/interfaces/interfaces/msg/rosidl_typesupport_introspection_c__visibility_control.h\n'}
[1.869031] (interfaces) StdoutLine: {'line': b'-- Up-to-date: /ros2_ws/install/interfaces/include/interfaces/interfaces/msg/detail\n'}
[1.869475] (interfaces) StdoutLine: {'line': b'-- Up-to-date: /ros2_ws/install/interfaces/include/interfaces/interfaces/msg/detail/motor_cmd__rosidl_typesupport_introspection_c.h\n'}
[1.869804] (interfaces) StdoutLine: {'line': b'-- Up-to-date: /ros2_ws/install/interfaces/include/interfaces/interfaces/msg/detail/motor_cmd__type_support.c\n'}
[1.870216] (interfaces) StdoutLine: {'line': b'-- Up-to-date: /ros2_ws/install/interfaces/include/interfaces/interfaces/msg/detail/motor_states__type_support.c\n'}
[1.870710] (interfaces) StdoutLine: {'line': b'-- Up-to-date: /ros2_ws/install/interfaces/include/interfaces/interfaces/msg/detail/motor_states__rosidl_typesupport_introspection_c.h\n'}
[1.871054] (interfaces) StdoutLine: {'line': b'-- Up-to-date: /ros2_ws/install/interfaces/lib/libinterfaces__rosidl_typesupport_introspection_c.so\n'}
[1.871526] (interfaces) StdoutLine: {'line': b'-- Up-to-date: /ros2_ws/install/interfaces/lib/libinterfaces__rosidl_typesupport_c.so\n'}
[1.872007] (interfaces) StdoutLine: {'line': b'-- Up-to-date: /ros2_ws/install/interfaces/include/interfaces/interfaces\n'}
[1.872597] (interfaces) StdoutLine: {'line': b'-- Up-to-date: /ros2_ws/install/interfaces/include/interfaces/interfaces/msg\n'}
[1.873066] (interfaces) StdoutLine: {'line': b'-- Up-to-date: /ros2_ws/install/interfaces/include/interfaces/interfaces/msg/motor_states.hpp\n'}
[1.874928] (interfaces) StdoutLine: {'line': b'-- Up-to-date: /ros2_ws/install/interfaces/include/interfaces/interfaces/msg/rosidl_generator_cpp__visibility_control.hpp\n'}
[1.875403] (interfaces) StdoutLine: {'line': b'-- Up-to-date: /ros2_ws/install/interfaces/include/interfaces/interfaces/msg/detail\n'}
[1.875903] (interfaces) StdoutLine: {'line': b'-- Up-to-date: /ros2_ws/install/interfaces/include/interfaces/interfaces/msg/detail/motor_states__type_support.hpp\n'}
[1.876393] (interfaces) StdoutLine: {'line': b'-- Up-to-date: /ros2_ws/install/interfaces/include/interfaces/interfaces/msg/detail/motor_states__traits.hpp\n'}
[1.876760] (interfaces) StdoutLine: {'line': b'-- Up-to-date: /ros2_ws/install/interfaces/include/interfaces/interfaces/msg/detail/motor_cmd__builder.hpp\n'}
[1.877136] (interfaces) StdoutLine: {'line': b'-- Up-to-date: /ros2_ws/install/interfaces/include/interfaces/interfaces/msg/detail/motor_cmd__type_support.hpp\n'}
[1.877460] (interfaces) StdoutLine: {'line': b'-- Up-to-date: /ros2_ws/install/interfaces/include/interfaces/interfaces/msg/detail/motor_cmd__traits.hpp\n'}
[1.877781] (interfaces) StdoutLine: {'line': b'-- Up-to-date: /ros2_ws/install/interfaces/include/interfaces/interfaces/msg/detail/motor_states__struct.hpp\n'}
[1.878145] (interfaces) StdoutLine: {'line': b'-- Up-to-date: /ros2_ws/install/interfaces/include/interfaces/interfaces/msg/detail/motor_states__builder.hpp\n'}
[1.878741] (interfaces) StdoutLine: {'line': b'-- Up-to-date: /ros2_ws/install/interfaces/include/interfaces/interfaces/msg/detail/motor_cmd__struct.hpp\n'}
[1.879242] (interfaces) StdoutLine: {'line': b'-- Up-to-date: /ros2_ws/install/interfaces/include/interfaces/interfaces/msg/motor_cmd.hpp\n'}
[1.879593] (interfaces) StdoutLine: {'line': b'-- Up-to-date: /ros2_ws/install/interfaces/include/interfaces/interfaces\n'}
[1.879995] (interfaces) StdoutLine: {'line': b'-- Up-to-date: /ros2_ws/install/interfaces/include/interfaces/interfaces/msg\n'}
[1.880394] (interfaces) StdoutLine: {'line': b'-- Up-to-date: /ros2_ws/install/interfaces/include/interfaces/interfaces/msg/detail\n'}
[1.880876] (interfaces) StdoutLine: {'line': b'-- Up-to-date: /ros2_ws/install/interfaces/include/interfaces/interfaces/msg/detail/motor_states__rosidl_typesupport_fastrtps_cpp.hpp\n'}
[1.881291] (interfaces) StdoutLine: {'line': b'-- Up-to-date: /ros2_ws/install/interfaces/include/interfaces/interfaces/msg/detail/dds_fastrtps\n'}
[1.881659] (interfaces) StdoutLine: {'line': b'-- Up-to-date: /ros2_ws/install/interfaces/include/interfaces/interfaces/msg/detail/motor_cmd__rosidl_typesupport_fastrtps_cpp.hpp\n'}
[1.881993] (interfaces) StdoutLine: {'line': b'-- Up-to-date: /ros2_ws/install/interfaces/include/interfaces/interfaces/msg/rosidl_typesupport_fastrtps_cpp__visibility_control.h\n'}
[1.882600] (interfaces) StdoutLine: {'line': b'-- Up-to-date: /ros2_ws/install/interfaces/lib/libinterfaces__rosidl_typesupport_fastrtps_cpp.so\n'}
[1.883312] (interfaces) StdoutLine: {'line': b'-- Up-to-date: /ros2_ws/install/interfaces/include/interfaces/interfaces\n'}
[1.883712] (interfaces) StdoutLine: {'line': b'-- Up-to-date: /ros2_ws/install/interfaces/include/interfaces/interfaces/msg\n'}
[1.884093] (interfaces) StdoutLine: {'line': b'-- Up-to-date: /ros2_ws/install/interfaces/include/interfaces/interfaces/msg/detail\n'}
[1.884476] (interfaces) StdoutLine: {'line': b'-- Up-to-date: /ros2_ws/install/interfaces/include/interfaces/interfaces/msg/detail/motor_cmd__type_support.cpp\n'}
[1.884829] (interfaces) StdoutLine: {'line': b'-- Up-to-date: /ros2_ws/install/interfaces/include/interfaces/interfaces/msg/detail/motor_states__type_support.cpp\n'}
[1.885182] (interfaces) StdoutLine: {'line': b'-- Up-to-date: /ros2_ws/install/interfaces/include/interfaces/interfaces/msg/detail/motor_cmd__rosidl_typesupport_introspection_cpp.hpp\n'}
[1.885523] (interfaces) StdoutLine: {'line': b'-- Up-to-date: /ros2_ws/install/interfaces/include/interfaces/interfaces/msg/detail/motor_states__rosidl_typesupport_introspection_cpp.hpp\n'}
[1.885871] (interfaces) StdoutLine: {'line': b'-- Up-to-date: /ros2_ws/install/interfaces/lib/libinterfaces__rosidl_typesupport_introspection_cpp.so\n'}
[1.886214] (interfaces) StdoutLine: {'line': b'-- Up-to-date: /ros2_ws/install/interfaces/lib/libinterfaces__rosidl_typesupport_cpp.so\n'}
[1.886652] (interfaces) StdoutLine: {'line': b'-- Up-to-date: /ros2_ws/install/interfaces/share/interfaces/environment/pythonpath.sh\n'}
[1.887135] (interfaces) StdoutLine: {'line': b'-- Up-to-date: /ros2_ws/install/interfaces/share/interfaces/environment/pythonpath.dsv\n'}
[1.887554] (interfaces) StdoutLine: {'line': b'-- Up-to-date: /ros2_ws/install/interfaces/local/lib/python3.10/dist-packages/interfaces-0.0.0-py3.10.egg-info\n'}
[1.888006] (interfaces) StdoutLine: {'line': b'-- Installing: /ros2_ws/install/interfaces/local/lib/python3.10/dist-packages/interfaces-0.0.0-py3.10.egg-info/SOURCES.txt\n'}
[1.888399] (interfaces) StdoutLine: {'line': b'-- Installing: /ros2_ws/install/interfaces/local/lib/python3.10/dist-packages/interfaces-0.0.0-py3.10.egg-info/PKG-INFO\n'}
[1.888751] (interfaces) StdoutLine: {'line': b'-- Installing: /ros2_ws/install/interfaces/local/lib/python3.10/dist-packages/interfaces-0.0.0-py3.10.egg-info/dependency_links.txt\n'}
[1.889096] (interfaces) StdoutLine: {'line': b'-- Installing: /ros2_ws/install/interfaces/local/lib/python3.10/dist-packages/interfaces-0.0.0-py3.10.egg-info/top_level.txt\n'}
[1.889429] (interfaces) StdoutLine: {'line': b'-- Up-to-date: /ros2_ws/install/interfaces/local/lib/python3.10/dist-packages/interfaces\n'}
[1.889762] (interfaces) StdoutLine: {'line': b'-- Up-to-date: /ros2_ws/install/interfaces/local/lib/python3.10/dist-packages/interfaces/_interfaces_s.ep.rosidl_typesupport_c.c\n'}
[1.890120] (interfaces) StdoutLine: {'line': b'-- Up-to-date: /ros2_ws/install/interfaces/local/lib/python3.10/dist-packages/interfaces/_interfaces_s.ep.rosidl_typesupport_fastrtps_c.c\n'}
[1.890722] (interfaces) StdoutLine: {'line': b'-- Up-to-date: /ros2_ws/install/interfaces/local/lib/python3.10/dist-packages/interfaces/interfaces_s__rosidl_typesupport_introspection_c.cpython-310-aarch64-linux-gnu.so\n'}
[1.891122] (interfaces) StdoutLine: {'line': b'-- Up-to-date: /ros2_ws/install/interfaces/local/lib/python3.10/dist-packages/interfaces/__init__.py\n'}
[1.891551] (interfaces) StdoutLine: {'line': b'-- Up-to-date: /ros2_ws/install/interfaces/local/lib/python3.10/dist-packages/interfaces/libinterfaces__rosidl_generator_py.so\n'}
[1.892015] (interfaces) StdoutLine: {'line': b'-- Up-to-date: /ros2_ws/install/interfaces/local/lib/python3.10/dist-packages/interfaces/_interfaces_s.ep.rosidl_typesupport_introspection_c.c\n'}
[1.892391] (interfaces) StdoutLine: {'line': b'-- Up-to-date: /ros2_ws/install/interfaces/local/lib/python3.10/dist-packages/interfaces/msg\n'}
[1.892737] (interfaces) StdoutLine: {'line': b'-- Up-to-date: /ros2_ws/install/interfaces/local/lib/python3.10/dist-packages/interfaces/msg/_motor_cmd_s.c\n'}
[1.893082] (interfaces) StdoutLine: {'line': b'-- Up-to-date: /ros2_ws/install/interfaces/local/lib/python3.10/dist-packages/interfaces/msg/_motor_states.py\n'}
[1.893426] (interfaces) StdoutLine: {'line': b'-- Up-to-date: /ros2_ws/install/interfaces/local/lib/python3.10/dist-packages/interfaces/msg/_motor_cmd.py\n'}
[1.893817] (interfaces) StdoutLine: {'line': b'-- Up-to-date: /ros2_ws/install/interfaces/local/lib/python3.10/dist-packages/interfaces/msg/__init__.py\n'}
[1.894192] (interfaces) StdoutLine: {'line': b'-- Up-to-date: /ros2_ws/install/interfaces/local/lib/python3.10/dist-packages/interfaces/msg/_motor_states_s.c\n'}
[1.894633] (interfaces) StdoutLine: {'line': b'-- Up-to-date: /ros2_ws/install/interfaces/local/lib/python3.10/dist-packages/interfaces/interfaces_s__rosidl_typesupport_c.cpython-310-aarch64-linux-gnu.so\n'}
[1.894998] (interfaces) StdoutLine: {'line': b'-- Up-to-date: /ros2_ws/install/interfaces/local/lib/python3.10/dist-packages/interfaces/interfaces_s__rosidl_typesupport_fastrtps_c.cpython-310-aarch64-linux-gnu.so\n'}
[1.905366] (-) TimerEvent: {}
[2.006010] (-) TimerEvent: {}
[2.019875] (interfaces) StdoutLine: {'line': b"Listing '/ros2_ws/install/interfaces/local/lib/python3.10/dist-packages/interfaces'...\n"}
[2.020527] (interfaces) StdoutLine: {'line': b"Listing '/ros2_ws/install/interfaces/local/lib/python3.10/dist-packages/interfaces/msg'...\n"}
[2.044671] (interfaces) StdoutLine: {'line': b'-- Up-to-date: /ros2_ws/install/interfaces/local/lib/python3.10/dist-packages/interfaces/interfaces_s__rosidl_typesupport_fastrtps_c.cpython-310-aarch64-linux-gnu.so\n'}
[2.048028] (interfaces) StdoutLine: {'line': b'-- Up-to-date: /ros2_ws/install/interfaces/local/lib/python3.10/dist-packages/interfaces/interfaces_s__rosidl_typesupport_introspection_c.cpython-310-aarch64-linux-gnu.so\n'}
[2.048653] (interfaces) StdoutLine: {'line': b'-- Up-to-date: /ros2_ws/install/interfaces/local/lib/python3.10/dist-packages/interfaces/interfaces_s__rosidl_typesupport_c.cpython-310-aarch64-linux-gnu.so\n'}
[2.050757] (interfaces) StdoutLine: {'line': b'-- Up-to-date: /ros2_ws/install/interfaces/lib/libinterfaces__rosidl_generator_py.so\n'}
[2.051453] (interfaces) StdoutLine: {'line': b'-- Up-to-date: /ros2_ws/install/interfaces/share/ament_index/resource_index/rust_packages/interfaces\n'}
[2.051921] (interfaces) StdoutLine: {'line': b'-- Up-to-date: /ros2_ws/install/interfaces/share/interfaces/rust\n'}
[2.052463] (interfaces) StdoutLine: {'line': b'-- Up-to-date: /ros2_ws/install/interfaces/share/interfaces/rust/src\n'}
[2.052898] (interfaces) StdoutLine: {'line': b'-- Up-to-date: /ros2_ws/install/interfaces/share/interfaces/rust/src/msg.rs\n'}
[2.053370] (interfaces) StdoutLine: {'line': b'-- Up-to-date: /ros2_ws/install/interfaces/share/interfaces/rust/src/lib.rs\n'}
[2.053900] (interfaces) StdoutLine: {'line': b'-- Up-to-date: /ros2_ws/install/interfaces/share/interfaces/rust/src/msg\n'}
[2.054333] (interfaces) StdoutLine: {'line': b'-- Up-to-date: /ros2_ws/install/interfaces/share/interfaces/rust/src/msg/rmw.rs\n'}
[2.054885] (interfaces) StdoutLine: {'line': b'-- Up-to-date: /ros2_ws/install/interfaces/share/interfaces/rust/build.rs\n'}
[2.055305] (interfaces) StdoutLine: {'line': b'-- Up-to-date: /ros2_ws/install/interfaces/share/interfaces/rust/Cargo.toml\n'}
[2.055716] (interfaces) StdoutLine: {'line': b'-- Up-to-date: /ros2_ws/install/interfaces/share/interfaces/msg/MotorCmd.idl\n'}
[2.056209] (interfaces) StdoutLine: {'line': b'-- Up-to-date: /ros2_ws/install/interfaces/share/interfaces/msg/MotorStates.idl\n'}
[2.056581] (interfaces) StdoutLine: {'line': b'-- Up-to-date: /ros2_ws/install/interfaces/share/interfaces/msg/MotorCmd.msg\n'}
[2.056991] (interfaces) StdoutLine: {'line': b'-- Up-to-date: /ros2_ws/install/interfaces/share/interfaces/msg/MotorStates.msg\n'}
[2.057528] (interfaces) StdoutLine: {'line': b'-- Up-to-date: /ros2_ws/install/interfaces/share/ament_index/resource_index/package_run_dependencies/interfaces\n'}
[2.057902] (interfaces) StdoutLine: {'line': b'-- Up-to-date: /ros2_ws/install/interfaces/share/ament_index/resource_index/parent_prefix_path/interfaces\n'}
[2.058339] (interfaces) StdoutLine: {'line': b'-- Up-to-date: /ros2_ws/install/interfaces/share/interfaces/environment/ament_prefix_path.sh\n'}
[2.058799] (interfaces) StdoutLine: {'line': b'-- Up-to-date: /ros2_ws/install/interfaces/share/interfaces/environment/ament_prefix_path.dsv\n'}
[2.059346] (interfaces) StdoutLine: {'line': b'-- Up-to-date: /ros2_ws/install/interfaces/share/interfaces/environment/path.sh\n'}
[2.059682] (interfaces) StdoutLine: {'line': b'-- Up-to-date: /ros2_ws/install/interfaces/share/interfaces/environment/path.dsv\n'}
[2.060125] (interfaces) StdoutLine: {'line': b'-- Up-to-date: /ros2_ws/install/interfaces/share/interfaces/local_setup.bash\n'}
[2.060645] (interfaces) StdoutLine: {'line': b'-- Up-to-date: /ros2_ws/install/interfaces/share/interfaces/local_setup.sh\n'}
[2.061133] (interfaces) StdoutLine: {'line': b'-- Up-to-date: /ros2_ws/install/interfaces/share/interfaces/local_setup.zsh\n'}
[2.061466] (interfaces) StdoutLine: {'line': b'-- Up-to-date: /ros2_ws/install/interfaces/share/interfaces/local_setup.dsv\n'}
[2.061953] (interfaces) StdoutLine: {'line': b'-- Installing: /ros2_ws/install/interfaces/share/interfaces/package.dsv\n'}
[2.062354] (interfaces) StdoutLine: {'line': b'-- Up-to-date: /ros2_ws/install/interfaces/share/ament_index/resource_index/packages/interfaces\n'}
[2.062865] (interfaces) StdoutLine: {'line': b'-- Up-to-date: /ros2_ws/install/interfaces/share/interfaces/cmake/export_interfaces__rosidl_generator_cExport.cmake\n'}
[2.063300] (interfaces) StdoutLine: {'line': b'-- Up-to-date: /ros2_ws/install/interfaces/share/interfaces/cmake/export_interfaces__rosidl_generator_cExport-noconfig.cmake\n'}
[2.063696] (interfaces) StdoutLine: {'line': b'-- Up-to-date: /ros2_ws/install/interfaces/share/interfaces/cmake/export_interfaces__rosidl_typesupport_fastrtps_cExport.cmake\n'}
[2.064090] (interfaces) StdoutLine: {'line': b'-- Up-to-date: /ros2_ws/install/interfaces/share/interfaces/cmake/export_interfaces__rosidl_typesupport_fastrtps_cExport-noconfig.cmake\n'}
[2.064517] (interfaces) StdoutLine: {'line': b'-- Up-to-date: /ros2_ws/install/interfaces/share/interfaces/cmake/interfaces__rosidl_typesupport_introspection_cExport.cmake\n'}
[2.064927] (interfaces) StdoutLine: {'line': b'-- Up-to-date: /ros2_ws/install/interfaces/share/interfaces/cmake/interfaces__rosidl_typesupport_introspection_cExport-noconfig.cmake\n'}
[2.065293] (interfaces) StdoutLine: {'line': b'-- Up-to-date: /ros2_ws/install/interfaces/share/interfaces/cmake/interfaces__rosidl_typesupport_cExport.cmake\n'}
[2.065728] (interfaces) StdoutLine: {'line': b'-- Up-to-date: /ros2_ws/install/interfaces/share/interfaces/cmake/interfaces__rosidl_typesupport_cExport-noconfig.cmake\n'}
[2.066137] (interfaces) StdoutLine: {'line': b'-- Up-to-date: /ros2_ws/install/interfaces/share/interfaces/cmake/export_interfaces__rosidl_generator_cppExport.cmake\n'}
[2.066751] (interfaces) StdoutLine: {'line': b'-- Up-to-date: /ros2_ws/install/interfaces/share/interfaces/cmake/export_interfaces__rosidl_typesupport_fastrtps_cppExport.cmake\n'}
[2.067237] (interfaces) StdoutLine: {'line': b'-- Up-to-date: /ros2_ws/install/interfaces/share/interfaces/cmake/export_interfaces__rosidl_typesupport_fastrtps_cppExport-noconfig.cmake\n'}
[2.068201] (interfaces) StdoutLine: {'line': b'-- Up-to-date: /ros2_ws/install/interfaces/share/interfaces/cmake/interfaces__rosidl_typesupport_introspection_cppExport.cmake\n'}
[2.068747] (interfaces) StdoutLine: {'line': b'-- Up-to-date: /ros2_ws/install/interfaces/share/interfaces/cmake/interfaces__rosidl_typesupport_introspection_cppExport-noconfig.cmake\n'}
[2.070055] (interfaces) StdoutLine: {'line': b'-- Up-to-date: /ros2_ws/install/interfaces/share/interfaces/cmake/interfaces__rosidl_typesupport_cppExport.cmake\n'}
[2.070611] (interfaces) StdoutLine: {'line': b'-- Up-to-date: /ros2_ws/install/interfaces/share/interfaces/cmake/interfaces__rosidl_typesupport_cppExport-noconfig.cmake\n'}
[2.071810] (interfaces) StdoutLine: {'line': b'-- Up-to-date: /ros2_ws/install/interfaces/share/interfaces/cmake/export_interfaces__rosidl_generator_pyExport.cmake\n'}
[2.072345] (interfaces) StdoutLine: {'line': b'-- Up-to-date: /ros2_ws/install/interfaces/share/interfaces/cmake/export_interfaces__rosidl_generator_pyExport-noconfig.cmake\n'}
[2.072809] (interfaces) StdoutLine: {'line': b'-- Up-to-date: /ros2_ws/install/interfaces/share/interfaces/cmake/rosidl_cmake-extras.cmake\n'}
[2.073338] (interfaces) StdoutLine: {'line': b'-- Up-to-date: /ros2_ws/install/interfaces/share/interfaces/cmake/ament_cmake_export_include_directories-extras.cmake\n'}
[2.073768] (interfaces) StdoutLine: {'line': b'-- Up-to-date: /ros2_ws/install/interfaces/share/interfaces/cmake/ament_cmake_export_libraries-extras.cmake\n'}
[2.074271] (interfaces) StdoutLine: {'line': b'-- Up-to-date: /ros2_ws/install/interfaces/share/interfaces/cmake/ament_cmake_export_targets-extras.cmake\n'}
[2.074746] (interfaces) StdoutLine: {'line': b'-- Up-to-date: /ros2_ws/install/interfaces/share/interfaces/cmake/rosidl_cmake_export_typesupport_targets-extras.cmake\n'}
[2.075112] (interfaces) StdoutLine: {'line': b'-- Up-to-date: /ros2_ws/install/interfaces/share/interfaces/cmake/ament_cmake_export_dependencies-extras.cmake\n'}
[2.075462] (interfaces) StdoutLine: {'line': b'-- Up-to-date: /ros2_ws/install/interfaces/share/interfaces/cmake/rosidl_cmake_export_typesupport_libraries-extras.cmake\n'}
[2.075796] (interfaces) StdoutLine: {'line': b'-- Up-to-date: /ros2_ws/install/interfaces/share/interfaces/cmake/rosidl_cmake_aggregate_target-extras.cmake\n'}
[2.076211] (interfaces) StdoutLine: {'line': b'-- Up-to-date: /ros2_ws/install/interfaces/share/interfaces/cmake/interfacesConfig.cmake\n'}
[2.076625] (interfaces) StdoutLine: {'line': b'-- Up-to-date: /ros2_ws/install/interfaces/share/interfaces/cmake/interfacesConfig-version.cmake\n'}
[2.077014] (interfaces) StdoutLine: {'line': b'-- Up-to-date: /ros2_ws/install/interfaces/share/interfaces/package.xml\n'}
[2.081303] (interfaces) CommandEnded: {'returncode': 0}
[2.107556] (-) TimerEvent: {}
[2.173815] (interfaces) JobEnded: {'identifier': 'interfaces', 'rc': 0}
[2.178280] (brain_hardware) JobStarted: {'identifier': 'brain_hardware'}
[2.196621] (brain_controller) JobStarted: {'identifier': 'brain_controller'}
[2.207741] (-) TimerEvent: {}
[2.225241] (brain_hardware) JobProgress: {'identifier': 'brain_hardware', 'progress': 'cmake'}
[2.229816] (brain_hardware) JobProgress: {'identifier': 'brain_hardware', 'progress': 'build'}
[2.231357] (brain_hardware) Command: {'cmd': ['/usr/bin/cmake', '--build', '/ros2_ws/build/brain_hardware', '--', '-j4', '-l4'], 'cwd': '/ros2_ws/build/brain_hardware', 'env': OrderedDict([('LESSOPEN', '| /usr/bin/lesspipe %s'), ('HOSTNAME', '55456c0da4eb'), ('GIT_ASKPASS', '/root/.vscode-server/bin/8b3775030ed1a69b13e4f4c628c612102e30a681/extensions/git/dist/askpass.sh'), ('SHLVL', '2'), ('LD_LIBRARY_PATH', '/ros2_ws/install/interfaces/lib:/ros2_ws/install/brain_hardware/lib:/ros2_ws/install/brain_controller/lib:/opt/ros/humble/opt/rviz_ogre_vendor/lib:/opt/ros/humble/lib/aarch64-linux-gnu:/opt/ros/humble/lib'), ('BROWSER', '/root/.vscode-server/bin/8b3775030ed1a69b13e4f4c628c612102e30a681/bin/helpers/browser.sh'), ('HOME', '/root'), ('OLDPWD', '/ros2_ws/src/oradar_lidar'), ('TERM_PROGRAM_VERSION', '1.85.2'), ('VSCODE_IPC_HOOK_CLI', '/tmp/vscode-ipc-227bf243-44a6-4d98-8446-7d7188191a56.sock'), ('ROS_PYTHON_VERSION', '3'), ('VSCODE_GIT_ASKPASS_MAIN', '/root/.vscode-server/bin/8b3775030ed1a69b13e4f4c628c612102e30a681/extensions/git/dist/askpass-main.js'), ('PS1', '\\[\x1b]633;A\x07\\]\\u@\\h\\[\\033[01;32m\\](brain)\\[\\033[00m\\]:\\w$ \\[\x1b]633;B\x07\\]'), ('VSCODE_GIT_ASKPASS_NODE', '/root/.vscode-server/bin/8b3775030ed1a69b13e4f4c628c612102e30a681/node'), ('ROS_IP', '10.10.0.2'), ('COLORTERM', 'truecolor'), ('REMOTE_CONTAINERS', 'true'), ('COLCON_PREFIX_PATH', '/ros2_ws/install'), ('ROS_DISTRO', 'humble'), ('REMOTE_CONTAINERS_IPC', '/tmp/vscode-remote-containers-ipc-e9a7fba1-87ca-4d98-9169-9b578ca9000b.sock'), ('_', '/usr/bin/colcon'), ('ROS_VERSION', '2'), ('TERM', 'xterm-256color'), ('ROS_LOCALHOST_ONLY', '0'), ('PATH', '/ros2_ws/install/oradar_lidar/bin:/root/.vscode-server/bin/8b3775030ed1a69b13e4f4c628c612102e30a681/bin/remote-cli:/opt/ros/humble/bin:/usr/local/sbin:/usr/local/bin:/usr/sbin:/usr/bin:/sbin:/bin'), ('REMOTE_CONTAINERS_SOCKETS', '["/tmp/vscode-ssh-auth-e9a7fba1-87ca-4d98-9169-9b578ca9000b.sock","/root/.gnupg/S.gpg-agent"]'), ('DISPLAY', ':0'), ('LANG', 'en_US.UTF-8'), ('RMW_IMPLEMENTATION', 'rmw_fastrtps_cpp'), ('LS_COLORS', 'rs=0:di=01;34:ln=01;36:mh=00:pi=40;33:so=01;35:do=01;35:bd=40;33;01:cd=40;33;01:or=40;31;01:mi=00:su=37;41:sg=30;43:ca=30;41:tw=30;42:ow=34;42:st=37;44:ex=01;32:*.tar=01;31:*.tgz=01;31:*.arc=01;31:*.arj=01;31:*.taz=01;31:*.lha=01;31:*.lz4=01;31:*.lzh=01;31:*.lzma=01;31:*.tlz=01;31:*.txz=01;31:*.tzo=01;31:*.t7z=01;31:*.zip=01;31:*.z=01;31:*.dz=01;31:*.gz=01;31:*.lrz=01;31:*.lz=01;31:*.lzo=01;31:*.xz=01;31:*.zst=01;31:*.tzst=01;31:*.bz2=01;31:*.bz=01;31:*.tbz=01;31:*.tbz2=01;31:*.tz=01;31:*.deb=01;31:*.rpm=01;31:*.jar=01;31:*.war=01;31:*.ear=01;31:*.sar=01;31:*.rar=01;31:*.alz=01;31:*.ace=01;31:*.zoo=01;31:*.cpio=01;31:*.7z=01;31:*.rz=01;31:*.cab=01;31:*.wim=01;31:*.swm=01;31:*.dwm=01;31:*.esd=01;31:*.jpg=01;35:*.jpeg=01;35:*.mjpg=01;35:*.mjpeg=01;35:*.gif=01;35:*.bmp=01;35:*.pbm=01;35:*.pgm=01;35:*.ppm=01;35:*.tga=01;35:*.xbm=01;35:*.xpm=01;35:*.tif=01;35:*.tiff=01;35:*.png=01;35:*.svg=01;35:*.svgz=01;35:*.mng=01;35:*.pcx=01;35:*.mov=01;35:*.mpg=01;35:*.mpeg=01;35:*.m2v=01;35:*.mkv=01;35:*.webm=01;35:*.webp=01;35:*.ogm=01;35:*.mp4=01;35:*.m4v=01;35:*.mp4v=01;35:*.vob=01;35:*.qt=01;35:*.nuv=01;35:*.wmv=01;35:*.asf=01;35:*.rm=01;35:*.rmvb=01;35:*.flc=01;35:*.avi=01;35:*.fli=01;35:*.flv=01;35:*.gl=01;35:*.dl=01;35:*.xcf=01;35:*.xwd=01;35:*.yuv=01;35:*.cgm=01;35:*.emf=01;35:*.ogv=01;35:*.ogx=01;35:*.aac=00;36:*.au=00;36:*.flac=00;36:*.m4a=00;36:*.mid=00;36:*.midi=00;36:*.mka=00;36:*.mp3=00;36:*.mpc=00;36:*.ogg=00;36:*.ra=00;36:*.wav=00;36:*.oga=00;36:*.opus=00;36:*.spx=00;36:*.xspf=00;36:'), ('VSCODE_GIT_IPC_HANDLE', '/tmp/vscode-git-b3700a665a.sock'), ('TERM_PROGRAM', 'vscode'), ('SSH_AUTH_SOCK', '/tmp/vscode-ssh-auth-e9a7fba1-87ca-4d98-9169-9b578ca9000b.sock'), ('ROS_DOMAIN_ID', '42'), ('AMENT_PREFIX_PATH', '/ros2_ws/install/oradar_lidar:/ros2_ws/install/bringup:/ros2_ws/install/description:/ros2_ws/install/brain_hardware:/ros2_ws/install/brain_controller:/ros2_ws/install/interfaces:/opt/ros/humble'), ('SHELL', '/bin/bash'), ('LESSCLOSE', '/usr/bin/lesspipe %s %s'), ('VSCODE_GIT_ASKPASS_EXTRA_ARGS', ''), ('PWD', '/ros2_ws/build/brain_hardware'), ('PYTHONPATH', '/ros2_ws/install/interfaces/local/lib/python3.10/dist-packages:/opt/ros/humble/lib/python3.10/site-packages:/opt/ros/humble/local/lib/python3.10/dist-packages'), ('ROS_HOSTNAME', '10.10.0.2'), ('COLCON', '1'), ('CMAKE_PREFIX_PATH', '/ros2_ws/install/interfaces:/ros2_ws/install/oradar_lidar:/ros2_ws/install/bringup:/ros2_ws/install/description:/ros2_ws/install/brain_hardware:/ros2_ws/install/brain_controller:/opt/ros/humble')]), 'shell': False}
[2.241555] (brain_controller) JobProgress: {'identifier': 'brain_controller', 'progress': 'cmake'}
[2.245994] (brain_controller) JobProgress: {'identifier': 'brain_controller', 'progress': 'build'}
[2.247217] (brain_controller) Command: {'cmd': ['/usr/bin/cmake', '--build', '/ros2_ws/build/brain_controller', '--', '-j4', '-l4'], 'cwd': '/ros2_ws/build/brain_controller', 'env': OrderedDict([('LESSOPEN', '| /usr/bin/lesspipe %s'), ('HOSTNAME', '55456c0da4eb'), ('GIT_ASKPASS', '/root/.vscode-server/bin/8b3775030ed1a69b13e4f4c628c612102e30a681/extensions/git/dist/askpass.sh'), ('SHLVL', '2'), ('LD_LIBRARY_PATH', '/ros2_ws/install/interfaces/lib:/ros2_ws/install/brain_hardware/lib:/ros2_ws/install/brain_controller/lib:/opt/ros/humble/opt/rviz_ogre_vendor/lib:/opt/ros/humble/lib/aarch64-linux-gnu:/opt/ros/humble/lib'), ('BROWSER', '/root/.vscode-server/bin/8b3775030ed1a69b13e4f4c628c612102e30a681/bin/helpers/browser.sh'), ('HOME', '/root'), ('OLDPWD', '/ros2_ws/src/oradar_lidar'), ('TERM_PROGRAM_VERSION', '1.85.2'), ('VSCODE_IPC_HOOK_CLI', '/tmp/vscode-ipc-227bf243-44a6-4d98-8446-7d7188191a56.sock'), ('ROS_PYTHON_VERSION', '3'), ('VSCODE_GIT_ASKPASS_MAIN', '/root/.vscode-server/bin/8b3775030ed1a69b13e4f4c628c612102e30a681/extensions/git/dist/askpass-main.js'), ('PS1', '\\[\x1b]633;A\x07\\]\\u@\\h\\[\\033[01;32m\\](brain)\\[\\033[00m\\]:\\w$ \\[\x1b]633;B\x07\\]'), ('VSCODE_GIT_ASKPASS_NODE', '/root/.vscode-server/bin/8b3775030ed1a69b13e4f4c628c612102e30a681/node'), ('ROS_IP', '10.10.0.2'), ('COLORTERM', 'truecolor'), ('REMOTE_CONTAINERS', 'true'), ('COLCON_PREFIX_PATH', '/ros2_ws/install'), ('ROS_DISTRO', 'humble'), ('REMOTE_CONTAINERS_IPC', '/tmp/vscode-remote-containers-ipc-e9a7fba1-87ca-4d98-9169-9b578ca9000b.sock'), ('_', '/usr/bin/colcon'), ('ROS_VERSION', '2'), ('TERM', 'xterm-256color'), ('ROS_LOCALHOST_ONLY', '0'), ('PATH', '/ros2_ws/install/oradar_lidar/bin:/root/.vscode-server/bin/8b3775030ed1a69b13e4f4c628c612102e30a681/bin/remote-cli:/opt/ros/humble/bin:/usr/local/sbin:/usr/local/bin:/usr/sbin:/usr/bin:/sbin:/bin'), ('REMOTE_CONTAINERS_SOCKETS', '["/tmp/vscode-ssh-auth-e9a7fba1-87ca-4d98-9169-9b578ca9000b.sock","/root/.gnupg/S.gpg-agent"]'), ('DISPLAY', ':0'), ('LANG', 'en_US.UTF-8'), ('RMW_IMPLEMENTATION', 'rmw_fastrtps_cpp'), ('LS_COLORS', 'rs=0:di=01;34:ln=01;36:mh=00:pi=40;33:so=01;35:do=01;35:bd=40;33;01:cd=40;33;01:or=40;31;01:mi=00:su=37;41:sg=30;43:ca=30;41:tw=30;42:ow=34;42:st=37;44:ex=01;32:*.tar=01;31:*.tgz=01;31:*.arc=01;31:*.arj=01;31:*.taz=01;31:*.lha=01;31:*.lz4=01;31:*.lzh=01;31:*.lzma=01;31:*.tlz=01;31:*.txz=01;31:*.tzo=01;31:*.t7z=01;31:*.zip=01;31:*.z=01;31:*.dz=01;31:*.gz=01;31:*.lrz=01;31:*.lz=01;31:*.lzo=01;31:*.xz=01;31:*.zst=01;31:*.tzst=01;31:*.bz2=01;31:*.bz=01;31:*.tbz=01;31:*.tbz2=01;31:*.tz=01;31:*.deb=01;31:*.rpm=01;31:*.jar=01;31:*.war=01;31:*.ear=01;31:*.sar=01;31:*.rar=01;31:*.alz=01;31:*.ace=01;31:*.zoo=01;31:*.cpio=01;31:*.7z=01;31:*.rz=01;31:*.cab=01;31:*.wim=01;31:*.swm=01;31:*.dwm=01;31:*.esd=01;31:*.jpg=01;35:*.jpeg=01;35:*.mjpg=01;35:*.mjpeg=01;35:*.gif=01;35:*.bmp=01;35:*.pbm=01;35:*.pgm=01;35:*.ppm=01;35:*.tga=01;35:*.xbm=01;35:*.xpm=01;35:*.tif=01;35:*.tiff=01;35:*.png=01;35:*.svg=01;35:*.svgz=01;35:*.mng=01;35:*.pcx=01;35:*.mov=01;35:*.mpg=01;35:*.mpeg=01;35:*.m2v=01;35:*.mkv=01;35:*.webm=01;35:*.webp=01;35:*.ogm=01;35:*.mp4=01;35:*.m4v=01;35:*.mp4v=01;35:*.vob=01;35:*.qt=01;35:*.nuv=01;35:*.wmv=01;35:*.asf=01;35:*.rm=01;35:*.rmvb=01;35:*.flc=01;35:*.avi=01;35:*.fli=01;35:*.flv=01;35:*.gl=01;35:*.dl=01;35:*.xcf=01;35:*.xwd=01;35:*.yuv=01;35:*.cgm=01;35:*.emf=01;35:*.ogv=01;35:*.ogx=01;35:*.aac=00;36:*.au=00;36:*.flac=00;36:*.m4a=00;36:*.mid=00;36:*.midi=00;36:*.mka=00;36:*.mp3=00;36:*.mpc=00;36:*.ogg=00;36:*.ra=00;36:*.wav=00;36:*.oga=00;36:*.opus=00;36:*.spx=00;36:*.xspf=00;36:'), ('VSCODE_GIT_IPC_HANDLE', '/tmp/vscode-git-b3700a665a.sock'), ('TERM_PROGRAM', 'vscode'), ('SSH_AUTH_SOCK', '/tmp/vscode-ssh-auth-e9a7fba1-87ca-4d98-9169-9b578ca9000b.sock'), ('ROS_DOMAIN_ID', '42'), ('AMENT_PREFIX_PATH', '/ros2_ws/install/oradar_lidar:/ros2_ws/install/bringup:/ros2_ws/install/description:/ros2_ws/install/brain_hardware:/ros2_ws/install/brain_controller:/ros2_ws/install/interfaces:/opt/ros/humble'), ('SHELL', '/bin/bash'), ('LESSCLOSE', '/usr/bin/lesspipe %s %s'), ('VSCODE_GIT_ASKPASS_EXTRA_ARGS', ''), ('PWD', '/ros2_ws/build/brain_controller'), ('PYTHONPATH', '/ros2_ws/install/interfaces/local/lib/python3.10/dist-packages:/opt/ros/humble/lib/python3.10/site-packages:/opt/ros/humble/local/lib/python3.10/dist-packages'), ('ROS_HOSTNAME', '10.10.0.2'), ('COLCON', '1'), ('CMAKE_PREFIX_PATH', '/ros2_ws/install/interfaces:/ros2_ws/install/oradar_lidar:/ros2_ws/install/bringup:/ros2_ws/install/description:/ros2_ws/install/brain_hardware:/ros2_ws/install/brain_controller:/opt/ros/humble')]), 'shell': False}
[2.307931] (-) TimerEvent: {}
[2.409179] (-) TimerEvent: {}
[2.471376] (brain_hardware) StdoutLine: {'line': b'[100%] Built target brain_hardware\n'}
[2.491213] (brain_controller) StdoutLine: {'line': b'[100%] Built target brain_controller\n'}
[2.504509] (brain_hardware) CommandEnded: {'returncode': 0}
[2.509400] (brain_hardware) JobProgress: {'identifier': 'brain_hardware', 'progress': 'install'}
[2.509621] (-) TimerEvent: {}
[2.512073] (brain_hardware) Command: {'cmd': ['/usr/bin/cmake', '--install', '/ros2_ws/build/brain_hardware'], 'cwd': '/ros2_ws/build/brain_hardware', 'env': OrderedDict([('LESSOPEN', '| /usr/bin/lesspipe %s'), ('HOSTNAME', '55456c0da4eb'), ('GIT_ASKPASS', '/root/.vscode-server/bin/8b3775030ed1a69b13e4f4c628c612102e30a681/extensions/git/dist/askpass.sh'), ('SHLVL', '2'), ('LD_LIBRARY_PATH', '/ros2_ws/install/interfaces/lib:/ros2_ws/install/brain_hardware/lib:/ros2_ws/install/brain_controller/lib:/opt/ros/humble/opt/rviz_ogre_vendor/lib:/opt/ros/humble/lib/aarch64-linux-gnu:/opt/ros/humble/lib'), ('BROWSER', '/root/.vscode-server/bin/8b3775030ed1a69b13e4f4c628c612102e30a681/bin/helpers/browser.sh'), ('HOME', '/root'), ('OLDPWD', '/ros2_ws/src/oradar_lidar'), ('TERM_PROGRAM_VERSION', '1.85.2'), ('VSCODE_IPC_HOOK_CLI', '/tmp/vscode-ipc-227bf243-44a6-4d98-8446-7d7188191a56.sock'), ('ROS_PYTHON_VERSION', '3'), ('VSCODE_GIT_ASKPASS_MAIN', '/root/.vscode-server/bin/8b3775030ed1a69b13e4f4c628c612102e30a681/extensions/git/dist/askpass-main.js'), ('PS1', '\\[\x1b]633;A\x07\\]\\u@\\h\\[\\033[01;32m\\](brain)\\[\\033[00m\\]:\\w$ \\[\x1b]633;B\x07\\]'), ('VSCODE_GIT_ASKPASS_NODE', '/root/.vscode-server/bin/8b3775030ed1a69b13e4f4c628c612102e30a681/node'), ('ROS_IP', '10.10.0.2'), ('COLORTERM', 'truecolor'), ('REMOTE_CONTAINERS', 'true'), ('COLCON_PREFIX_PATH', '/ros2_ws/install'), ('ROS_DISTRO', 'humble'), ('REMOTE_CONTAINERS_IPC', '/tmp/vscode-remote-containers-ipc-e9a7fba1-87ca-4d98-9169-9b578ca9000b.sock'), ('_', '/usr/bin/colcon'), ('ROS_VERSION', '2'), ('TERM', 'xterm-256color'), ('ROS_LOCALHOST_ONLY', '0'), ('PATH', '/ros2_ws/install/oradar_lidar/bin:/root/.vscode-server/bin/8b3775030ed1a69b13e4f4c628c612102e30a681/bin/remote-cli:/opt/ros/humble/bin:/usr/local/sbin:/usr/local/bin:/usr/sbin:/usr/bin:/sbin:/bin'), ('REMOTE_CONTAINERS_SOCKETS', '["/tmp/vscode-ssh-auth-e9a7fba1-87ca-4d98-9169-9b578ca9000b.sock","/root/.gnupg/S.gpg-agent"]'), ('DISPLAY', ':0'), ('LANG', 'en_US.UTF-8'), ('RMW_IMPLEMENTATION', 'rmw_fastrtps_cpp'), ('LS_COLORS', 'rs=0:di=01;34:ln=01;36:mh=00:pi=40;33:so=01;35:do=01;35:bd=40;33;01:cd=40;33;01:or=40;31;01:mi=00:su=37;41:sg=30;43:ca=30;41:tw=30;42:ow=34;42:st=37;44:ex=01;32:*.tar=01;31:*.tgz=01;31:*.arc=01;31:*.arj=01;31:*.taz=01;31:*.lha=01;31:*.lz4=01;31:*.lzh=01;31:*.lzma=01;31:*.tlz=01;31:*.txz=01;31:*.tzo=01;31:*.t7z=01;31:*.zip=01;31:*.z=01;31:*.dz=01;31:*.gz=01;31:*.lrz=01;31:*.lz=01;31:*.lzo=01;31:*.xz=01;31:*.zst=01;31:*.tzst=01;31:*.bz2=01;31:*.bz=01;31:*.tbz=01;31:*.tbz2=01;31:*.tz=01;31:*.deb=01;31:*.rpm=01;31:*.jar=01;31:*.war=01;31:*.ear=01;31:*.sar=01;31:*.rar=01;31:*.alz=01;31:*.ace=01;31:*.zoo=01;31:*.cpio=01;31:*.7z=01;31:*.rz=01;31:*.cab=01;31:*.wim=01;31:*.swm=01;31:*.dwm=01;31:*.esd=01;31:*.jpg=01;35:*.jpeg=01;35:*.mjpg=01;35:*.mjpeg=01;35:*.gif=01;35:*.bmp=01;35:*.pbm=01;35:*.pgm=01;35:*.ppm=01;35:*.tga=01;35:*.xbm=01;35:*.xpm=01;35:*.tif=01;35:*.tiff=01;35:*.png=01;35:*.svg=01;35:*.svgz=01;35:*.mng=01;35:*.pcx=01;35:*.mov=01;35:*.mpg=01;35:*.mpeg=01;35:*.m2v=01;35:*.mkv=01;35:*.webm=01;35:*.webp=01;35:*.ogm=01;35:*.mp4=01;35:*.m4v=01;35:*.mp4v=01;35:*.vob=01;35:*.qt=01;35:*.nuv=01;35:*.wmv=01;35:*.asf=01;35:*.rm=01;35:*.rmvb=01;35:*.flc=01;35:*.avi=01;35:*.fli=01;35:*.flv=01;35:*.gl=01;35:*.dl=01;35:*.xcf=01;35:*.xwd=01;35:*.yuv=01;35:*.cgm=01;35:*.emf=01;35:*.ogv=01;35:*.ogx=01;35:*.aac=00;36:*.au=00;36:*.flac=00;36:*.m4a=00;36:*.mid=00;36:*.midi=00;36:*.mka=00;36:*.mp3=00;36:*.mpc=00;36:*.ogg=00;36:*.ra=00;36:*.wav=00;36:*.oga=00;36:*.opus=00;36:*.spx=00;36:*.xspf=00;36:'), ('VSCODE_GIT_IPC_HANDLE', '/tmp/vscode-git-b3700a665a.sock'), ('TERM_PROGRAM', 'vscode'), ('SSH_AUTH_SOCK', '/tmp/vscode-ssh-auth-e9a7fba1-87ca-4d98-9169-9b578ca9000b.sock'), ('ROS_DOMAIN_ID', '42'), ('AMENT_PREFIX_PATH', '/ros2_ws/install/oradar_lidar:/ros2_ws/install/bringup:/ros2_ws/install/description:/ros2_ws/install/brain_hardware:/ros2_ws/install/brain_controller:/ros2_ws/install/interfaces:/opt/ros/humble'), ('SHELL', '/bin/bash'), ('LESSCLOSE', '/usr/bin/lesspipe %s %s'), ('VSCODE_GIT_ASKPASS_EXTRA_ARGS', ''), ('PWD', '/ros2_ws/build/brain_hardware'), ('PYTHONPATH', '/ros2_ws/install/interfaces/local/lib/python3.10/dist-packages:/opt/ros/humble/lib/python3.10/site-packages:/opt/ros/humble/local/lib/python3.10/dist-packages'), ('ROS_HOSTNAME', '10.10.0.2'), ('COLCON', '1'), ('CMAKE_PREFIX_PATH', '/ros2_ws/install/interfaces:/ros2_ws/install/oradar_lidar:/ros2_ws/install/bringup:/ros2_ws/install/description:/ros2_ws/install/brain_hardware:/ros2_ws/install/brain_controller:/opt/ros/humble')]), 'shell': False}
[2.526868] (brain_controller) CommandEnded: {'returncode': 0}
[2.530654] (brain_controller) JobProgress: {'identifier': 'brain_controller', 'progress': 'install'}
[2.531675] (brain_controller) Command: {'cmd': ['/usr/bin/cmake', '--install', '/ros2_ws/build/brain_controller'], 'cwd': '/ros2_ws/build/brain_controller', 'env': OrderedDict([('LESSOPEN', '| /usr/bin/lesspipe %s'), ('HOSTNAME', '55456c0da4eb'), ('GIT_ASKPASS', '/root/.vscode-server/bin/8b3775030ed1a69b13e4f4c628c612102e30a681/extensions/git/dist/askpass.sh'), ('SHLVL', '2'), ('LD_LIBRARY_PATH', '/ros2_ws/install/interfaces/lib:/ros2_ws/install/brain_hardware/lib:/ros2_ws/install/brain_controller/lib:/opt/ros/humble/opt/rviz_ogre_vendor/lib:/opt/ros/humble/lib/aarch64-linux-gnu:/opt/ros/humble/lib'), ('BROWSER', '/root/.vscode-server/bin/8b3775030ed1a69b13e4f4c628c612102e30a681/bin/helpers/browser.sh'), ('HOME', '/root'), ('OLDPWD', '/ros2_ws/src/oradar_lidar'), ('TERM_PROGRAM_VERSION', '1.85.2'), ('VSCODE_IPC_HOOK_CLI', '/tmp/vscode-ipc-227bf243-44a6-4d98-8446-7d7188191a56.sock'), ('ROS_PYTHON_VERSION', '3'), ('VSCODE_GIT_ASKPASS_MAIN', '/root/.vscode-server/bin/8b3775030ed1a69b13e4f4c628c612102e30a681/extensions/git/dist/askpass-main.js'), ('PS1', '\\[\x1b]633;A\x07\\]\\u@\\h\\[\\033[01;32m\\](brain)\\[\\033[00m\\]:\\w$ \\[\x1b]633;B\x07\\]'), ('VSCODE_GIT_ASKPASS_NODE', '/root/.vscode-server/bin/8b3775030ed1a69b13e4f4c628c612102e30a681/node'), ('ROS_IP', '10.10.0.2'), ('COLORTERM', 'truecolor'), ('REMOTE_CONTAINERS', 'true'), ('COLCON_PREFIX_PATH', '/ros2_ws/install'), ('ROS_DISTRO', 'humble'), ('REMOTE_CONTAINERS_IPC', '/tmp/vscode-remote-containers-ipc-e9a7fba1-87ca-4d98-9169-9b578ca9000b.sock'), ('_', '/usr/bin/colcon'), ('ROS_VERSION', '2'), ('TERM', 'xterm-256color'), ('ROS_LOCALHOST_ONLY', '0'), ('PATH', '/ros2_ws/install/oradar_lidar/bin:/root/.vscode-server/bin/8b3775030ed1a69b13e4f4c628c612102e30a681/bin/remote-cli:/opt/ros/humble/bin:/usr/local/sbin:/usr/local/bin:/usr/sbin:/usr/bin:/sbin:/bin'), ('REMOTE_CONTAINERS_SOCKETS', '["/tmp/vscode-ssh-auth-e9a7fba1-87ca-4d98-9169-9b578ca9000b.sock","/root/.gnupg/S.gpg-agent"]'), ('DISPLAY', ':0'), ('LANG', 'en_US.UTF-8'), ('RMW_IMPLEMENTATION', 'rmw_fastrtps_cpp'), ('LS_COLORS', 'rs=0:di=01;34:ln=01;36:mh=00:pi=40;33:so=01;35:do=01;35:bd=40;33;01:cd=40;33;01:or=40;31;01:mi=00:su=37;41:sg=30;43:ca=30;41:tw=30;42:ow=34;42:st=37;44:ex=01;32:*.tar=01;31:*.tgz=01;31:*.arc=01;31:*.arj=01;31:*.taz=01;31:*.lha=01;31:*.lz4=01;31:*.lzh=01;31:*.lzma=01;31:*.tlz=01;31:*.txz=01;31:*.tzo=01;31:*.t7z=01;31:*.zip=01;31:*.z=01;31:*.dz=01;31:*.gz=01;31:*.lrz=01;31:*.lz=01;31:*.lzo=01;31:*.xz=01;31:*.zst=01;31:*.tzst=01;31:*.bz2=01;31:*.bz=01;31:*.tbz=01;31:*.tbz2=01;31:*.tz=01;31:*.deb=01;31:*.rpm=01;31:*.jar=01;31:*.war=01;31:*.ear=01;31:*.sar=01;31:*.rar=01;31:*.alz=01;31:*.ace=01;31:*.zoo=01;31:*.cpio=01;31:*.7z=01;31:*.rz=01;31:*.cab=01;31:*.wim=01;31:*.swm=01;31:*.dwm=01;31:*.esd=01;31:*.jpg=01;35:*.jpeg=01;35:*.mjpg=01;35:*.mjpeg=01;35:*.gif=01;35:*.bmp=01;35:*.pbm=01;35:*.pgm=01;35:*.ppm=01;35:*.tga=01;35:*.xbm=01;35:*.xpm=01;35:*.tif=01;35:*.tiff=01;35:*.png=01;35:*.svg=01;35:*.svgz=01;35:*.mng=01;35:*.pcx=01;35:*.mov=01;35:*.mpg=01;35:*.mpeg=01;35:*.m2v=01;35:*.mkv=01;35:*.webm=01;35:*.webp=01;35:*.ogm=01;35:*.mp4=01;35:*.m4v=01;35:*.mp4v=01;35:*.vob=01;35:*.qt=01;35:*.nuv=01;35:*.wmv=01;35:*.asf=01;35:*.rm=01;35:*.rmvb=01;35:*.flc=01;35:*.avi=01;35:*.fli=01;35:*.flv=01;35:*.gl=01;35:*.dl=01;35:*.xcf=01;35:*.xwd=01;35:*.yuv=01;35:*.cgm=01;35:*.emf=01;35:*.ogv=01;35:*.ogx=01;35:*.aac=00;36:*.au=00;36:*.flac=00;36:*.m4a=00;36:*.mid=00;36:*.midi=00;36:*.mka=00;36:*.mp3=00;36:*.mpc=00;36:*.ogg=00;36:*.ra=00;36:*.wav=00;36:*.oga=00;36:*.opus=00;36:*.spx=00;36:*.xspf=00;36:'), ('VSCODE_GIT_IPC_HANDLE', '/tmp/vscode-git-b3700a665a.sock'), ('TERM_PROGRAM', 'vscode'), ('SSH_AUTH_SOCK', '/tmp/vscode-ssh-auth-e9a7fba1-87ca-4d98-9169-9b578ca9000b.sock'), ('ROS_DOMAIN_ID', '42'), ('AMENT_PREFIX_PATH', '/ros2_ws/install/oradar_lidar:/ros2_ws/install/bringup:/ros2_ws/install/description:/ros2_ws/install/brain_hardware:/ros2_ws/install/brain_controller:/ros2_ws/install/interfaces:/opt/ros/humble'), ('SHELL', '/bin/bash'), ('LESSCLOSE', '/usr/bin/lesspipe %s %s'), ('VSCODE_GIT_ASKPASS_EXTRA_ARGS', ''), ('PWD', '/ros2_ws/build/brain_controller'), ('PYTHONPATH', '/ros2_ws/install/interfaces/local/lib/python3.10/dist-packages:/opt/ros/humble/lib/python3.10/site-packages:/opt/ros/humble/local/lib/python3.10/dist-packages'), ('ROS_HOSTNAME', '10.10.0.2'), ('COLCON', '1'), ('CMAKE_PREFIX_PATH', '/ros2_ws/install/interfaces:/ros2_ws/install/oradar_lidar:/ros2_ws/install/bringup:/ros2_ws/install/description:/ros2_ws/install/brain_hardware:/ros2_ws/install/brain_controller:/opt/ros/humble')]), 'shell': False}
[2.540810] (brain_hardware) StdoutLine: {'line': b'-- Install configuration: ""\n'}
[2.541562] (brain_hardware) StdoutLine: {'line': b'-- Up-to-date: /ros2_ws/install/brain_hardware/share/brain_hardware/brain_hardware_plugins.xml\n'}
[2.543033] (brain_hardware) StdoutLine: {'line': b'-- Up-to-date: /ros2_ws/install/brain_hardware/lib/libbrain_hardware.so\n'}
[2.544403] (brain_hardware) StdoutLine: {'line': b'-- Up-to-date: /ros2_ws/install/brain_hardware/include/brain_hardware\n'}
[2.545130] (brain_hardware) StdoutLine: {'line': b'-- Up-to-date: /ros2_ws/install/brain_hardware/include/brain_hardware/brain_hardware\n'}
[2.545790] (brain_hardware) StdoutLine: {'line': b'-- Up-to-date: /ros2_ws/install/brain_hardware/include/brain_hardware/brain_hardware/brain_system_hardware.hpp\n'}
[2.546586] (brain_hardware) StdoutLine: {'line': b'-- Up-to-date: /ros2_ws/install/brain_hardware/share/brain_hardware/brain_hardware_plugins.xml\n'}
[2.547461] (brain_hardware) StdoutLine: {'line': b'-- Up-to-date: /ros2_ws/install/brain_hardware/share/brain_hardware/environment/library_path.sh\n'}
[2.548183] (brain_hardware) StdoutLine: {'line': b'-- Up-to-date: /ros2_ws/install/brain_hardware/share/brain_hardware/environment/library_path.dsv\n'}
[2.548984] (brain_hardware) StdoutLine: {'line': b'-- Up-to-date: /ros2_ws/install/brain_hardware/share/ament_index/resource_index/package_run_dependencies/brain_hardware\n'}
[2.549830] (brain_hardware) StdoutLine: {'line': b'-- Up-to-date: /ros2_ws/install/brain_hardware/share/ament_index/resource_index/parent_prefix_path/brain_hardware\n'}
[2.550860] (brain_hardware) StdoutLine: {'line': b'-- Up-to-date: /ros2_ws/install/brain_hardware/share/brain_hardware/environment/ament_prefix_path.sh\n'}
[2.552006] (brain_hardware) StdoutLine: {'line': b'-- Up-to-date: /ros2_ws/install/brain_hardware/share/brain_hardware/environment/ament_prefix_path.dsv\n'}
[2.552804] (brain_hardware) StdoutLine: {'line': b'-- Up-to-date: /ros2_ws/install/brain_hardware/share/brain_hardware/environment/path.sh\n'}
[2.553636] (brain_hardware) StdoutLine: {'line': b'-- Up-to-date: /ros2_ws/install/brain_hardware/share/brain_hardware/environment/path.dsv\n'}
[2.554865] (brain_hardware) StdoutLine: {'line': b'-- Up-to-date: /ros2_ws/install/brain_hardware/share/brain_hardware/local_setup.bash\n'}
[2.555747] (brain_hardware) StdoutLine: {'line': b'-- Up-to-date: /ros2_ws/install/brain_hardware/share/brain_hardware/local_setup.sh\n'}
[2.556577] (brain_hardware) StdoutLine: {'line': b'-- Up-to-date: /ros2_ws/install/brain_hardware/share/brain_hardware/local_setup.zsh\n'}
[2.557451] (brain_hardware) StdoutLine: {'line': b'-- Up-to-date: /ros2_ws/install/brain_hardware/share/brain_hardware/local_setup.dsv\n'}
[2.558329] (brain_hardware) StdoutLine: {'line': b'-- Installing: /ros2_ws/install/brain_hardware/share/brain_hardware/package.dsv\n'}
[2.560520] (brain_hardware) StdoutLine: {'line': b'-- Up-to-date: /ros2_ws/install/brain_hardware/share/ament_index/resource_index/packages/brain_hardware\n'}
[2.561397] (brain_hardware) StdoutLine: {'line': b'-- Up-to-date: /ros2_ws/install/brain_hardware/share/ament_index/resource_index/hardware_interface__pluginlib__plugin/brain_hardware\n'}
[2.562107] (brain_hardware) StdoutLine: {'line': b'-- Up-to-date: /ros2_ws/install/brain_hardware/share/brain_hardware/cmake/ament_cmake_export_include_directories-extras.cmake\n'}
[2.562847] (brain_hardware) StdoutLine: {'line': b'-- Up-to-date: /ros2_ws/install/brain_hardware/share/brain_hardware/cmake/ament_cmake_export_libraries-extras.cmake\n'}
[2.563333] (brain_hardware) StdoutLine: {'line': b'-- Up-to-date: /ros2_ws/install/brain_hardware/share/brain_hardware/cmake/ament_cmake_export_dependencies-extras.cmake\n'}
[2.563781] (brain_hardware) StdoutLine: {'line': b'-- Up-to-date: /ros2_ws/install/brain_hardware/share/brain_hardware/cmake/brain_hardwareConfig.cmake\n'}
[2.564201] (brain_hardware) StdoutLine: {'line': b'-- Up-to-date: /ros2_ws/install/brain_hardware/share/brain_hardware/cmake/brain_hardwareConfig-version.cmake\n'}
[2.564614] (brain_hardware) StdoutLine: {'line': b'-- Up-to-date: /ros2_ws/install/brain_hardware/share/brain_hardware/package.xml\n'}
[2.567376] (brain_hardware) CommandEnded: {'returncode': 0}
[2.581780] (brain_controller) StdoutLine: {'line': b'-- Install configuration: ""\n'}
[2.583455] (brain_controller) StdoutLine: {'line': b'-- Up-to-date: /ros2_ws/install/brain_controller/share/brain_controller/brain_controller_plugins.xml\n'}
[2.584273] (brain_controller) StdoutLine: {'line': b'-- Up-to-date: /ros2_ws/install/brain_controller/lib/libbrain_controller.so\n'}
[2.585502] (brain_controller) StdoutLine: {'line': b'-- Up-to-date: /ros2_ws/install/brain_controller/include/brain_controller\n'}
[2.586147] (brain_controller) StdoutLine: {'line': b'-- Up-to-date: /ros2_ws/install/brain_controller/include/brain_controller/brain_controller\n'}
[2.586732] (brain_controller) StdoutLine: {'line': b'-- Up-to-date: /ros2_ws/install/brain_controller/include/brain_controller/brain_controller/brain_controller.hpp\n'}
[2.587835] (brain_controller) StdoutLine: {'line': b'-- Up-to-date: /ros2_ws/install/brain_controller/share/brain_controller/brain_controller_plugins.xml\n'}
[2.588440] (brain_controller) StdoutLine: {'line': b'-- Up-to-date: /ros2_ws/install/brain_controller/share/brain_controller/environment/library_path.sh\n'}
[2.589063] (brain_controller) StdoutLine: {'line': b'-- Up-to-date: /ros2_ws/install/brain_controller/share/brain_controller/environment/library_path.dsv\n'}
[2.591633] (brain_controller) StdoutLine: {'line': b'-- Up-to-date: /ros2_ws/install/brain_controller/share/ament_index/resource_index/package_run_dependencies/brain_controller\n'}
[2.592196] (brain_controller) StdoutLine: {'line': b'-- Up-to-date: /ros2_ws/install/brain_controller/share/ament_index/resource_index/parent_prefix_path/brain_controller\n'}
[2.594930] (brain_controller) StdoutLine: {'line': b'-- Up-to-date: /ros2_ws/install/brain_controller/share/brain_controller/environment/ament_prefix_path.sh\n'}
[2.595468] (brain_controller) StdoutLine: {'line': b'-- Up-to-date: /ros2_ws/install/brain_controller/share/brain_controller/environment/ament_prefix_path.dsv\n'}
[2.596504] (brain_controller) StdoutLine: {'line': b'-- Up-to-date: /ros2_ws/install/brain_controller/share/brain_controller/environment/path.sh\n'}
[2.597362] (brain_controller) StdoutLine: {'line': b'-- Up-to-date: /ros2_ws/install/brain_controller/share/brain_controller/environment/path.dsv\n'}
[2.599253] (brain_controller) StdoutLine: {'line': b'-- Up-to-date: /ros2_ws/install/brain_controller/share/brain_controller/local_setup.bash\n'}
[2.600100] (brain_controller) StdoutLine: {'line': b'-- Up-to-date: /ros2_ws/install/brain_controller/share/brain_controller/local_setup.sh\n'}
[2.600545] (brain_controller) StdoutLine: {'line': b'-- Up-to-date: /ros2_ws/install/brain_controller/share/brain_controller/local_setup.zsh\n'}
[2.601745] (brain_controller) StdoutLine: {'line': b'-- Up-to-date: /ros2_ws/install/brain_controller/share/brain_controller/local_setup.dsv\n'}
[2.602240] (brain_controller) StdoutLine: {'line': b'-- Installing: /ros2_ws/install/brain_controller/share/brain_controller/package.dsv\n'}
[2.602776] (brain_controller) StdoutLine: {'line': b'-- Up-to-date: /ros2_ws/install/brain_controller/share/ament_index/resource_index/packages/brain_controller\n'}
[2.603283] (brain_controller) StdoutLine: {'line': b'-- Up-to-date: /ros2_ws/install/brain_controller/share/ament_index/resource_index/controller_interface__pluginlib__plugin/brain_controller\n'}
[2.604388] (brain_controller) StdoutLine: {'line': b'-- Up-to-date: /ros2_ws/install/brain_controller/share/brain_controller/cmake/ament_cmake_export_include_directories-extras.cmake\n'}
[2.605405] (brain_controller) StdoutLine: {'line': b'-- Up-to-date: /ros2_ws/install/brain_controller/share/brain_controller/cmake/ament_cmake_export_libraries-extras.cmake\n'}
[2.605953] (brain_controller) StdoutLine: {'line': b'-- Up-to-date: /ros2_ws/install/brain_controller/share/brain_controller/cmake/ament_cmake_export_dependencies-extras.cmake\n'}
[2.607034] (brain_controller) StdoutLine: {'line': b'-- Up-to-date: /ros2_ws/install/brain_controller/share/brain_controller/cmake/brain_controllerConfig.cmake\n'}
[2.608274] (brain_controller) StdoutLine: {'line': b'-- Up-to-date: /ros2_ws/install/brain_controller/share/brain_controller/cmake/brain_controllerConfig-version.cmake\n'}
[2.608800] (brain_controller) StdoutLine: {'line': b'-- Up-to-date: /ros2_ws/install/brain_controller/share/brain_controller/package.xml\n'}
[2.609739] (-) TimerEvent: {}
[2.675527] (brain_hardware) JobEnded: {'identifier': 'brain_hardware', 'rc': 0}
[2.678252] (description) JobStarted: {'identifier': 'description'}
[2.701051] (brain_controller) CommandEnded: {'returncode': 0}
[2.710035] (-) TimerEvent: {}
[2.775493] (brain_controller) JobEnded: {'identifier': 'brain_controller', 'rc': 0}
[2.779940] (description) JobProgress: {'identifier': 'description', 'progress': 'cmake'}
[2.784255] (description) JobProgress: {'identifier': 'description', 'progress': 'build'}
[2.785151] (description) Command: {'cmd': ['/usr/bin/cmake', '--build', '/ros2_ws/build/description', '--', '-j4', '-l4'], 'cwd': '/ros2_ws/build/description', 'env': OrderedDict([('LESSOPEN', '| /usr/bin/lesspipe %s'), ('HOSTNAME', '55456c0da4eb'), ('GIT_ASKPASS', '/root/.vscode-server/bin/8b3775030ed1a69b13e4f4c628c612102e30a681/extensions/git/dist/askpass.sh'), ('SHLVL', '2'), ('LD_LIBRARY_PATH', '/ros2_ws/install/brain_hardware/lib:/ros2_ws/install/interfaces/lib:/ros2_ws/install/brain_controller/lib:/opt/ros/humble/opt/rviz_ogre_vendor/lib:/opt/ros/humble/lib/aarch64-linux-gnu:/opt/ros/humble/lib'), ('BROWSER', '/root/.vscode-server/bin/8b3775030ed1a69b13e4f4c628c612102e30a681/bin/helpers/browser.sh'), ('HOME', '/root'), ('OLDPWD', '/ros2_ws/src/oradar_lidar'), ('TERM_PROGRAM_VERSION', '1.85.2'), ('VSCODE_IPC_HOOK_CLI', '/tmp/vscode-ipc-227bf243-44a6-4d98-8446-7d7188191a56.sock'), ('ROS_PYTHON_VERSION', '3'), ('VSCODE_GIT_ASKPASS_MAIN', '/root/.vscode-server/bin/8b3775030ed1a69b13e4f4c628c612102e30a681/extensions/git/dist/askpass-main.js'), ('PS1', '\\[\x1b]633;A\x07\\]\\u@\\h\\[\\033[01;32m\\](brain)\\[\\033[00m\\]:\\w$ \\[\x1b]633;B\x07\\]'), ('VSCODE_GIT_ASKPASS_NODE', '/root/.vscode-server/bin/8b3775030ed1a69b13e4f4c628c612102e30a681/node'), ('ROS_IP', '10.10.0.2'), ('COLORTERM', 'truecolor'), ('REMOTE_CONTAINERS', 'true'), ('COLCON_PREFIX_PATH', '/ros2_ws/install'), ('ROS_DISTRO', 'humble'), ('REMOTE_CONTAINERS_IPC', '/tmp/vscode-remote-containers-ipc-e9a7fba1-87ca-4d98-9169-9b578ca9000b.sock'), ('_', '/usr/bin/colcon'), ('ROS_VERSION', '2'), ('TERM', 'xterm-256color'), ('ROS_LOCALHOST_ONLY', '0'), ('PATH', '/ros2_ws/install/oradar_lidar/bin:/root/.vscode-server/bin/8b3775030ed1a69b13e4f4c628c612102e30a681/bin/remote-cli:/opt/ros/humble/bin:/usr/local/sbin:/usr/local/bin:/usr/sbin:/usr/bin:/sbin:/bin'), ('REMOTE_CONTAINERS_SOCKETS', '["/tmp/vscode-ssh-auth-e9a7fba1-87ca-4d98-9169-9b578ca9000b.sock","/root/.gnupg/S.gpg-agent"]'), ('DISPLAY', ':0'), ('LANG', 'en_US.UTF-8'), ('RMW_IMPLEMENTATION', 'rmw_fastrtps_cpp'), ('LS_COLORS', 'rs=0:di=01;34:ln=01;36:mh=00:pi=40;33:so=01;35:do=01;35:bd=40;33;01:cd=40;33;01:or=40;31;01:mi=00:su=37;41:sg=30;43:ca=30;41:tw=30;42:ow=34;42:st=37;44:ex=01;32:*.tar=01;31:*.tgz=01;31:*.arc=01;31:*.arj=01;31:*.taz=01;31:*.lha=01;31:*.lz4=01;31:*.lzh=01;31:*.lzma=01;31:*.tlz=01;31:*.txz=01;31:*.tzo=01;31:*.t7z=01;31:*.zip=01;31:*.z=01;31:*.dz=01;31:*.gz=01;31:*.lrz=01;31:*.lz=01;31:*.lzo=01;31:*.xz=01;31:*.zst=01;31:*.tzst=01;31:*.bz2=01;31:*.bz=01;31:*.tbz=01;31:*.tbz2=01;31:*.tz=01;31:*.deb=01;31:*.rpm=01;31:*.jar=01;31:*.war=01;31:*.ear=01;31:*.sar=01;31:*.rar=01;31:*.alz=01;31:*.ace=01;31:*.zoo=01;31:*.cpio=01;31:*.7z=01;31:*.rz=01;31:*.cab=01;31:*.wim=01;31:*.swm=01;31:*.dwm=01;31:*.esd=01;31:*.jpg=01;35:*.jpeg=01;35:*.mjpg=01;35:*.mjpeg=01;35:*.gif=01;35:*.bmp=01;35:*.pbm=01;35:*.pgm=01;35:*.ppm=01;35:*.tga=01;35:*.xbm=01;35:*.xpm=01;35:*.tif=01;35:*.tiff=01;35:*.png=01;35:*.svg=01;35:*.svgz=01;35:*.mng=01;35:*.pcx=01;35:*.mov=01;35:*.mpg=01;35:*.mpeg=01;35:*.m2v=01;35:*.mkv=01;35:*.webm=01;35:*.webp=01;35:*.ogm=01;35:*.mp4=01;35:*.m4v=01;35:*.mp4v=01;35:*.vob=01;35:*.qt=01;35:*.nuv=01;35:*.wmv=01;35:*.asf=01;35:*.rm=01;35:*.rmvb=01;35:*.flc=01;35:*.avi=01;35:*.fli=01;35:*.flv=01;35:*.gl=01;35:*.dl=01;35:*.xcf=01;35:*.xwd=01;35:*.yuv=01;35:*.cgm=01;35:*.emf=01;35:*.ogv=01;35:*.ogx=01;35:*.aac=00;36:*.au=00;36:*.flac=00;36:*.m4a=00;36:*.mid=00;36:*.midi=00;36:*.mka=00;36:*.mp3=00;36:*.mpc=00;36:*.ogg=00;36:*.ra=00;36:*.wav=00;36:*.oga=00;36:*.opus=00;36:*.spx=00;36:*.xspf=00;36:'), ('VSCODE_GIT_IPC_HANDLE', '/tmp/vscode-git-b3700a665a.sock'), ('TERM_PROGRAM', 'vscode'), ('SSH_AUTH_SOCK', '/tmp/vscode-ssh-auth-e9a7fba1-87ca-4d98-9169-9b578ca9000b.sock'), ('ROS_DOMAIN_ID', '42'), ('AMENT_PREFIX_PATH', '/ros2_ws/install/oradar_lidar:/ros2_ws/install/bringup:/ros2_ws/install/description:/ros2_ws/install/brain_hardware:/ros2_ws/install/brain_controller:/ros2_ws/install/interfaces:/opt/ros/humble'), ('SHELL', '/bin/bash'), ('LESSCLOSE', '/usr/bin/lesspipe %s %s'), ('VSCODE_GIT_ASKPASS_EXTRA_ARGS', ''), ('PWD', '/ros2_ws/build/description'), ('PYTHONPATH', '/ros2_ws/install/interfaces/local/lib/python3.10/dist-packages:/opt/ros/humble/lib/python3.10/site-packages:/opt/ros/humble/local/lib/python3.10/dist-packages'), ('ROS_HOSTNAME', '10.10.0.2'), ('COLCON', '1'), ('CMAKE_PREFIX_PATH', '/ros2_ws/install/brain_hardware:/ros2_ws/install/interfaces:/ros2_ws/install/oradar_lidar:/ros2_ws/install/bringup:/ros2_ws/install/description:/ros2_ws/install/brain_controller:/opt/ros/humble')]), 'shell': False}
[2.811190] (-) TimerEvent: {}
[2.906683] (description) CommandEnded: {'returncode': 0}
[2.910377] (-) TimerEvent: {}
[2.911396] (description) JobProgress: {'identifier': 'description', 'progress': 'install'}
[2.911939] (description) Command: {'cmd': ['/usr/bin/cmake', '--install', '/ros2_ws/build/description'], 'cwd': '/ros2_ws/build/description', 'env': OrderedDict([('LESSOPEN', '| /usr/bin/lesspipe %s'), ('HOSTNAME', '55456c0da4eb'), ('GIT_ASKPASS', '/root/.vscode-server/bin/8b3775030ed1a69b13e4f4c628c612102e30a681/extensions/git/dist/askpass.sh'), ('SHLVL', '2'), ('LD_LIBRARY_PATH', '/ros2_ws/install/brain_hardware/lib:/ros2_ws/install/interfaces/lib:/ros2_ws/install/brain_controller/lib:/opt/ros/humble/opt/rviz_ogre_vendor/lib:/opt/ros/humble/lib/aarch64-linux-gnu:/opt/ros/humble/lib'), ('BROWSER', '/root/.vscode-server/bin/8b3775030ed1a69b13e4f4c628c612102e30a681/bin/helpers/browser.sh'), ('HOME', '/root'), ('OLDPWD', '/ros2_ws/src/oradar_lidar'), ('TERM_PROGRAM_VERSION', '1.85.2'), ('VSCODE_IPC_HOOK_CLI', '/tmp/vscode-ipc-227bf243-44a6-4d98-8446-7d7188191a56.sock'), ('ROS_PYTHON_VERSION', '3'), ('VSCODE_GIT_ASKPASS_MAIN', '/root/.vscode-server/bin/8b3775030ed1a69b13e4f4c628c612102e30a681/extensions/git/dist/askpass-main.js'), ('PS1', '\\[\x1b]633;A\x07\\]\\u@\\h\\[\\033[01;32m\\](brain)\\[\\033[00m\\]:\\w$ \\[\x1b]633;B\x07\\]'), ('VSCODE_GIT_ASKPASS_NODE', '/root/.vscode-server/bin/8b3775030ed1a69b13e4f4c628c612102e30a681/node'), ('ROS_IP', '10.10.0.2'), ('COLORTERM', 'truecolor'), ('REMOTE_CONTAINERS', 'true'), ('COLCON_PREFIX_PATH', '/ros2_ws/install'), ('ROS_DISTRO', 'humble'), ('REMOTE_CONTAINERS_IPC', '/tmp/vscode-remote-containers-ipc-e9a7fba1-87ca-4d98-9169-9b578ca9000b.sock'), ('_', '/usr/bin/colcon'), ('ROS_VERSION', '2'), ('TERM', 'xterm-256color'), ('ROS_LOCALHOST_ONLY', '0'), ('PATH', '/ros2_ws/install/oradar_lidar/bin:/root/.vscode-server/bin/8b3775030ed1a69b13e4f4c628c612102e30a681/bin/remote-cli:/opt/ros/humble/bin:/usr/local/sbin:/usr/local/bin:/usr/sbin:/usr/bin:/sbin:/bin'), ('REMOTE_CONTAINERS_SOCKETS', '["/tmp/vscode-ssh-auth-e9a7fba1-87ca-4d98-9169-9b578ca9000b.sock","/root/.gnupg/S.gpg-agent"]'), ('DISPLAY', ':0'), ('LANG', 'en_US.UTF-8'), ('RMW_IMPLEMENTATION', 'rmw_fastrtps_cpp'), ('LS_COLORS', 'rs=0:di=01;34:ln=01;36:mh=00:pi=40;33:so=01;35:do=01;35:bd=40;33;01:cd=40;33;01:or=40;31;01:mi=00:su=37;41:sg=30;43:ca=30;41:tw=30;42:ow=34;42:st=37;44:ex=01;32:*.tar=01;31:*.tgz=01;31:*.arc=01;31:*.arj=01;31:*.taz=01;31:*.lha=01;31:*.lz4=01;31:*.lzh=01;31:*.lzma=01;31:*.tlz=01;31:*.txz=01;31:*.tzo=01;31:*.t7z=01;31:*.zip=01;31:*.z=01;31:*.dz=01;31:*.gz=01;31:*.lrz=01;31:*.lz=01;31:*.lzo=01;31:*.xz=01;31:*.zst=01;31:*.tzst=01;31:*.bz2=01;31:*.bz=01;31:*.tbz=01;31:*.tbz2=01;31:*.tz=01;31:*.deb=01;31:*.rpm=01;31:*.jar=01;31:*.war=01;31:*.ear=01;31:*.sar=01;31:*.rar=01;31:*.alz=01;31:*.ace=01;31:*.zoo=01;31:*.cpio=01;31:*.7z=01;31:*.rz=01;31:*.cab=01;31:*.wim=01;31:*.swm=01;31:*.dwm=01;31:*.esd=01;31:*.jpg=01;35:*.jpeg=01;35:*.mjpg=01;35:*.mjpeg=01;35:*.gif=01;35:*.bmp=01;35:*.pbm=01;35:*.pgm=01;35:*.ppm=01;35:*.tga=01;35:*.xbm=01;35:*.xpm=01;35:*.tif=01;35:*.tiff=01;35:*.png=01;35:*.svg=01;35:*.svgz=01;35:*.mng=01;35:*.pcx=01;35:*.mov=01;35:*.mpg=01;35:*.mpeg=01;35:*.m2v=01;35:*.mkv=01;35:*.webm=01;35:*.webp=01;35:*.ogm=01;35:*.mp4=01;35:*.m4v=01;35:*.mp4v=01;35:*.vob=01;35:*.qt=01;35:*.nuv=01;35:*.wmv=01;35:*.asf=01;35:*.rm=01;35:*.rmvb=01;35:*.flc=01;35:*.avi=01;35:*.fli=01;35:*.flv=01;35:*.gl=01;35:*.dl=01;35:*.xcf=01;35:*.xwd=01;35:*.yuv=01;35:*.cgm=01;35:*.emf=01;35:*.ogv=01;35:*.ogx=01;35:*.aac=00;36:*.au=00;36:*.flac=00;36:*.m4a=00;36:*.mid=00;36:*.midi=00;36:*.mka=00;36:*.mp3=00;36:*.mpc=00;36:*.ogg=00;36:*.ra=00;36:*.wav=00;36:*.oga=00;36:*.opus=00;36:*.spx=00;36:*.xspf=00;36:'), ('VSCODE_GIT_IPC_HANDLE', '/tmp/vscode-git-b3700a665a.sock'), ('TERM_PROGRAM', 'vscode'), ('SSH_AUTH_SOCK', '/tmp/vscode-ssh-auth-e9a7fba1-87ca-4d98-9169-9b578ca9000b.sock'), ('ROS_DOMAIN_ID', '42'), ('AMENT_PREFIX_PATH', '/ros2_ws/install/oradar_lidar:/ros2_ws/install/bringup:/ros2_ws/install/description:/ros2_ws/install/brain_hardware:/ros2_ws/install/brain_controller:/ros2_ws/install/interfaces:/opt/ros/humble'), ('SHELL', '/bin/bash'), ('LESSCLOSE', '/usr/bin/lesspipe %s %s'), ('VSCODE_GIT_ASKPASS_EXTRA_ARGS', ''), ('PWD', '/ros2_ws/build/description'), ('PYTHONPATH', '/ros2_ws/install/interfaces/local/lib/python3.10/dist-packages:/opt/ros/humble/lib/python3.10/site-packages:/opt/ros/humble/local/lib/python3.10/dist-packages'), ('ROS_HOSTNAME', '10.10.0.2'), ('COLCON', '1'), ('CMAKE_PREFIX_PATH', '/ros2_ws/install/brain_hardware:/ros2_ws/install/interfaces:/ros2_ws/install/oradar_lidar:/ros2_ws/install/bringup:/ros2_ws/install/description:/ros2_ws/install/brain_controller:/opt/ros/humble')]), 'shell': False}
[2.939930] (description) StdoutLine: {'line': b'-- Install configuration: ""\n'}
[2.943736] (description) StdoutLine: {'line': b'-- Up-to-date: /ros2_ws/install/description/share/description/urdf\n'}
[2.945431] (description) StdoutLine: {'line': b'-- Up-to-date: /ros2_ws/install/description/share/description/urdf/dabai.xacro\n'}
[2.946789] (description) StdoutLine: {'line': b'-- Up-to-date: /ros2_ws/install/description/share/description/urdf/materials.xacro\n'}
[2.949235] (description) StdoutLine: {'line': b'-- Up-to-date: /ros2_ws/install/description/share/description/urdf/description.urdf.xacro\n'}
[2.950050] (description) StdoutLine: {'line': b'-- Up-to-date: /ros2_ws/install/description/share/description/urdf/ascamera.xacro\n'}
[2.950663] (description) StdoutLine: {'line': b'-- Up-to-date: /ros2_ws/install/description/share/description/config\n'}
[2.951218] (description) StdoutLine: {'line': b'-- Up-to-date: /ros2_ws/install/description/share/description/config/brain_controllers.yaml\n'}
[2.953149] (description) StdoutLine: {'line': b'-- Up-to-date: /ros2_ws/install/description/share/description/config/slam_params.yaml\n'}
[2.962238] (description) StdoutLine: {'line': b'-- Up-to-date: /ros2_ws/install/description/share/description/launch\n'}
[2.963790] (description) StdoutLine: {'line': b'-- Up-to-date: /ros2_ws/install/description/share/description/launch/display.launch.py\n'}
[2.964944] (description) StdoutLine: {'line': b'-- Up-to-date: /ros2_ws/install/description/share/description/rviz\n'}
[2.965988] (description) StdoutLine: {'line': b'-- Up-to-date: /ros2_ws/install/description/share/description/meshes\n'}
[2.966536] (description) StdoutLine: {'line': b'-- Up-to-date: /ros2_ws/install/description/share/ament_index/resource_index/package_run_dependencies/description\n'}
[2.967367] (description) StdoutLine: {'line': b'-- Up-to-date: /ros2_ws/install/description/share/ament_index/resource_index/parent_prefix_path/description\n'}
[2.968099] (description) StdoutLine: {'line': b'-- Up-to-date: /ros2_ws/install/description/share/description/environment/ament_prefix_path.sh\n'}
[2.969310] (description) StdoutLine: {'line': b'-- Up-to-date: /ros2_ws/install/description/share/description/environment/ament_prefix_path.dsv\n'}
[2.969749] (description) StdoutLine: {'line': b'-- Up-to-date: /ros2_ws/install/description/share/description/environment/path.sh\n'}
[2.970867] (description) StdoutLine: {'line': b'-- Up-to-date: /ros2_ws/install/description/share/description/environment/path.dsv\n'}
[2.972127] (description) StdoutLine: {'line': b'-- Up-to-date: /ros2_ws/install/description/share/description/local_setup.bash\n'}
[2.973934] (description) StdoutLine: {'line': b'-- Up-to-date: /ros2_ws/install/description/share/description/local_setup.sh\n'}
[2.978201] (description) StdoutLine: {'line': b'-- Up-to-date: /ros2_ws/install/description/share/description/local_setup.zsh\n'}
[2.980573] (description) StdoutLine: {'line': b'-- Up-to-date: /ros2_ws/install/description/share/description/local_setup.dsv\n'}
[2.981101] (description) StdoutLine: {'line': b'-- Installing: /ros2_ws/install/description/share/description/package.dsv\n'}
[2.981636] (description) StdoutLine: {'line': b'-- Up-to-date: /ros2_ws/install/description/share/ament_index/resource_index/packages/description\n'}
[2.983954] (description) StdoutLine: {'line': b'-- Up-to-date: /ros2_ws/install/description/share/description/cmake/descriptionConfig.cmake\n'}
[2.984493] (description) StdoutLine: {'line': b'-- Up-to-date: /ros2_ws/install/description/share/description/cmake/descriptionConfig-version.cmake\n'}
[2.984926] (description) StdoutLine: {'line': b'-- Up-to-date: /ros2_ws/install/description/share/description/package.xml\n'}
[2.985866] (description) CommandEnded: {'returncode': 0}
[3.010913] (-) TimerEvent: {}
[3.021606] (description) JobEnded: {'identifier': 'description', 'rc': 0}
[3.025816] (bringup) JobStarted: {'identifier': 'bringup'}
[3.064208] (bringup) JobProgress: {'identifier': 'bringup', 'progress': 'cmake'}
[3.066041] (bringup) JobProgress: {'identifier': 'bringup', 'progress': 'build'}
[3.066848] (bringup) Command: {'cmd': ['/usr/bin/cmake', '--build', '/ros2_ws/build/bringup', '--', '-j4', '-l4'], 'cwd': '/ros2_ws/build/bringup', 'env': OrderedDict([('LESSOPEN', '| /usr/bin/lesspipe %s'), ('HOSTNAME', '55456c0da4eb'), ('GIT_ASKPASS', '/root/.vscode-server/bin/8b3775030ed1a69b13e4f4c628c612102e30a681/extensions/git/dist/askpass.sh'), ('SHLVL', '2'), ('LD_LIBRARY_PATH', '/ros2_ws/install/brain_hardware/lib:/ros2_ws/install/interfaces/lib:/ros2_ws/install/brain_controller/lib:/opt/ros/humble/opt/rviz_ogre_vendor/lib:/opt/ros/humble/lib/aarch64-linux-gnu:/opt/ros/humble/lib'), ('BROWSER', '/root/.vscode-server/bin/8b3775030ed1a69b13e4f4c628c612102e30a681/bin/helpers/browser.sh'), ('HOME', '/root'), ('OLDPWD', '/ros2_ws/src/oradar_lidar'), ('TERM_PROGRAM_VERSION', '1.85.2'), ('VSCODE_IPC_HOOK_CLI', '/tmp/vscode-ipc-227bf243-44a6-4d98-8446-7d7188191a56.sock'), ('ROS_PYTHON_VERSION', '3'), ('VSCODE_GIT_ASKPASS_MAIN', '/root/.vscode-server/bin/8b3775030ed1a69b13e4f4c628c612102e30a681/extensions/git/dist/askpass-main.js'), ('PS1', '\\[\x1b]633;A\x07\\]\\u@\\h\\[\\033[01;32m\\](brain)\\[\\033[00m\\]:\\w$ \\[\x1b]633;B\x07\\]'), ('VSCODE_GIT_ASKPASS_NODE', '/root/.vscode-server/bin/8b3775030ed1a69b13e4f4c628c612102e30a681/node'), ('ROS_IP', '10.10.0.2'), ('COLORTERM', 'truecolor'), ('REMOTE_CONTAINERS', 'true'), ('COLCON_PREFIX_PATH', '/ros2_ws/install'), ('ROS_DISTRO', 'humble'), ('REMOTE_CONTAINERS_IPC', '/tmp/vscode-remote-containers-ipc-e9a7fba1-87ca-4d98-9169-9b578ca9000b.sock'), ('_', '/usr/bin/colcon'), ('ROS_VERSION', '2'), ('TERM', 'xterm-256color'), ('ROS_LOCALHOST_ONLY', '0'), ('PATH', '/ros2_ws/install/oradar_lidar/bin:/root/.vscode-server/bin/8b3775030ed1a69b13e4f4c628c612102e30a681/bin/remote-cli:/opt/ros/humble/bin:/usr/local/sbin:/usr/local/bin:/usr/sbin:/usr/bin:/sbin:/bin'), ('REMOTE_CONTAINERS_SOCKETS', '["/tmp/vscode-ssh-auth-e9a7fba1-87ca-4d98-9169-9b578ca9000b.sock","/root/.gnupg/S.gpg-agent"]'), ('DISPLAY', ':0'), ('LANG', 'en_US.UTF-8'), ('RMW_IMPLEMENTATION', 'rmw_fastrtps_cpp'), ('LS_COLORS', 'rs=0:di=01;34:ln=01;36:mh=00:pi=40;33:so=01;35:do=01;35:bd=40;33;01:cd=40;33;01:or=40;31;01:mi=00:su=37;41:sg=30;43:ca=30;41:tw=30;42:ow=34;42:st=37;44:ex=01;32:*.tar=01;31:*.tgz=01;31:*.arc=01;31:*.arj=01;31:*.taz=01;31:*.lha=01;31:*.lz4=01;31:*.lzh=01;31:*.lzma=01;31:*.tlz=01;31:*.txz=01;31:*.tzo=01;31:*.t7z=01;31:*.zip=01;31:*.z=01;31:*.dz=01;31:*.gz=01;31:*.lrz=01;31:*.lz=01;31:*.lzo=01;31:*.xz=01;31:*.zst=01;31:*.tzst=01;31:*.bz2=01;31:*.bz=01;31:*.tbz=01;31:*.tbz2=01;31:*.tz=01;31:*.deb=01;31:*.rpm=01;31:*.jar=01;31:*.war=01;31:*.ear=01;31:*.sar=01;31:*.rar=01;31:*.alz=01;31:*.ace=01;31:*.zoo=01;31:*.cpio=01;31:*.7z=01;31:*.rz=01;31:*.cab=01;31:*.wim=01;31:*.swm=01;31:*.dwm=01;31:*.esd=01;31:*.jpg=01;35:*.jpeg=01;35:*.mjpg=01;35:*.mjpeg=01;35:*.gif=01;35:*.bmp=01;35:*.pbm=01;35:*.pgm=01;35:*.ppm=01;35:*.tga=01;35:*.xbm=01;35:*.xpm=01;35:*.tif=01;35:*.tiff=01;35:*.png=01;35:*.svg=01;35:*.svgz=01;35:*.mng=01;35:*.pcx=01;35:*.mov=01;35:*.mpg=01;35:*.mpeg=01;35:*.m2v=01;35:*.mkv=01;35:*.webm=01;35:*.webp=01;35:*.ogm=01;35:*.mp4=01;35:*.m4v=01;35:*.mp4v=01;35:*.vob=01;35:*.qt=01;35:*.nuv=01;35:*.wmv=01;35:*.asf=01;35:*.rm=01;35:*.rmvb=01;35:*.flc=01;35:*.avi=01;35:*.fli=01;35:*.flv=01;35:*.gl=01;35:*.dl=01;35:*.xcf=01;35:*.xwd=01;35:*.yuv=01;35:*.cgm=01;35:*.emf=01;35:*.ogv=01;35:*.ogx=01;35:*.aac=00;36:*.au=00;36:*.flac=00;36:*.m4a=00;36:*.mid=00;36:*.midi=00;36:*.mka=00;36:*.mp3=00;36:*.mpc=00;36:*.ogg=00;36:*.ra=00;36:*.wav=00;36:*.oga=00;36:*.opus=00;36:*.spx=00;36:*.xspf=00;36:'), ('VSCODE_GIT_IPC_HANDLE', '/tmp/vscode-git-b3700a665a.sock'), ('TERM_PROGRAM', 'vscode'), ('SSH_AUTH_SOCK', '/tmp/vscode-ssh-auth-e9a7fba1-87ca-4d98-9169-9b578ca9000b.sock'), ('ROS_DOMAIN_ID', '42'), ('AMENT_PREFIX_PATH', '/ros2_ws/install/oradar_lidar:/ros2_ws/install/bringup:/ros2_ws/install/description:/ros2_ws/install/brain_hardware:/ros2_ws/install/brain_controller:/ros2_ws/install/interfaces:/opt/ros/humble'), ('SHELL', '/bin/bash'), ('LESSCLOSE', '/usr/bin/lesspipe %s %s'), ('VSCODE_GIT_ASKPASS_EXTRA_ARGS', ''), ('PWD', '/ros2_ws/build/bringup'), ('PYTHONPATH', '/ros2_ws/install/interfaces/local/lib/python3.10/dist-packages:/opt/ros/humble/lib/python3.10/site-packages:/opt/ros/humble/local/lib/python3.10/dist-packages'), ('ROS_HOSTNAME', '10.10.0.2'), ('COLCON', '1'), ('CMAKE_PREFIX_PATH', '/ros2_ws/install/description:/ros2_ws/install/brain_hardware:/ros2_ws/install/interfaces:/ros2_ws/install/oradar_lidar:/ros2_ws/install/bringup:/ros2_ws/install/brain_controller:/opt/ros/humble')]), 'shell': False}
[3.111114] (-) TimerEvent: {}
[3.183171] (bringup) CommandEnded: {'returncode': 0}
[3.185341] (bringup) JobProgress: {'identifier': 'bringup', 'progress': 'install'}
[3.186005] (bringup) Command: {'cmd': ['/usr/bin/cmake', '--install', '/ros2_ws/build/bringup'], 'cwd': '/ros2_ws/build/bringup', 'env': OrderedDict([('LESSOPEN', '| /usr/bin/lesspipe %s'), ('HOSTNAME', '55456c0da4eb'), ('GIT_ASKPASS', '/root/.vscode-server/bin/8b3775030ed1a69b13e4f4c628c612102e30a681/extensions/git/dist/askpass.sh'), ('SHLVL', '2'), ('LD_LIBRARY_PATH', '/ros2_ws/install/brain_hardware/lib:/ros2_ws/install/interfaces/lib:/ros2_ws/install/brain_controller/lib:/opt/ros/humble/opt/rviz_ogre_vendor/lib:/opt/ros/humble/lib/aarch64-linux-gnu:/opt/ros/humble/lib'), ('BROWSER', '/root/.vscode-server/bin/8b3775030ed1a69b13e4f4c628c612102e30a681/bin/helpers/browser.sh'), ('HOME', '/root'), ('OLDPWD', '/ros2_ws/src/oradar_lidar'), ('TERM_PROGRAM_VERSION', '1.85.2'), ('VSCODE_IPC_HOOK_CLI', '/tmp/vscode-ipc-227bf243-44a6-4d98-8446-7d7188191a56.sock'), ('ROS_PYTHON_VERSION', '3'), ('VSCODE_GIT_ASKPASS_MAIN', '/root/.vscode-server/bin/8b3775030ed1a69b13e4f4c628c612102e30a681/extensions/git/dist/askpass-main.js'), ('PS1', '\\[\x1b]633;A\x07\\]\\u@\\h\\[\\033[01;32m\\](brain)\\[\\033[00m\\]:\\w$ \\[\x1b]633;B\x07\\]'), ('VSCODE_GIT_ASKPASS_NODE', '/root/.vscode-server/bin/8b3775030ed1a69b13e4f4c628c612102e30a681/node'), ('ROS_IP', '10.10.0.2'), ('COLORTERM', 'truecolor'), ('REMOTE_CONTAINERS', 'true'), ('COLCON_PREFIX_PATH', '/ros2_ws/install'), ('ROS_DISTRO', 'humble'), ('REMOTE_CONTAINERS_IPC', '/tmp/vscode-remote-containers-ipc-e9a7fba1-87ca-4d98-9169-9b578ca9000b.sock'), ('_', '/usr/bin/colcon'), ('ROS_VERSION', '2'), ('TERM', 'xterm-256color'), ('ROS_LOCALHOST_ONLY', '0'), ('PATH', '/ros2_ws/install/oradar_lidar/bin:/root/.vscode-server/bin/8b3775030ed1a69b13e4f4c628c612102e30a681/bin/remote-cli:/opt/ros/humble/bin:/usr/local/sbin:/usr/local/bin:/usr/sbin:/usr/bin:/sbin:/bin'), ('REMOTE_CONTAINERS_SOCKETS', '["/tmp/vscode-ssh-auth-e9a7fba1-87ca-4d98-9169-9b578ca9000b.sock","/root/.gnupg/S.gpg-agent"]'), ('DISPLAY', ':0'), ('LANG', 'en_US.UTF-8'), ('RMW_IMPLEMENTATION', 'rmw_fastrtps_cpp'), ('LS_COLORS', 'rs=0:di=01;34:ln=01;36:mh=00:pi=40;33:so=01;35:do=01;35:bd=40;33;01:cd=40;33;01:or=40;31;01:mi=00:su=37;41:sg=30;43:ca=30;41:tw=30;42:ow=34;42:st=37;44:ex=01;32:*.tar=01;31:*.tgz=01;31:*.arc=01;31:*.arj=01;31:*.taz=01;31:*.lha=01;31:*.lz4=01;31:*.lzh=01;31:*.lzma=01;31:*.tlz=01;31:*.txz=01;31:*.tzo=01;31:*.t7z=01;31:*.zip=01;31:*.z=01;31:*.dz=01;31:*.gz=01;31:*.lrz=01;31:*.lz=01;31:*.lzo=01;31:*.xz=01;31:*.zst=01;31:*.tzst=01;31:*.bz2=01;31:*.bz=01;31:*.tbz=01;31:*.tbz2=01;31:*.tz=01;31:*.deb=01;31:*.rpm=01;31:*.jar=01;31:*.war=01;31:*.ear=01;31:*.sar=01;31:*.rar=01;31:*.alz=01;31:*.ace=01;31:*.zoo=01;31:*.cpio=01;31:*.7z=01;31:*.rz=01;31:*.cab=01;31:*.wim=01;31:*.swm=01;31:*.dwm=01;31:*.esd=01;31:*.jpg=01;35:*.jpeg=01;35:*.mjpg=01;35:*.mjpeg=01;35:*.gif=01;35:*.bmp=01;35:*.pbm=01;35:*.pgm=01;35:*.ppm=01;35:*.tga=01;35:*.xbm=01;35:*.xpm=01;35:*.tif=01;35:*.tiff=01;35:*.png=01;35:*.svg=01;35:*.svgz=01;35:*.mng=01;35:*.pcx=01;35:*.mov=01;35:*.mpg=01;35:*.mpeg=01;35:*.m2v=01;35:*.mkv=01;35:*.webm=01;35:*.webp=01;35:*.ogm=01;35:*.mp4=01;35:*.m4v=01;35:*.mp4v=01;35:*.vob=01;35:*.qt=01;35:*.nuv=01;35:*.wmv=01;35:*.asf=01;35:*.rm=01;35:*.rmvb=01;35:*.flc=01;35:*.avi=01;35:*.fli=01;35:*.flv=01;35:*.gl=01;35:*.dl=01;35:*.xcf=01;35:*.xwd=01;35:*.yuv=01;35:*.cgm=01;35:*.emf=01;35:*.ogv=01;35:*.ogx=01;35:*.aac=00;36:*.au=00;36:*.flac=00;36:*.m4a=00;36:*.mid=00;36:*.midi=00;36:*.mka=00;36:*.mp3=00;36:*.mpc=00;36:*.ogg=00;36:*.ra=00;36:*.wav=00;36:*.oga=00;36:*.opus=00;36:*.spx=00;36:*.xspf=00;36:'), ('VSCODE_GIT_IPC_HANDLE', '/tmp/vscode-git-b3700a665a.sock'), ('TERM_PROGRAM', 'vscode'), ('SSH_AUTH_SOCK', '/tmp/vscode-ssh-auth-e9a7fba1-87ca-4d98-9169-9b578ca9000b.sock'), ('ROS_DOMAIN_ID', '42'), ('AMENT_PREFIX_PATH', '/ros2_ws/install/oradar_lidar:/ros2_ws/install/bringup:/ros2_ws/install/description:/ros2_ws/install/brain_hardware:/ros2_ws/install/brain_controller:/ros2_ws/install/interfaces:/opt/ros/humble'), ('SHELL', '/bin/bash'), ('LESSCLOSE', '/usr/bin/lesspipe %s %s'), ('VSCODE_GIT_ASKPASS_EXTRA_ARGS', ''), ('PWD', '/ros2_ws/build/bringup'), ('PYTHONPATH', '/ros2_ws/install/interfaces/local/lib/python3.10/dist-packages:/opt/ros/humble/lib/python3.10/site-packages:/opt/ros/humble/local/lib/python3.10/dist-packages'), ('ROS_HOSTNAME', '10.10.0.2'), ('COLCON', '1'), ('CMAKE_PREFIX_PATH', '/ros2_ws/install/description:/ros2_ws/install/brain_hardware:/ros2_ws/install/interfaces:/ros2_ws/install/oradar_lidar:/ros2_ws/install/bringup:/ros2_ws/install/brain_controller:/opt/ros/humble')]), 'shell': False}
[3.209528] (bringup) StdoutLine: {'line': b'-- Install configuration: ""\n'}
[3.210540] (bringup) StdoutLine: {'line': b'-- Up-to-date: /ros2_ws/install/bringup/share/bringup/launch\n'}
[3.211336] (-) TimerEvent: {}
[3.211962] (bringup) StdoutLine: {'line': b'-- Up-to-date: /ros2_ws/install/bringup/share/bringup/launch/brain_bringup_dev.launch.py\n'}
[3.212833] (bringup) StdoutLine: {'line': b'-- Installing: /ros2_ws/install/bringup/share/bringup/launch/brain_nav.launch.py\n'}
[3.213287] (bringup) StdoutLine: {'line': b'-- Up-to-date: /ros2_ws/install/bringup/share/bringup/launch/slam_launch.py\n'}
[3.213972] (bringup) StdoutLine: {'line': b'-- Up-to-date: /ros2_ws/install/bringup/share/bringup/launch/brain_bringup.launch.py\n'}
[3.214521] (bringup) StdoutLine: {'line': b'-- Up-to-date: /ros2_ws/install/bringup/share/ament_index/resource_index/package_run_dependencies/bringup\n'}
[3.214895] (bringup) StdoutLine: {'line': b'-- Up-to-date: /ros2_ws/install/bringup/share/ament_index/resource_index/parent_prefix_path/bringup\n'}
[3.215241] (bringup) StdoutLine: {'line': b'-- Up-to-date: /ros2_ws/install/bringup/share/bringup/environment/ament_prefix_path.sh\n'}
[3.215607] (bringup) StdoutLine: {'line': b'-- Up-to-date: /ros2_ws/install/bringup/share/bringup/environment/ament_prefix_path.dsv\n'}
[3.215985] (bringup) StdoutLine: {'line': b'-- Up-to-date: /ros2_ws/install/bringup/share/bringup/environment/path.sh\n'}
[3.216357] (bringup) StdoutLine: {'line': b'-- Up-to-date: /ros2_ws/install/bringup/share/bringup/environment/path.dsv\n'}
[3.216735] (bringup) StdoutLine: {'line': b'-- Up-to-date: /ros2_ws/install/bringup/share/bringup/local_setup.bash\n'}
[3.217098] (bringup) StdoutLine: {'line': b'-- Up-to-date: /ros2_ws/install/bringup/share/bringup/local_setup.sh\n'}
[3.217566] (bringup) StdoutLine: {'line': b'-- Up-to-date: /ros2_ws/install/bringup/share/bringup/local_setup.zsh\n'}
[3.218007] (bringup) StdoutLine: {'line': b'-- Up-to-date: /ros2_ws/install/bringup/share/bringup/local_setup.dsv\n'}
[3.218372] (bringup) StdoutLine: {'line': b'-- Installing: /ros2_ws/install/bringup/share/bringup/package.dsv\n'}
[3.219684] (bringup) StdoutLine: {'line': b'-- Up-to-date: /ros2_ws/install/bringup/share/ament_index/resource_index/packages/bringup\n'}
[3.221042] (bringup) StdoutLine: {'line': b'-- Up-to-date: /ros2_ws/install/bringup/share/bringup/cmake/bringupConfig.cmake\n'}
[3.221972] (bringup) StdoutLine: {'line': b'-- Up-to-date: /ros2_ws/install/bringup/share/bringup/cmake/bringupConfig-version.cmake\n'}
[3.224979] (bringup) StdoutLine: {'line': b'-- Up-to-date: /ros2_ws/install/bringup/share/bringup/package.xml\n'}
[3.225474] (bringup) CommandEnded: {'returncode': 0}
[3.288844] (bringup) JobEnded: {'identifier': 'bringup', 'rc': 0}
[3.292019] (-) EventReactorShutdown: {}
