[0.000000] (-) TimerEvent: {}
[0.001993] (interfaces) JobQueued: {'identifier': 'interfaces', 'dependencies': OrderedDict()}
[0.002602] (oradar_lidar) JobQueued: {'identifier': 'oradar_lidar', 'dependencies': OrderedDict()}
[0.002772] (brain_controller) JobQueued: {'identifier': 'brain_controller', 'dependencies': OrderedDict([('interfaces', '/ros2_ws/install/interfaces')])}
[0.002939] (brain_hardware) JobQueued: {'identifier': 'brain_hardware', 'dependencies': OrderedDict([('interfaces', '/ros2_ws/install/interfaces')])}
[0.003620] (description) JobQueued: {'identifier': 'description', 'dependencies': OrderedDict([('interfaces', '/ros2_ws/install/interfaces'), ('brain_hardware', '/ros2_ws/install/brain_hardware')])}
[0.003872] (bringup) JobQueued: {'identifier': 'bringup', 'dependencies': OrderedDict([('interfaces', '/ros2_ws/install/interfaces'), ('brain_hardware', '/ros2_ws/install/brain_hardware'), ('description', '/ros2_ws/install/description')])}
[0.004242] (interfaces) JobStarted: {'identifier': 'interfaces'}
[0.038992] (oradar_lidar) JobStarted: {'identifier': 'oradar_lidar'}
[0.067508] (interfaces) JobProgress: {'identifier': 'interfaces', 'progress': 'cmake'}
[0.070382] (interfaces) JobProgress: {'identifier': 'interfaces', 'progress': 'build'}
[0.073916] (interfaces) Command: {'cmd': ['/usr/bin/cmake', '--build', '/ros2_ws/build/interfaces', '--', '-j4', '-l4'], 'cwd': '/ros2_ws/build/interfaces', 'env': OrderedDict([('LESSOPEN', '| /usr/bin/lesspipe %s'), ('HOSTNAME', '55456c0da4eb'), ('GIT_ASKPASS', '/root/.vscode-server/bin/8b3775030ed1a69b13e4f4c628c612102e30a681/extensions/git/dist/askpass.sh'), ('SHLVL', '2'), ('LD_LIBRARY_PATH', '/ros2_ws/install/brain_hardware/lib:/ros2_ws/install/brain_controller/lib:/ros2_ws/install/interfaces/lib:/opt/ros/humble/opt/rviz_ogre_vendor/lib:/opt/ros/humble/lib/aarch64-linux-gnu:/opt/ros/humble/lib'), ('BROWSER', '/root/.vscode-server/bin/8b3775030ed1a69b13e4f4c628c612102e30a681/bin/helpers/browser.sh'), ('HOME', '/root'), ('TERM_PROGRAM_VERSION', '1.85.2'), ('VSCODE_IPC_HOOK_CLI', '/tmp/vscode-ipc-d7878676-71cb-4525-8110-398c659ccb15.sock'), ('ROS_PYTHON_VERSION', '3'), ('VSCODE_GIT_ASKPASS_MAIN', '/root/.vscode-server/bin/8b3775030ed1a69b13e4f4c628c612102e30a681/extensions/git/dist/askpass-main.js'), ('PS1', '\\[\x1b]633;A\x07\\]\\u@\\h\\[\\033[01;32m\\](brain)\\[\\033[00m\\]:\\w$ \\[\x1b]633;B\x07\\]'), ('VSCODE_GIT_ASKPASS_NODE', '/root/.vscode-server/bin/8b3775030ed1a69b13e4f4c628c612102e30a681/node'), ('ROS_IP', '10.10.0.2'), ('COLORTERM', 'truecolor'), ('REMOTE_CONTAINERS', 'true'), ('COLCON_PREFIX_PATH', '/ros2_ws/install'), ('ROS_DISTRO', 'humble'), ('REMOTE_CONTAINERS_IPC', '/tmp/vscode-remote-containers-ipc-2645588d-ea61-4df9-83f3-4f3a79670a0e.sock'), ('_', '/usr/bin/colcon'), ('ROS_VERSION', '2'), ('TERM', 'xterm-256color'), ('ROS_LOCALHOST_ONLY', '0'), ('PATH', '/ros2_ws/install/oradar_lidar/bin:/root/.vscode-server/bin/8b3775030ed1a69b13e4f4c628c612102e30a681/bin/remote-cli:/opt/ros/humble/bin:/usr/local/sbin:/usr/local/bin:/usr/sbin:/usr/bin:/sbin:/bin'), ('REMOTE_CONTAINERS_SOCKETS', '["/tmp/vscode-ssh-auth-2645588d-ea61-4df9-83f3-4f3a79670a0e.sock","/root/.gnupg/S.gpg-agent"]'), ('DISPLAY', ':0'), ('LANG', 'en_US.UTF-8'), ('RMW_IMPLEMENTATION', 'rmw_fastrtps_cpp'), ('LS_COLORS', 'rs=0:di=01;34:ln=01;36:mh=00:pi=40;33:so=01;35:do=01;35:bd=40;33;01:cd=40;33;01:or=40;31;01:mi=00:su=37;41:sg=30;43:ca=30;41:tw=30;42:ow=34;42:st=37;44:ex=01;32:*.tar=01;31:*.tgz=01;31:*.arc=01;31:*.arj=01;31:*.taz=01;31:*.lha=01;31:*.lz4=01;31:*.lzh=01;31:*.lzma=01;31:*.tlz=01;31:*.txz=01;31:*.tzo=01;31:*.t7z=01;31:*.zip=01;31:*.z=01;31:*.dz=01;31:*.gz=01;31:*.lrz=01;31:*.lz=01;31:*.lzo=01;31:*.xz=01;31:*.zst=01;31:*.tzst=01;31:*.bz2=01;31:*.bz=01;31:*.tbz=01;31:*.tbz2=01;31:*.tz=01;31:*.deb=01;31:*.rpm=01;31:*.jar=01;31:*.war=01;31:*.ear=01;31:*.sar=01;31:*.rar=01;31:*.alz=01;31:*.ace=01;31:*.zoo=01;31:*.cpio=01;31:*.7z=01;31:*.rz=01;31:*.cab=01;31:*.wim=01;31:*.swm=01;31:*.dwm=01;31:*.esd=01;31:*.jpg=01;35:*.jpeg=01;35:*.mjpg=01;35:*.mjpeg=01;35:*.gif=01;35:*.bmp=01;35:*.pbm=01;35:*.pgm=01;35:*.ppm=01;35:*.tga=01;35:*.xbm=01;35:*.xpm=01;35:*.tif=01;35:*.tiff=01;35:*.png=01;35:*.svg=01;35:*.svgz=01;35:*.mng=01;35:*.pcx=01;35:*.mov=01;35:*.mpg=01;35:*.mpeg=01;35:*.m2v=01;35:*.mkv=01;35:*.webm=01;35:*.webp=01;35:*.ogm=01;35:*.mp4=01;35:*.m4v=01;35:*.mp4v=01;35:*.vob=01;35:*.qt=01;35:*.nuv=01;35:*.wmv=01;35:*.asf=01;35:*.rm=01;35:*.rmvb=01;35:*.flc=01;35:*.avi=01;35:*.fli=01;35:*.flv=01;35:*.gl=01;35:*.dl=01;35:*.xcf=01;35:*.xwd=01;35:*.yuv=01;35:*.cgm=01;35:*.emf=01;35:*.ogv=01;35:*.ogx=01;35:*.aac=00;36:*.au=00;36:*.flac=00;36:*.m4a=00;36:*.mid=00;36:*.midi=00;36:*.mka=00;36:*.mp3=00;36:*.mpc=00;36:*.ogg=00;36:*.ra=00;36:*.wav=00;36:*.oga=00;36:*.opus=00;36:*.spx=00;36:*.xspf=00;36:'), ('VSCODE_GIT_IPC_HANDLE', '/tmp/vscode-git-b3700a665a.sock'), ('TERM_PROGRAM', 'vscode'), ('SSH_AUTH_SOCK', '/tmp/vscode-ssh-auth-2645588d-ea61-4df9-83f3-4f3a79670a0e.sock'), ('ROS_DOMAIN_ID', '42'), ('AMENT_PREFIX_PATH', '/ros2_ws/install/oradar_lidar:/ros2_ws/install/bringup:/ros2_ws/install/description:/ros2_ws/install/brain_hardware:/ros2_ws/install/brain_controller:/ros2_ws/install/interfaces:/opt/ros/humble'), ('SHELL', '/bin/bash'), ('LESSCLOSE', '/usr/bin/lesspipe %s %s'), ('VSCODE_GIT_ASKPASS_EXTRA_ARGS', ''), ('PWD', '/ros2_ws/build/interfaces'), ('PYTHONPATH', '/ros2_ws/install/interfaces/local/lib/python3.10/dist-packages:/opt/ros/humble/lib/python3.10/site-packages:/opt/ros/humble/local/lib/python3.10/dist-packages'), ('ROS_HOSTNAME', '10.10.0.2'), ('COLCON', '1'), ('CMAKE_PREFIX_PATH', '/ros2_ws/install/oradar_lidar:/ros2_ws/install/bringup:/ros2_ws/install/description:/ros2_ws/install/brain_hardware:/ros2_ws/install/brain_controller:/ros2_ws/install/interfaces:/opt/ros/humble')]), 'shell': False}
[0.099271] (-) TimerEvent: {}
[0.106094] (oradar_lidar) JobProgress: {'identifier': 'oradar_lidar', 'progress': 'cmake'}
[0.109865] (oradar_lidar) JobProgress: {'identifier': 'oradar_lidar', 'progress': 'build'}
[0.111249] (oradar_lidar) Command: {'cmd': ['/usr/bin/cmake', '--build', '/ros2_ws/build/oradar_lidar', '--', '-j4', '-l4'], 'cwd': '/ros2_ws/build/oradar_lidar', 'env': OrderedDict([('LESSOPEN', '| /usr/bin/lesspipe %s'), ('HOSTNAME', '55456c0da4eb'), ('GIT_ASKPASS', '/root/.vscode-server/bin/8b3775030ed1a69b13e4f4c628c612102e30a681/extensions/git/dist/askpass.sh'), ('SHLVL', '2'), ('LD_LIBRARY_PATH', '/ros2_ws/install/brain_hardware/lib:/ros2_ws/install/brain_controller/lib:/ros2_ws/install/interfaces/lib:/opt/ros/humble/opt/rviz_ogre_vendor/lib:/opt/ros/humble/lib/aarch64-linux-gnu:/opt/ros/humble/lib'), ('BROWSER', '/root/.vscode-server/bin/8b3775030ed1a69b13e4f4c628c612102e30a681/bin/helpers/browser.sh'), ('HOME', '/root'), ('TERM_PROGRAM_VERSION', '1.85.2'), ('VSCODE_IPC_HOOK_CLI', '/tmp/vscode-ipc-d7878676-71cb-4525-8110-398c659ccb15.sock'), ('ROS_PYTHON_VERSION', '3'), ('VSCODE_GIT_ASKPASS_MAIN', '/root/.vscode-server/bin/8b3775030ed1a69b13e4f4c628c612102e30a681/extensions/git/dist/askpass-main.js'), ('PS1', '\\[\x1b]633;A\x07\\]\\u@\\h\\[\\033[01;32m\\](brain)\\[\\033[00m\\]:\\w$ \\[\x1b]633;B\x07\\]'), ('VSCODE_GIT_ASKPASS_NODE', '/root/.vscode-server/bin/8b3775030ed1a69b13e4f4c628c612102e30a681/node'), ('ROS_IP', '10.10.0.2'), ('COLORTERM', 'truecolor'), ('REMOTE_CONTAINERS', 'true'), ('COLCON_PREFIX_PATH', '/ros2_ws/install'), ('ROS_DISTRO', 'humble'), ('REMOTE_CONTAINERS_IPC', '/tmp/vscode-remote-containers-ipc-2645588d-ea61-4df9-83f3-4f3a79670a0e.sock'), ('_', '/usr/bin/colcon'), ('ROS_VERSION', '2'), ('TERM', 'xterm-256color'), ('ROS_LOCALHOST_ONLY', '0'), ('PATH', '/ros2_ws/install/oradar_lidar/bin:/root/.vscode-server/bin/8b3775030ed1a69b13e4f4c628c612102e30a681/bin/remote-cli:/opt/ros/humble/bin:/usr/local/sbin:/usr/local/bin:/usr/sbin:/usr/bin:/sbin:/bin'), ('REMOTE_CONTAINERS_SOCKETS', '["/tmp/vscode-ssh-auth-2645588d-ea61-4df9-83f3-4f3a79670a0e.sock","/root/.gnupg/S.gpg-agent"]'), ('DISPLAY', ':0'), ('LANG', 'en_US.UTF-8'), ('RMW_IMPLEMENTATION', 'rmw_fastrtps_cpp'), ('LS_COLORS', 'rs=0:di=01;34:ln=01;36:mh=00:pi=40;33:so=01;35:do=01;35:bd=40;33;01:cd=40;33;01:or=40;31;01:mi=00:su=37;41:sg=30;43:ca=30;41:tw=30;42:ow=34;42:st=37;44:ex=01;32:*.tar=01;31:*.tgz=01;31:*.arc=01;31:*.arj=01;31:*.taz=01;31:*.lha=01;31:*.lz4=01;31:*.lzh=01;31:*.lzma=01;31:*.tlz=01;31:*.txz=01;31:*.tzo=01;31:*.t7z=01;31:*.zip=01;31:*.z=01;31:*.dz=01;31:*.gz=01;31:*.lrz=01;31:*.lz=01;31:*.lzo=01;31:*.xz=01;31:*.zst=01;31:*.tzst=01;31:*.bz2=01;31:*.bz=01;31:*.tbz=01;31:*.tbz2=01;31:*.tz=01;31:*.deb=01;31:*.rpm=01;31:*.jar=01;31:*.war=01;31:*.ear=01;31:*.sar=01;31:*.rar=01;31:*.alz=01;31:*.ace=01;31:*.zoo=01;31:*.cpio=01;31:*.7z=01;31:*.rz=01;31:*.cab=01;31:*.wim=01;31:*.swm=01;31:*.dwm=01;31:*.esd=01;31:*.jpg=01;35:*.jpeg=01;35:*.mjpg=01;35:*.mjpeg=01;35:*.gif=01;35:*.bmp=01;35:*.pbm=01;35:*.pgm=01;35:*.ppm=01;35:*.tga=01;35:*.xbm=01;35:*.xpm=01;35:*.tif=01;35:*.tiff=01;35:*.png=01;35:*.svg=01;35:*.svgz=01;35:*.mng=01;35:*.pcx=01;35:*.mov=01;35:*.mpg=01;35:*.mpeg=01;35:*.m2v=01;35:*.mkv=01;35:*.webm=01;35:*.webp=01;35:*.ogm=01;35:*.mp4=01;35:*.m4v=01;35:*.mp4v=01;35:*.vob=01;35:*.qt=01;35:*.nuv=01;35:*.wmv=01;35:*.asf=01;35:*.rm=01;35:*.rmvb=01;35:*.flc=01;35:*.avi=01;35:*.fli=01;35:*.flv=01;35:*.gl=01;35:*.dl=01;35:*.xcf=01;35:*.xwd=01;35:*.yuv=01;35:*.cgm=01;35:*.emf=01;35:*.ogv=01;35:*.ogx=01;35:*.aac=00;36:*.au=00;36:*.flac=00;36:*.m4a=00;36:*.mid=00;36:*.midi=00;36:*.mka=00;36:*.mp3=00;36:*.mpc=00;36:*.ogg=00;36:*.ra=00;36:*.wav=00;36:*.oga=00;36:*.opus=00;36:*.spx=00;36:*.xspf=00;36:'), ('VSCODE_GIT_IPC_HANDLE', '/tmp/vscode-git-b3700a665a.sock'), ('TERM_PROGRAM', 'vscode'), ('SSH_AUTH_SOCK', '/tmp/vscode-ssh-auth-2645588d-ea61-4df9-83f3-4f3a79670a0e.sock'), ('ROS_DOMAIN_ID', '42'), ('AMENT_PREFIX_PATH', '/ros2_ws/install/oradar_lidar:/ros2_ws/install/bringup:/ros2_ws/install/description:/ros2_ws/install/brain_hardware:/ros2_ws/install/brain_controller:/ros2_ws/install/interfaces:/opt/ros/humble'), ('SHELL', '/bin/bash'), ('LESSCLOSE', '/usr/bin/lesspipe %s %s'), ('VSCODE_GIT_ASKPASS_EXTRA_ARGS', ''), ('PWD', '/ros2_ws/build/oradar_lidar'), ('PYTHONPATH', '/ros2_ws/install/interfaces/local/lib/python3.10/dist-packages:/opt/ros/humble/lib/python3.10/site-packages:/opt/ros/humble/local/lib/python3.10/dist-packages'), ('ROS_HOSTNAME', '10.10.0.2'), ('COLCON', '1'), ('CMAKE_PREFIX_PATH', '/ros2_ws/install/oradar_lidar:/ros2_ws/install/bringup:/ros2_ws/install/description:/ros2_ws/install/brain_hardware:/ros2_ws/install/brain_controller:/ros2_ws/install/interfaces:/opt/ros/humble')]), 'shell': False}
[0.199477] (-) TimerEvent: {}
[0.300435] (-) TimerEvent: {}
[0.366357] (interfaces) StdoutLine: {'line': b'[  2%] Built target interfaces__rs\n'}
[0.400670] (-) TimerEvent: {}
[0.439874] (interfaces) StdoutLine: {'line': b'[ 12%] Built target interfaces__rosidl_generator_c\n'}
[0.475234] (interfaces) StdoutLine: {'line': b'[ 15%] Built target interfaces__cpp\n'}
[0.500837] (-) TimerEvent: {}
[0.539891] (interfaces) StdoutLine: {'line': b'[ 15%] Built target ament_cmake_python_copy_interfaces\n'}
[0.601026] (-) TimerEvent: {}
[0.664734] (interfaces) StdoutLine: {'line': b'[ 25%] Built target interfaces__rosidl_typesupport_introspection_c\n'}
[0.701247] (-) TimerEvent: {}
[0.708756] (interfaces) StdoutLine: {'line': b'[ 35%] Built target interfaces__rosidl_typesupport_fastrtps_c\n'}
[0.711733] (oradar_lidar) StdoutLine: {'line': b'[ 60%] Built target oradar_sdk\n'}
[0.748488] (interfaces) StdoutLine: {'line': b'[ 45%] Built target interfaces__rosidl_typesupport_c\n'}
[0.801379] (-) TimerEvent: {}
[0.852127] (interfaces) StdoutLine: {'line': b'[ 55%] Built target interfaces__rosidl_typesupport_introspection_cpp\n'}
[0.901559] (-) TimerEvent: {}
[0.917986] (interfaces) StdoutLine: {'line': b'[ 65%] Built target interfaces__rosidl_typesupport_fastrtps_cpp\n'}
[0.971609] (oradar_lidar) StdoutLine: {'line': b'[ 70%] Built target blocking_c_api_test\n'}
[1.001780] (-) TimerEvent: {}
[1.013979] (oradar_lidar) StdoutLine: {'line': b'[ 80%] Built target blocking_test\n'}
[1.101942] (-) TimerEvent: {}
[1.103953] (interfaces) StdoutLine: {'line': b'[ 75%] Built target interfaces__rosidl_typesupport_cpp\n'}
[1.121241] (oradar_lidar) StdoutLine: {'line': b'[ 90%] Built target non-blocking_test\n'}
[1.138207] (oradar_lidar) StdoutLine: {'line': b'[100%] Built target oradar_scan\n'}
[1.203856] (-) TimerEvent: {}
[1.253545] (oradar_lidar) CommandEnded: {'returncode': 0}
[1.255861] (oradar_lidar) JobProgress: {'identifier': 'oradar_lidar', 'progress': 'install'}
[1.304055] (-) TimerEvent: {}
[1.330173] (oradar_lidar) Command: {'cmd': ['/usr/bin/cmake', '--install', '/ros2_ws/build/oradar_lidar'], 'cwd': '/ros2_ws/build/oradar_lidar', 'env': OrderedDict([('LESSOPEN', '| /usr/bin/lesspipe %s'), ('HOSTNAME', '55456c0da4eb'), ('GIT_ASKPASS', '/root/.vscode-server/bin/8b3775030ed1a69b13e4f4c628c612102e30a681/extensions/git/dist/askpass.sh'), ('SHLVL', '2'), ('LD_LIBRARY_PATH', '/ros2_ws/install/brain_hardware/lib:/ros2_ws/install/brain_controller/lib:/ros2_ws/install/interfaces/lib:/opt/ros/humble/opt/rviz_ogre_vendor/lib:/opt/ros/humble/lib/aarch64-linux-gnu:/opt/ros/humble/lib'), ('BROWSER', '/root/.vscode-server/bin/8b3775030ed1a69b13e4f4c628c612102e30a681/bin/helpers/browser.sh'), ('HOME', '/root'), ('TERM_PROGRAM_VERSION', '1.85.2'), ('VSCODE_IPC_HOOK_CLI', '/tmp/vscode-ipc-d7878676-71cb-4525-8110-398c659ccb15.sock'), ('ROS_PYTHON_VERSION', '3'), ('VSCODE_GIT_ASKPASS_MAIN', '/root/.vscode-server/bin/8b3775030ed1a69b13e4f4c628c612102e30a681/extensions/git/dist/askpass-main.js'), ('PS1', '\\[\x1b]633;A\x07\\]\\u@\\h\\[\\033[01;32m\\](brain)\\[\\033[00m\\]:\\w$ \\[\x1b]633;B\x07\\]'), ('VSCODE_GIT_ASKPASS_NODE', '/root/.vscode-server/bin/8b3775030ed1a69b13e4f4c628c612102e30a681/node'), ('ROS_IP', '10.10.0.2'), ('COLORTERM', 'truecolor'), ('REMOTE_CONTAINERS', 'true'), ('COLCON_PREFIX_PATH', '/ros2_ws/install'), ('ROS_DISTRO', 'humble'), ('REMOTE_CONTAINERS_IPC', '/tmp/vscode-remote-containers-ipc-2645588d-ea61-4df9-83f3-4f3a79670a0e.sock'), ('_', '/usr/bin/colcon'), ('ROS_VERSION', '2'), ('TERM', 'xterm-256color'), ('ROS_LOCALHOST_ONLY', '0'), ('PATH', '/ros2_ws/install/oradar_lidar/bin:/root/.vscode-server/bin/8b3775030ed1a69b13e4f4c628c612102e30a681/bin/remote-cli:/opt/ros/humble/bin:/usr/local/sbin:/usr/local/bin:/usr/sbin:/usr/bin:/sbin:/bin'), ('REMOTE_CONTAINERS_SOCKETS', '["/tmp/vscode-ssh-auth-2645588d-ea61-4df9-83f3-4f3a79670a0e.sock","/root/.gnupg/S.gpg-agent"]'), ('DISPLAY', ':0'), ('LANG', 'en_US.UTF-8'), ('RMW_IMPLEMENTATION', 'rmw_fastrtps_cpp'), ('LS_COLORS', 'rs=0:di=01;34:ln=01;36:mh=00:pi=40;33:so=01;35:do=01;35:bd=40;33;01:cd=40;33;01:or=40;31;01:mi=00:su=37;41:sg=30;43:ca=30;41:tw=30;42:ow=34;42:st=37;44:ex=01;32:*.tar=01;31:*.tgz=01;31:*.arc=01;31:*.arj=01;31:*.taz=01;31:*.lha=01;31:*.lz4=01;31:*.lzh=01;31:*.lzma=01;31:*.tlz=01;31:*.txz=01;31:*.tzo=01;31:*.t7z=01;31:*.zip=01;31:*.z=01;31:*.dz=01;31:*.gz=01;31:*.lrz=01;31:*.lz=01;31:*.lzo=01;31:*.xz=01;31:*.zst=01;31:*.tzst=01;31:*.bz2=01;31:*.bz=01;31:*.tbz=01;31:*.tbz2=01;31:*.tz=01;31:*.deb=01;31:*.rpm=01;31:*.jar=01;31:*.war=01;31:*.ear=01;31:*.sar=01;31:*.rar=01;31:*.alz=01;31:*.ace=01;31:*.zoo=01;31:*.cpio=01;31:*.7z=01;31:*.rz=01;31:*.cab=01;31:*.wim=01;31:*.swm=01;31:*.dwm=01;31:*.esd=01;31:*.jpg=01;35:*.jpeg=01;35:*.mjpg=01;35:*.mjpeg=01;35:*.gif=01;35:*.bmp=01;35:*.pbm=01;35:*.pgm=01;35:*.ppm=01;35:*.tga=01;35:*.xbm=01;35:*.xpm=01;35:*.tif=01;35:*.tiff=01;35:*.png=01;35:*.svg=01;35:*.svgz=01;35:*.mng=01;35:*.pcx=01;35:*.mov=01;35:*.mpg=01;35:*.mpeg=01;35:*.m2v=01;35:*.mkv=01;35:*.webm=01;35:*.webp=01;35:*.ogm=01;35:*.mp4=01;35:*.m4v=01;35:*.mp4v=01;35:*.vob=01;35:*.qt=01;35:*.nuv=01;35:*.wmv=01;35:*.asf=01;35:*.rm=01;35:*.rmvb=01;35:*.flc=01;35:*.avi=01;35:*.fli=01;35:*.flv=01;35:*.gl=01;35:*.dl=01;35:*.xcf=01;35:*.xwd=01;35:*.yuv=01;35:*.cgm=01;35:*.emf=01;35:*.ogv=01;35:*.ogx=01;35:*.aac=00;36:*.au=00;36:*.flac=00;36:*.m4a=00;36:*.mid=00;36:*.midi=00;36:*.mka=00;36:*.mp3=00;36:*.mpc=00;36:*.ogg=00;36:*.ra=00;36:*.wav=00;36:*.oga=00;36:*.opus=00;36:*.spx=00;36:*.xspf=00;36:'), ('VSCODE_GIT_IPC_HANDLE', '/tmp/vscode-git-b3700a665a.sock'), ('TERM_PROGRAM', 'vscode'), ('SSH_AUTH_SOCK', '/tmp/vscode-ssh-auth-2645588d-ea61-4df9-83f3-4f3a79670a0e.sock'), ('ROS_DOMAIN_ID', '42'), ('AMENT_PREFIX_PATH', '/ros2_ws/install/oradar_lidar:/ros2_ws/install/bringup:/ros2_ws/install/description:/ros2_ws/install/brain_hardware:/ros2_ws/install/brain_controller:/ros2_ws/install/interfaces:/opt/ros/humble'), ('SHELL', '/bin/bash'), ('LESSCLOSE', '/usr/bin/lesspipe %s %s'), ('VSCODE_GIT_ASKPASS_EXTRA_ARGS', ''), ('PWD', '/ros2_ws/build/oradar_lidar'), ('PYTHONPATH', '/ros2_ws/install/interfaces/local/lib/python3.10/dist-packages:/opt/ros/humble/lib/python3.10/site-packages:/opt/ros/humble/local/lib/python3.10/dist-packages'), ('ROS_HOSTNAME', '10.10.0.2'), ('COLCON', '1'), ('CMAKE_PREFIX_PATH', '/ros2_ws/install/oradar_lidar:/ros2_ws/install/bringup:/ros2_ws/install/description:/ros2_ws/install/brain_hardware:/ros2_ws/install/brain_controller:/ros2_ws/install/interfaces:/opt/ros/humble')]), 'shell': False}
[1.338647] (interfaces) StdoutLine: {'line': b'[ 75%] Built target interfaces\n'}
[1.404235] (-) TimerEvent: {}
[1.434641] (oradar_lidar) StdoutLine: {'line': b'-- Install configuration: "RELEASE"\n'}
[1.439770] (oradar_lidar) StdoutLine: {'line': b'-- Up-to-date: /ros2_ws/install/oradar_lidar/lib/oradar_lidar/oradar_scan\n'}
[1.444587] (oradar_lidar) StdoutLine: {'line': b'-- Up-to-date: /ros2_ws/install/oradar_lidar/share/oradar_lidar//launch\n'}
[1.447024] (oradar_lidar) StdoutLine: {'line': b'-- Up-to-date: /ros2_ws/install/oradar_lidar/share/oradar_lidar//launch/ms200_scan_view.launch\n'}
[1.450087] (oradar_lidar) StdoutLine: {'line': b'-- Up-to-date: /ros2_ws/install/oradar_lidar/share/oradar_lidar//launch/ms200_scan_gmapping.launch.py\n'}
[1.452048] (oradar_lidar) StdoutLine: {'line': b'-- Up-to-date: /ros2_ws/install/oradar_lidar/share/oradar_lidar//launch/ms200_scan.launch.py\n'}
[1.453067] (oradar_lidar) StdoutLine: {'line': b'-- Up-to-date: /ros2_ws/install/oradar_lidar/share/oradar_lidar//launch/ms200_scan_view.launch.py\n'}
[1.454376] (oradar_lidar) StdoutLine: {'line': b'-- Up-to-date: /ros2_ws/install/oradar_lidar/share/oradar_lidar//launch/ms200_scan.launch\n'}
[1.456536] (oradar_lidar) StdoutLine: {'line': b'-- Up-to-date: /ros2_ws/install/oradar_lidar/share/oradar_lidar//rviz2\n'}
[1.457595] (oradar_lidar) StdoutLine: {'line': b'-- Up-to-date: /ros2_ws/install/oradar_lidar/share/oradar_lidar//rviz2/oradar_scan.rviz\n'}
[1.458943] (oradar_lidar) StdoutLine: {'line': b'-- Up-to-date: /ros2_ws/install/oradar_lidar/share/ament_index/resource_index/package_run_dependencies/oradar_lidar\n'}
[1.461264] (oradar_lidar) StdoutLine: {'line': b'-- Up-to-date: /ros2_ws/install/oradar_lidar/share/ament_index/resource_index/parent_prefix_path/oradar_lidar\n'}
[1.462435] (oradar_lidar) StdoutLine: {'line': b'-- Up-to-date: /ros2_ws/install/oradar_lidar/share/oradar_lidar/environment/ament_prefix_path.sh\n'}
[1.465345] (oradar_lidar) StdoutLine: {'line': b'-- Up-to-date: /ros2_ws/install/oradar_lidar/share/oradar_lidar/environment/ament_prefix_path.dsv\n'}
[1.466950] (oradar_lidar) StdoutLine: {'line': b'-- Up-to-date: /ros2_ws/install/oradar_lidar/share/oradar_lidar/environment/path.sh\n'}
[1.468233] (oradar_lidar) StdoutLine: {'line': b'-- Up-to-date: /ros2_ws/install/oradar_lidar/share/oradar_lidar/environment/path.dsv\n'}
[1.470162] (oradar_lidar) StdoutLine: {'line': b'-- Up-to-date: /ros2_ws/install/oradar_lidar/share/oradar_lidar/local_setup.bash\n'}
[1.473331] (oradar_lidar) StdoutLine: {'line': b'-- Up-to-date: /ros2_ws/install/oradar_lidar/share/oradar_lidar/local_setup.sh\n'}
[1.474669] (oradar_lidar) StdoutLine: {'line': b'-- Up-to-date: /ros2_ws/install/oradar_lidar/share/oradar_lidar/local_setup.zsh\n'}
[1.476068] (oradar_lidar) StdoutLine: {'line': b'-- Up-to-date: /ros2_ws/install/oradar_lidar/share/oradar_lidar/local_setup.dsv\n'}
[1.477431] (oradar_lidar) StdoutLine: {'line': b'-- Installing: /ros2_ws/install/oradar_lidar/share/oradar_lidar/package.dsv\n'}
[1.480422] (oradar_lidar) StdoutLine: {'line': b'-- Up-to-date: /ros2_ws/install/oradar_lidar/share/ament_index/resource_index/packages/oradar_lidar\n'}
[1.483974] (oradar_lidar) StdoutLine: {'line': b'-- Up-to-date: /ros2_ws/install/oradar_lidar/share/oradar_lidar/cmake/oradar_lidarConfig.cmake\n'}
[1.485411] (oradar_lidar) StdoutLine: {'line': b'-- Up-to-date: /ros2_ws/install/oradar_lidar/share/oradar_lidar/cmake/oradar_lidarConfig-version.cmake\n'}
[1.489158] (oradar_lidar) StdoutLine: {'line': b'-- Up-to-date: /ros2_ws/install/oradar_lidar/share/oradar_lidar/package.xml\n'}
[1.492510] (oradar_lidar) StdoutLine: {'line': b'-- Up-to-date: /ros2_ws/install/oradar_lidar/include/core/base/datatype.h\n'}
[1.495416] (oradar_lidar) StdoutLine: {'line': b'-- Up-to-date: /ros2_ws/install/oradar_lidar/include/core/base/locker.h\n'}
[1.496599] (oradar_lidar) StdoutLine: {'line': b'-- Up-to-date: /ros2_ws/install/oradar_lidar/include/core/base/thread.h\n'}
[1.497867] (oradar_lidar) StdoutLine: {'line': b'-- Up-to-date: /ros2_ws/install/oradar_lidar/include/core/base/timer.h\n'}
[1.500581] (oradar_lidar) StdoutLine: {'line': b'-- Up-to-date: /ros2_ws/install/oradar_lidar/include/core/base/typedef.h\n'}
[1.501264] (oradar_lidar) StdoutLine: {'line': b'-- Up-to-date: /ros2_ws/install/oradar_lidar/include/core/base/utils.h\n'}
[1.505408] (-) TimerEvent: {}
[1.507572] (oradar_lidar) StdoutLine: {'line': b'-- Up-to-date: /ros2_ws/install/oradar_lidar/include/core/base/v8stdint.h\n'}
[1.509845] (oradar_lidar) StdoutLine: {'line': b'-- Up-to-date: /ros2_ws/install/oradar_lidar/include/core/common/ChannelDevice.h\n'}
[1.513041] (oradar_lidar) StdoutLine: {'line': b'-- Up-to-date: /ros2_ws/install/oradar_lidar/include/core/math/angles.h\n'}
[1.515041] (oradar_lidar) StdoutLine: {'line': b'-- Up-to-date: /ros2_ws/install/oradar_lidar/include/core/network/ActiveSocket.h\n'}
[1.519281] (oradar_lidar) StdoutLine: {'line': b'-- Up-to-date: /ros2_ws/install/oradar_lidar/include/core/network/PassiveSocket.h\n'}
[1.519913] (oradar_lidar) StdoutLine: {'line': b'-- Up-to-date: /ros2_ws/install/oradar_lidar/include/core/network/SimpleSocket.h\n'}
[1.525930] (oradar_lidar) StdoutLine: {'line': b'-- Up-to-date: /ros2_ws/install/oradar_lidar/include/core/network/StatTimer.h\n'}
[1.527528] (oradar_lidar) StdoutLine: {'line': b'-- Up-to-date: /ros2_ws/install/oradar_lidar/include/core/serial/common.h\n'}
[1.530505] (oradar_lidar) StdoutLine: {'line': b'-- Up-to-date: /ros2_ws/install/oradar_lidar/include/core/serial/serial.h\n'}
[1.535021] (oradar_lidar) StdoutLine: {'line': b'-- Up-to-date: /ros2_ws/install/oradar_lidar/include/core/serial/impl/unix/lock.h\n'}
[1.536371] (oradar_lidar) StdoutLine: {'line': b'-- Up-to-date: /ros2_ws/install/oradar_lidar/include/core/serial/impl/unix/unix.h\n'}
[1.536975] (oradar_lidar) StdoutLine: {'line': b'-- Up-to-date: /ros2_ws/install/oradar_lidar/include/core/serial/impl/unix/unix_serial.h\n'}
[1.541694] (oradar_lidar) StdoutLine: {'line': b'-- Up-to-date: /ros2_ws/install/oradar_lidar/include/src/ord_lidar_c_api_driver.h\n'}
[1.545114] (oradar_lidar) StdoutLine: {'line': b'-- Up-to-date: /ros2_ws/install/oradar_lidar/include/src/ord_lidar_driver.h\n'}
[1.551044] (oradar_lidar) StdoutLine: {'line': b'-- Up-to-date: /ros2_ws/install/oradar_lidar/include/src/ordlidar_protocol.h\n'}
[1.553783] (oradar_lidar) StdoutLine: {'line': b'-- Up-to-date: /ros2_ws/install/oradar_lidar/include/src/filters/FullScanFilter.h\n'}
[1.556570] (oradar_lidar) StdoutLine: {'line': b'-- Up-to-date: /ros2_ws/install/oradar_lidar/lib/liboradar_sdk.a\n'}
[1.560656] (oradar_lidar) StdoutLine: {'line': b'-- Up-to-date: /ros2_ws/install/oradar_lidar/bin/blocking_test\n'}
[1.561230] (oradar_lidar) StdoutLine: {'line': b'-- Up-to-date: /ros2_ws/install/oradar_lidar/bin/non-blocking_test\n'}
[1.561741] (oradar_lidar) StdoutLine: {'line': b'-- Up-to-date: /ros2_ws/install/oradar_lidar/bin/blocking_c_api_test\n'}
[1.593639] (oradar_lidar) CommandEnded: {'returncode': 0}
[1.605581] (-) TimerEvent: {}
[1.682187] (interfaces) StdoutLine: {'line': b'[ 77%] Built target interfaces__py\n'}
[1.714263] (-) TimerEvent: {}
[1.815108] (-) TimerEvent: {}
[1.916545] (-) TimerEvent: {}
[1.936308] (interfaces) StdoutLine: {'line': b'[ 85%] Built target interfaces__rosidl_generator_py\n'}
[2.016984] (-) TimerEvent: {}
[2.103240] (oradar_lidar) JobEnded: {'identifier': 'oradar_lidar', 'rc': 0}
[2.117799] (-) TimerEvent: {}
[2.218476] (-) TimerEvent: {}
[2.300449] (interfaces) StdoutLine: {'line': b'[ 90%] Built target interfaces__rosidl_typesupport_fastrtps_c__pyext\n'}
[2.318709] (-) TimerEvent: {}
[2.354976] (interfaces) StdoutLine: {'line': b'[ 95%] Built target interfaces__rosidl_typesupport_c__pyext\n'}
[2.419277] (interfaces) StdoutLine: {'line': b'[100%] Built target interfaces__rosidl_typesupport_introspection_c__pyext\n'}
[2.419976] (-) TimerEvent: {}
[2.520590] (-) TimerEvent: {}
[2.627215] (-) TimerEvent: {}
[2.728514] (-) TimerEvent: {}
[2.829515] (-) TimerEvent: {}
[2.936256] (-) TimerEvent: {}
[3.037669] (-) TimerEvent: {}
[3.138369] (-) TimerEvent: {}
[3.239470] (-) TimerEvent: {}
[3.340152] (-) TimerEvent: {}
[3.440853] (-) TimerEvent: {}
[3.541961] (-) TimerEvent: {}
[3.644950] (-) TimerEvent: {}
[3.673098] (interfaces) StdoutLine: {'line': b'running egg_info\n'}
[3.680589] (interfaces) StdoutLine: {'line': b'writing interfaces.egg-info/PKG-INFO\n'}
[3.686169] (interfaces) StdoutLine: {'line': b'writing dependency_links to interfaces.egg-info/dependency_links.txt\n'}
[3.695827] (interfaces) StdoutLine: {'line': b'writing top-level names to interfaces.egg-info/top_level.txt\n'}
[3.736522] (interfaces) StdoutLine: {'line': b"reading manifest file 'interfaces.egg-info/SOURCES.txt'\n"}
[3.740532] (interfaces) StdoutLine: {'line': b"writing manifest file 'interfaces.egg-info/SOURCES.txt'\n"}
[3.745239] (-) TimerEvent: {}
[3.846005] (-) TimerEvent: {}
[3.947182] (-) TimerEvent: {}
[3.979449] (interfaces) StdoutLine: {'line': b'[100%] Built target ament_cmake_python_build_interfaces_egg\n'}
[4.047380] (-) TimerEvent: {}
[4.081353] (interfaces) CommandEnded: {'returncode': 0}
[4.110585] (interfaces) JobProgress: {'identifier': 'interfaces', 'progress': 'install'}
[4.110837] (interfaces) Command: {'cmd': ['/usr/bin/cmake', '--install', '/ros2_ws/build/interfaces'], 'cwd': '/ros2_ws/build/interfaces', 'env': OrderedDict([('LESSOPEN', '| /usr/bin/lesspipe %s'), ('HOSTNAME', '55456c0da4eb'), ('GIT_ASKPASS', '/root/.vscode-server/bin/8b3775030ed1a69b13e4f4c628c612102e30a681/extensions/git/dist/askpass.sh'), ('SHLVL', '2'), ('LD_LIBRARY_PATH', '/ros2_ws/install/brain_hardware/lib:/ros2_ws/install/brain_controller/lib:/ros2_ws/install/interfaces/lib:/opt/ros/humble/opt/rviz_ogre_vendor/lib:/opt/ros/humble/lib/aarch64-linux-gnu:/opt/ros/humble/lib'), ('BROWSER', '/root/.vscode-server/bin/8b3775030ed1a69b13e4f4c628c612102e30a681/bin/helpers/browser.sh'), ('HOME', '/root'), ('TERM_PROGRAM_VERSION', '1.85.2'), ('VSCODE_IPC_HOOK_CLI', '/tmp/vscode-ipc-d7878676-71cb-4525-8110-398c659ccb15.sock'), ('ROS_PYTHON_VERSION', '3'), ('VSCODE_GIT_ASKPASS_MAIN', '/root/.vscode-server/bin/8b3775030ed1a69b13e4f4c628c612102e30a681/extensions/git/dist/askpass-main.js'), ('PS1', '\\[\x1b]633;A\x07\\]\\u@\\h\\[\\033[01;32m\\](brain)\\[\\033[00m\\]:\\w$ \\[\x1b]633;B\x07\\]'), ('VSCODE_GIT_ASKPASS_NODE', '/root/.vscode-server/bin/8b3775030ed1a69b13e4f4c628c612102e30a681/node'), ('ROS_IP', '10.10.0.2'), ('COLORTERM', 'truecolor'), ('REMOTE_CONTAINERS', 'true'), ('COLCON_PREFIX_PATH', '/ros2_ws/install'), ('ROS_DISTRO', 'humble'), ('REMOTE_CONTAINERS_IPC', '/tmp/vscode-remote-containers-ipc-2645588d-ea61-4df9-83f3-4f3a79670a0e.sock'), ('_', '/usr/bin/colcon'), ('ROS_VERSION', '2'), ('TERM', 'xterm-256color'), ('ROS_LOCALHOST_ONLY', '0'), ('PATH', '/ros2_ws/install/oradar_lidar/bin:/root/.vscode-server/bin/8b3775030ed1a69b13e4f4c628c612102e30a681/bin/remote-cli:/opt/ros/humble/bin:/usr/local/sbin:/usr/local/bin:/usr/sbin:/usr/bin:/sbin:/bin'), ('REMOTE_CONTAINERS_SOCKETS', '["/tmp/vscode-ssh-auth-2645588d-ea61-4df9-83f3-4f3a79670a0e.sock","/root/.gnupg/S.gpg-agent"]'), ('DISPLAY', ':0'), ('LANG', 'en_US.UTF-8'), ('RMW_IMPLEMENTATION', 'rmw_fastrtps_cpp'), ('LS_COLORS', 'rs=0:di=01;34:ln=01;36:mh=00:pi=40;33:so=01;35:do=01;35:bd=40;33;01:cd=40;33;01:or=40;31;01:mi=00:su=37;41:sg=30;43:ca=30;41:tw=30;42:ow=34;42:st=37;44:ex=01;32:*.tar=01;31:*.tgz=01;31:*.arc=01;31:*.arj=01;31:*.taz=01;31:*.lha=01;31:*.lz4=01;31:*.lzh=01;31:*.lzma=01;31:*.tlz=01;31:*.txz=01;31:*.tzo=01;31:*.t7z=01;31:*.zip=01;31:*.z=01;31:*.dz=01;31:*.gz=01;31:*.lrz=01;31:*.lz=01;31:*.lzo=01;31:*.xz=01;31:*.zst=01;31:*.tzst=01;31:*.bz2=01;31:*.bz=01;31:*.tbz=01;31:*.tbz2=01;31:*.tz=01;31:*.deb=01;31:*.rpm=01;31:*.jar=01;31:*.war=01;31:*.ear=01;31:*.sar=01;31:*.rar=01;31:*.alz=01;31:*.ace=01;31:*.zoo=01;31:*.cpio=01;31:*.7z=01;31:*.rz=01;31:*.cab=01;31:*.wim=01;31:*.swm=01;31:*.dwm=01;31:*.esd=01;31:*.jpg=01;35:*.jpeg=01;35:*.mjpg=01;35:*.mjpeg=01;35:*.gif=01;35:*.bmp=01;35:*.pbm=01;35:*.pgm=01;35:*.ppm=01;35:*.tga=01;35:*.xbm=01;35:*.xpm=01;35:*.tif=01;35:*.tiff=01;35:*.png=01;35:*.svg=01;35:*.svgz=01;35:*.mng=01;35:*.pcx=01;35:*.mov=01;35:*.mpg=01;35:*.mpeg=01;35:*.m2v=01;35:*.mkv=01;35:*.webm=01;35:*.webp=01;35:*.ogm=01;35:*.mp4=01;35:*.m4v=01;35:*.mp4v=01;35:*.vob=01;35:*.qt=01;35:*.nuv=01;35:*.wmv=01;35:*.asf=01;35:*.rm=01;35:*.rmvb=01;35:*.flc=01;35:*.avi=01;35:*.fli=01;35:*.flv=01;35:*.gl=01;35:*.dl=01;35:*.xcf=01;35:*.xwd=01;35:*.yuv=01;35:*.cgm=01;35:*.emf=01;35:*.ogv=01;35:*.ogx=01;35:*.aac=00;36:*.au=00;36:*.flac=00;36:*.m4a=00;36:*.mid=00;36:*.midi=00;36:*.mka=00;36:*.mp3=00;36:*.mpc=00;36:*.ogg=00;36:*.ra=00;36:*.wav=00;36:*.oga=00;36:*.opus=00;36:*.spx=00;36:*.xspf=00;36:'), ('VSCODE_GIT_IPC_HANDLE', '/tmp/vscode-git-b3700a665a.sock'), ('TERM_PROGRAM', 'vscode'), ('SSH_AUTH_SOCK', '/tmp/vscode-ssh-auth-2645588d-ea61-4df9-83f3-4f3a79670a0e.sock'), ('ROS_DOMAIN_ID', '42'), ('AMENT_PREFIX_PATH', '/ros2_ws/install/oradar_lidar:/ros2_ws/install/bringup:/ros2_ws/install/description:/ros2_ws/install/brain_hardware:/ros2_ws/install/brain_controller:/ros2_ws/install/interfaces:/opt/ros/humble'), ('SHELL', '/bin/bash'), ('LESSCLOSE', '/usr/bin/lesspipe %s %s'), ('VSCODE_GIT_ASKPASS_EXTRA_ARGS', ''), ('PWD', '/ros2_ws/build/interfaces'), ('PYTHONPATH', '/ros2_ws/install/interfaces/local/lib/python3.10/dist-packages:/opt/ros/humble/lib/python3.10/site-packages:/opt/ros/humble/local/lib/python3.10/dist-packages'), ('ROS_HOSTNAME', '10.10.0.2'), ('COLCON', '1'), ('CMAKE_PREFIX_PATH', '/ros2_ws/install/oradar_lidar:/ros2_ws/install/bringup:/ros2_ws/install/description:/ros2_ws/install/brain_hardware:/ros2_ws/install/brain_controller:/ros2_ws/install/interfaces:/opt/ros/humble')]), 'shell': False}
[4.147567] (-) TimerEvent: {}
[4.241354] (interfaces) StdoutLine: {'line': b'-- Install configuration: ""\n'}
[4.245912] (interfaces) StdoutLine: {'line': b'-- Up-to-date: /ros2_ws/install/interfaces/share/ament_index/resource_index/rosidl_interfaces/interfaces\n'}
[4.246516] (interfaces) StdoutLine: {'line': b'-- Up-to-date: /ros2_ws/install/interfaces/include/interfaces/interfaces\n'}
[4.246988] (interfaces) StdoutLine: {'line': b'-- Up-to-date: /ros2_ws/install/interfaces/include/interfaces/interfaces/msg\n'}
[4.247451] (interfaces) StdoutLine: {'line': b'-- Up-to-date: /ros2_ws/install/interfaces/include/interfaces/interfaces/msg/detail\n'}
[4.247875] (-) TimerEvent: {}
[4.248546] (interfaces) StdoutLine: {'line': b'-- Up-to-date: /ros2_ws/install/interfaces/include/interfaces/interfaces/msg/detail/motor_cmd__struct.h\n'}
[4.249126] (interfaces) StdoutLine: {'line': b'-- Up-to-date: /ros2_ws/install/interfaces/include/interfaces/interfaces/msg/detail/motor_states__functions.h\n'}
[4.249733] (interfaces) StdoutLine: {'line': b'-- Up-to-date: /ros2_ws/install/interfaces/include/interfaces/interfaces/msg/detail/motor_states__type_support.h\n'}
[4.258056] (interfaces) StdoutLine: {'line': b'-- Up-to-date: /ros2_ws/install/interfaces/include/interfaces/interfaces/msg/detail/motor_cmd__functions.h\n'}
[4.258660] (interfaces) StdoutLine: {'line': b'-- Up-to-date: /ros2_ws/install/interfaces/include/interfaces/interfaces/msg/detail/motor_states__functions.c\n'}
[4.259312] (interfaces) StdoutLine: {'line': b'-- Up-to-date: /ros2_ws/install/interfaces/include/interfaces/interfaces/msg/detail/motor_cmd__functions.c\n'}
[4.259817] (interfaces) StdoutLine: {'line': b'-- Up-to-date: /ros2_ws/install/interfaces/include/interfaces/interfaces/msg/detail/motor_states__struct.h\n'}
[4.260292] (interfaces) StdoutLine: {'line': b'-- Up-to-date: /ros2_ws/install/interfaces/include/interfaces/interfaces/msg/detail/motor_cmd__type_support.h\n'}
[4.267025] (interfaces) StdoutLine: {'line': b'-- Up-to-date: /ros2_ws/install/interfaces/include/interfaces/interfaces/msg/motor_states.h\n'}
[4.268092] (interfaces) StdoutLine: {'line': b'-- Up-to-date: /ros2_ws/install/interfaces/include/interfaces/interfaces/msg/motor_cmd.h\n'}
[4.268605] (interfaces) StdoutLine: {'line': b'-- Up-to-date: /ros2_ws/install/interfaces/include/interfaces/interfaces/msg/rosidl_generator_c__visibility_control.h\n'}
[4.269151] (interfaces) StdoutLine: {'line': b'-- Up-to-date: /ros2_ws/install/interfaces/share/interfaces/environment/library_path.sh\n'}
[4.269676] (interfaces) StdoutLine: {'line': b'-- Up-to-date: /ros2_ws/install/interfaces/share/interfaces/environment/library_path.dsv\n'}
[4.270169] (interfaces) StdoutLine: {'line': b'-- Up-to-date: /ros2_ws/install/interfaces/lib/libinterfaces__rosidl_generator_c.so\n'}
[4.273565] (interfaces) StdoutLine: {'line': b'-- Up-to-date: /ros2_ws/install/interfaces/include/interfaces/interfaces\n'}
[4.274294] (interfaces) StdoutLine: {'line': b'-- Up-to-date: /ros2_ws/install/interfaces/include/interfaces/interfaces/msg\n'}
[4.274744] (interfaces) StdoutLine: {'line': b'-- Up-to-date: /ros2_ws/install/interfaces/include/interfaces/interfaces/msg/rosidl_typesupport_fastrtps_c__visibility_control.h\n'}
[4.278911] (interfaces) StdoutLine: {'line': b'-- Up-to-date: /ros2_ws/install/interfaces/include/interfaces/interfaces/msg/detail\n'}
[4.279549] (interfaces) StdoutLine: {'line': b'-- Up-to-date: /ros2_ws/install/interfaces/include/interfaces/interfaces/msg/detail/motor_states__rosidl_typesupport_fastrtps_c.h\n'}
[4.280554] (interfaces) StdoutLine: {'line': b'-- Up-to-date: /ros2_ws/install/interfaces/include/interfaces/interfaces/msg/detail/motor_cmd__rosidl_typesupport_fastrtps_c.h\n'}
[4.281221] (interfaces) StdoutLine: {'line': b'-- Up-to-date: /ros2_ws/install/interfaces/lib/libinterfaces__rosidl_typesupport_fastrtps_c.so\n'}
[4.283903] (interfaces) StdoutLine: {'line': b'-- Up-to-date: /ros2_ws/install/interfaces/include/interfaces/interfaces\n'}
[4.284631] (interfaces) StdoutLine: {'line': b'-- Up-to-date: /ros2_ws/install/interfaces/include/interfaces/interfaces/msg\n'}
[4.287586] (interfaces) StdoutLine: {'line': b'-- Up-to-date: /ros2_ws/install/interfaces/include/interfaces/interfaces/msg/rosidl_typesupport_introspection_c__visibility_control.h\n'}
[4.302563] (interfaces) StdoutLine: {'line': b'-- Up-to-date: /ros2_ws/install/interfaces/include/interfaces/interfaces/msg/detail\n'}
[4.305329] (interfaces) StdoutLine: {'line': b'-- Up-to-date: /ros2_ws/install/interfaces/include/interfaces/interfaces/msg/detail/motor_cmd__rosidl_typesupport_introspection_c.h\n'}
[4.305901] (interfaces) StdoutLine: {'line': b'-- Up-to-date: /ros2_ws/install/interfaces/include/interfaces/interfaces/msg/detail/motor_cmd__type_support.c\n'}
[4.308231] (interfaces) StdoutLine: {'line': b'-- Up-to-date: /ros2_ws/install/interfaces/include/interfaces/interfaces/msg/detail/motor_states__type_support.c\n'}
[4.309529] (interfaces) StdoutLine: {'line': b'-- Up-to-date: /ros2_ws/install/interfaces/include/interfaces/interfaces/msg/detail/motor_states__rosidl_typesupport_introspection_c.h\n'}
[4.311790] (interfaces) StdoutLine: {'line': b'-- Up-to-date: /ros2_ws/install/interfaces/lib/libinterfaces__rosidl_typesupport_introspection_c.so\n'}
[4.312252] (interfaces) StdoutLine: {'line': b'-- Up-to-date: /ros2_ws/install/interfaces/lib/libinterfaces__rosidl_typesupport_c.so\n'}
[4.314102] (interfaces) StdoutLine: {'line': b'-- Up-to-date: /ros2_ws/install/interfaces/include/interfaces/interfaces\n'}
[4.314580] (interfaces) StdoutLine: {'line': b'-- Up-to-date: /ros2_ws/install/interfaces/include/interfaces/interfaces/msg\n'}
[4.316691] (interfaces) StdoutLine: {'line': b'-- Up-to-date: /ros2_ws/install/interfaces/include/interfaces/interfaces/msg/motor_states.hpp\n'}
[4.321566] (interfaces) StdoutLine: {'line': b'-- Up-to-date: /ros2_ws/install/interfaces/include/interfaces/interfaces/msg/rosidl_generator_cpp__visibility_control.hpp\n'}
[4.322080] (interfaces) StdoutLine: {'line': b'-- Up-to-date: /ros2_ws/install/interfaces/include/interfaces/interfaces/msg/detail\n'}
[4.322538] (interfaces) StdoutLine: {'line': b'-- Up-to-date: /ros2_ws/install/interfaces/include/interfaces/interfaces/msg/detail/motor_states__type_support.hpp\n'}
[4.323130] (interfaces) StdoutLine: {'line': b'-- Up-to-date: /ros2_ws/install/interfaces/include/interfaces/interfaces/msg/detail/motor_states__traits.hpp\n'}
[4.323650] (interfaces) StdoutLine: {'line': b'-- Up-to-date: /ros2_ws/install/interfaces/include/interfaces/interfaces/msg/detail/motor_cmd__builder.hpp\n'}
[4.346527] (interfaces) StdoutLine: {'line': b'-- Up-to-date: /ros2_ws/install/interfaces/include/interfaces/interfaces/msg/detail/motor_cmd__type_support.hpp\n'}
[4.347091] (interfaces) StdoutLine: {'line': b'-- Up-to-date: /ros2_ws/install/interfaces/include/interfaces/interfaces/msg/detail/motor_cmd__traits.hpp\n'}
[4.347611] (interfaces) StdoutLine: {'line': b'-- Up-to-date: /ros2_ws/install/interfaces/include/interfaces/interfaces/msg/detail/motor_states__struct.hpp\n'}
[4.348109] (-) TimerEvent: {}
[4.354252] (interfaces) StdoutLine: {'line': b'-- Up-to-date: /ros2_ws/install/interfaces/include/interfaces/interfaces/msg/detail/motor_states__builder.hpp\n'}
[4.354943] (interfaces) StdoutLine: {'line': b'-- Up-to-date: /ros2_ws/install/interfaces/include/interfaces/interfaces/msg/detail/motor_cmd__struct.hpp\n'}
[4.355425] (interfaces) StdoutLine: {'line': b'-- Up-to-date: /ros2_ws/install/interfaces/include/interfaces/interfaces/msg/motor_cmd.hpp\n'}
[4.355901] (interfaces) StdoutLine: {'line': b'-- Up-to-date: /ros2_ws/install/interfaces/include/interfaces/interfaces\n'}
[4.356397] (interfaces) StdoutLine: {'line': b'-- Up-to-date: /ros2_ws/install/interfaces/include/interfaces/interfaces/msg\n'}
[4.356863] (interfaces) StdoutLine: {'line': b'-- Up-to-date: /ros2_ws/install/interfaces/include/interfaces/interfaces/msg/detail\n'}
[4.357395] (interfaces) StdoutLine: {'line': b'-- Up-to-date: /ros2_ws/install/interfaces/include/interfaces/interfaces/msg/detail/motor_states__rosidl_typesupport_fastrtps_cpp.hpp\n'}
[4.357889] (interfaces) StdoutLine: {'line': b'-- Up-to-date: /ros2_ws/install/interfaces/include/interfaces/interfaces/msg/detail/dds_fastrtps\n'}
[4.358430] (interfaces) StdoutLine: {'line': b'-- Up-to-date: /ros2_ws/install/interfaces/include/interfaces/interfaces/msg/detail/motor_cmd__rosidl_typesupport_fastrtps_cpp.hpp\n'}
[4.358966] (interfaces) StdoutLine: {'line': b'-- Up-to-date: /ros2_ws/install/interfaces/include/interfaces/interfaces/msg/rosidl_typesupport_fastrtps_cpp__visibility_control.h\n'}
[4.375309] (interfaces) StdoutLine: {'line': b'-- Up-to-date: /ros2_ws/install/interfaces/lib/libinterfaces__rosidl_typesupport_fastrtps_cpp.so\n'}
[4.375914] (interfaces) StdoutLine: {'line': b'-- Up-to-date: /ros2_ws/install/interfaces/include/interfaces/interfaces\n'}
[4.376424] (interfaces) StdoutLine: {'line': b'-- Up-to-date: /ros2_ws/install/interfaces/include/interfaces/interfaces/msg\n'}
[4.376894] (interfaces) StdoutLine: {'line': b'-- Up-to-date: /ros2_ws/install/interfaces/include/interfaces/interfaces/msg/detail\n'}
[4.390127] (interfaces) StdoutLine: {'line': b'-- Up-to-date: /ros2_ws/install/interfaces/include/interfaces/interfaces/msg/detail/motor_cmd__type_support.cpp\n'}
[4.390655] (interfaces) StdoutLine: {'line': b'-- Up-to-date: /ros2_ws/install/interfaces/include/interfaces/interfaces/msg/detail/motor_states__type_support.cpp\n'}
[4.391188] (interfaces) StdoutLine: {'line': b'-- Up-to-date: /ros2_ws/install/interfaces/include/interfaces/interfaces/msg/detail/motor_cmd__rosidl_typesupport_introspection_cpp.hpp\n'}
[4.391674] (interfaces) StdoutLine: {'line': b'-- Up-to-date: /ros2_ws/install/interfaces/include/interfaces/interfaces/msg/detail/motor_states__rosidl_typesupport_introspection_cpp.hpp\n'}
[4.401418] (interfaces) StdoutLine: {'line': b'-- Up-to-date: /ros2_ws/install/interfaces/lib/libinterfaces__rosidl_typesupport_introspection_cpp.so\n'}
[4.402260] (interfaces) StdoutLine: {'line': b'-- Up-to-date: /ros2_ws/install/interfaces/lib/libinterfaces__rosidl_typesupport_cpp.so\n'}
[4.405623] (interfaces) StdoutLine: {'line': b'-- Up-to-date: /ros2_ws/install/interfaces/share/interfaces/environment/pythonpath.sh\n'}
[4.406139] (interfaces) StdoutLine: {'line': b'-- Up-to-date: /ros2_ws/install/interfaces/share/interfaces/environment/pythonpath.dsv\n'}
[4.406596] (interfaces) StdoutLine: {'line': b'-- Up-to-date: /ros2_ws/install/interfaces/local/lib/python3.10/dist-packages/interfaces-0.0.0-py3.10.egg-info\n'}
[4.407081] (interfaces) StdoutLine: {'line': b'-- Installing: /ros2_ws/install/interfaces/local/lib/python3.10/dist-packages/interfaces-0.0.0-py3.10.egg-info/SOURCES.txt\n'}
[4.407501] (interfaces) StdoutLine: {'line': b'-- Installing: /ros2_ws/install/interfaces/local/lib/python3.10/dist-packages/interfaces-0.0.0-py3.10.egg-info/PKG-INFO\n'}
[4.407974] (interfaces) StdoutLine: {'line': b'-- Installing: /ros2_ws/install/interfaces/local/lib/python3.10/dist-packages/interfaces-0.0.0-py3.10.egg-info/dependency_links.txt\n'}
[4.408479] (interfaces) StdoutLine: {'line': b'-- Installing: /ros2_ws/install/interfaces/local/lib/python3.10/dist-packages/interfaces-0.0.0-py3.10.egg-info/top_level.txt\n'}
[4.408960] (interfaces) StdoutLine: {'line': b'-- Up-to-date: /ros2_ws/install/interfaces/local/lib/python3.10/dist-packages/interfaces\n'}
[4.413678] (interfaces) StdoutLine: {'line': b'-- Up-to-date: /ros2_ws/install/interfaces/local/lib/python3.10/dist-packages/interfaces/_interfaces_s.ep.rosidl_typesupport_c.c\n'}
[4.414142] (interfaces) StdoutLine: {'line': b'-- Up-to-date: /ros2_ws/install/interfaces/local/lib/python3.10/dist-packages/interfaces/_interfaces_s.ep.rosidl_typesupport_fastrtps_c.c\n'}
[4.418226] (interfaces) StdoutLine: {'line': b'-- Up-to-date: /ros2_ws/install/interfaces/local/lib/python3.10/dist-packages/interfaces/interfaces_s__rosidl_typesupport_introspection_c.cpython-310-aarch64-linux-gnu.so\n'}
[4.420812] (interfaces) StdoutLine: {'line': b'-- Up-to-date: /ros2_ws/install/interfaces/local/lib/python3.10/dist-packages/interfaces/__init__.py\n'}
[4.423664] (interfaces) StdoutLine: {'line': b'-- Up-to-date: /ros2_ws/install/interfaces/local/lib/python3.10/dist-packages/interfaces/libinterfaces__rosidl_generator_py.so\n'}
[4.424294] (interfaces) StdoutLine: {'line': b'-- Up-to-date: /ros2_ws/install/interfaces/local/lib/python3.10/dist-packages/interfaces/_interfaces_s.ep.rosidl_typesupport_introspection_c.c\n'}
[4.433368] (interfaces) StdoutLine: {'line': b'-- Up-to-date: /ros2_ws/install/interfaces/local/lib/python3.10/dist-packages/interfaces/msg\n'}
[4.434028] (interfaces) StdoutLine: {'line': b'-- Up-to-date: /ros2_ws/install/interfaces/local/lib/python3.10/dist-packages/interfaces/msg/_motor_cmd_s.c\n'}
[4.434504] (interfaces) StdoutLine: {'line': b'-- Up-to-date: /ros2_ws/install/interfaces/local/lib/python3.10/dist-packages/interfaces/msg/_motor_states.py\n'}
[4.434996] (interfaces) StdoutLine: {'line': b'-- Up-to-date: /ros2_ws/install/interfaces/local/lib/python3.10/dist-packages/interfaces/msg/_motor_cmd.py\n'}
[4.435429] (interfaces) StdoutLine: {'line': b'-- Up-to-date: /ros2_ws/install/interfaces/local/lib/python3.10/dist-packages/interfaces/msg/__init__.py\n'}
[4.435828] (interfaces) StdoutLine: {'line': b'-- Up-to-date: /ros2_ws/install/interfaces/local/lib/python3.10/dist-packages/interfaces/msg/_motor_states_s.c\n'}
[4.436285] (interfaces) StdoutLine: {'line': b'-- Up-to-date: /ros2_ws/install/interfaces/local/lib/python3.10/dist-packages/interfaces/interfaces_s__rosidl_typesupport_c.cpython-310-aarch64-linux-gnu.so\n'}
[4.436712] (interfaces) StdoutLine: {'line': b'-- Up-to-date: /ros2_ws/install/interfaces/local/lib/python3.10/dist-packages/interfaces/interfaces_s__rosidl_typesupport_fastrtps_c.cpython-310-aarch64-linux-gnu.so\n'}
[4.448299] (-) TimerEvent: {}
[4.549536] (-) TimerEvent: {}
[4.607074] (interfaces) StdoutLine: {'line': b"Listing '/ros2_ws/install/interfaces/local/lib/python3.10/dist-packages/interfaces'...\n"}
[4.607913] (interfaces) StdoutLine: {'line': b"Listing '/ros2_ws/install/interfaces/local/lib/python3.10/dist-packages/interfaces/msg'...\n"}
[4.649781] (-) TimerEvent: {}
[4.672081] (interfaces) StdoutLine: {'line': b'-- Up-to-date: /ros2_ws/install/interfaces/local/lib/python3.10/dist-packages/interfaces/interfaces_s__rosidl_typesupport_fastrtps_c.cpython-310-aarch64-linux-gnu.so\n'}
[4.678381] (interfaces) StdoutLine: {'line': b'-- Up-to-date: /ros2_ws/install/interfaces/local/lib/python3.10/dist-packages/interfaces/interfaces_s__rosidl_typesupport_introspection_c.cpython-310-aarch64-linux-gnu.so\n'}
[4.680685] (interfaces) StdoutLine: {'line': b'-- Up-to-date: /ros2_ws/install/interfaces/local/lib/python3.10/dist-packages/interfaces/interfaces_s__rosidl_typesupport_c.cpython-310-aarch64-linux-gnu.so\n'}
[4.690234] (interfaces) StdoutLine: {'line': b'-- Up-to-date: /ros2_ws/install/interfaces/lib/libinterfaces__rosidl_generator_py.so\n'}
[4.695557] (interfaces) StdoutLine: {'line': b'-- Up-to-date: /ros2_ws/install/interfaces/share/ament_index/resource_index/rust_packages/interfaces\n'}
[4.699013] (interfaces) StdoutLine: {'line': b'-- Up-to-date: /ros2_ws/install/interfaces/share/interfaces/rust\n'}
[4.701295] (interfaces) StdoutLine: {'line': b'-- Up-to-date: /ros2_ws/install/interfaces/share/interfaces/rust/src\n'}
[4.702416] (interfaces) StdoutLine: {'line': b'-- Up-to-date: /ros2_ws/install/interfaces/share/interfaces/rust/src/msg.rs\n'}
[4.707164] (interfaces) StdoutLine: {'line': b'-- Up-to-date: /ros2_ws/install/interfaces/share/interfaces/rust/src/lib.rs\n'}
[4.716356] (interfaces) StdoutLine: {'line': b'-- Up-to-date: /ros2_ws/install/interfaces/share/interfaces/rust/src/msg\n'}
[4.730182] (interfaces) StdoutLine: {'line': b'-- Up-to-date: /ros2_ws/install/interfaces/share/interfaces/rust/src/msg/rmw.rs\n'}
[4.730825] (interfaces) StdoutLine: {'line': b'-- Up-to-date: /ros2_ws/install/interfaces/share/interfaces/rust/build.rs\n'}
[4.731297] (interfaces) StdoutLine: {'line': b'-- Up-to-date: /ros2_ws/install/interfaces/share/interfaces/rust/Cargo.toml\n'}
[4.731740] (interfaces) StdoutLine: {'line': b'-- Up-to-date: /ros2_ws/install/interfaces/share/interfaces/msg/MotorCmd.idl\n'}
[4.741532] (interfaces) StdoutLine: {'line': b'-- Up-to-date: /ros2_ws/install/interfaces/share/interfaces/msg/MotorStates.idl\n'}
[4.750771] (-) TimerEvent: {}
[4.751340] (interfaces) StdoutLine: {'line': b'-- Up-to-date: /ros2_ws/install/interfaces/share/interfaces/msg/MotorCmd.msg\n'}
[4.758253] (interfaces) StdoutLine: {'line': b'-- Up-to-date: /ros2_ws/install/interfaces/share/interfaces/msg/MotorStates.msg\n'}
[4.775302] (interfaces) StdoutLine: {'line': b'-- Up-to-date: /ros2_ws/install/interfaces/share/ament_index/resource_index/package_run_dependencies/interfaces\n'}
[4.775824] (interfaces) StdoutLine: {'line': b'-- Up-to-date: /ros2_ws/install/interfaces/share/ament_index/resource_index/parent_prefix_path/interfaces\n'}
[4.777431] (interfaces) StdoutLine: {'line': b'-- Up-to-date: /ros2_ws/install/interfaces/share/interfaces/environment/ament_prefix_path.sh\n'}
[4.780040] (interfaces) StdoutLine: {'line': b'-- Up-to-date: /ros2_ws/install/interfaces/share/interfaces/environment/ament_prefix_path.dsv\n'}
[4.780672] (interfaces) StdoutLine: {'line': b'-- Up-to-date: /ros2_ws/install/interfaces/share/interfaces/environment/path.sh\n'}
[4.783273] (interfaces) StdoutLine: {'line': b'-- Up-to-date: /ros2_ws/install/interfaces/share/interfaces/environment/path.dsv\n'}
[4.783965] (interfaces) StdoutLine: {'line': b'-- Up-to-date: /ros2_ws/install/interfaces/share/interfaces/local_setup.bash\n'}
[4.786555] (interfaces) StdoutLine: {'line': b'-- Up-to-date: /ros2_ws/install/interfaces/share/interfaces/local_setup.sh\n'}
[4.787163] (interfaces) StdoutLine: {'line': b'-- Up-to-date: /ros2_ws/install/interfaces/share/interfaces/local_setup.zsh\n'}
[4.808499] (interfaces) StdoutLine: {'line': b'-- Up-to-date: /ros2_ws/install/interfaces/share/interfaces/local_setup.dsv\n'}
[4.810297] (interfaces) StdoutLine: {'line': b'-- Installing: /ros2_ws/install/interfaces/share/interfaces/package.dsv\n'}
[4.838998] (interfaces) StdoutLine: {'line': b'-- Up-to-date: /ros2_ws/install/interfaces/share/ament_index/resource_index/packages/interfaces\n'}
[4.839736] (interfaces) StdoutLine: {'line': b'-- Up-to-date: /ros2_ws/install/interfaces/share/interfaces/cmake/export_interfaces__rosidl_generator_cExport.cmake\n'}
[4.842685] (interfaces) StdoutLine: {'line': b'-- Up-to-date: /ros2_ws/install/interfaces/share/interfaces/cmake/export_interfaces__rosidl_generator_cExport-noconfig.cmake\n'}
[4.843288] (interfaces) StdoutLine: {'line': b'-- Up-to-date: /ros2_ws/install/interfaces/share/interfaces/cmake/export_interfaces__rosidl_typesupport_fastrtps_cExport.cmake\n'}
[4.843789] (interfaces) StdoutLine: {'line': b'-- Up-to-date: /ros2_ws/install/interfaces/share/interfaces/cmake/export_interfaces__rosidl_typesupport_fastrtps_cExport-noconfig.cmake\n'}
[4.848021] (interfaces) StdoutLine: {'line': b'-- Up-to-date: /ros2_ws/install/interfaces/share/interfaces/cmake/interfaces__rosidl_typesupport_introspection_cExport.cmake\n'}
[4.848558] (interfaces) StdoutLine: {'line': b'-- Up-to-date: /ros2_ws/install/interfaces/share/interfaces/cmake/interfaces__rosidl_typesupport_introspection_cExport-noconfig.cmake\n'}
[4.849040] (interfaces) StdoutLine: {'line': b'-- Up-to-date: /ros2_ws/install/interfaces/share/interfaces/cmake/interfaces__rosidl_typesupport_cExport.cmake\n'}
[4.849604] (interfaces) StdoutLine: {'line': b'-- Up-to-date: /ros2_ws/install/interfaces/share/interfaces/cmake/interfaces__rosidl_typesupport_cExport-noconfig.cmake\n'}
[4.850126] (-) TimerEvent: {}
[4.867924] (interfaces) StdoutLine: {'line': b'-- Up-to-date: /ros2_ws/install/interfaces/share/interfaces/cmake/export_interfaces__rosidl_generator_cppExport.cmake\n'}
[4.868623] (interfaces) StdoutLine: {'line': b'-- Up-to-date: /ros2_ws/install/interfaces/share/interfaces/cmake/export_interfaces__rosidl_typesupport_fastrtps_cppExport.cmake\n'}
[4.874229] (interfaces) StdoutLine: {'line': b'-- Up-to-date: /ros2_ws/install/interfaces/share/interfaces/cmake/export_interfaces__rosidl_typesupport_fastrtps_cppExport-noconfig.cmake\n'}
[4.874901] (interfaces) StdoutLine: {'line': b'-- Up-to-date: /ros2_ws/install/interfaces/share/interfaces/cmake/interfaces__rosidl_typesupport_introspection_cppExport.cmake\n'}
[4.875512] (interfaces) StdoutLine: {'line': b'-- Up-to-date: /ros2_ws/install/interfaces/share/interfaces/cmake/interfaces__rosidl_typesupport_introspection_cppExport-noconfig.cmake\n'}
[4.920709] (interfaces) StdoutLine: {'line': b'-- Up-to-date: /ros2_ws/install/interfaces/share/interfaces/cmake/interfaces__rosidl_typesupport_cppExport.cmake\n'}
[4.921466] (interfaces) StdoutLine: {'line': b'-- Up-to-date: /ros2_ws/install/interfaces/share/interfaces/cmake/interfaces__rosidl_typesupport_cppExport-noconfig.cmake\n'}
[4.922012] (interfaces) StdoutLine: {'line': b'-- Up-to-date: /ros2_ws/install/interfaces/share/interfaces/cmake/export_interfaces__rosidl_generator_pyExport.cmake\n'}
[4.922501] (interfaces) StdoutLine: {'line': b'-- Up-to-date: /ros2_ws/install/interfaces/share/interfaces/cmake/export_interfaces__rosidl_generator_pyExport-noconfig.cmake\n'}
[4.923022] (interfaces) StdoutLine: {'line': b'-- Up-to-date: /ros2_ws/install/interfaces/share/interfaces/cmake/rosidl_cmake-extras.cmake\n'}
[4.923584] (interfaces) StdoutLine: {'line': b'-- Up-to-date: /ros2_ws/install/interfaces/share/interfaces/cmake/ament_cmake_export_include_directories-extras.cmake\n'}
[4.924090] (interfaces) StdoutLine: {'line': b'-- Up-to-date: /ros2_ws/install/interfaces/share/interfaces/cmake/ament_cmake_export_libraries-extras.cmake\n'}
[4.924579] (interfaces) StdoutLine: {'line': b'-- Up-to-date: /ros2_ws/install/interfaces/share/interfaces/cmake/ament_cmake_export_targets-extras.cmake\n'}
[4.925105] (interfaces) StdoutLine: {'line': b'-- Up-to-date: /ros2_ws/install/interfaces/share/interfaces/cmake/rosidl_cmake_export_typesupport_targets-extras.cmake\n'}
[4.935051] (interfaces) StdoutLine: {'line': b'-- Up-to-date: /ros2_ws/install/interfaces/share/interfaces/cmake/ament_cmake_export_dependencies-extras.cmake\n'}
[4.938562] (interfaces) StdoutLine: {'line': b'-- Up-to-date: /ros2_ws/install/interfaces/share/interfaces/cmake/rosidl_cmake_export_typesupport_libraries-extras.cmake\n'}
[4.945647] (interfaces) StdoutLine: {'line': b'-- Up-to-date: /ros2_ws/install/interfaces/share/interfaces/cmake/rosidl_cmake_aggregate_target-extras.cmake\n'}
[4.946398] (interfaces) StdoutLine: {'line': b'-- Up-to-date: /ros2_ws/install/interfaces/share/interfaces/cmake/interfacesConfig.cmake\n'}
[4.946877] (interfaces) StdoutLine: {'line': b'-- Up-to-date: /ros2_ws/install/interfaces/share/interfaces/cmake/interfacesConfig-version.cmake\n'}
[4.947332] (interfaces) StdoutLine: {'line': b'-- Up-to-date: /ros2_ws/install/interfaces/share/interfaces/package.xml\n'}
[4.954737] (-) TimerEvent: {}
[4.955265] (interfaces) CommandEnded: {'returncode': 0}
[5.054944] (-) TimerEvent: {}
[5.119420] (interfaces) JobEnded: {'identifier': 'interfaces', 'rc': 0}
[5.123373] (brain_hardware) JobStarted: {'identifier': 'brain_hardware'}
[5.155480] (-) TimerEvent: {}
[5.166174] (brain_controller) JobStarted: {'identifier': 'brain_controller'}
[5.212094] (brain_hardware) JobProgress: {'identifier': 'brain_hardware', 'progress': 'cmake'}
[5.216792] (brain_hardware) JobProgress: {'identifier': 'brain_hardware', 'progress': 'build'}
[5.243559] (brain_hardware) Command: {'cmd': ['/usr/bin/cmake', '--build', '/ros2_ws/build/brain_hardware', '--', '-j4', '-l4'], 'cwd': '/ros2_ws/build/brain_hardware', 'env': OrderedDict([('LESSOPEN', '| /usr/bin/lesspipe %s'), ('HOSTNAME', '55456c0da4eb'), ('GIT_ASKPASS', '/root/.vscode-server/bin/8b3775030ed1a69b13e4f4c628c612102e30a681/extensions/git/dist/askpass.sh'), ('SHLVL', '2'), ('LD_LIBRARY_PATH', '/ros2_ws/install/interfaces/lib:/ros2_ws/install/brain_hardware/lib:/ros2_ws/install/brain_controller/lib:/opt/ros/humble/opt/rviz_ogre_vendor/lib:/opt/ros/humble/lib/aarch64-linux-gnu:/opt/ros/humble/lib'), ('BROWSER', '/root/.vscode-server/bin/8b3775030ed1a69b13e4f4c628c612102e30a681/bin/helpers/browser.sh'), ('HOME', '/root'), ('TERM_PROGRAM_VERSION', '1.85.2'), ('VSCODE_IPC_HOOK_CLI', '/tmp/vscode-ipc-d7878676-71cb-4525-8110-398c659ccb15.sock'), ('ROS_PYTHON_VERSION', '3'), ('VSCODE_GIT_ASKPASS_MAIN', '/root/.vscode-server/bin/8b3775030ed1a69b13e4f4c628c612102e30a681/extensions/git/dist/askpass-main.js'), ('PS1', '\\[\x1b]633;A\x07\\]\\u@\\h\\[\\033[01;32m\\](brain)\\[\\033[00m\\]:\\w$ \\[\x1b]633;B\x07\\]'), ('VSCODE_GIT_ASKPASS_NODE', '/root/.vscode-server/bin/8b3775030ed1a69b13e4f4c628c612102e30a681/node'), ('ROS_IP', '10.10.0.2'), ('COLORTERM', 'truecolor'), ('REMOTE_CONTAINERS', 'true'), ('COLCON_PREFIX_PATH', '/ros2_ws/install'), ('ROS_DISTRO', 'humble'), ('REMOTE_CONTAINERS_IPC', '/tmp/vscode-remote-containers-ipc-2645588d-ea61-4df9-83f3-4f3a79670a0e.sock'), ('_', '/usr/bin/colcon'), ('ROS_VERSION', '2'), ('TERM', 'xterm-256color'), ('ROS_LOCALHOST_ONLY', '0'), ('PATH', '/ros2_ws/install/oradar_lidar/bin:/root/.vscode-server/bin/8b3775030ed1a69b13e4f4c628c612102e30a681/bin/remote-cli:/opt/ros/humble/bin:/usr/local/sbin:/usr/local/bin:/usr/sbin:/usr/bin:/sbin:/bin'), ('REMOTE_CONTAINERS_SOCKETS', '["/tmp/vscode-ssh-auth-2645588d-ea61-4df9-83f3-4f3a79670a0e.sock","/root/.gnupg/S.gpg-agent"]'), ('DISPLAY', ':0'), ('LANG', 'en_US.UTF-8'), ('RMW_IMPLEMENTATION', 'rmw_fastrtps_cpp'), ('LS_COLORS', 'rs=0:di=01;34:ln=01;36:mh=00:pi=40;33:so=01;35:do=01;35:bd=40;33;01:cd=40;33;01:or=40;31;01:mi=00:su=37;41:sg=30;43:ca=30;41:tw=30;42:ow=34;42:st=37;44:ex=01;32:*.tar=01;31:*.tgz=01;31:*.arc=01;31:*.arj=01;31:*.taz=01;31:*.lha=01;31:*.lz4=01;31:*.lzh=01;31:*.lzma=01;31:*.tlz=01;31:*.txz=01;31:*.tzo=01;31:*.t7z=01;31:*.zip=01;31:*.z=01;31:*.dz=01;31:*.gz=01;31:*.lrz=01;31:*.lz=01;31:*.lzo=01;31:*.xz=01;31:*.zst=01;31:*.tzst=01;31:*.bz2=01;31:*.bz=01;31:*.tbz=01;31:*.tbz2=01;31:*.tz=01;31:*.deb=01;31:*.rpm=01;31:*.jar=01;31:*.war=01;31:*.ear=01;31:*.sar=01;31:*.rar=01;31:*.alz=01;31:*.ace=01;31:*.zoo=01;31:*.cpio=01;31:*.7z=01;31:*.rz=01;31:*.cab=01;31:*.wim=01;31:*.swm=01;31:*.dwm=01;31:*.esd=01;31:*.jpg=01;35:*.jpeg=01;35:*.mjpg=01;35:*.mjpeg=01;35:*.gif=01;35:*.bmp=01;35:*.pbm=01;35:*.pgm=01;35:*.ppm=01;35:*.tga=01;35:*.xbm=01;35:*.xpm=01;35:*.tif=01;35:*.tiff=01;35:*.png=01;35:*.svg=01;35:*.svgz=01;35:*.mng=01;35:*.pcx=01;35:*.mov=01;35:*.mpg=01;35:*.mpeg=01;35:*.m2v=01;35:*.mkv=01;35:*.webm=01;35:*.webp=01;35:*.ogm=01;35:*.mp4=01;35:*.m4v=01;35:*.mp4v=01;35:*.vob=01;35:*.qt=01;35:*.nuv=01;35:*.wmv=01;35:*.asf=01;35:*.rm=01;35:*.rmvb=01;35:*.flc=01;35:*.avi=01;35:*.fli=01;35:*.flv=01;35:*.gl=01;35:*.dl=01;35:*.xcf=01;35:*.xwd=01;35:*.yuv=01;35:*.cgm=01;35:*.emf=01;35:*.ogv=01;35:*.ogx=01;35:*.aac=00;36:*.au=00;36:*.flac=00;36:*.m4a=00;36:*.mid=00;36:*.midi=00;36:*.mka=00;36:*.mp3=00;36:*.mpc=00;36:*.ogg=00;36:*.ra=00;36:*.wav=00;36:*.oga=00;36:*.opus=00;36:*.spx=00;36:*.xspf=00;36:'), ('VSCODE_GIT_IPC_HANDLE', '/tmp/vscode-git-b3700a665a.sock'), ('TERM_PROGRAM', 'vscode'), ('SSH_AUTH_SOCK', '/tmp/vscode-ssh-auth-2645588d-ea61-4df9-83f3-4f3a79670a0e.sock'), ('ROS_DOMAIN_ID', '42'), ('AMENT_PREFIX_PATH', '/ros2_ws/install/oradar_lidar:/ros2_ws/install/bringup:/ros2_ws/install/description:/ros2_ws/install/brain_hardware:/ros2_ws/install/brain_controller:/ros2_ws/install/interfaces:/opt/ros/humble'), ('SHELL', '/bin/bash'), ('LESSCLOSE', '/usr/bin/lesspipe %s %s'), ('VSCODE_GIT_ASKPASS_EXTRA_ARGS', ''), ('PWD', '/ros2_ws/build/brain_hardware'), ('PYTHONPATH', '/ros2_ws/install/interfaces/local/lib/python3.10/dist-packages:/opt/ros/humble/lib/python3.10/site-packages:/opt/ros/humble/local/lib/python3.10/dist-packages'), ('ROS_HOSTNAME', '10.10.0.2'), ('COLCON', '1'), ('CMAKE_PREFIX_PATH', '/ros2_ws/install/interfaces:/ros2_ws/install/oradar_lidar:/ros2_ws/install/bringup:/ros2_ws/install/description:/ros2_ws/install/brain_hardware:/ros2_ws/install/brain_controller:/opt/ros/humble')]), 'shell': False}
[5.261720] (-) TimerEvent: {}
[5.274994] (brain_controller) JobProgress: {'identifier': 'brain_controller', 'progress': 'cmake'}
[5.278623] (brain_controller) JobProgress: {'identifier': 'brain_controller', 'progress': 'build'}
[5.285854] (brain_controller) Command: {'cmd': ['/usr/bin/cmake', '--build', '/ros2_ws/build/brain_controller', '--', '-j4', '-l4'], 'cwd': '/ros2_ws/build/brain_controller', 'env': OrderedDict([('LESSOPEN', '| /usr/bin/lesspipe %s'), ('HOSTNAME', '55456c0da4eb'), ('GIT_ASKPASS', '/root/.vscode-server/bin/8b3775030ed1a69b13e4f4c628c612102e30a681/extensions/git/dist/askpass.sh'), ('SHLVL', '2'), ('LD_LIBRARY_PATH', '/ros2_ws/install/interfaces/lib:/ros2_ws/install/brain_hardware/lib:/ros2_ws/install/brain_controller/lib:/opt/ros/humble/opt/rviz_ogre_vendor/lib:/opt/ros/humble/lib/aarch64-linux-gnu:/opt/ros/humble/lib'), ('BROWSER', '/root/.vscode-server/bin/8b3775030ed1a69b13e4f4c628c612102e30a681/bin/helpers/browser.sh'), ('HOME', '/root'), ('TERM_PROGRAM_VERSION', '1.85.2'), ('VSCODE_IPC_HOOK_CLI', '/tmp/vscode-ipc-d7878676-71cb-4525-8110-398c659ccb15.sock'), ('ROS_PYTHON_VERSION', '3'), ('VSCODE_GIT_ASKPASS_MAIN', '/root/.vscode-server/bin/8b3775030ed1a69b13e4f4c628c612102e30a681/extensions/git/dist/askpass-main.js'), ('PS1', '\\[\x1b]633;A\x07\\]\\u@\\h\\[\\033[01;32m\\](brain)\\[\\033[00m\\]:\\w$ \\[\x1b]633;B\x07\\]'), ('VSCODE_GIT_ASKPASS_NODE', '/root/.vscode-server/bin/8b3775030ed1a69b13e4f4c628c612102e30a681/node'), ('ROS_IP', '10.10.0.2'), ('COLORTERM', 'truecolor'), ('REMOTE_CONTAINERS', 'true'), ('COLCON_PREFIX_PATH', '/ros2_ws/install'), ('ROS_DISTRO', 'humble'), ('REMOTE_CONTAINERS_IPC', '/tmp/vscode-remote-containers-ipc-2645588d-ea61-4df9-83f3-4f3a79670a0e.sock'), ('_', '/usr/bin/colcon'), ('ROS_VERSION', '2'), ('TERM', 'xterm-256color'), ('ROS_LOCALHOST_ONLY', '0'), ('PATH', '/ros2_ws/install/oradar_lidar/bin:/root/.vscode-server/bin/8b3775030ed1a69b13e4f4c628c612102e30a681/bin/remote-cli:/opt/ros/humble/bin:/usr/local/sbin:/usr/local/bin:/usr/sbin:/usr/bin:/sbin:/bin'), ('REMOTE_CONTAINERS_SOCKETS', '["/tmp/vscode-ssh-auth-2645588d-ea61-4df9-83f3-4f3a79670a0e.sock","/root/.gnupg/S.gpg-agent"]'), ('DISPLAY', ':0'), ('LANG', 'en_US.UTF-8'), ('RMW_IMPLEMENTATION', 'rmw_fastrtps_cpp'), ('LS_COLORS', 'rs=0:di=01;34:ln=01;36:mh=00:pi=40;33:so=01;35:do=01;35:bd=40;33;01:cd=40;33;01:or=40;31;01:mi=00:su=37;41:sg=30;43:ca=30;41:tw=30;42:ow=34;42:st=37;44:ex=01;32:*.tar=01;31:*.tgz=01;31:*.arc=01;31:*.arj=01;31:*.taz=01;31:*.lha=01;31:*.lz4=01;31:*.lzh=01;31:*.lzma=01;31:*.tlz=01;31:*.txz=01;31:*.tzo=01;31:*.t7z=01;31:*.zip=01;31:*.z=01;31:*.dz=01;31:*.gz=01;31:*.lrz=01;31:*.lz=01;31:*.lzo=01;31:*.xz=01;31:*.zst=01;31:*.tzst=01;31:*.bz2=01;31:*.bz=01;31:*.tbz=01;31:*.tbz2=01;31:*.tz=01;31:*.deb=01;31:*.rpm=01;31:*.jar=01;31:*.war=01;31:*.ear=01;31:*.sar=01;31:*.rar=01;31:*.alz=01;31:*.ace=01;31:*.zoo=01;31:*.cpio=01;31:*.7z=01;31:*.rz=01;31:*.cab=01;31:*.wim=01;31:*.swm=01;31:*.dwm=01;31:*.esd=01;31:*.jpg=01;35:*.jpeg=01;35:*.mjpg=01;35:*.mjpeg=01;35:*.gif=01;35:*.bmp=01;35:*.pbm=01;35:*.pgm=01;35:*.ppm=01;35:*.tga=01;35:*.xbm=01;35:*.xpm=01;35:*.tif=01;35:*.tiff=01;35:*.png=01;35:*.svg=01;35:*.svgz=01;35:*.mng=01;35:*.pcx=01;35:*.mov=01;35:*.mpg=01;35:*.mpeg=01;35:*.m2v=01;35:*.mkv=01;35:*.webm=01;35:*.webp=01;35:*.ogm=01;35:*.mp4=01;35:*.m4v=01;35:*.mp4v=01;35:*.vob=01;35:*.qt=01;35:*.nuv=01;35:*.wmv=01;35:*.asf=01;35:*.rm=01;35:*.rmvb=01;35:*.flc=01;35:*.avi=01;35:*.fli=01;35:*.flv=01;35:*.gl=01;35:*.dl=01;35:*.xcf=01;35:*.xwd=01;35:*.yuv=01;35:*.cgm=01;35:*.emf=01;35:*.ogv=01;35:*.ogx=01;35:*.aac=00;36:*.au=00;36:*.flac=00;36:*.m4a=00;36:*.mid=00;36:*.midi=00;36:*.mka=00;36:*.mp3=00;36:*.mpc=00;36:*.ogg=00;36:*.ra=00;36:*.wav=00;36:*.oga=00;36:*.opus=00;36:*.spx=00;36:*.xspf=00;36:'), ('VSCODE_GIT_IPC_HANDLE', '/tmp/vscode-git-b3700a665a.sock'), ('TERM_PROGRAM', 'vscode'), ('SSH_AUTH_SOCK', '/tmp/vscode-ssh-auth-2645588d-ea61-4df9-83f3-4f3a79670a0e.sock'), ('ROS_DOMAIN_ID', '42'), ('AMENT_PREFIX_PATH', '/ros2_ws/install/oradar_lidar:/ros2_ws/install/bringup:/ros2_ws/install/description:/ros2_ws/install/brain_hardware:/ros2_ws/install/brain_controller:/ros2_ws/install/interfaces:/opt/ros/humble'), ('SHELL', '/bin/bash'), ('LESSCLOSE', '/usr/bin/lesspipe %s %s'), ('VSCODE_GIT_ASKPASS_EXTRA_ARGS', ''), ('PWD', '/ros2_ws/build/brain_controller'), ('PYTHONPATH', '/ros2_ws/install/interfaces/local/lib/python3.10/dist-packages:/opt/ros/humble/lib/python3.10/site-packages:/opt/ros/humble/local/lib/python3.10/dist-packages'), ('ROS_HOSTNAME', '10.10.0.2'), ('COLCON', '1'), ('CMAKE_PREFIX_PATH', '/ros2_ws/install/interfaces:/ros2_ws/install/oradar_lidar:/ros2_ws/install/bringup:/ros2_ws/install/description:/ros2_ws/install/brain_hardware:/ros2_ws/install/brain_controller:/opt/ros/humble')]), 'shell': False}
[5.361890] (-) TimerEvent: {}
[5.463099] (-) TimerEvent: {}
[5.563852] (-) TimerEvent: {}
[5.664990] (-) TimerEvent: {}
[5.765751] (-) TimerEvent: {}
[5.866457] (-) TimerEvent: {}
[5.967584] (-) TimerEvent: {}
[6.068443] (-) TimerEvent: {}
[6.173575] (-) TimerEvent: {}
[6.274670] (-) TimerEvent: {}
[6.291614] (brain_controller) StdoutLine: {'line': b'[ 50%] \x1b[32mBuilding CXX object CMakeFiles/brain_controller.dir/src/brain_controller.cpp.o\x1b[0m\n'}
[6.324722] (brain_hardware) StdoutLine: {'line': b'[100%] Built target brain_hardware\n'}
[6.374846] (-) TimerEvent: {}
[6.476594] (-) TimerEvent: {}
[6.552738] (brain_hardware) CommandEnded: {'returncode': 0}
[6.557941] (brain_hardware) JobProgress: {'identifier': 'brain_hardware', 'progress': 'install'}
[6.575618] (brain_hardware) Command: {'cmd': ['/usr/bin/cmake', '--install', '/ros2_ws/build/brain_hardware'], 'cwd': '/ros2_ws/build/brain_hardware', 'env': OrderedDict([('LESSOPEN', '| /usr/bin/lesspipe %s'), ('HOSTNAME', '55456c0da4eb'), ('GIT_ASKPASS', '/root/.vscode-server/bin/8b3775030ed1a69b13e4f4c628c612102e30a681/extensions/git/dist/askpass.sh'), ('SHLVL', '2'), ('LD_LIBRARY_PATH', '/ros2_ws/install/interfaces/lib:/ros2_ws/install/brain_hardware/lib:/ros2_ws/install/brain_controller/lib:/opt/ros/humble/opt/rviz_ogre_vendor/lib:/opt/ros/humble/lib/aarch64-linux-gnu:/opt/ros/humble/lib'), ('BROWSER', '/root/.vscode-server/bin/8b3775030ed1a69b13e4f4c628c612102e30a681/bin/helpers/browser.sh'), ('HOME', '/root'), ('TERM_PROGRAM_VERSION', '1.85.2'), ('VSCODE_IPC_HOOK_CLI', '/tmp/vscode-ipc-d7878676-71cb-4525-8110-398c659ccb15.sock'), ('ROS_PYTHON_VERSION', '3'), ('VSCODE_GIT_ASKPASS_MAIN', '/root/.vscode-server/bin/8b3775030ed1a69b13e4f4c628c612102e30a681/extensions/git/dist/askpass-main.js'), ('PS1', '\\[\x1b]633;A\x07\\]\\u@\\h\\[\\033[01;32m\\](brain)\\[\\033[00m\\]:\\w$ \\[\x1b]633;B\x07\\]'), ('VSCODE_GIT_ASKPASS_NODE', '/root/.vscode-server/bin/8b3775030ed1a69b13e4f4c628c612102e30a681/node'), ('ROS_IP', '10.10.0.2'), ('COLORTERM', 'truecolor'), ('REMOTE_CONTAINERS', 'true'), ('COLCON_PREFIX_PATH', '/ros2_ws/install'), ('ROS_DISTRO', 'humble'), ('REMOTE_CONTAINERS_IPC', '/tmp/vscode-remote-containers-ipc-2645588d-ea61-4df9-83f3-4f3a79670a0e.sock'), ('_', '/usr/bin/colcon'), ('ROS_VERSION', '2'), ('TERM', 'xterm-256color'), ('ROS_LOCALHOST_ONLY', '0'), ('PATH', '/ros2_ws/install/oradar_lidar/bin:/root/.vscode-server/bin/8b3775030ed1a69b13e4f4c628c612102e30a681/bin/remote-cli:/opt/ros/humble/bin:/usr/local/sbin:/usr/local/bin:/usr/sbin:/usr/bin:/sbin:/bin'), ('REMOTE_CONTAINERS_SOCKETS', '["/tmp/vscode-ssh-auth-2645588d-ea61-4df9-83f3-4f3a79670a0e.sock","/root/.gnupg/S.gpg-agent"]'), ('DISPLAY', ':0'), ('LANG', 'en_US.UTF-8'), ('RMW_IMPLEMENTATION', 'rmw_fastrtps_cpp'), ('LS_COLORS', 'rs=0:di=01;34:ln=01;36:mh=00:pi=40;33:so=01;35:do=01;35:bd=40;33;01:cd=40;33;01:or=40;31;01:mi=00:su=37;41:sg=30;43:ca=30;41:tw=30;42:ow=34;42:st=37;44:ex=01;32:*.tar=01;31:*.tgz=01;31:*.arc=01;31:*.arj=01;31:*.taz=01;31:*.lha=01;31:*.lz4=01;31:*.lzh=01;31:*.lzma=01;31:*.tlz=01;31:*.txz=01;31:*.tzo=01;31:*.t7z=01;31:*.zip=01;31:*.z=01;31:*.dz=01;31:*.gz=01;31:*.lrz=01;31:*.lz=01;31:*.lzo=01;31:*.xz=01;31:*.zst=01;31:*.tzst=01;31:*.bz2=01;31:*.bz=01;31:*.tbz=01;31:*.tbz2=01;31:*.tz=01;31:*.deb=01;31:*.rpm=01;31:*.jar=01;31:*.war=01;31:*.ear=01;31:*.sar=01;31:*.rar=01;31:*.alz=01;31:*.ace=01;31:*.zoo=01;31:*.cpio=01;31:*.7z=01;31:*.rz=01;31:*.cab=01;31:*.wim=01;31:*.swm=01;31:*.dwm=01;31:*.esd=01;31:*.jpg=01;35:*.jpeg=01;35:*.mjpg=01;35:*.mjpeg=01;35:*.gif=01;35:*.bmp=01;35:*.pbm=01;35:*.pgm=01;35:*.ppm=01;35:*.tga=01;35:*.xbm=01;35:*.xpm=01;35:*.tif=01;35:*.tiff=01;35:*.png=01;35:*.svg=01;35:*.svgz=01;35:*.mng=01;35:*.pcx=01;35:*.mov=01;35:*.mpg=01;35:*.mpeg=01;35:*.m2v=01;35:*.mkv=01;35:*.webm=01;35:*.webp=01;35:*.ogm=01;35:*.mp4=01;35:*.m4v=01;35:*.mp4v=01;35:*.vob=01;35:*.qt=01;35:*.nuv=01;35:*.wmv=01;35:*.asf=01;35:*.rm=01;35:*.rmvb=01;35:*.flc=01;35:*.avi=01;35:*.fli=01;35:*.flv=01;35:*.gl=01;35:*.dl=01;35:*.xcf=01;35:*.xwd=01;35:*.yuv=01;35:*.cgm=01;35:*.emf=01;35:*.ogv=01;35:*.ogx=01;35:*.aac=00;36:*.au=00;36:*.flac=00;36:*.m4a=00;36:*.mid=00;36:*.midi=00;36:*.mka=00;36:*.mp3=00;36:*.mpc=00;36:*.ogg=00;36:*.ra=00;36:*.wav=00;36:*.oga=00;36:*.opus=00;36:*.spx=00;36:*.xspf=00;36:'), ('VSCODE_GIT_IPC_HANDLE', '/tmp/vscode-git-b3700a665a.sock'), ('TERM_PROGRAM', 'vscode'), ('SSH_AUTH_SOCK', '/tmp/vscode-ssh-auth-2645588d-ea61-4df9-83f3-4f3a79670a0e.sock'), ('ROS_DOMAIN_ID', '42'), ('AMENT_PREFIX_PATH', '/ros2_ws/install/oradar_lidar:/ros2_ws/install/bringup:/ros2_ws/install/description:/ros2_ws/install/brain_hardware:/ros2_ws/install/brain_controller:/ros2_ws/install/interfaces:/opt/ros/humble'), ('SHELL', '/bin/bash'), ('LESSCLOSE', '/usr/bin/lesspipe %s %s'), ('VSCODE_GIT_ASKPASS_EXTRA_ARGS', ''), ('PWD', '/ros2_ws/build/brain_hardware'), ('PYTHONPATH', '/ros2_ws/install/interfaces/local/lib/python3.10/dist-packages:/opt/ros/humble/lib/python3.10/site-packages:/opt/ros/humble/local/lib/python3.10/dist-packages'), ('ROS_HOSTNAME', '10.10.0.2'), ('COLCON', '1'), ('CMAKE_PREFIX_PATH', '/ros2_ws/install/interfaces:/ros2_ws/install/oradar_lidar:/ros2_ws/install/bringup:/ros2_ws/install/description:/ros2_ws/install/brain_hardware:/ros2_ws/install/brain_controller:/opt/ros/humble')]), 'shell': False}
[6.577336] (-) TimerEvent: {}
[6.641329] (brain_hardware) StdoutLine: {'line': b'-- Install configuration: ""\n'}
[6.646129] (brain_hardware) StdoutLine: {'line': b'-- Up-to-date: /ros2_ws/install/brain_hardware/share/brain_hardware/brain_hardware_plugins.xml\n'}
[6.646688] (brain_hardware) StdoutLine: {'line': b'-- Up-to-date: /ros2_ws/install/brain_hardware/lib/libbrain_hardware.so\n'}
[6.649554] (brain_hardware) StdoutLine: {'line': b'-- Up-to-date: /ros2_ws/install/brain_hardware/include/brain_hardware\n'}
[6.650392] (brain_hardware) StdoutLine: {'line': b'-- Up-to-date: /ros2_ws/install/brain_hardware/include/brain_hardware/brain_hardware\n'}
[6.650939] (brain_hardware) StdoutLine: {'line': b'-- Up-to-date: /ros2_ws/install/brain_hardware/include/brain_hardware/brain_hardware/brain_system_hardware.hpp\n'}
[6.651409] (brain_hardware) StdoutLine: {'line': b'-- Up-to-date: /ros2_ws/install/brain_hardware/share/brain_hardware/brain_hardware_plugins.xml\n'}
[6.656302] (brain_hardware) StdoutLine: {'line': b'-- Up-to-date: /ros2_ws/install/brain_hardware/share/brain_hardware/environment/library_path.sh\n'}
[6.656925] (brain_hardware) StdoutLine: {'line': b'-- Up-to-date: /ros2_ws/install/brain_hardware/share/brain_hardware/environment/library_path.dsv\n'}
[6.657477] (brain_hardware) StdoutLine: {'line': b'-- Up-to-date: /ros2_ws/install/brain_hardware/share/ament_index/resource_index/package_run_dependencies/brain_hardware\n'}
[6.657933] (brain_hardware) StdoutLine: {'line': b'-- Up-to-date: /ros2_ws/install/brain_hardware/share/ament_index/resource_index/parent_prefix_path/brain_hardware\n'}
[6.665025] (brain_hardware) StdoutLine: {'line': b'-- Up-to-date: /ros2_ws/install/brain_hardware/share/brain_hardware/environment/ament_prefix_path.sh\n'}
[6.665585] (brain_hardware) StdoutLine: {'line': b'-- Up-to-date: /ros2_ws/install/brain_hardware/share/brain_hardware/environment/ament_prefix_path.dsv\n'}
[6.666024] (brain_hardware) StdoutLine: {'line': b'-- Up-to-date: /ros2_ws/install/brain_hardware/share/brain_hardware/environment/path.sh\n'}
[6.666444] (brain_hardware) StdoutLine: {'line': b'-- Up-to-date: /ros2_ws/install/brain_hardware/share/brain_hardware/environment/path.dsv\n'}
[6.666832] (brain_hardware) StdoutLine: {'line': b'-- Up-to-date: /ros2_ws/install/brain_hardware/share/brain_hardware/local_setup.bash\n'}
[6.667214] (brain_hardware) StdoutLine: {'line': b'-- Up-to-date: /ros2_ws/install/brain_hardware/share/brain_hardware/local_setup.sh\n'}
[6.668997] (brain_hardware) StdoutLine: {'line': b'-- Up-to-date: /ros2_ws/install/brain_hardware/share/brain_hardware/local_setup.zsh\n'}
[6.670666] (brain_hardware) StdoutLine: {'line': b'-- Up-to-date: /ros2_ws/install/brain_hardware/share/brain_hardware/local_setup.dsv\n'}
[6.697925] (-) TimerEvent: {}
[6.698423] (brain_hardware) StdoutLine: {'line': b'-- Installing: /ros2_ws/install/brain_hardware/share/brain_hardware/package.dsv\n'}
[6.699050] (brain_hardware) StdoutLine: {'line': b'-- Up-to-date: /ros2_ws/install/brain_hardware/share/ament_index/resource_index/packages/brain_hardware\n'}
[6.699789] (brain_hardware) StdoutLine: {'line': b'-- Up-to-date: /ros2_ws/install/brain_hardware/share/ament_index/resource_index/hardware_interface__pluginlib__plugin/brain_hardware\n'}
[6.700571] (brain_hardware) StdoutLine: {'line': b'-- Up-to-date: /ros2_ws/install/brain_hardware/share/brain_hardware/cmake/ament_cmake_export_include_directories-extras.cmake\n'}
[6.701032] (brain_hardware) StdoutLine: {'line': b'-- Up-to-date: /ros2_ws/install/brain_hardware/share/brain_hardware/cmake/ament_cmake_export_libraries-extras.cmake\n'}
[6.701573] (brain_hardware) StdoutLine: {'line': b'-- Up-to-date: /ros2_ws/install/brain_hardware/share/brain_hardware/cmake/ament_cmake_export_dependencies-extras.cmake\n'}
[6.707553] (brain_hardware) StdoutLine: {'line': b'-- Up-to-date: /ros2_ws/install/brain_hardware/share/brain_hardware/cmake/brain_hardwareConfig.cmake\n'}
[6.708808] (brain_hardware) StdoutLine: {'line': b'-- Up-to-date: /ros2_ws/install/brain_hardware/share/brain_hardware/cmake/brain_hardwareConfig-version.cmake\n'}
[6.709543] (brain_hardware) StdoutLine: {'line': b'-- Up-to-date: /ros2_ws/install/brain_hardware/share/brain_hardware/package.xml\n'}
[6.712571] (brain_hardware) CommandEnded: {'returncode': 0}
[6.798550] (-) TimerEvent: {}
[6.870656] (brain_hardware) JobEnded: {'identifier': 'brain_hardware', 'rc': 0}
[6.872547] (description) JobStarted: {'identifier': 'description'}
[6.902638] (-) TimerEvent: {}
[7.003765] (-) TimerEvent: {}
[7.023243] (description) JobProgress: {'identifier': 'description', 'progress': 'cmake'}
[7.026191] (description) JobProgress: {'identifier': 'description', 'progress': 'build'}
[7.027594] (description) Command: {'cmd': ['/usr/bin/cmake', '--build', '/ros2_ws/build/description', '--', '-j4', '-l4'], 'cwd': '/ros2_ws/build/description', 'env': OrderedDict([('LESSOPEN', '| /usr/bin/lesspipe %s'), ('HOSTNAME', '55456c0da4eb'), ('GIT_ASKPASS', '/root/.vscode-server/bin/8b3775030ed1a69b13e4f4c628c612102e30a681/extensions/git/dist/askpass.sh'), ('SHLVL', '2'), ('LD_LIBRARY_PATH', '/ros2_ws/install/brain_hardware/lib:/ros2_ws/install/interfaces/lib:/ros2_ws/install/brain_controller/lib:/opt/ros/humble/opt/rviz_ogre_vendor/lib:/opt/ros/humble/lib/aarch64-linux-gnu:/opt/ros/humble/lib'), ('BROWSER', '/root/.vscode-server/bin/8b3775030ed1a69b13e4f4c628c612102e30a681/bin/helpers/browser.sh'), ('HOME', '/root'), ('TERM_PROGRAM_VERSION', '1.85.2'), ('VSCODE_IPC_HOOK_CLI', '/tmp/vscode-ipc-d7878676-71cb-4525-8110-398c659ccb15.sock'), ('ROS_PYTHON_VERSION', '3'), ('VSCODE_GIT_ASKPASS_MAIN', '/root/.vscode-server/bin/8b3775030ed1a69b13e4f4c628c612102e30a681/extensions/git/dist/askpass-main.js'), ('PS1', '\\[\x1b]633;A\x07\\]\\u@\\h\\[\\033[01;32m\\](brain)\\[\\033[00m\\]:\\w$ \\[\x1b]633;B\x07\\]'), ('VSCODE_GIT_ASKPASS_NODE', '/root/.vscode-server/bin/8b3775030ed1a69b13e4f4c628c612102e30a681/node'), ('ROS_IP', '10.10.0.2'), ('COLORTERM', 'truecolor'), ('REMOTE_CONTAINERS', 'true'), ('COLCON_PREFIX_PATH', '/ros2_ws/install'), ('ROS_DISTRO', 'humble'), ('REMOTE_CONTAINERS_IPC', '/tmp/vscode-remote-containers-ipc-2645588d-ea61-4df9-83f3-4f3a79670a0e.sock'), ('_', '/usr/bin/colcon'), ('ROS_VERSION', '2'), ('TERM', 'xterm-256color'), ('ROS_LOCALHOST_ONLY', '0'), ('PATH', '/ros2_ws/install/oradar_lidar/bin:/root/.vscode-server/bin/8b3775030ed1a69b13e4f4c628c612102e30a681/bin/remote-cli:/opt/ros/humble/bin:/usr/local/sbin:/usr/local/bin:/usr/sbin:/usr/bin:/sbin:/bin'), ('REMOTE_CONTAINERS_SOCKETS', '["/tmp/vscode-ssh-auth-2645588d-ea61-4df9-83f3-4f3a79670a0e.sock","/root/.gnupg/S.gpg-agent"]'), ('DISPLAY', ':0'), ('LANG', 'en_US.UTF-8'), ('RMW_IMPLEMENTATION', 'rmw_fastrtps_cpp'), ('LS_COLORS', 'rs=0:di=01;34:ln=01;36:mh=00:pi=40;33:so=01;35:do=01;35:bd=40;33;01:cd=40;33;01:or=40;31;01:mi=00:su=37;41:sg=30;43:ca=30;41:tw=30;42:ow=34;42:st=37;44:ex=01;32:*.tar=01;31:*.tgz=01;31:*.arc=01;31:*.arj=01;31:*.taz=01;31:*.lha=01;31:*.lz4=01;31:*.lzh=01;31:*.lzma=01;31:*.tlz=01;31:*.txz=01;31:*.tzo=01;31:*.t7z=01;31:*.zip=01;31:*.z=01;31:*.dz=01;31:*.gz=01;31:*.lrz=01;31:*.lz=01;31:*.lzo=01;31:*.xz=01;31:*.zst=01;31:*.tzst=01;31:*.bz2=01;31:*.bz=01;31:*.tbz=01;31:*.tbz2=01;31:*.tz=01;31:*.deb=01;31:*.rpm=01;31:*.jar=01;31:*.war=01;31:*.ear=01;31:*.sar=01;31:*.rar=01;31:*.alz=01;31:*.ace=01;31:*.zoo=01;31:*.cpio=01;31:*.7z=01;31:*.rz=01;31:*.cab=01;31:*.wim=01;31:*.swm=01;31:*.dwm=01;31:*.esd=01;31:*.jpg=01;35:*.jpeg=01;35:*.mjpg=01;35:*.mjpeg=01;35:*.gif=01;35:*.bmp=01;35:*.pbm=01;35:*.pgm=01;35:*.ppm=01;35:*.tga=01;35:*.xbm=01;35:*.xpm=01;35:*.tif=01;35:*.tiff=01;35:*.png=01;35:*.svg=01;35:*.svgz=01;35:*.mng=01;35:*.pcx=01;35:*.mov=01;35:*.mpg=01;35:*.mpeg=01;35:*.m2v=01;35:*.mkv=01;35:*.webm=01;35:*.webp=01;35:*.ogm=01;35:*.mp4=01;35:*.m4v=01;35:*.mp4v=01;35:*.vob=01;35:*.qt=01;35:*.nuv=01;35:*.wmv=01;35:*.asf=01;35:*.rm=01;35:*.rmvb=01;35:*.flc=01;35:*.avi=01;35:*.fli=01;35:*.flv=01;35:*.gl=01;35:*.dl=01;35:*.xcf=01;35:*.xwd=01;35:*.yuv=01;35:*.cgm=01;35:*.emf=01;35:*.ogv=01;35:*.ogx=01;35:*.aac=00;36:*.au=00;36:*.flac=00;36:*.m4a=00;36:*.mid=00;36:*.midi=00;36:*.mka=00;36:*.mp3=00;36:*.mpc=00;36:*.ogg=00;36:*.ra=00;36:*.wav=00;36:*.oga=00;36:*.opus=00;36:*.spx=00;36:*.xspf=00;36:'), ('VSCODE_GIT_IPC_HANDLE', '/tmp/vscode-git-b3700a665a.sock'), ('TERM_PROGRAM', 'vscode'), ('SSH_AUTH_SOCK', '/tmp/vscode-ssh-auth-2645588d-ea61-4df9-83f3-4f3a79670a0e.sock'), ('ROS_DOMAIN_ID', '42'), ('AMENT_PREFIX_PATH', '/ros2_ws/install/oradar_lidar:/ros2_ws/install/bringup:/ros2_ws/install/description:/ros2_ws/install/brain_hardware:/ros2_ws/install/brain_controller:/ros2_ws/install/interfaces:/opt/ros/humble'), ('SHELL', '/bin/bash'), ('LESSCLOSE', '/usr/bin/lesspipe %s %s'), ('VSCODE_GIT_ASKPASS_EXTRA_ARGS', ''), ('PWD', '/ros2_ws/build/description'), ('PYTHONPATH', '/ros2_ws/install/interfaces/local/lib/python3.10/dist-packages:/opt/ros/humble/lib/python3.10/site-packages:/opt/ros/humble/local/lib/python3.10/dist-packages'), ('ROS_HOSTNAME', '10.10.0.2'), ('COLCON', '1'), ('CMAKE_PREFIX_PATH', '/ros2_ws/install/brain_hardware:/ros2_ws/install/interfaces:/ros2_ws/install/oradar_lidar:/ros2_ws/install/bringup:/ros2_ws/install/description:/ros2_ws/install/brain_controller:/opt/ros/humble')]), 'shell': False}
[7.103947] (-) TimerEvent: {}
[7.206368] (-) TimerEvent: {}
[7.307118] (-) TimerEvent: {}
[7.393449] (description) CommandEnded: {'returncode': 0}
[7.409059] (description) JobProgress: {'identifier': 'description', 'progress': 'install'}
[7.409765] (-) TimerEvent: {}
[7.411168] (description) Command: {'cmd': ['/usr/bin/cmake', '--install', '/ros2_ws/build/description'], 'cwd': '/ros2_ws/build/description', 'env': OrderedDict([('LESSOPEN', '| /usr/bin/lesspipe %s'), ('HOSTNAME', '55456c0da4eb'), ('GIT_ASKPASS', '/root/.vscode-server/bin/8b3775030ed1a69b13e4f4c628c612102e30a681/extensions/git/dist/askpass.sh'), ('SHLVL', '2'), ('LD_LIBRARY_PATH', '/ros2_ws/install/brain_hardware/lib:/ros2_ws/install/interfaces/lib:/ros2_ws/install/brain_controller/lib:/opt/ros/humble/opt/rviz_ogre_vendor/lib:/opt/ros/humble/lib/aarch64-linux-gnu:/opt/ros/humble/lib'), ('BROWSER', '/root/.vscode-server/bin/8b3775030ed1a69b13e4f4c628c612102e30a681/bin/helpers/browser.sh'), ('HOME', '/root'), ('TERM_PROGRAM_VERSION', '1.85.2'), ('VSCODE_IPC_HOOK_CLI', '/tmp/vscode-ipc-d7878676-71cb-4525-8110-398c659ccb15.sock'), ('ROS_PYTHON_VERSION', '3'), ('VSCODE_GIT_ASKPASS_MAIN', '/root/.vscode-server/bin/8b3775030ed1a69b13e4f4c628c612102e30a681/extensions/git/dist/askpass-main.js'), ('PS1', '\\[\x1b]633;A\x07\\]\\u@\\h\\[\\033[01;32m\\](brain)\\[\\033[00m\\]:\\w$ \\[\x1b]633;B\x07\\]'), ('VSCODE_GIT_ASKPASS_NODE', '/root/.vscode-server/bin/8b3775030ed1a69b13e4f4c628c612102e30a681/node'), ('ROS_IP', '10.10.0.2'), ('COLORTERM', 'truecolor'), ('REMOTE_CONTAINERS', 'true'), ('COLCON_PREFIX_PATH', '/ros2_ws/install'), ('ROS_DISTRO', 'humble'), ('REMOTE_CONTAINERS_IPC', '/tmp/vscode-remote-containers-ipc-2645588d-ea61-4df9-83f3-4f3a79670a0e.sock'), ('_', '/usr/bin/colcon'), ('ROS_VERSION', '2'), ('TERM', 'xterm-256color'), ('ROS_LOCALHOST_ONLY', '0'), ('PATH', '/ros2_ws/install/oradar_lidar/bin:/root/.vscode-server/bin/8b3775030ed1a69b13e4f4c628c612102e30a681/bin/remote-cli:/opt/ros/humble/bin:/usr/local/sbin:/usr/local/bin:/usr/sbin:/usr/bin:/sbin:/bin'), ('REMOTE_CONTAINERS_SOCKETS', '["/tmp/vscode-ssh-auth-2645588d-ea61-4df9-83f3-4f3a79670a0e.sock","/root/.gnupg/S.gpg-agent"]'), ('DISPLAY', ':0'), ('LANG', 'en_US.UTF-8'), ('RMW_IMPLEMENTATION', 'rmw_fastrtps_cpp'), ('LS_COLORS', 'rs=0:di=01;34:ln=01;36:mh=00:pi=40;33:so=01;35:do=01;35:bd=40;33;01:cd=40;33;01:or=40;31;01:mi=00:su=37;41:sg=30;43:ca=30;41:tw=30;42:ow=34;42:st=37;44:ex=01;32:*.tar=01;31:*.tgz=01;31:*.arc=01;31:*.arj=01;31:*.taz=01;31:*.lha=01;31:*.lz4=01;31:*.lzh=01;31:*.lzma=01;31:*.tlz=01;31:*.txz=01;31:*.tzo=01;31:*.t7z=01;31:*.zip=01;31:*.z=01;31:*.dz=01;31:*.gz=01;31:*.lrz=01;31:*.lz=01;31:*.lzo=01;31:*.xz=01;31:*.zst=01;31:*.tzst=01;31:*.bz2=01;31:*.bz=01;31:*.tbz=01;31:*.tbz2=01;31:*.tz=01;31:*.deb=01;31:*.rpm=01;31:*.jar=01;31:*.war=01;31:*.ear=01;31:*.sar=01;31:*.rar=01;31:*.alz=01;31:*.ace=01;31:*.zoo=01;31:*.cpio=01;31:*.7z=01;31:*.rz=01;31:*.cab=01;31:*.wim=01;31:*.swm=01;31:*.dwm=01;31:*.esd=01;31:*.jpg=01;35:*.jpeg=01;35:*.mjpg=01;35:*.mjpeg=01;35:*.gif=01;35:*.bmp=01;35:*.pbm=01;35:*.pgm=01;35:*.ppm=01;35:*.tga=01;35:*.xbm=01;35:*.xpm=01;35:*.tif=01;35:*.tiff=01;35:*.png=01;35:*.svg=01;35:*.svgz=01;35:*.mng=01;35:*.pcx=01;35:*.mov=01;35:*.mpg=01;35:*.mpeg=01;35:*.m2v=01;35:*.mkv=01;35:*.webm=01;35:*.webp=01;35:*.ogm=01;35:*.mp4=01;35:*.m4v=01;35:*.mp4v=01;35:*.vob=01;35:*.qt=01;35:*.nuv=01;35:*.wmv=01;35:*.asf=01;35:*.rm=01;35:*.rmvb=01;35:*.flc=01;35:*.avi=01;35:*.fli=01;35:*.flv=01;35:*.gl=01;35:*.dl=01;35:*.xcf=01;35:*.xwd=01;35:*.yuv=01;35:*.cgm=01;35:*.emf=01;35:*.ogv=01;35:*.ogx=01;35:*.aac=00;36:*.au=00;36:*.flac=00;36:*.m4a=00;36:*.mid=00;36:*.midi=00;36:*.mka=00;36:*.mp3=00;36:*.mpc=00;36:*.ogg=00;36:*.ra=00;36:*.wav=00;36:*.oga=00;36:*.opus=00;36:*.spx=00;36:*.xspf=00;36:'), ('VSCODE_GIT_IPC_HANDLE', '/tmp/vscode-git-b3700a665a.sock'), ('TERM_PROGRAM', 'vscode'), ('SSH_AUTH_SOCK', '/tmp/vscode-ssh-auth-2645588d-ea61-4df9-83f3-4f3a79670a0e.sock'), ('ROS_DOMAIN_ID', '42'), ('AMENT_PREFIX_PATH', '/ros2_ws/install/oradar_lidar:/ros2_ws/install/bringup:/ros2_ws/install/description:/ros2_ws/install/brain_hardware:/ros2_ws/install/brain_controller:/ros2_ws/install/interfaces:/opt/ros/humble'), ('SHELL', '/bin/bash'), ('LESSCLOSE', '/usr/bin/lesspipe %s %s'), ('VSCODE_GIT_ASKPASS_EXTRA_ARGS', ''), ('PWD', '/ros2_ws/build/description'), ('PYTHONPATH', '/ros2_ws/install/interfaces/local/lib/python3.10/dist-packages:/opt/ros/humble/lib/python3.10/site-packages:/opt/ros/humble/local/lib/python3.10/dist-packages'), ('ROS_HOSTNAME', '10.10.0.2'), ('COLCON', '1'), ('CMAKE_PREFIX_PATH', '/ros2_ws/install/brain_hardware:/ros2_ws/install/interfaces:/ros2_ws/install/oradar_lidar:/ros2_ws/install/bringup:/ros2_ws/install/description:/ros2_ws/install/brain_controller:/opt/ros/humble')]), 'shell': False}
[7.459398] (description) StdoutLine: {'line': b'-- Install configuration: ""\n'}
[7.461717] (description) StdoutLine: {'line': b'-- Up-to-date: /ros2_ws/install/description/share/description/urdf\n'}
[7.466048] (description) StdoutLine: {'line': b'-- Up-to-date: /ros2_ws/install/description/share/description/urdf/dabai.xacro\n'}
[7.466714] (description) StdoutLine: {'line': b'-- Up-to-date: /ros2_ws/install/description/share/description/urdf/materials.xacro\n'}
[7.467199] (description) StdoutLine: {'line': b'-- Up-to-date: /ros2_ws/install/description/share/description/urdf/description.urdf.xacro\n'}
[7.467739] (description) StdoutLine: {'line': b'-- Up-to-date: /ros2_ws/install/description/share/description/urdf/ascamera.xacro\n'}
[7.468293] (description) StdoutLine: {'line': b'-- Up-to-date: /ros2_ws/install/description/share/description/config\n'}
[7.468815] (description) StdoutLine: {'line': b'-- Up-to-date: /ros2_ws/install/description/share/description/config/ekf.yaml\n'}
[7.478808] (description) StdoutLine: {'line': b'-- Up-to-date: /ros2_ws/install/description/share/description/config/brain_controllers.yaml\n'}
[7.479678] (description) StdoutLine: {'line': b'-- Up-to-date: /ros2_ws/install/description/share/description/config/nav2_params.yaml\n'}
[7.480474] (description) StdoutLine: {'line': b'-- Up-to-date: /ros2_ws/install/description/share/description/config/slam_params.yaml\n'}
[7.481158] (description) StdoutLine: {'line': b'-- Up-to-date: /ros2_ws/install/description/share/description/launch\n'}
[7.481741] (description) StdoutLine: {'line': b'-- Up-to-date: /ros2_ws/install/description/share/description/launch/display.launch.py\n'}
[7.485084] (description) StdoutLine: {'line': b'-- Up-to-date: /ros2_ws/install/description/share/description/rviz\n'}
[7.486004] (description) StdoutLine: {'line': b'-- Up-to-date: /ros2_ws/install/description/share/description/meshes\n'}
[7.486520] (description) StdoutLine: {'line': b'-- Up-to-date: /ros2_ws/install/description/share/ament_index/resource_index/package_run_dependencies/description\n'}
[7.486943] (description) StdoutLine: {'line': b'-- Up-to-date: /ros2_ws/install/description/share/ament_index/resource_index/parent_prefix_path/description\n'}
[7.487341] (description) StdoutLine: {'line': b'-- Up-to-date: /ros2_ws/install/description/share/description/environment/ament_prefix_path.sh\n'}
[7.487876] (description) StdoutLine: {'line': b'-- Up-to-date: /ros2_ws/install/description/share/description/environment/ament_prefix_path.dsv\n'}
[7.488421] (description) StdoutLine: {'line': b'-- Up-to-date: /ros2_ws/install/description/share/description/environment/path.sh\n'}
[7.488959] (description) StdoutLine: {'line': b'-- Up-to-date: /ros2_ws/install/description/share/description/environment/path.dsv\n'}
[7.505825] (description) StdoutLine: {'line': b'-- Up-to-date: /ros2_ws/install/description/share/description/local_setup.bash\n'}
[7.506366] (description) StdoutLine: {'line': b'-- Up-to-date: /ros2_ws/install/description/share/description/local_setup.sh\n'}
[7.506862] (description) StdoutLine: {'line': b'-- Up-to-date: /ros2_ws/install/description/share/description/local_setup.zsh\n'}
[7.507325] (description) StdoutLine: {'line': b'-- Up-to-date: /ros2_ws/install/description/share/description/local_setup.dsv\n'}
[7.507768] (description) StdoutLine: {'line': b'-- Installing: /ros2_ws/install/description/share/description/package.dsv\n'}
[7.508268] (description) StdoutLine: {'line': b'-- Up-to-date: /ros2_ws/install/description/share/ament_index/resource_index/packages/description\n'}
[7.508805] (description) StdoutLine: {'line': b'-- Up-to-date: /ros2_ws/install/description/share/description/cmake/descriptionConfig.cmake\n'}
[7.509436] (description) StdoutLine: {'line': b'-- Up-to-date: /ros2_ws/install/description/share/description/cmake/descriptionConfig-version.cmake\n'}
[7.509970] (-) TimerEvent: {}
[7.510484] (description) StdoutLine: {'line': b'-- Up-to-date: /ros2_ws/install/description/share/description/package.xml\n'}
[7.521951] (description) CommandEnded: {'returncode': 0}
[7.610164] (-) TimerEvent: {}
[7.728836] (-) TimerEvent: {}
[7.757355] (description) JobEnded: {'identifier': 'description', 'rc': 0}
[7.761381] (bringup) JobStarted: {'identifier': 'bringup'}
[7.862598] (-) TimerEvent: {}
[8.007529] (-) TimerEvent: {}
[8.031706] (bringup) JobProgress: {'identifier': 'bringup', 'progress': 'cmake'}
[8.035265] (bringup) JobProgress: {'identifier': 'bringup', 'progress': 'build'}
[8.038163] (bringup) Command: {'cmd': ['/usr/bin/cmake', '--build', '/ros2_ws/build/bringup', '--', '-j4', '-l4'], 'cwd': '/ros2_ws/build/bringup', 'env': OrderedDict([('LESSOPEN', '| /usr/bin/lesspipe %s'), ('HOSTNAME', '55456c0da4eb'), ('GIT_ASKPASS', '/root/.vscode-server/bin/8b3775030ed1a69b13e4f4c628c612102e30a681/extensions/git/dist/askpass.sh'), ('SHLVL', '2'), ('LD_LIBRARY_PATH', '/ros2_ws/install/brain_hardware/lib:/ros2_ws/install/interfaces/lib:/ros2_ws/install/brain_controller/lib:/opt/ros/humble/opt/rviz_ogre_vendor/lib:/opt/ros/humble/lib/aarch64-linux-gnu:/opt/ros/humble/lib'), ('BROWSER', '/root/.vscode-server/bin/8b3775030ed1a69b13e4f4c628c612102e30a681/bin/helpers/browser.sh'), ('HOME', '/root'), ('TERM_PROGRAM_VERSION', '1.85.2'), ('VSCODE_IPC_HOOK_CLI', '/tmp/vscode-ipc-d7878676-71cb-4525-8110-398c659ccb15.sock'), ('ROS_PYTHON_VERSION', '3'), ('VSCODE_GIT_ASKPASS_MAIN', '/root/.vscode-server/bin/8b3775030ed1a69b13e4f4c628c612102e30a681/extensions/git/dist/askpass-main.js'), ('PS1', '\\[\x1b]633;A\x07\\]\\u@\\h\\[\\033[01;32m\\](brain)\\[\\033[00m\\]:\\w$ \\[\x1b]633;B\x07\\]'), ('VSCODE_GIT_ASKPASS_NODE', '/root/.vscode-server/bin/8b3775030ed1a69b13e4f4c628c612102e30a681/node'), ('ROS_IP', '10.10.0.2'), ('COLORTERM', 'truecolor'), ('REMOTE_CONTAINERS', 'true'), ('COLCON_PREFIX_PATH', '/ros2_ws/install'), ('ROS_DISTRO', 'humble'), ('REMOTE_CONTAINERS_IPC', '/tmp/vscode-remote-containers-ipc-2645588d-ea61-4df9-83f3-4f3a79670a0e.sock'), ('_', '/usr/bin/colcon'), ('ROS_VERSION', '2'), ('TERM', 'xterm-256color'), ('ROS_LOCALHOST_ONLY', '0'), ('PATH', '/ros2_ws/install/oradar_lidar/bin:/root/.vscode-server/bin/8b3775030ed1a69b13e4f4c628c612102e30a681/bin/remote-cli:/opt/ros/humble/bin:/usr/local/sbin:/usr/local/bin:/usr/sbin:/usr/bin:/sbin:/bin'), ('REMOTE_CONTAINERS_SOCKETS', '["/tmp/vscode-ssh-auth-2645588d-ea61-4df9-83f3-4f3a79670a0e.sock","/root/.gnupg/S.gpg-agent"]'), ('DISPLAY', ':0'), ('LANG', 'en_US.UTF-8'), ('RMW_IMPLEMENTATION', 'rmw_fastrtps_cpp'), ('LS_COLORS', 'rs=0:di=01;34:ln=01;36:mh=00:pi=40;33:so=01;35:do=01;35:bd=40;33;01:cd=40;33;01:or=40;31;01:mi=00:su=37;41:sg=30;43:ca=30;41:tw=30;42:ow=34;42:st=37;44:ex=01;32:*.tar=01;31:*.tgz=01;31:*.arc=01;31:*.arj=01;31:*.taz=01;31:*.lha=01;31:*.lz4=01;31:*.lzh=01;31:*.lzma=01;31:*.tlz=01;31:*.txz=01;31:*.tzo=01;31:*.t7z=01;31:*.zip=01;31:*.z=01;31:*.dz=01;31:*.gz=01;31:*.lrz=01;31:*.lz=01;31:*.lzo=01;31:*.xz=01;31:*.zst=01;31:*.tzst=01;31:*.bz2=01;31:*.bz=01;31:*.tbz=01;31:*.tbz2=01;31:*.tz=01;31:*.deb=01;31:*.rpm=01;31:*.jar=01;31:*.war=01;31:*.ear=01;31:*.sar=01;31:*.rar=01;31:*.alz=01;31:*.ace=01;31:*.zoo=01;31:*.cpio=01;31:*.7z=01;31:*.rz=01;31:*.cab=01;31:*.wim=01;31:*.swm=01;31:*.dwm=01;31:*.esd=01;31:*.jpg=01;35:*.jpeg=01;35:*.mjpg=01;35:*.mjpeg=01;35:*.gif=01;35:*.bmp=01;35:*.pbm=01;35:*.pgm=01;35:*.ppm=01;35:*.tga=01;35:*.xbm=01;35:*.xpm=01;35:*.tif=01;35:*.tiff=01;35:*.png=01;35:*.svg=01;35:*.svgz=01;35:*.mng=01;35:*.pcx=01;35:*.mov=01;35:*.mpg=01;35:*.mpeg=01;35:*.m2v=01;35:*.mkv=01;35:*.webm=01;35:*.webp=01;35:*.ogm=01;35:*.mp4=01;35:*.m4v=01;35:*.mp4v=01;35:*.vob=01;35:*.qt=01;35:*.nuv=01;35:*.wmv=01;35:*.asf=01;35:*.rm=01;35:*.rmvb=01;35:*.flc=01;35:*.avi=01;35:*.fli=01;35:*.flv=01;35:*.gl=01;35:*.dl=01;35:*.xcf=01;35:*.xwd=01;35:*.yuv=01;35:*.cgm=01;35:*.emf=01;35:*.ogv=01;35:*.ogx=01;35:*.aac=00;36:*.au=00;36:*.flac=00;36:*.m4a=00;36:*.mid=00;36:*.midi=00;36:*.mka=00;36:*.mp3=00;36:*.mpc=00;36:*.ogg=00;36:*.ra=00;36:*.wav=00;36:*.oga=00;36:*.opus=00;36:*.spx=00;36:*.xspf=00;36:'), ('VSCODE_GIT_IPC_HANDLE', '/tmp/vscode-git-b3700a665a.sock'), ('TERM_PROGRAM', 'vscode'), ('SSH_AUTH_SOCK', '/tmp/vscode-ssh-auth-2645588d-ea61-4df9-83f3-4f3a79670a0e.sock'), ('ROS_DOMAIN_ID', '42'), ('AMENT_PREFIX_PATH', '/ros2_ws/install/oradar_lidar:/ros2_ws/install/bringup:/ros2_ws/install/description:/ros2_ws/install/brain_hardware:/ros2_ws/install/brain_controller:/ros2_ws/install/interfaces:/opt/ros/humble'), ('SHELL', '/bin/bash'), ('LESSCLOSE', '/usr/bin/lesspipe %s %s'), ('VSCODE_GIT_ASKPASS_EXTRA_ARGS', ''), ('PWD', '/ros2_ws/build/bringup'), ('PYTHONPATH', '/ros2_ws/install/interfaces/local/lib/python3.10/dist-packages:/opt/ros/humble/lib/python3.10/site-packages:/opt/ros/humble/local/lib/python3.10/dist-packages'), ('ROS_HOSTNAME', '10.10.0.2'), ('COLCON', '1'), ('CMAKE_PREFIX_PATH', '/ros2_ws/install/description:/ros2_ws/install/brain_hardware:/ros2_ws/install/interfaces:/ros2_ws/install/oradar_lidar:/ros2_ws/install/bringup:/ros2_ws/install/brain_controller:/opt/ros/humble')]), 'shell': False}
[8.107714] (-) TimerEvent: {}
[8.208893] (-) TimerEvent: {}
[8.310595] (-) TimerEvent: {}
[8.411301] (-) TimerEvent: {}
[8.504010] (bringup) CommandEnded: {'returncode': 0}
[8.527542] (bringup) JobProgress: {'identifier': 'bringup', 'progress': 'install'}
[8.527760] (-) TimerEvent: {}
[8.530517] (bringup) Command: {'cmd': ['/usr/bin/cmake', '--install', '/ros2_ws/build/bringup'], 'cwd': '/ros2_ws/build/bringup', 'env': OrderedDict([('LESSOPEN', '| /usr/bin/lesspipe %s'), ('HOSTNAME', '55456c0da4eb'), ('GIT_ASKPASS', '/root/.vscode-server/bin/8b3775030ed1a69b13e4f4c628c612102e30a681/extensions/git/dist/askpass.sh'), ('SHLVL', '2'), ('LD_LIBRARY_PATH', '/ros2_ws/install/brain_hardware/lib:/ros2_ws/install/interfaces/lib:/ros2_ws/install/brain_controller/lib:/opt/ros/humble/opt/rviz_ogre_vendor/lib:/opt/ros/humble/lib/aarch64-linux-gnu:/opt/ros/humble/lib'), ('BROWSER', '/root/.vscode-server/bin/8b3775030ed1a69b13e4f4c628c612102e30a681/bin/helpers/browser.sh'), ('HOME', '/root'), ('TERM_PROGRAM_VERSION', '1.85.2'), ('VSCODE_IPC_HOOK_CLI', '/tmp/vscode-ipc-d7878676-71cb-4525-8110-398c659ccb15.sock'), ('ROS_PYTHON_VERSION', '3'), ('VSCODE_GIT_ASKPASS_MAIN', '/root/.vscode-server/bin/8b3775030ed1a69b13e4f4c628c612102e30a681/extensions/git/dist/askpass-main.js'), ('PS1', '\\[\x1b]633;A\x07\\]\\u@\\h\\[\\033[01;32m\\](brain)\\[\\033[00m\\]:\\w$ \\[\x1b]633;B\x07\\]'), ('VSCODE_GIT_ASKPASS_NODE', '/root/.vscode-server/bin/8b3775030ed1a69b13e4f4c628c612102e30a681/node'), ('ROS_IP', '10.10.0.2'), ('COLORTERM', 'truecolor'), ('REMOTE_CONTAINERS', 'true'), ('COLCON_PREFIX_PATH', '/ros2_ws/install'), ('ROS_DISTRO', 'humble'), ('REMOTE_CONTAINERS_IPC', '/tmp/vscode-remote-containers-ipc-2645588d-ea61-4df9-83f3-4f3a79670a0e.sock'), ('_', '/usr/bin/colcon'), ('ROS_VERSION', '2'), ('TERM', 'xterm-256color'), ('ROS_LOCALHOST_ONLY', '0'), ('PATH', '/ros2_ws/install/oradar_lidar/bin:/root/.vscode-server/bin/8b3775030ed1a69b13e4f4c628c612102e30a681/bin/remote-cli:/opt/ros/humble/bin:/usr/local/sbin:/usr/local/bin:/usr/sbin:/usr/bin:/sbin:/bin'), ('REMOTE_CONTAINERS_SOCKETS', '["/tmp/vscode-ssh-auth-2645588d-ea61-4df9-83f3-4f3a79670a0e.sock","/root/.gnupg/S.gpg-agent"]'), ('DISPLAY', ':0'), ('LANG', 'en_US.UTF-8'), ('RMW_IMPLEMENTATION', 'rmw_fastrtps_cpp'), ('LS_COLORS', 'rs=0:di=01;34:ln=01;36:mh=00:pi=40;33:so=01;35:do=01;35:bd=40;33;01:cd=40;33;01:or=40;31;01:mi=00:su=37;41:sg=30;43:ca=30;41:tw=30;42:ow=34;42:st=37;44:ex=01;32:*.tar=01;31:*.tgz=01;31:*.arc=01;31:*.arj=01;31:*.taz=01;31:*.lha=01;31:*.lz4=01;31:*.lzh=01;31:*.lzma=01;31:*.tlz=01;31:*.txz=01;31:*.tzo=01;31:*.t7z=01;31:*.zip=01;31:*.z=01;31:*.dz=01;31:*.gz=01;31:*.lrz=01;31:*.lz=01;31:*.lzo=01;31:*.xz=01;31:*.zst=01;31:*.tzst=01;31:*.bz2=01;31:*.bz=01;31:*.tbz=01;31:*.tbz2=01;31:*.tz=01;31:*.deb=01;31:*.rpm=01;31:*.jar=01;31:*.war=01;31:*.ear=01;31:*.sar=01;31:*.rar=01;31:*.alz=01;31:*.ace=01;31:*.zoo=01;31:*.cpio=01;31:*.7z=01;31:*.rz=01;31:*.cab=01;31:*.wim=01;31:*.swm=01;31:*.dwm=01;31:*.esd=01;31:*.jpg=01;35:*.jpeg=01;35:*.mjpg=01;35:*.mjpeg=01;35:*.gif=01;35:*.bmp=01;35:*.pbm=01;35:*.pgm=01;35:*.ppm=01;35:*.tga=01;35:*.xbm=01;35:*.xpm=01;35:*.tif=01;35:*.tiff=01;35:*.png=01;35:*.svg=01;35:*.svgz=01;35:*.mng=01;35:*.pcx=01;35:*.mov=01;35:*.mpg=01;35:*.mpeg=01;35:*.m2v=01;35:*.mkv=01;35:*.webm=01;35:*.webp=01;35:*.ogm=01;35:*.mp4=01;35:*.m4v=01;35:*.mp4v=01;35:*.vob=01;35:*.qt=01;35:*.nuv=01;35:*.wmv=01;35:*.asf=01;35:*.rm=01;35:*.rmvb=01;35:*.flc=01;35:*.avi=01;35:*.fli=01;35:*.flv=01;35:*.gl=01;35:*.dl=01;35:*.xcf=01;35:*.xwd=01;35:*.yuv=01;35:*.cgm=01;35:*.emf=01;35:*.ogv=01;35:*.ogx=01;35:*.aac=00;36:*.au=00;36:*.flac=00;36:*.m4a=00;36:*.mid=00;36:*.midi=00;36:*.mka=00;36:*.mp3=00;36:*.mpc=00;36:*.ogg=00;36:*.ra=00;36:*.wav=00;36:*.oga=00;36:*.opus=00;36:*.spx=00;36:*.xspf=00;36:'), ('VSCODE_GIT_IPC_HANDLE', '/tmp/vscode-git-b3700a665a.sock'), ('TERM_PROGRAM', 'vscode'), ('SSH_AUTH_SOCK', '/tmp/vscode-ssh-auth-2645588d-ea61-4df9-83f3-4f3a79670a0e.sock'), ('ROS_DOMAIN_ID', '42'), ('AMENT_PREFIX_PATH', '/ros2_ws/install/oradar_lidar:/ros2_ws/install/bringup:/ros2_ws/install/description:/ros2_ws/install/brain_hardware:/ros2_ws/install/brain_controller:/ros2_ws/install/interfaces:/opt/ros/humble'), ('SHELL', '/bin/bash'), ('LESSCLOSE', '/usr/bin/lesspipe %s %s'), ('VSCODE_GIT_ASKPASS_EXTRA_ARGS', ''), ('PWD', '/ros2_ws/build/bringup'), ('PYTHONPATH', '/ros2_ws/install/interfaces/local/lib/python3.10/dist-packages:/opt/ros/humble/lib/python3.10/site-packages:/opt/ros/humble/local/lib/python3.10/dist-packages'), ('ROS_HOSTNAME', '10.10.0.2'), ('COLCON', '1'), ('CMAKE_PREFIX_PATH', '/ros2_ws/install/description:/ros2_ws/install/brain_hardware:/ros2_ws/install/interfaces:/ros2_ws/install/oradar_lidar:/ros2_ws/install/bringup:/ros2_ws/install/brain_controller:/opt/ros/humble')]), 'shell': False}
[8.629657] (-) TimerEvent: {}
[8.633070] (bringup) StdoutLine: {'line': b'-- Install configuration: ""\n'}
[8.639572] (bringup) StdoutLine: {'line': b'-- Up-to-date: /ros2_ws/install/bringup/share/bringup/launch\n'}
[8.650582] (bringup) StdoutLine: {'line': b'-- Up-to-date: /ros2_ws/install/bringup/share/bringup/launch/brain_nav.launch.py\n'}
[8.654235] (bringup) StdoutLine: {'line': b'-- Up-to-date: /ros2_ws/install/bringup/share/ament_index/resource_index/package_run_dependencies/bringup\n'}
[8.658905] (bringup) StdoutLine: {'line': b'-- Up-to-date: /ros2_ws/install/bringup/share/ament_index/resource_index/parent_prefix_path/bringup\n'}
[8.666428] (bringup) StdoutLine: {'line': b'-- Up-to-date: /ros2_ws/install/bringup/share/bringup/environment/ament_prefix_path.sh\n'}
[8.673124] (bringup) StdoutLine: {'line': b'-- Up-to-date: /ros2_ws/install/bringup/share/bringup/environment/ament_prefix_path.dsv\n'}
[8.676460] (bringup) StdoutLine: {'line': b'-- Up-to-date: /ros2_ws/install/bringup/share/bringup/environment/path.sh\n'}
[8.681327] (bringup) StdoutLine: {'line': b'-- Up-to-date: /ros2_ws/install/bringup/share/bringup/environment/path.dsv\n'}
[8.687092] (bringup) StdoutLine: {'line': b'-- Up-to-date: /ros2_ws/install/bringup/share/bringup/local_setup.bash\n'}
[8.692861] (bringup) StdoutLine: {'line': b'-- Up-to-date: /ros2_ws/install/bringup/share/bringup/local_setup.sh\n'}
[8.696813] (bringup) StdoutLine: {'line': b'-- Up-to-date: /ros2_ws/install/bringup/share/bringup/local_setup.zsh\n'}
[8.709730] (bringup) StdoutLine: {'line': b'-- Up-to-date: /ros2_ws/install/bringup/share/bringup/local_setup.dsv\n'}
[8.713801] (bringup) StdoutLine: {'line': b'-- Installing: /ros2_ws/install/bringup/share/bringup/package.dsv\n'}
[8.715507] (bringup) StdoutLine: {'line': b'-- Up-to-date: /ros2_ws/install/bringup/share/ament_index/resource_index/packages/bringup\n'}
[8.722313] (bringup) StdoutLine: {'line': b'-- Up-to-date: /ros2_ws/install/bringup/share/bringup/cmake/bringupConfig.cmake\n'}
[8.723037] (bringup) StdoutLine: {'line': b'-- Up-to-date: /ros2_ws/install/bringup/share/bringup/cmake/bringupConfig-version.cmake\n'}
[8.729843] (-) TimerEvent: {}
[8.731384] (bringup) StdoutLine: {'line': b'-- Up-to-date: /ros2_ws/install/bringup/share/bringup/package.xml\n'}
[8.747122] (bringup) CommandEnded: {'returncode': 0}
[8.830036] (-) TimerEvent: {}
[8.931696] (-) TimerEvent: {}
[9.023870] (bringup) JobEnded: {'identifier': 'bringup', 'rc': 0}
[9.031888] (-) TimerEvent: {}
[9.133419] (-) TimerEvent: {}
[9.235503] (-) TimerEvent: {}
[9.337742] (-) TimerEvent: {}
[9.438899] (-) TimerEvent: {}
[9.540172] (-) TimerEvent: {}
[9.641314] (-) TimerEvent: {}
[9.742021] (-) TimerEvent: {}
[9.843490] (-) TimerEvent: {}
[9.944855] (-) TimerEvent: {}
[10.045771] (-) TimerEvent: {}
[10.147193] (-) TimerEvent: {}
[10.249994] (-) TimerEvent: {}
[10.354291] (-) TimerEvent: {}
[10.455263] (-) TimerEvent: {}
[10.562759] (-) TimerEvent: {}
[10.664353] (-) TimerEvent: {}
[10.765054] (-) TimerEvent: {}
[10.866457] (-) TimerEvent: {}
[10.971280] (-) TimerEvent: {}
[11.071994] (-) TimerEvent: {}
[11.172733] (-) TimerEvent: {}
[11.273841] (-) TimerEvent: {}
[11.378314] (-) TimerEvent: {}
[11.479164] (-) TimerEvent: {}
[11.582919] (-) TimerEvent: {}
[11.685707] (-) TimerEvent: {}
[11.787110] (-) TimerEvent: {}
[11.890712] (-) TimerEvent: {}
[11.993560] (-) TimerEvent: {}
[12.094233] (-) TimerEvent: {}
[12.194918] (-) TimerEvent: {}
[12.295944] (-) TimerEvent: {}
[12.396981] (-) TimerEvent: {}
[12.497708] (-) TimerEvent: {}
[12.599405] (-) TimerEvent: {}
[12.700516] (-) TimerEvent: {}
[12.801263] (-) TimerEvent: {}
[12.902497] (-) TimerEvent: {}
[13.004320] (-) TimerEvent: {}
[13.107283] (-) TimerEvent: {}
[13.210627] (-) TimerEvent: {}
[13.311375] (-) TimerEvent: {}
[13.412810] (-) TimerEvent: {}
[13.514628] (-) TimerEvent: {}
[13.616210] (-) TimerEvent: {}
[13.717706] (-) TimerEvent: {}
[13.825242] (-) TimerEvent: {}
[13.926007] (-) TimerEvent: {}
[14.027292] (-) TimerEvent: {}
[14.130655] (-) TimerEvent: {}
[14.232211] (-) TimerEvent: {}
[14.333991] (-) TimerEvent: {}
[14.435739] (-) TimerEvent: {}
[14.537073] (-) TimerEvent: {}
[14.638703] (-) TimerEvent: {}
[14.740257] (-) TimerEvent: {}
[14.841857] (-) TimerEvent: {}
[14.944921] (-) TimerEvent: {}
[15.047751] (-) TimerEvent: {}
[15.149348] (-) TimerEvent: {}
[15.250765] (-) TimerEvent: {}
[15.352164] (-) TimerEvent: {}
[15.455261] (-) TimerEvent: {}
[15.555992] (-) TimerEvent: {}
[15.657858] (-) TimerEvent: {}
[15.759648] (-) TimerEvent: {}
[15.861635] (-) TimerEvent: {}
[15.962320] (-) TimerEvent: {}
[16.064325] (-) TimerEvent: {}
[16.172334] (-) TimerEvent: {}
[16.274026] (-) TimerEvent: {}
[16.376062] (-) TimerEvent: {}
[16.476990] (-) TimerEvent: {}
[16.577757] (-) TimerEvent: {}
[16.679546] (-) TimerEvent: {}
[16.781660] (-) TimerEvent: {}
[16.886346] (-) TimerEvent: {}
[16.987037] (-) TimerEvent: {}
[17.090928] (-) TimerEvent: {}
[17.193078] (-) TimerEvent: {}
[17.293817] (-) TimerEvent: {}
[17.394513] (-) TimerEvent: {}
[17.496175] (-) TimerEvent: {}
[17.597323] (-) TimerEvent: {}
[17.699214] (-) TimerEvent: {}
[17.799981] (-) TimerEvent: {}
[17.901609] (-) TimerEvent: {}
[18.005902] (-) TimerEvent: {}
[18.107133] (-) TimerEvent: {}
[18.208496] (-) TimerEvent: {}
[18.309487] (-) TimerEvent: {}
[18.411576] (-) TimerEvent: {}
[18.513294] (-) TimerEvent: {}
[18.614010] (-) TimerEvent: {}
[18.715486] (-) TimerEvent: {}
[18.816926] (-) TimerEvent: {}
[18.918652] (-) TimerEvent: {}
[19.033342] (-) TimerEvent: {}
[19.141019] (-) TimerEvent: {}
[19.245072] (-) TimerEvent: {}
[19.346238] (-) TimerEvent: {}
[19.446940] (-) TimerEvent: {}
[19.547677] (-) TimerEvent: {}
[19.648404] (-) TimerEvent: {}
[19.749753] (-) TimerEvent: {}
[19.851206] (-) TimerEvent: {}
[19.952611] (-) TimerEvent: {}
[20.054276] (-) TimerEvent: {}
[20.166590] (-) TimerEvent: {}
[20.269429] (-) TimerEvent: {}
[20.370319] (-) TimerEvent: {}
[20.471611] (-) TimerEvent: {}
[20.573090] (-) TimerEvent: {}
[20.674540] (-) TimerEvent: {}
[20.776670] (-) TimerEvent: {}
[20.879727] (-) TimerEvent: {}
[20.980841] (-) TimerEvent: {}
[21.081582] (-) TimerEvent: {}
[21.183100] (-) TimerEvent: {}
[21.283837] (-) TimerEvent: {}
[21.384573] (-) TimerEvent: {}
[21.486140] (-) TimerEvent: {}
[21.587690] (-) TimerEvent: {}
[21.690525] (-) TimerEvent: {}
[21.792152] (-) TimerEvent: {}
[21.892842] (-) TimerEvent: {}
[21.994336] (-) TimerEvent: {}
[22.096918] (-) TimerEvent: {}
[22.197835] (-) TimerEvent: {}
[22.299874] (-) TimerEvent: {}
[22.400575] (-) TimerEvent: {}
[22.507439] (-) TimerEvent: {}
[22.609483] (-) TimerEvent: {}
[22.711123] (-) TimerEvent: {}
[22.812300] (-) TimerEvent: {}
[22.914162] (-) TimerEvent: {}
[23.015314] (-) TimerEvent: {}
[23.116030] (-) TimerEvent: {}
[23.217329] (-) TimerEvent: {}
[23.319301] (-) TimerEvent: {}
[23.420554] (-) TimerEvent: {}
[23.526514] (-) TimerEvent: {}
[23.629494] (-) TimerEvent: {}
[23.730961] (-) TimerEvent: {}
[23.832460] (-) TimerEvent: {}
[23.934018] (-) TimerEvent: {}
[24.038673] (-) TimerEvent: {}
[24.139418] (-) TimerEvent: {}
[24.240909] (-) TimerEvent: {}
[24.341685] (-) TimerEvent: {}
[24.445753] (-) TimerEvent: {}
[24.547043] (-) TimerEvent: {}
[24.649708] (-) TimerEvent: {}
[24.751487] (-) TimerEvent: {}
[24.853499] (-) TimerEvent: {}
[24.954723] (-) TimerEvent: {}
[25.057167] (-) TimerEvent: {}
[25.163473] (-) TimerEvent: {}
[25.269982] (-) TimerEvent: {}
[25.371757] (-) TimerEvent: {}
[25.473405] (-) TimerEvent: {}
[25.574813] (-) TimerEvent: {}
[25.675680] (-) TimerEvent: {}
[25.777366] (-) TimerEvent: {}
[25.879456] (-) TimerEvent: {}
[25.980199] (-) TimerEvent: {}
[26.080950] (-) TimerEvent: {}
[26.182536] (-) TimerEvent: {}
[26.294249] (-) TimerEvent: {}
[26.395445] (-) TimerEvent: {}
[26.496822] (-) TimerEvent: {}
[26.598435] (-) TimerEvent: {}
[26.700004] (-) TimerEvent: {}
[26.800742] (-) TimerEvent: {}
[26.902022] (-) TimerEvent: {}
[27.004933] (-) TimerEvent: {}
[27.106524] (-) TimerEvent: {}
[27.208033] (-) TimerEvent: {}
[27.309980] (-) TimerEvent: {}
[27.411201] (-) TimerEvent: {}
[27.511920] (-) TimerEvent: {}
[27.613622] (-) TimerEvent: {}
[27.715808] (-) TimerEvent: {}
[27.816525] (-) TimerEvent: {}
[27.917287] (-) TimerEvent: {}
[28.019381] (-) TimerEvent: {}
[28.120962] (-) TimerEvent: {}
[28.222608] (-) TimerEvent: {}
[28.324263] (-) TimerEvent: {}
[28.426439] (-) TimerEvent: {}
[28.527695] (-) TimerEvent: {}
[28.630373] (-) TimerEvent: {}
[28.731758] (-) TimerEvent: {}
[28.833763] (-) TimerEvent: {}
[28.935400] (-) TimerEvent: {}
[29.036721] (-) TimerEvent: {}
[29.138719] (-) TimerEvent: {}
[29.239476] (-) TimerEvent: {}
[29.345068] (-) TimerEvent: {}
[29.446188] (-) TimerEvent: {}
[29.549030] (-) TimerEvent: {}
[29.650047] (-) TimerEvent: {}
[29.750890] (-) TimerEvent: {}
[29.851609] (-) TimerEvent: {}
[29.952314] (-) TimerEvent: {}
[30.054538] (-) TimerEvent: {}
[30.155802] (-) TimerEvent: {}
[30.273337] (brain_controller) StderrLine: {'line': b'In file included from \x1b[01m\x1b[K/ros2_ws/src/ros2_control/brain_controller/include/brain_controller/brain_controller.hpp:11\x1b[m\x1b[K,\n'}
[30.274156] (-) TimerEvent: {}
[30.274718] (brain_controller) StderrLine: {'line': b'                 from \x1b[01m\x1b[K/ros2_ws/src/ros2_control/brain_controller/src/brain_controller.cpp:1\x1b[m\x1b[K:\n'}
[30.275338] (brain_controller) StderrLine: {'line': b"\x1b[01m\x1b[K/opt/ros/humble/include/realtime_tools/realtime_tools/realtime_buffer.h:22:100:\x1b[m\x1b[K \x1b[01;36m\x1b[Knote: \x1b[m\x1b[K\xe2\x80\x98\x1b[01m\x1b[K#pragma message: This header include is deprecated. Please update your code to use 'realtime_buffer.hpp' header.\x1b[m\x1b[K\xe2\x80\x99\n"}
[30.275889] (brain_controller) StderrLine: {'line': b'   22 |   "This header include is deprecated. Please update your code to use \'realtime_buffer.hpp\' header."\x1b[01;36m\x1b[K)\x1b[m\x1b[K  //NOLINT\n'}
[30.276352] (brain_controller) StderrLine: {'line': b'      |                                                                                                    \x1b[01;36m\x1b[K^\x1b[m\x1b[K\n'}
[30.374365] (-) TimerEvent: {}
[30.475619] (-) TimerEvent: {}
[30.576758] (-) TimerEvent: {}
[30.677449] (-) TimerEvent: {}
[30.778785] (-) TimerEvent: {}
[30.879948] (-) TimerEvent: {}
[30.980686] (-) TimerEvent: {}
[31.081426] (-) TimerEvent: {}
[31.182127] (-) TimerEvent: {}
[31.282856] (-) TimerEvent: {}
[31.386533] (-) TimerEvent: {}
[31.487269] (-) TimerEvent: {}
[31.590575] (-) TimerEvent: {}
[31.691291] (-) TimerEvent: {}
[31.792948] (-) TimerEvent: {}
[31.894084] (-) TimerEvent: {}
[31.995036] (-) TimerEvent: {}
[32.097002] (-) TimerEvent: {}
[32.199836] (-) TimerEvent: {}
[32.300715] (-) TimerEvent: {}
[32.402200] (-) TimerEvent: {}
[32.506322] (-) TimerEvent: {}
[32.606986] (-) TimerEvent: {}
[32.710092] (-) TimerEvent: {}
[32.811602] (-) TimerEvent: {}
[32.913003] (-) TimerEvent: {}
[33.014564] (-) TimerEvent: {}
[33.116806] (-) TimerEvent: {}
[33.218801] (-) TimerEvent: {}
[33.321560] (-) TimerEvent: {}
[33.432588] (-) TimerEvent: {}
[33.539478] (-) TimerEvent: {}
[33.641273] (-) TimerEvent: {}
[33.745748] (-) TimerEvent: {}
[33.847165] (-) TimerEvent: {}
[33.947907] (-) TimerEvent: {}
[34.051099] (-) TimerEvent: {}
[34.161736] (-) TimerEvent: {}
[34.262742] (-) TimerEvent: {}
[34.366102] (-) TimerEvent: {}
[34.469565] (-) TimerEvent: {}
[34.571834] (-) TimerEvent: {}
[34.673047] (-) TimerEvent: {}
[34.774338] (-) TimerEvent: {}
[34.875046] (-) TimerEvent: {}
[34.976983] (-) TimerEvent: {}
[35.078942] (-) TimerEvent: {}
[35.180142] (-) TimerEvent: {}
[35.281848] (-) TimerEvent: {}
[35.386189] (-) TimerEvent: {}
[35.487263] (-) TimerEvent: {}
[35.600480] (-) TimerEvent: {}
[35.701170] (-) TimerEvent: {}
[35.802979] (-) TimerEvent: {}
[35.906702] (-) TimerEvent: {}
[36.009987] (-) TimerEvent: {}
[36.111677] (-) TimerEvent: {}
[36.212758] (-) TimerEvent: {}
[36.314385] (-) TimerEvent: {}
[36.415256] (-) TimerEvent: {}
[36.516343] (-) TimerEvent: {}
[36.617081] (-) TimerEvent: {}
[36.718684] (-) TimerEvent: {}
[36.821003] (-) TimerEvent: {}
[36.926659] (-) TimerEvent: {}
[37.027761] (-) TimerEvent: {}
[37.130481] (-) TimerEvent: {}
[37.231707] (-) TimerEvent: {}
[37.332752] (-) TimerEvent: {}
[37.436588] (-) TimerEvent: {}
[37.538090] (-) TimerEvent: {}
[37.639396] (-) TimerEvent: {}
[37.740764] (-) TimerEvent: {}
[37.841757] (-) TimerEvent: {}
[37.942643] (-) TimerEvent: {}
[38.044092] (-) TimerEvent: {}
[38.145918] (-) TimerEvent: {}
[38.248059] (-) TimerEvent: {}
[38.349509] (-) TimerEvent: {}
[38.450881] (-) TimerEvent: {}
[38.551706] (-) TimerEvent: {}
[38.652809] (-) TimerEvent: {}
[38.753881] (-) TimerEvent: {}
[38.855059] (-) TimerEvent: {}
[38.956146] (-) TimerEvent: {}
[39.057259] (-) TimerEvent: {}
[39.158247] (-) TimerEvent: {}
[39.259215] (-) TimerEvent: {}
[39.360322] (-) TimerEvent: {}
[39.461399] (-) TimerEvent: {}
[39.562707] (-) TimerEvent: {}
[39.665469] (-) TimerEvent: {}
[39.766367] (-) TimerEvent: {}
[39.867389] (-) TimerEvent: {}
[39.968774] (-) TimerEvent: {}
[40.069558] (-) TimerEvent: {}
[40.171418] (-) TimerEvent: {}
[40.272794] (-) TimerEvent: {}
[40.374202] (-) TimerEvent: {}
[40.475566] (-) TimerEvent: {}
[40.576980] (-) TimerEvent: {}
[40.678191] (-) TimerEvent: {}
[40.779568] (-) TimerEvent: {}
[40.881040] (-) TimerEvent: {}
[40.981773] (-) TimerEvent: {}
[41.083749] (-) TimerEvent: {}
[41.184460] (-) TimerEvent: {}
[41.285537] (-) TimerEvent: {}
[41.386342] (-) TimerEvent: {}
[41.487116] (-) TimerEvent: {}
[41.589773] (-) TimerEvent: {}
[41.690538] (-) TimerEvent: {}
[41.791838] (-) TimerEvent: {}
[41.893430] (-) TimerEvent: {}
[41.994224] (-) TimerEvent: {}
[42.095138] (-) TimerEvent: {}
[42.196683] (-) TimerEvent: {}
[42.297757] (-) TimerEvent: {}
[42.400705] (-) TimerEvent: {}
[42.501831] (-) TimerEvent: {}
[42.602653] (-) TimerEvent: {}
[42.709806] (-) TimerEvent: {}
[42.810880] (-) TimerEvent: {}
[42.911539] (-) TimerEvent: {}
[43.012842] (-) TimerEvent: {}
[43.113547] (-) TimerEvent: {}
[43.215006] (-) TimerEvent: {}
[43.320031] (-) TimerEvent: {}
[43.420791] (-) TimerEvent: {}
[43.527645] (-) TimerEvent: {}
[43.629950] (-) TimerEvent: {}
[43.731761] (-) TimerEvent: {}
[43.832429] (-) TimerEvent: {}
[43.933302] (-) TimerEvent: {}
[44.034333] (-) TimerEvent: {}
[44.135419] (-) TimerEvent: {}
[44.236522] (-) TimerEvent: {}
[44.337693] (-) TimerEvent: {}
[44.439046] (-) TimerEvent: {}
[44.540318] (-) TimerEvent: {}
[44.641426] (-) TimerEvent: {}
[44.746772] (-) TimerEvent: {}
[44.848226] (-) TimerEvent: {}
[44.950881] (-) TimerEvent: {}
[45.051898] (-) TimerEvent: {}
[45.152539] (-) TimerEvent: {}
[45.253817] (-) TimerEvent: {}
[45.354925] (-) TimerEvent: {}
[45.455574] (-) TimerEvent: {}
[45.556778] (-) TimerEvent: {}
[45.658107] (-) TimerEvent: {}
[45.759929] (-) TimerEvent: {}
[45.861962] (-) TimerEvent: {}
[45.963529] (-) TimerEvent: {}
[46.065391] (-) TimerEvent: {}
[46.166072] (-) TimerEvent: {}
[46.267439] (-) TimerEvent: {}
[46.368096] (-) TimerEvent: {}
[46.471063] (-) TimerEvent: {}
[46.572005] (-) TimerEvent: {}
[46.673570] (-) TimerEvent: {}
[46.774367] (-) TimerEvent: {}
[46.875088] (-) TimerEvent: {}
[46.976322] (-) TimerEvent: {}
[47.077580] (-) TimerEvent: {}
[47.178802] (-) TimerEvent: {}
[47.279875] (-) TimerEvent: {}
[47.381131] (-) TimerEvent: {}
[47.482279] (-) TimerEvent: {}
[47.584741] (-) TimerEvent: {}
[47.685904] (-) TimerEvent: {}
[47.786642] (-) TimerEvent: {}
[47.888903] (-) TimerEvent: {}
[47.991959] (-) TimerEvent: {}
[48.093584] (-) TimerEvent: {}
[48.194302] (-) TimerEvent: {}
[48.295404] (-) TimerEvent: {}
[48.396820] (-) TimerEvent: {}
[48.499210] (-) TimerEvent: {}
[48.600646] (-) TimerEvent: {}
[48.701345] (-) TimerEvent: {}
[48.802891] (-) TimerEvent: {}
[48.905230] (-) TimerEvent: {}
[49.006449] (-) TimerEvent: {}
[49.110426] (-) TimerEvent: {}
[49.211554] (-) TimerEvent: {}
[49.312321] (-) TimerEvent: {}
[49.413037] (-) TimerEvent: {}
[49.515132] (-) TimerEvent: {}
[49.616296] (-) TimerEvent: {}
[49.717659] (-) TimerEvent: {}
[49.819475] (-) TimerEvent: {}
[49.920952] (-) TimerEvent: {}
[50.025067] (-) TimerEvent: {}
[50.128411] (-) TimerEvent: {}
[50.229468] (-) TimerEvent: {}
[50.330196] (-) TimerEvent: {}
[50.431315] (-) TimerEvent: {}
[50.532377] (-) TimerEvent: {}
[50.633518] (-) TimerEvent: {}
[50.734540] (-) TimerEvent: {}
[50.837101] (-) TimerEvent: {}
[50.938619] (-) TimerEvent: {}
[51.040028] (-) TimerEvent: {}
[51.141447] (-) TimerEvent: {}
[51.242741] (-) TimerEvent: {}
[51.347316] (-) TimerEvent: {}
[51.448848] (-) TimerEvent: {}
[51.551305] (-) TimerEvent: {}
[51.652596] (-) TimerEvent: {}
[51.754203] (-) TimerEvent: {}
[51.855341] (-) TimerEvent: {}
[51.956943] (-) TimerEvent: {}
[52.059876] (-) TimerEvent: {}
[52.161246] (-) TimerEvent: {}
[52.262230] (-) TimerEvent: {}
[52.364752] (-) TimerEvent: {}
[52.465820] (-) TimerEvent: {}
[52.566555] (-) TimerEvent: {}
[52.667714] (-) TimerEvent: {}
[52.769367] (-) TimerEvent: {}
[52.870092] (-) TimerEvent: {}
[52.973945] (-) TimerEvent: {}
[53.075393] (-) TimerEvent: {}
[53.180643] (-) TimerEvent: {}
[53.281393] (-) TimerEvent: {}
[53.384855] (-) TimerEvent: {}
[53.488125] (-) TimerEvent: {}
[53.594520] (-) TimerEvent: {}
[53.696268] (-) TimerEvent: {}
[53.796951] (-) TimerEvent: {}
[53.898367] (-) TimerEvent: {}
[53.999737] (-) TimerEvent: {}
[54.100407] (-) TimerEvent: {}
[54.201102] (-) TimerEvent: {}
[54.302696] (-) TimerEvent: {}
[54.405634] (-) TimerEvent: {}
[54.506332] (-) TimerEvent: {}
[54.607313] (-) TimerEvent: {}
[54.708928] (-) TimerEvent: {}
[54.810670] (-) TimerEvent: {}
[54.911378] (-) TimerEvent: {}
[55.012541] (-) TimerEvent: {}
[55.113229] (-) TimerEvent: {}
[55.214421] (-) TimerEvent: {}
[55.315064] (-) TimerEvent: {}
[55.416046] (-) TimerEvent: {}
[55.516727] (-) TimerEvent: {}
[55.617421] (-) TimerEvent: {}
[55.718246] (-) TimerEvent: {}
[55.820551] (-) TimerEvent: {}
[55.925559] (-) TimerEvent: {}
[56.026667] (-) TimerEvent: {}
[56.127818] (-) TimerEvent: {}
[56.230979] (-) TimerEvent: {}
[56.332441] (-) TimerEvent: {}
[56.433738] (-) TimerEvent: {}
[56.534850] (-) TimerEvent: {}
[56.635858] (-) TimerEvent: {}
[56.736965] (-) TimerEvent: {}
[56.837986] (-) TimerEvent: {}
[56.938763] (-) TimerEvent: {}
[57.039928] (-) TimerEvent: {}
[57.140710] (-) TimerEvent: {}
[57.244000] (-) TimerEvent: {}
[57.361470] (-) TimerEvent: {}
[57.462536] (-) TimerEvent: {}
[57.565619] (-) TimerEvent: {}
[57.667813] (-) TimerEvent: {}
[57.770052] (-) TimerEvent: {}
[57.871421] (-) TimerEvent: {}
[57.972117] (-) TimerEvent: {}
[58.072878] (-) TimerEvent: {}
[58.174450] (-) TimerEvent: {}
[58.275322] (-) TimerEvent: {}
[58.376973] (-) TimerEvent: {}
[58.478233] (-) TimerEvent: {}
[58.579369] (-) TimerEvent: {}
[58.681245] (-) TimerEvent: {}
[58.781981] (-) TimerEvent: {}
[58.882727] (-) TimerEvent: {}
[58.985402] (-) TimerEvent: {}
[59.087702] (-) TimerEvent: {}
[59.191518] (-) TimerEvent: {}
[59.293253] (-) TimerEvent: {}
[59.394732] (-) TimerEvent: {}
[59.496400] (-) TimerEvent: {}
[59.597048] (-) TimerEvent: {}
[59.697745] (-) TimerEvent: {}
[59.799784] (-) TimerEvent: {}
[59.900901] (-) TimerEvent: {}
[60.001814] (-) TimerEvent: {}
[60.102827] (-) TimerEvent: {}
[60.204676] (-) TimerEvent: {}
[60.306282] (-) TimerEvent: {}
[60.407996] (-) TimerEvent: {}
[60.509142] (-) TimerEvent: {}
[60.611114] (-) TimerEvent: {}
[60.712288] (-) TimerEvent: {}
[60.813538] (-) TimerEvent: {}
[60.915026] (-) TimerEvent: {}
[61.016274] (-) TimerEvent: {}
[61.117822] (-) TimerEvent: {}
[61.219067] (-) TimerEvent: {}
[61.320994] (-) TimerEvent: {}
[61.425752] (-) TimerEvent: {}
[61.527126] (-) TimerEvent: {}
[61.629798] (-) TimerEvent: {}
[61.731070] (-) TimerEvent: {}
[61.834143] (-) TimerEvent: {}
[61.934909] (-) TimerEvent: {}
[62.035584] (-) TimerEvent: {}
[62.136700] (-) TimerEvent: {}
[62.237988] (-) TimerEvent: {}
[62.339165] (-) TimerEvent: {}
[62.440116] (-) TimerEvent: {}
[62.541287] (-) TimerEvent: {}
[62.642249] (-) TimerEvent: {}
[63.001430] (-) TimerEvent: {}
[63.102123] (-) TimerEvent: {}
[63.204105] (-) TimerEvent: {}
[63.304789] (-) TimerEvent: {}
[63.405504] (-) TimerEvent: {}
[63.508499] (-) TimerEvent: {}
[63.609833] (-) TimerEvent: {}
[63.711153] (-) TimerEvent: {}
[63.811843] (-) TimerEvent: {}
[63.912911] (-) TimerEvent: {}
[64.014009] (-) TimerEvent: {}
[64.115340] (-) TimerEvent: {}
[64.216019] (-) TimerEvent: {}
[64.317233] (-) TimerEvent: {}
[64.418562] (-) TimerEvent: {}
[64.520795] (-) TimerEvent: {}
[64.623998] (-) TimerEvent: {}
[64.725515] (-) TimerEvent: {}
[64.826632] (-) TimerEvent: {}
[64.927657] (-) TimerEvent: {}
[65.030368] (-) TimerEvent: {}
[65.131160] (-) TimerEvent: {}
[65.232225] (-) TimerEvent: {}
[65.333276] (-) TimerEvent: {}
[65.434308] (-) TimerEvent: {}
[65.535874] (-) TimerEvent: {}
[65.637060] (-) TimerEvent: {}
[65.738144] (-) TimerEvent: {}
[65.839372] (-) TimerEvent: {}
[65.940515] (-) TimerEvent: {}
[66.041700] (-) TimerEvent: {}
[66.142748] (-) TimerEvent: {}
[66.244736] (-) TimerEvent: {}
[66.346035] (-) TimerEvent: {}
[66.447184] (-) TimerEvent: {}
[66.548672] (-) TimerEvent: {}
[66.651113] (-) TimerEvent: {}
[66.752313] (-) TimerEvent: {}
[66.853324] (-) TimerEvent: {}
[66.934923] (brain_controller) StdoutLine: {'line': b'[100%] \x1b[32m\x1b[1mLinking CXX shared library libbrain_controller.so\x1b[0m\n'}
[66.953503] (-) TimerEvent: {}
[67.054541] (-) TimerEvent: {}
[67.157166] (-) TimerEvent: {}
[67.259194] (-) TimerEvent: {}
[67.360492] (-) TimerEvent: {}
[67.461508] (-) TimerEvent: {}
[67.564579] (-) TimerEvent: {}
[67.666548] (-) TimerEvent: {}
[67.767891] (-) TimerEvent: {}
[67.869475] (-) TimerEvent: {}
[67.971509] (-) TimerEvent: {}
[68.072614] (-) TimerEvent: {}
[68.174376] (-) TimerEvent: {}
[68.275109] (-) TimerEvent: {}
[68.375893] (-) TimerEvent: {}
[68.477156] (-) TimerEvent: {}
[68.578465] (-) TimerEvent: {}
[68.680217] (-) TimerEvent: {}
[68.781013] (-) TimerEvent: {}
[68.881672] (-) TimerEvent: {}
[68.982982] (-) TimerEvent: {}
[69.085379] (-) TimerEvent: {}
[69.186372] (-) TimerEvent: {}
[69.287229] (-) TimerEvent: {}
[69.390740] (-) TimerEvent: {}
[69.492356] (-) TimerEvent: {}
[69.594250] (-) TimerEvent: {}
[69.695490] (-) TimerEvent: {}
[69.796888] (-) TimerEvent: {}
[69.871003] (brain_controller) StdoutLine: {'line': b'[100%] Built target brain_controller\n'}
[69.897322] (-) TimerEvent: {}
[69.908122] (brain_controller) CommandEnded: {'returncode': 0}
[69.912106] (brain_controller) JobProgress: {'identifier': 'brain_controller', 'progress': 'install'}
[69.912863] (brain_controller) Command: {'cmd': ['/usr/bin/cmake', '--install', '/ros2_ws/build/brain_controller'], 'cwd': '/ros2_ws/build/brain_controller', 'env': OrderedDict([('LESSOPEN', '| /usr/bin/lesspipe %s'), ('HOSTNAME', '55456c0da4eb'), ('GIT_ASKPASS', '/root/.vscode-server/bin/8b3775030ed1a69b13e4f4c628c612102e30a681/extensions/git/dist/askpass.sh'), ('SHLVL', '2'), ('LD_LIBRARY_PATH', '/ros2_ws/install/interfaces/lib:/ros2_ws/install/brain_hardware/lib:/ros2_ws/install/brain_controller/lib:/opt/ros/humble/opt/rviz_ogre_vendor/lib:/opt/ros/humble/lib/aarch64-linux-gnu:/opt/ros/humble/lib'), ('BROWSER', '/root/.vscode-server/bin/8b3775030ed1a69b13e4f4c628c612102e30a681/bin/helpers/browser.sh'), ('HOME', '/root'), ('TERM_PROGRAM_VERSION', '1.85.2'), ('VSCODE_IPC_HOOK_CLI', '/tmp/vscode-ipc-d7878676-71cb-4525-8110-398c659ccb15.sock'), ('ROS_PYTHON_VERSION', '3'), ('VSCODE_GIT_ASKPASS_MAIN', '/root/.vscode-server/bin/8b3775030ed1a69b13e4f4c628c612102e30a681/extensions/git/dist/askpass-main.js'), ('PS1', '\\[\x1b]633;A\x07\\]\\u@\\h\\[\\033[01;32m\\](brain)\\[\\033[00m\\]:\\w$ \\[\x1b]633;B\x07\\]'), ('VSCODE_GIT_ASKPASS_NODE', '/root/.vscode-server/bin/8b3775030ed1a69b13e4f4c628c612102e30a681/node'), ('ROS_IP', '10.10.0.2'), ('COLORTERM', 'truecolor'), ('REMOTE_CONTAINERS', 'true'), ('COLCON_PREFIX_PATH', '/ros2_ws/install'), ('ROS_DISTRO', 'humble'), ('REMOTE_CONTAINERS_IPC', '/tmp/vscode-remote-containers-ipc-2645588d-ea61-4df9-83f3-4f3a79670a0e.sock'), ('_', '/usr/bin/colcon'), ('ROS_VERSION', '2'), ('TERM', 'xterm-256color'), ('ROS_LOCALHOST_ONLY', '0'), ('PATH', '/ros2_ws/install/oradar_lidar/bin:/root/.vscode-server/bin/8b3775030ed1a69b13e4f4c628c612102e30a681/bin/remote-cli:/opt/ros/humble/bin:/usr/local/sbin:/usr/local/bin:/usr/sbin:/usr/bin:/sbin:/bin'), ('REMOTE_CONTAINERS_SOCKETS', '["/tmp/vscode-ssh-auth-2645588d-ea61-4df9-83f3-4f3a79670a0e.sock","/root/.gnupg/S.gpg-agent"]'), ('DISPLAY', ':0'), ('LANG', 'en_US.UTF-8'), ('RMW_IMPLEMENTATION', 'rmw_fastrtps_cpp'), ('LS_COLORS', 'rs=0:di=01;34:ln=01;36:mh=00:pi=40;33:so=01;35:do=01;35:bd=40;33;01:cd=40;33;01:or=40;31;01:mi=00:su=37;41:sg=30;43:ca=30;41:tw=30;42:ow=34;42:st=37;44:ex=01;32:*.tar=01;31:*.tgz=01;31:*.arc=01;31:*.arj=01;31:*.taz=01;31:*.lha=01;31:*.lz4=01;31:*.lzh=01;31:*.lzma=01;31:*.tlz=01;31:*.txz=01;31:*.tzo=01;31:*.t7z=01;31:*.zip=01;31:*.z=01;31:*.dz=01;31:*.gz=01;31:*.lrz=01;31:*.lz=01;31:*.lzo=01;31:*.xz=01;31:*.zst=01;31:*.tzst=01;31:*.bz2=01;31:*.bz=01;31:*.tbz=01;31:*.tbz2=01;31:*.tz=01;31:*.deb=01;31:*.rpm=01;31:*.jar=01;31:*.war=01;31:*.ear=01;31:*.sar=01;31:*.rar=01;31:*.alz=01;31:*.ace=01;31:*.zoo=01;31:*.cpio=01;31:*.7z=01;31:*.rz=01;31:*.cab=01;31:*.wim=01;31:*.swm=01;31:*.dwm=01;31:*.esd=01;31:*.jpg=01;35:*.jpeg=01;35:*.mjpg=01;35:*.mjpeg=01;35:*.gif=01;35:*.bmp=01;35:*.pbm=01;35:*.pgm=01;35:*.ppm=01;35:*.tga=01;35:*.xbm=01;35:*.xpm=01;35:*.tif=01;35:*.tiff=01;35:*.png=01;35:*.svg=01;35:*.svgz=01;35:*.mng=01;35:*.pcx=01;35:*.mov=01;35:*.mpg=01;35:*.mpeg=01;35:*.m2v=01;35:*.mkv=01;35:*.webm=01;35:*.webp=01;35:*.ogm=01;35:*.mp4=01;35:*.m4v=01;35:*.mp4v=01;35:*.vob=01;35:*.qt=01;35:*.nuv=01;35:*.wmv=01;35:*.asf=01;35:*.rm=01;35:*.rmvb=01;35:*.flc=01;35:*.avi=01;35:*.fli=01;35:*.flv=01;35:*.gl=01;35:*.dl=01;35:*.xcf=01;35:*.xwd=01;35:*.yuv=01;35:*.cgm=01;35:*.emf=01;35:*.ogv=01;35:*.ogx=01;35:*.aac=00;36:*.au=00;36:*.flac=00;36:*.m4a=00;36:*.mid=00;36:*.midi=00;36:*.mka=00;36:*.mp3=00;36:*.mpc=00;36:*.ogg=00;36:*.ra=00;36:*.wav=00;36:*.oga=00;36:*.opus=00;36:*.spx=00;36:*.xspf=00;36:'), ('VSCODE_GIT_IPC_HANDLE', '/tmp/vscode-git-b3700a665a.sock'), ('TERM_PROGRAM', 'vscode'), ('SSH_AUTH_SOCK', '/tmp/vscode-ssh-auth-2645588d-ea61-4df9-83f3-4f3a79670a0e.sock'), ('ROS_DOMAIN_ID', '42'), ('AMENT_PREFIX_PATH', '/ros2_ws/install/oradar_lidar:/ros2_ws/install/bringup:/ros2_ws/install/description:/ros2_ws/install/brain_hardware:/ros2_ws/install/brain_controller:/ros2_ws/install/interfaces:/opt/ros/humble'), ('SHELL', '/bin/bash'), ('LESSCLOSE', '/usr/bin/lesspipe %s %s'), ('VSCODE_GIT_ASKPASS_EXTRA_ARGS', ''), ('PWD', '/ros2_ws/build/brain_controller'), ('PYTHONPATH', '/ros2_ws/install/interfaces/local/lib/python3.10/dist-packages:/opt/ros/humble/lib/python3.10/site-packages:/opt/ros/humble/local/lib/python3.10/dist-packages'), ('ROS_HOSTNAME', '10.10.0.2'), ('COLCON', '1'), ('CMAKE_PREFIX_PATH', '/ros2_ws/install/interfaces:/ros2_ws/install/oradar_lidar:/ros2_ws/install/bringup:/ros2_ws/install/description:/ros2_ws/install/brain_hardware:/ros2_ws/install/brain_controller:/opt/ros/humble')]), 'shell': False}
[69.941570] (brain_controller) StdoutLine: {'line': b'-- Install configuration: ""\n'}
[69.942936] (brain_controller) StdoutLine: {'line': b'-- Up-to-date: /ros2_ws/install/brain_controller/share/brain_controller/brain_controller_plugins.xml\n'}
[69.947728] (brain_controller) StdoutLine: {'line': b'-- Installing: /ros2_ws/install/brain_controller/lib/libbrain_controller.so\n'}
[69.979627] (brain_controller) StdoutLine: {'line': b'-- Set runtime path of "/ros2_ws/install/brain_controller/lib/libbrain_controller.so" to ""\n'}
[69.980327] (brain_controller) StdoutLine: {'line': b'-- Up-to-date: /ros2_ws/install/brain_controller/include/brain_controller\n'}
[69.980767] (brain_controller) StdoutLine: {'line': b'-- Up-to-date: /ros2_ws/install/brain_controller/include/brain_controller/brain_controller\n'}
[69.981333] (brain_controller) StdoutLine: {'line': b'-- Up-to-date: /ros2_ws/install/brain_controller/include/brain_controller/brain_controller/brain_controller.hpp\n'}
[69.981828] (brain_controller) StdoutLine: {'line': b'-- Up-to-date: /ros2_ws/install/brain_controller/share/brain_controller/brain_controller_plugins.xml\n'}
[69.982274] (brain_controller) StdoutLine: {'line': b'-- Up-to-date: /ros2_ws/install/brain_controller/share/brain_controller/environment/library_path.sh\n'}
[69.985034] (brain_controller) StdoutLine: {'line': b'-- Up-to-date: /ros2_ws/install/brain_controller/share/brain_controller/environment/library_path.dsv\n'}
[69.985822] (brain_controller) StdoutLine: {'line': b'-- Up-to-date: /ros2_ws/install/brain_controller/share/ament_index/resource_index/package_run_dependencies/brain_controller\n'}
[69.986538] (brain_controller) StdoutLine: {'line': b'-- Up-to-date: /ros2_ws/install/brain_controller/share/ament_index/resource_index/parent_prefix_path/brain_controller\n'}
[69.987025] (brain_controller) StdoutLine: {'line': b'-- Up-to-date: /ros2_ws/install/brain_controller/share/brain_controller/environment/ament_prefix_path.sh\n'}
[69.987695] (brain_controller) StdoutLine: {'line': b'-- Up-to-date: /ros2_ws/install/brain_controller/share/brain_controller/environment/ament_prefix_path.dsv\n'}
[70.001452] (-) TimerEvent: {}
[70.001864] (brain_controller) StdoutLine: {'line': b'-- Up-to-date: /ros2_ws/install/brain_controller/share/brain_controller/environment/path.sh\n'}
[70.002392] (brain_controller) StdoutLine: {'line': b'-- Up-to-date: /ros2_ws/install/brain_controller/share/brain_controller/environment/path.dsv\n'}
[70.002868] (brain_controller) StdoutLine: {'line': b'-- Up-to-date: /ros2_ws/install/brain_controller/share/brain_controller/local_setup.bash\n'}
[70.004420] (brain_controller) StdoutLine: {'line': b'-- Up-to-date: /ros2_ws/install/brain_controller/share/brain_controller/local_setup.sh\n'}
[70.004956] (brain_controller) StdoutLine: {'line': b'-- Up-to-date: /ros2_ws/install/brain_controller/share/brain_controller/local_setup.zsh\n'}
[70.005396] (brain_controller) StdoutLine: {'line': b'-- Up-to-date: /ros2_ws/install/brain_controller/share/brain_controller/local_setup.dsv\n'}
[70.005830] (brain_controller) StdoutLine: {'line': b'-- Installing: /ros2_ws/install/brain_controller/share/brain_controller/package.dsv\n'}
[70.006178] (brain_controller) StdoutLine: {'line': b'-- Up-to-date: /ros2_ws/install/brain_controller/share/ament_index/resource_index/packages/brain_controller\n'}
[70.006534] (brain_controller) StdoutLine: {'line': b'-- Up-to-date: /ros2_ws/install/brain_controller/share/ament_index/resource_index/controller_interface__pluginlib__plugin/brain_controller\n'}
[70.006860] (brain_controller) StdoutLine: {'line': b'-- Up-to-date: /ros2_ws/install/brain_controller/share/brain_controller/cmake/ament_cmake_export_include_directories-extras.cmake\n'}
[70.007223] (brain_controller) StdoutLine: {'line': b'-- Up-to-date: /ros2_ws/install/brain_controller/share/brain_controller/cmake/ament_cmake_export_libraries-extras.cmake\n'}
[70.008200] (brain_controller) StdoutLine: {'line': b'-- Up-to-date: /ros2_ws/install/brain_controller/share/brain_controller/cmake/ament_cmake_export_dependencies-extras.cmake\n'}
[70.011778] (brain_controller) StdoutLine: {'line': b'-- Up-to-date: /ros2_ws/install/brain_controller/share/brain_controller/cmake/brain_controllerConfig.cmake\n'}
[70.012349] (brain_controller) StdoutLine: {'line': b'-- Up-to-date: /ros2_ws/install/brain_controller/share/brain_controller/cmake/brain_controllerConfig-version.cmake\n'}
[70.012889] (brain_controller) StdoutLine: {'line': b'-- Up-to-date: /ros2_ws/install/brain_controller/share/brain_controller/package.xml\n'}
[70.013405] (brain_controller) CommandEnded: {'returncode': 0}
[70.093615] (brain_controller) JobEnded: {'identifier': 'brain_controller', 'rc': 0}
[70.096867] (-) EventReactorShutdown: {}
