[0.000000] (-) TimerEvent: {}
[0.000561] (common) JobQueued: {'identifier': 'common', 'dependencies': OrderedDict()}
[0.001000] (interfaces) JobQueued: {'identifier': 'interfaces', 'dependencies': OrderedDict()}
[0.001198] (algorithms) JobQueued: {'identifier': 'algorithms', 'dependencies': OrderedDict([('common', '/ros2_ws/install/common'), ('interfaces', '/ros2_ws/install/interfaces')])}
[0.001344] (dri_interfaces) JobQueued: {'identifier': 'dri_interfaces', 'dependencies': OrderedDict([('interfaces', '/ros2_ws/install/interfaces')])}
[0.001470] (drivers) JobQueued: {'identifier': 'drivers', 'dependencies': OrderedDict([('common', '/ros2_ws/install/common')])}
[0.001601] (bringup) JobQueued: {'identifier': 'bringup', 'dependencies': OrderedDict([('common', '/ros2_ws/install/common'), ('interfaces', '/ros2_ws/install/interfaces'), ('algorithms', '/ros2_ws/install/algorithms'), ('dri_interfaces', '/ros2_ws/install/dri_interfaces')])}
[0.001746] (common) JobStarted: {'identifier': 'common'}
[0.038593] (interfaces) JobStarted: {'identifier': 'interfaces'}
[0.063196] (common) JobProgress: {'identifier': 'common', 'progress': 'cmake'}
[0.067675] (common) JobProgress: {'identifier': 'common', 'progress': 'build'}
[0.071035] (common) Command: {'cmd': ['/usr/bin/cmake', '--build', '/ros2_ws/build/common', '--', '-j4', '-l4'], 'cwd': '/ros2_ws/build/common', 'env': OrderedDict([('LESSOPEN', '| /usr/bin/lesspipe %s'), ('HOSTNAME', '86cfe8a43a6c'), ('GIT_ASKPASS', '/root/.vscode-server/bin/8b3775030ed1a69b13e4f4c628c612102e30a681/extensions/git/dist/askpass.sh'), ('SHLVL', '2'), ('LD_LIBRARY_PATH', '/ros2_ws/install/interfaces/lib:/ros2_ws/install/drivers/lib:/ros2_ws/install/common/lib:/opt/ros/humble/opt/rviz_ogre_vendor/lib:/opt/ros/humble/lib/aarch64-linux-gnu:/opt/ros/humble/lib'), ('BROWSER', '/root/.vscode-server/bin/8b3775030ed1a69b13e4f4c628c612102e30a681/bin/helpers/browser.sh'), ('HOME', '/root'), ('TERM_PROGRAM_VERSION', '1.85.2'), ('VSCODE_IPC_HOOK_CLI', '/tmp/vscode-ipc-86219f0d-d783-4d09-bf47-cf67c3c43e9a.sock'), ('ROS_PYTHON_VERSION', '3'), ('VSCODE_GIT_ASKPASS_MAIN', '/root/.vscode-server/bin/8b3775030ed1a69b13e4f4c628c612102e30a681/extensions/git/dist/askpass-main.js'), ('PS1', '\\[\x1b]633;A\x07\\]\\u@\\h\\[\\033[01;34m\\](cerebellum)\\[\\033[00m\\]:\\w$ \\[\x1b]633;B\x07\\]'), ('VSCODE_GIT_ASKPASS_NODE', '/root/.vscode-server/bin/8b3775030ed1a69b13e4f4c628c612102e30a681/node'), ('COLORTERM', 'truecolor'), ('REMOTE_CONTAINERS', 'true'), ('COLCON_PREFIX_PATH', '/ros2_ws/install'), ('ROS_DISTRO', 'humble'), ('REMOTE_CONTAINERS_IPC', '/tmp/vscode-remote-containers-ipc-da423283-e06a-4075-9a0a-cdab3e9a5907.sock'), ('_', '/usr/bin/colcon'), ('ROS_VERSION', '2'), ('TERM', 'xterm-256color'), ('ROS_LOCALHOST_ONLY', '0'), ('PATH', '/root/.vscode-server/bin/8b3775030ed1a69b13e4f4c628c612102e30a681/bin/remote-cli:/opt/ros/humble/bin:/usr/local/sbin:/usr/local/bin:/usr/sbin:/usr/bin:/sbin:/bin'), ('REMOTE_CONTAINERS_SOCKETS', '["/tmp/vscode-ssh-auth-da423283-e06a-4075-9a0a-cdab3e9a5907.sock","/root/.gnupg/S.gpg-agent"]'), ('LANG', 'en_US.UTF-8'), ('LS_COLORS', 'rs=0:di=01;34:ln=01;36:mh=00:pi=40;33:so=01;35:do=01;35:bd=40;33;01:cd=40;33;01:or=40;31;01:mi=00:su=37;41:sg=30;43:ca=30;41:tw=30;42:ow=34;42:st=37;44:ex=01;32:*.tar=01;31:*.tgz=01;31:*.arc=01;31:*.arj=01;31:*.taz=01;31:*.lha=01;31:*.lz4=01;31:*.lzh=01;31:*.lzma=01;31:*.tlz=01;31:*.txz=01;31:*.tzo=01;31:*.t7z=01;31:*.zip=01;31:*.z=01;31:*.dz=01;31:*.gz=01;31:*.lrz=01;31:*.lz=01;31:*.lzo=01;31:*.xz=01;31:*.zst=01;31:*.tzst=01;31:*.bz2=01;31:*.bz=01;31:*.tbz=01;31:*.tbz2=01;31:*.tz=01;31:*.deb=01;31:*.rpm=01;31:*.jar=01;31:*.war=01;31:*.ear=01;31:*.sar=01;31:*.rar=01;31:*.alz=01;31:*.ace=01;31:*.zoo=01;31:*.cpio=01;31:*.7z=01;31:*.rz=01;31:*.cab=01;31:*.wim=01;31:*.swm=01;31:*.dwm=01;31:*.esd=01;31:*.jpg=01;35:*.jpeg=01;35:*.mjpg=01;35:*.mjpeg=01;35:*.gif=01;35:*.bmp=01;35:*.pbm=01;35:*.pgm=01;35:*.ppm=01;35:*.tga=01;35:*.xbm=01;35:*.xpm=01;35:*.tif=01;35:*.tiff=01;35:*.png=01;35:*.svg=01;35:*.svgz=01;35:*.mng=01;35:*.pcx=01;35:*.mov=01;35:*.mpg=01;35:*.mpeg=01;35:*.m2v=01;35:*.mkv=01;35:*.webm=01;35:*.webp=01;35:*.ogm=01;35:*.mp4=01;35:*.m4v=01;35:*.mp4v=01;35:*.vob=01;35:*.qt=01;35:*.nuv=01;35:*.wmv=01;35:*.asf=01;35:*.rm=01;35:*.rmvb=01;35:*.flc=01;35:*.avi=01;35:*.fli=01;35:*.flv=01;35:*.gl=01;35:*.dl=01;35:*.xcf=01;35:*.xwd=01;35:*.yuv=01;35:*.cgm=01;35:*.emf=01;35:*.ogv=01;35:*.ogx=01;35:*.aac=00;36:*.au=00;36:*.flac=00;36:*.m4a=00;36:*.mid=00;36:*.midi=00;36:*.mka=00;36:*.mp3=00;36:*.mpc=00;36:*.ogg=00;36:*.ra=00;36:*.wav=00;36:*.oga=00;36:*.opus=00;36:*.spx=00;36:*.xspf=00;36:'), ('VSCODE_GIT_IPC_HANDLE', '/tmp/vscode-git-827e2e94fd.sock'), ('TERM_PROGRAM', 'vscode'), ('SSH_AUTH_SOCK', '/tmp/vscode-ssh-auth-da423283-e06a-4075-9a0a-cdab3e9a5907.sock'), ('AMENT_PREFIX_PATH', '/ros2_ws/install/bringup:/ros2_ws/install/dri_interfaces:/ros2_ws/install/algorithms:/ros2_ws/install/interfaces:/ros2_ws/install/drivers:/ros2_ws/install/common:/opt/ros/humble'), ('SHELL', '/bin/bash'), ('LESSCLOSE', '/usr/bin/lesspipe %s %s'), ('VSCODE_GIT_ASKPASS_EXTRA_ARGS', ''), ('PWD', '/ros2_ws/build/common'), ('PYTHONPATH', '/ros2_ws/install/interfaces/local/lib/python3.10/dist-packages:/opt/ros/humble/lib/python3.10/site-packages:/opt/ros/humble/local/lib/python3.10/dist-packages'), ('COLCON', '1'), ('CMAKE_PREFIX_PATH', '/ros2_ws/install/bringup:/ros2_ws/install/dri_interfaces:/ros2_ws/install/algorithms:/ros2_ws/install/interfaces:/ros2_ws/install/drivers:/ros2_ws/install/common:/opt/ros/humble')]), 'shell': False}
[0.087242] (interfaces) JobProgress: {'identifier': 'interfaces', 'progress': 'cmake'}
[0.096301] (-) TimerEvent: {}
[0.122149] (interfaces) JobProgress: {'identifier': 'interfaces', 'progress': 'build'}
[0.124432] (interfaces) Command: {'cmd': ['/usr/bin/cmake', '--build', '/ros2_ws/build/interfaces', '--', '-j4', '-l4'], 'cwd': '/ros2_ws/build/interfaces', 'env': OrderedDict([('LESSOPEN', '| /usr/bin/lesspipe %s'), ('HOSTNAME', '86cfe8a43a6c'), ('GIT_ASKPASS', '/root/.vscode-server/bin/8b3775030ed1a69b13e4f4c628c612102e30a681/extensions/git/dist/askpass.sh'), ('SHLVL', '2'), ('LD_LIBRARY_PATH', '/ros2_ws/install/interfaces/lib:/ros2_ws/install/drivers/lib:/ros2_ws/install/common/lib:/opt/ros/humble/opt/rviz_ogre_vendor/lib:/opt/ros/humble/lib/aarch64-linux-gnu:/opt/ros/humble/lib'), ('BROWSER', '/root/.vscode-server/bin/8b3775030ed1a69b13e4f4c628c612102e30a681/bin/helpers/browser.sh'), ('HOME', '/root'), ('TERM_PROGRAM_VERSION', '1.85.2'), ('VSCODE_IPC_HOOK_CLI', '/tmp/vscode-ipc-86219f0d-d783-4d09-bf47-cf67c3c43e9a.sock'), ('ROS_PYTHON_VERSION', '3'), ('VSCODE_GIT_ASKPASS_MAIN', '/root/.vscode-server/bin/8b3775030ed1a69b13e4f4c628c612102e30a681/extensions/git/dist/askpass-main.js'), ('PS1', '\\[\x1b]633;A\x07\\]\\u@\\h\\[\\033[01;34m\\](cerebellum)\\[\\033[00m\\]:\\w$ \\[\x1b]633;B\x07\\]'), ('VSCODE_GIT_ASKPASS_NODE', '/root/.vscode-server/bin/8b3775030ed1a69b13e4f4c628c612102e30a681/node'), ('COLORTERM', 'truecolor'), ('REMOTE_CONTAINERS', 'true'), ('COLCON_PREFIX_PATH', '/ros2_ws/install'), ('ROS_DISTRO', 'humble'), ('REMOTE_CONTAINERS_IPC', '/tmp/vscode-remote-containers-ipc-da423283-e06a-4075-9a0a-cdab3e9a5907.sock'), ('_', '/usr/bin/colcon'), ('ROS_VERSION', '2'), ('TERM', 'xterm-256color'), ('ROS_LOCALHOST_ONLY', '0'), ('PATH', '/root/.vscode-server/bin/8b3775030ed1a69b13e4f4c628c612102e30a681/bin/remote-cli:/opt/ros/humble/bin:/usr/local/sbin:/usr/local/bin:/usr/sbin:/usr/bin:/sbin:/bin'), ('REMOTE_CONTAINERS_SOCKETS', '["/tmp/vscode-ssh-auth-da423283-e06a-4075-9a0a-cdab3e9a5907.sock","/root/.gnupg/S.gpg-agent"]'), ('LANG', 'en_US.UTF-8'), ('LS_COLORS', 'rs=0:di=01;34:ln=01;36:mh=00:pi=40;33:so=01;35:do=01;35:bd=40;33;01:cd=40;33;01:or=40;31;01:mi=00:su=37;41:sg=30;43:ca=30;41:tw=30;42:ow=34;42:st=37;44:ex=01;32:*.tar=01;31:*.tgz=01;31:*.arc=01;31:*.arj=01;31:*.taz=01;31:*.lha=01;31:*.lz4=01;31:*.lzh=01;31:*.lzma=01;31:*.tlz=01;31:*.txz=01;31:*.tzo=01;31:*.t7z=01;31:*.zip=01;31:*.z=01;31:*.dz=01;31:*.gz=01;31:*.lrz=01;31:*.lz=01;31:*.lzo=01;31:*.xz=01;31:*.zst=01;31:*.tzst=01;31:*.bz2=01;31:*.bz=01;31:*.tbz=01;31:*.tbz2=01;31:*.tz=01;31:*.deb=01;31:*.rpm=01;31:*.jar=01;31:*.war=01;31:*.ear=01;31:*.sar=01;31:*.rar=01;31:*.alz=01;31:*.ace=01;31:*.zoo=01;31:*.cpio=01;31:*.7z=01;31:*.rz=01;31:*.cab=01;31:*.wim=01;31:*.swm=01;31:*.dwm=01;31:*.esd=01;31:*.jpg=01;35:*.jpeg=01;35:*.mjpg=01;35:*.mjpeg=01;35:*.gif=01;35:*.bmp=01;35:*.pbm=01;35:*.pgm=01;35:*.ppm=01;35:*.tga=01;35:*.xbm=01;35:*.xpm=01;35:*.tif=01;35:*.tiff=01;35:*.png=01;35:*.svg=01;35:*.svgz=01;35:*.mng=01;35:*.pcx=01;35:*.mov=01;35:*.mpg=01;35:*.mpeg=01;35:*.m2v=01;35:*.mkv=01;35:*.webm=01;35:*.webp=01;35:*.ogm=01;35:*.mp4=01;35:*.m4v=01;35:*.mp4v=01;35:*.vob=01;35:*.qt=01;35:*.nuv=01;35:*.wmv=01;35:*.asf=01;35:*.rm=01;35:*.rmvb=01;35:*.flc=01;35:*.avi=01;35:*.fli=01;35:*.flv=01;35:*.gl=01;35:*.dl=01;35:*.xcf=01;35:*.xwd=01;35:*.yuv=01;35:*.cgm=01;35:*.emf=01;35:*.ogv=01;35:*.ogx=01;35:*.aac=00;36:*.au=00;36:*.flac=00;36:*.m4a=00;36:*.mid=00;36:*.midi=00;36:*.mka=00;36:*.mp3=00;36:*.mpc=00;36:*.ogg=00;36:*.ra=00;36:*.wav=00;36:*.oga=00;36:*.opus=00;36:*.spx=00;36:*.xspf=00;36:'), ('VSCODE_GIT_IPC_HANDLE', '/tmp/vscode-git-827e2e94fd.sock'), ('TERM_PROGRAM', 'vscode'), ('SSH_AUTH_SOCK', '/tmp/vscode-ssh-auth-da423283-e06a-4075-9a0a-cdab3e9a5907.sock'), ('AMENT_PREFIX_PATH', '/ros2_ws/install/bringup:/ros2_ws/install/dri_interfaces:/ros2_ws/install/algorithms:/ros2_ws/install/interfaces:/ros2_ws/install/drivers:/ros2_ws/install/common:/opt/ros/humble'), ('SHELL', '/bin/bash'), ('LESSCLOSE', '/usr/bin/lesspipe %s %s'), ('VSCODE_GIT_ASKPASS_EXTRA_ARGS', ''), ('PWD', '/ros2_ws/build/interfaces'), ('PYTHONPATH', '/ros2_ws/install/interfaces/local/lib/python3.10/dist-packages:/opt/ros/humble/lib/python3.10/site-packages:/opt/ros/humble/local/lib/python3.10/dist-packages'), ('COLCON', '1'), ('CMAKE_PREFIX_PATH', '/ros2_ws/install/bringup:/ros2_ws/install/dri_interfaces:/ros2_ws/install/algorithms:/ros2_ws/install/interfaces:/ros2_ws/install/drivers:/ros2_ws/install/common:/opt/ros/humble')]), 'shell': False}
[0.196587] (-) TimerEvent: {}
[0.297720] (-) TimerEvent: {}
[0.398798] (-) TimerEvent: {}
[0.499885] (-) TimerEvent: {}
[0.600872] (-) TimerEvent: {}
[0.656247] (interfaces) StdoutLine: {'line': b'[  0%] Built target ament_cmake_python_symlink_interfaces\n'}
[0.672179] (interfaces) StdoutLine: {'line': b'[  2%] Built target interfaces__rs\n'}
[0.673392] (interfaces) StdoutLine: {'line': b'[  5%] Built target interfaces__cpp\n'}
[0.675599] (common) StdoutLine: {'line': b'[ 60%] Built target common_config\n'}
[0.691819] (interfaces) StdoutLine: {'line': b'[ 15%] Built target interfaces__rosidl_generator_c\n'}
[0.701037] (-) TimerEvent: {}
[0.801735] (-) TimerEvent: {}
[0.807073] (interfaces) StdoutLine: {'line': b'[ 25%] Built target interfaces__rosidl_typesupport_cpp\n'}
[0.819271] (common) StdoutLine: {'line': b'[100%] Built target test_common\n'}
[0.830658] (interfaces) StdoutLine: {'line': b'[ 35%] Built target interfaces__rosidl_typesupport_introspection_cpp\n'}
[0.851195] (interfaces) StdoutLine: {'line': b'[ 45%] Built target interfaces__rosidl_typesupport_fastrtps_cpp\n'}
[0.901777] (common) CommandEnded: {'returncode': 0}
[0.903097] (-) TimerEvent: {}
[0.907998] (common) JobProgress: {'identifier': 'common', 'progress': 'install'}
[0.971291] (common) Command: {'cmd': ['/usr/bin/cmake', '--install', '/ros2_ws/build/common'], 'cwd': '/ros2_ws/build/common', 'env': OrderedDict([('LESSOPEN', '| /usr/bin/lesspipe %s'), ('HOSTNAME', '86cfe8a43a6c'), ('GIT_ASKPASS', '/root/.vscode-server/bin/8b3775030ed1a69b13e4f4c628c612102e30a681/extensions/git/dist/askpass.sh'), ('SHLVL', '2'), ('LD_LIBRARY_PATH', '/ros2_ws/install/interfaces/lib:/ros2_ws/install/drivers/lib:/ros2_ws/install/common/lib:/opt/ros/humble/opt/rviz_ogre_vendor/lib:/opt/ros/humble/lib/aarch64-linux-gnu:/opt/ros/humble/lib'), ('BROWSER', '/root/.vscode-server/bin/8b3775030ed1a69b13e4f4c628c612102e30a681/bin/helpers/browser.sh'), ('HOME', '/root'), ('TERM_PROGRAM_VERSION', '1.85.2'), ('VSCODE_IPC_HOOK_CLI', '/tmp/vscode-ipc-86219f0d-d783-4d09-bf47-cf67c3c43e9a.sock'), ('ROS_PYTHON_VERSION', '3'), ('VSCODE_GIT_ASKPASS_MAIN', '/root/.vscode-server/bin/8b3775030ed1a69b13e4f4c628c612102e30a681/extensions/git/dist/askpass-main.js'), ('PS1', '\\[\x1b]633;A\x07\\]\\u@\\h\\[\\033[01;34m\\](cerebellum)\\[\\033[00m\\]:\\w$ \\[\x1b]633;B\x07\\]'), ('VSCODE_GIT_ASKPASS_NODE', '/root/.vscode-server/bin/8b3775030ed1a69b13e4f4c628c612102e30a681/node'), ('COLORTERM', 'truecolor'), ('REMOTE_CONTAINERS', 'true'), ('COLCON_PREFIX_PATH', '/ros2_ws/install'), ('ROS_DISTRO', 'humble'), ('REMOTE_CONTAINERS_IPC', '/tmp/vscode-remote-containers-ipc-da423283-e06a-4075-9a0a-cdab3e9a5907.sock'), ('_', '/usr/bin/colcon'), ('ROS_VERSION', '2'), ('TERM', 'xterm-256color'), ('ROS_LOCALHOST_ONLY', '0'), ('PATH', '/root/.vscode-server/bin/8b3775030ed1a69b13e4f4c628c612102e30a681/bin/remote-cli:/opt/ros/humble/bin:/usr/local/sbin:/usr/local/bin:/usr/sbin:/usr/bin:/sbin:/bin'), ('REMOTE_CONTAINERS_SOCKETS', '["/tmp/vscode-ssh-auth-da423283-e06a-4075-9a0a-cdab3e9a5907.sock","/root/.gnupg/S.gpg-agent"]'), ('LANG', 'en_US.UTF-8'), ('LS_COLORS', 'rs=0:di=01;34:ln=01;36:mh=00:pi=40;33:so=01;35:do=01;35:bd=40;33;01:cd=40;33;01:or=40;31;01:mi=00:su=37;41:sg=30;43:ca=30;41:tw=30;42:ow=34;42:st=37;44:ex=01;32:*.tar=01;31:*.tgz=01;31:*.arc=01;31:*.arj=01;31:*.taz=01;31:*.lha=01;31:*.lz4=01;31:*.lzh=01;31:*.lzma=01;31:*.tlz=01;31:*.txz=01;31:*.tzo=01;31:*.t7z=01;31:*.zip=01;31:*.z=01;31:*.dz=01;31:*.gz=01;31:*.lrz=01;31:*.lz=01;31:*.lzo=01;31:*.xz=01;31:*.zst=01;31:*.tzst=01;31:*.bz2=01;31:*.bz=01;31:*.tbz=01;31:*.tbz2=01;31:*.tz=01;31:*.deb=01;31:*.rpm=01;31:*.jar=01;31:*.war=01;31:*.ear=01;31:*.sar=01;31:*.rar=01;31:*.alz=01;31:*.ace=01;31:*.zoo=01;31:*.cpio=01;31:*.7z=01;31:*.rz=01;31:*.cab=01;31:*.wim=01;31:*.swm=01;31:*.dwm=01;31:*.esd=01;31:*.jpg=01;35:*.jpeg=01;35:*.mjpg=01;35:*.mjpeg=01;35:*.gif=01;35:*.bmp=01;35:*.pbm=01;35:*.pgm=01;35:*.ppm=01;35:*.tga=01;35:*.xbm=01;35:*.xpm=01;35:*.tif=01;35:*.tiff=01;35:*.png=01;35:*.svg=01;35:*.svgz=01;35:*.mng=01;35:*.pcx=01;35:*.mov=01;35:*.mpg=01;35:*.mpeg=01;35:*.m2v=01;35:*.mkv=01;35:*.webm=01;35:*.webp=01;35:*.ogm=01;35:*.mp4=01;35:*.m4v=01;35:*.mp4v=01;35:*.vob=01;35:*.qt=01;35:*.nuv=01;35:*.wmv=01;35:*.asf=01;35:*.rm=01;35:*.rmvb=01;35:*.flc=01;35:*.avi=01;35:*.fli=01;35:*.flv=01;35:*.gl=01;35:*.dl=01;35:*.xcf=01;35:*.xwd=01;35:*.yuv=01;35:*.cgm=01;35:*.emf=01;35:*.ogv=01;35:*.ogx=01;35:*.aac=00;36:*.au=00;36:*.flac=00;36:*.m4a=00;36:*.mid=00;36:*.midi=00;36:*.mka=00;36:*.mp3=00;36:*.mpc=00;36:*.ogg=00;36:*.ra=00;36:*.wav=00;36:*.oga=00;36:*.opus=00;36:*.spx=00;36:*.xspf=00;36:'), ('VSCODE_GIT_IPC_HANDLE', '/tmp/vscode-git-827e2e94fd.sock'), ('TERM_PROGRAM', 'vscode'), ('SSH_AUTH_SOCK', '/tmp/vscode-ssh-auth-da423283-e06a-4075-9a0a-cdab3e9a5907.sock'), ('AMENT_PREFIX_PATH', '/ros2_ws/install/bringup:/ros2_ws/install/dri_interfaces:/ros2_ws/install/algorithms:/ros2_ws/install/interfaces:/ros2_ws/install/drivers:/ros2_ws/install/common:/opt/ros/humble'), ('SHELL', '/bin/bash'), ('LESSCLOSE', '/usr/bin/lesspipe %s %s'), ('VSCODE_GIT_ASKPASS_EXTRA_ARGS', ''), ('PWD', '/ros2_ws/build/common'), ('PYTHONPATH', '/ros2_ws/install/interfaces/local/lib/python3.10/dist-packages:/opt/ros/humble/lib/python3.10/site-packages:/opt/ros/humble/local/lib/python3.10/dist-packages'), ('COLCON', '1'), ('CMAKE_PREFIX_PATH', '/ros2_ws/install/bringup:/ros2_ws/install/dri_interfaces:/ros2_ws/install/algorithms:/ros2_ws/install/interfaces:/ros2_ws/install/drivers:/ros2_ws/install/common:/opt/ros/humble')]), 'shell': False}
[0.972899] (interfaces) StdoutLine: {'line': b'[ 55%] Built target interfaces__rosidl_typesupport_fastrtps_c\n'}
[1.003270] (-) TimerEvent: {}
[1.009011] (common) StdoutLine: {'line': b'-- Install configuration: ""\n'}
[1.011847] (common) StdoutLine: {'line': b'-- Execute custom install script\n'}
[1.016025] (common) StdoutLine: {'line': b'-- Up-to-date symlink: /ros2_ws/install/common/lib/common/test_common\n'}
[1.019912] (common) StdoutLine: {'line': b'-- Up-to-date symlink: /ros2_ws/install/common/include/common/common/config_loader/config_loader.hpp\n'}
[1.022658] (common) StdoutLine: {'line': b'-- Up-to-date symlink: /ros2_ws/install/common/include/common/common/logger/logger.hpp\n'}
[1.026480] (common) StdoutLine: {'line': b'-- Up-to-date symlink: /ros2_ws/install/common/share/common/config/config.yaml\n'}
[1.030033] (interfaces) StdoutLine: {'line': b'[ 65%] Built target interfaces__rosidl_typesupport_introspection_c\n'}
[1.034147] (common) StdoutLine: {'line': b'-- Up-to-date symlink: /ros2_ws/install/common/share/common/environment/library_path.sh\n'}
[1.038016] (common) StdoutLine: {'line': b'-- Up-to-date symlink: /ros2_ws/install/common/share/common/environment/library_path.dsv\n'}
[1.038691] (common) StdoutLine: {'line': b'-- Up-to-date symlink: /ros2_ws/install/common/share/ament_index/resource_index/package_run_dependencies/common\n'}
[1.042267] (common) StdoutLine: {'line': b'-- Up-to-date symlink: /ros2_ws/install/common/share/ament_index/resource_index/parent_prefix_path/common\n'}
[1.045019] (common) StdoutLine: {'line': b'-- Up-to-date symlink: /ros2_ws/install/common/share/common/environment/ament_prefix_path.sh\n'}
[1.047613] (common) StdoutLine: {'line': b'-- Up-to-date symlink: /ros2_ws/install/common/share/common/environment/ament_prefix_path.dsv\n'}
[1.050255] (common) StdoutLine: {'line': b'-- Up-to-date symlink: /ros2_ws/install/common/share/common/environment/path.sh\n'}
[1.052891] (common) StdoutLine: {'line': b'-- Up-to-date symlink: /ros2_ws/install/common/share/common/environment/path.dsv\n'}
[1.054459] (interfaces) StdoutLine: {'line': b'[ 75%] Built target interfaces__rosidl_typesupport_c\n'}
[1.057684] (common) StdoutLine: {'line': b'-- Up-to-date symlink: /ros2_ws/install/common/share/common/local_setup.bash\n'}
[1.060523] (common) StdoutLine: {'line': b'-- Up-to-date symlink: /ros2_ws/install/common/share/common/local_setup.sh\n'}
[1.063596] (common) StdoutLine: {'line': b'-- Up-to-date symlink: /ros2_ws/install/common/share/common/local_setup.zsh\n'}
[1.066215] (common) StdoutLine: {'line': b'-- Up-to-date symlink: /ros2_ws/install/common/share/common/local_setup.dsv\n'}
[1.079146] (common) StdoutLine: {'line': b'-- Symlinking: /ros2_ws/install/common/share/common/package.dsv\n'}
[1.103573] (-) TimerEvent: {}
[1.141758] (common) StdoutLine: {'line': b'-- Up-to-date symlink: /ros2_ws/install/common/share/ament_index/resource_index/packages/common\n'}
[1.142996] (common) StdoutLine: {'line': b'-- Up-to-date symlink: /ros2_ws/install/common/share/common/cmake/ament_cmake_export_include_directories-extras.cmake\n'}
[1.144381] (common) StdoutLine: {'line': b'-- Up-to-date symlink: /ros2_ws/install/common/share/common/cmake/ament_cmake_export_libraries-extras.cmake\n'}
[1.145044] (common) StdoutLine: {'line': b'-- Up-to-date symlink: /ros2_ws/install/common/share/common/cmake/commonConfig.cmake\n'}
[1.146931] (common) StdoutLine: {'line': b'-- Up-to-date symlink: /ros2_ws/install/common/share/common/cmake/commonConfig-version.cmake\n'}
[1.148221] (common) StdoutLine: {'line': b'-- Up-to-date symlink: /ros2_ws/install/common/share/common/package.xml\n'}
[1.149081] (common) StdoutLine: {'line': b'-- Up-to-date: /ros2_ws/install/common/lib/libcommon_config.a\n'}
[1.157845] (common) CommandEnded: {'returncode': 0}
[1.184548] (interfaces) StdoutLine: {'line': b'[ 75%] Built target interfaces\n'}
[1.203573] (-) TimerEvent: {}
[1.270530] (common) JobEnded: {'identifier': 'common', 'rc': 0}
[1.273573] (drivers) JobStarted: {'identifier': 'drivers'}
[1.288730] (interfaces) StdoutLine: {'line': b'[ 77%] Built target interfaces__py\n'}
[1.304179] (-) TimerEvent: {}
[1.325099] (drivers) JobProgress: {'identifier': 'drivers', 'progress': 'cmake'}
[1.329396] (drivers) JobProgress: {'identifier': 'drivers', 'progress': 'build'}
[1.330459] (drivers) Command: {'cmd': ['/usr/bin/cmake', '--build', '/ros2_ws/build/drivers', '--', '-j4', '-l4'], 'cwd': '/ros2_ws/build/drivers', 'env': OrderedDict([('LESSOPEN', '| /usr/bin/lesspipe %s'), ('HOSTNAME', '86cfe8a43a6c'), ('GIT_ASKPASS', '/root/.vscode-server/bin/8b3775030ed1a69b13e4f4c628c612102e30a681/extensions/git/dist/askpass.sh'), ('SHLVL', '2'), ('LD_LIBRARY_PATH', '/ros2_ws/install/interfaces/lib:/ros2_ws/install/drivers/lib:/ros2_ws/install/common/lib:/opt/ros/humble/opt/rviz_ogre_vendor/lib:/opt/ros/humble/lib/aarch64-linux-gnu:/opt/ros/humble/lib'), ('BROWSER', '/root/.vscode-server/bin/8b3775030ed1a69b13e4f4c628c612102e30a681/bin/helpers/browser.sh'), ('HOME', '/root'), ('TERM_PROGRAM_VERSION', '1.85.2'), ('VSCODE_IPC_HOOK_CLI', '/tmp/vscode-ipc-86219f0d-d783-4d09-bf47-cf67c3c43e9a.sock'), ('ROS_PYTHON_VERSION', '3'), ('VSCODE_GIT_ASKPASS_MAIN', '/root/.vscode-server/bin/8b3775030ed1a69b13e4f4c628c612102e30a681/extensions/git/dist/askpass-main.js'), ('PS1', '\\[\x1b]633;A\x07\\]\\u@\\h\\[\\033[01;34m\\](cerebellum)\\[\\033[00m\\]:\\w$ \\[\x1b]633;B\x07\\]'), ('VSCODE_GIT_ASKPASS_NODE', '/root/.vscode-server/bin/8b3775030ed1a69b13e4f4c628c612102e30a681/node'), ('COLORTERM', 'truecolor'), ('REMOTE_CONTAINERS', 'true'), ('COLCON_PREFIX_PATH', '/ros2_ws/install'), ('ROS_DISTRO', 'humble'), ('REMOTE_CONTAINERS_IPC', '/tmp/vscode-remote-containers-ipc-da423283-e06a-4075-9a0a-cdab3e9a5907.sock'), ('_', '/usr/bin/colcon'), ('ROS_VERSION', '2'), ('TERM', 'xterm-256color'), ('ROS_LOCALHOST_ONLY', '0'), ('PATH', '/root/.vscode-server/bin/8b3775030ed1a69b13e4f4c628c612102e30a681/bin/remote-cli:/opt/ros/humble/bin:/usr/local/sbin:/usr/local/bin:/usr/sbin:/usr/bin:/sbin:/bin'), ('REMOTE_CONTAINERS_SOCKETS', '["/tmp/vscode-ssh-auth-da423283-e06a-4075-9a0a-cdab3e9a5907.sock","/root/.gnupg/S.gpg-agent"]'), ('LANG', 'en_US.UTF-8'), ('LS_COLORS', 'rs=0:di=01;34:ln=01;36:mh=00:pi=40;33:so=01;35:do=01;35:bd=40;33;01:cd=40;33;01:or=40;31;01:mi=00:su=37;41:sg=30;43:ca=30;41:tw=30;42:ow=34;42:st=37;44:ex=01;32:*.tar=01;31:*.tgz=01;31:*.arc=01;31:*.arj=01;31:*.taz=01;31:*.lha=01;31:*.lz4=01;31:*.lzh=01;31:*.lzma=01;31:*.tlz=01;31:*.txz=01;31:*.tzo=01;31:*.t7z=01;31:*.zip=01;31:*.z=01;31:*.dz=01;31:*.gz=01;31:*.lrz=01;31:*.lz=01;31:*.lzo=01;31:*.xz=01;31:*.zst=01;31:*.tzst=01;31:*.bz2=01;31:*.bz=01;31:*.tbz=01;31:*.tbz2=01;31:*.tz=01;31:*.deb=01;31:*.rpm=01;31:*.jar=01;31:*.war=01;31:*.ear=01;31:*.sar=01;31:*.rar=01;31:*.alz=01;31:*.ace=01;31:*.zoo=01;31:*.cpio=01;31:*.7z=01;31:*.rz=01;31:*.cab=01;31:*.wim=01;31:*.swm=01;31:*.dwm=01;31:*.esd=01;31:*.jpg=01;35:*.jpeg=01;35:*.mjpg=01;35:*.mjpeg=01;35:*.gif=01;35:*.bmp=01;35:*.pbm=01;35:*.pgm=01;35:*.ppm=01;35:*.tga=01;35:*.xbm=01;35:*.xpm=01;35:*.tif=01;35:*.tiff=01;35:*.png=01;35:*.svg=01;35:*.svgz=01;35:*.mng=01;35:*.pcx=01;35:*.mov=01;35:*.mpg=01;35:*.mpeg=01;35:*.m2v=01;35:*.mkv=01;35:*.webm=01;35:*.webp=01;35:*.ogm=01;35:*.mp4=01;35:*.m4v=01;35:*.mp4v=01;35:*.vob=01;35:*.qt=01;35:*.nuv=01;35:*.wmv=01;35:*.asf=01;35:*.rm=01;35:*.rmvb=01;35:*.flc=01;35:*.avi=01;35:*.fli=01;35:*.flv=01;35:*.gl=01;35:*.dl=01;35:*.xcf=01;35:*.xwd=01;35:*.yuv=01;35:*.cgm=01;35:*.emf=01;35:*.ogv=01;35:*.ogx=01;35:*.aac=00;36:*.au=00;36:*.flac=00;36:*.m4a=00;36:*.mid=00;36:*.midi=00;36:*.mka=00;36:*.mp3=00;36:*.mpc=00;36:*.ogg=00;36:*.ra=00;36:*.wav=00;36:*.oga=00;36:*.opus=00;36:*.spx=00;36:*.xspf=00;36:'), ('VSCODE_GIT_IPC_HANDLE', '/tmp/vscode-git-827e2e94fd.sock'), ('TERM_PROGRAM', 'vscode'), ('SSH_AUTH_SOCK', '/tmp/vscode-ssh-auth-da423283-e06a-4075-9a0a-cdab3e9a5907.sock'), ('AMENT_PREFIX_PATH', '/ros2_ws/install/bringup:/ros2_ws/install/dri_interfaces:/ros2_ws/install/algorithms:/ros2_ws/install/interfaces:/ros2_ws/install/drivers:/ros2_ws/install/common:/opt/ros/humble'), ('SHELL', '/bin/bash'), ('LESSCLOSE', '/usr/bin/lesspipe %s %s'), ('VSCODE_GIT_ASKPASS_EXTRA_ARGS', ''), ('PWD', '/ros2_ws/build/drivers'), ('PYTHONPATH', '/ros2_ws/install/interfaces/local/lib/python3.10/dist-packages:/opt/ros/humble/lib/python3.10/site-packages:/opt/ros/humble/local/lib/python3.10/dist-packages'), ('COLCON', '1'), ('CMAKE_PREFIX_PATH', '/ros2_ws/install/common:/ros2_ws/install/bringup:/ros2_ws/install/dri_interfaces:/ros2_ws/install/algorithms:/ros2_ws/install/interfaces:/ros2_ws/install/drivers:/opt/ros/humble')]), 'shell': False}
[1.390625] (interfaces) StdoutLine: {'line': b'[ 85%] Built target interfaces__rosidl_generator_py\n'}
[1.404343] (-) TimerEvent: {}
[1.505743] (-) TimerEvent: {}
[1.606446] (-) TimerEvent: {}
[1.609543] (interfaces) StdoutLine: {'line': b'[ 90%] Built target interfaces__rosidl_typesupport_introspection_c__pyext\n'}
[1.615321] (interfaces) StdoutLine: {'line': b'[ 95%] Built target interfaces__rosidl_typesupport_c__pyext\n'}
[1.621367] (interfaces) StdoutLine: {'line': b'[100%] Built target interfaces__rosidl_typesupport_fastrtps_c__pyext\n'}
[1.657842] (drivers) StdoutLine: {'line': b'[ 75%] Built target drivers_core\n'}
[1.706611] (-) TimerEvent: {}
[1.747557] (drivers) StdoutLine: {'line': b'[100%] Built target test_controller\n'}
[1.784287] (drivers) CommandEnded: {'returncode': 0}
[1.788926] (drivers) JobProgress: {'identifier': 'drivers', 'progress': 'install'}
[1.789789] (drivers) Command: {'cmd': ['/usr/bin/cmake', '--install', '/ros2_ws/build/drivers'], 'cwd': '/ros2_ws/build/drivers', 'env': OrderedDict([('LESSOPEN', '| /usr/bin/lesspipe %s'), ('HOSTNAME', '86cfe8a43a6c'), ('GIT_ASKPASS', '/root/.vscode-server/bin/8b3775030ed1a69b13e4f4c628c612102e30a681/extensions/git/dist/askpass.sh'), ('SHLVL', '2'), ('LD_LIBRARY_PATH', '/ros2_ws/install/interfaces/lib:/ros2_ws/install/drivers/lib:/ros2_ws/install/common/lib:/opt/ros/humble/opt/rviz_ogre_vendor/lib:/opt/ros/humble/lib/aarch64-linux-gnu:/opt/ros/humble/lib'), ('BROWSER', '/root/.vscode-server/bin/8b3775030ed1a69b13e4f4c628c612102e30a681/bin/helpers/browser.sh'), ('HOME', '/root'), ('TERM_PROGRAM_VERSION', '1.85.2'), ('VSCODE_IPC_HOOK_CLI', '/tmp/vscode-ipc-86219f0d-d783-4d09-bf47-cf67c3c43e9a.sock'), ('ROS_PYTHON_VERSION', '3'), ('VSCODE_GIT_ASKPASS_MAIN', '/root/.vscode-server/bin/8b3775030ed1a69b13e4f4c628c612102e30a681/extensions/git/dist/askpass-main.js'), ('PS1', '\\[\x1b]633;A\x07\\]\\u@\\h\\[\\033[01;34m\\](cerebellum)\\[\\033[00m\\]:\\w$ \\[\x1b]633;B\x07\\]'), ('VSCODE_GIT_ASKPASS_NODE', '/root/.vscode-server/bin/8b3775030ed1a69b13e4f4c628c612102e30a681/node'), ('COLORTERM', 'truecolor'), ('REMOTE_CONTAINERS', 'true'), ('COLCON_PREFIX_PATH', '/ros2_ws/install'), ('ROS_DISTRO', 'humble'), ('REMOTE_CONTAINERS_IPC', '/tmp/vscode-remote-containers-ipc-da423283-e06a-4075-9a0a-cdab3e9a5907.sock'), ('_', '/usr/bin/colcon'), ('ROS_VERSION', '2'), ('TERM', 'xterm-256color'), ('ROS_LOCALHOST_ONLY', '0'), ('PATH', '/root/.vscode-server/bin/8b3775030ed1a69b13e4f4c628c612102e30a681/bin/remote-cli:/opt/ros/humble/bin:/usr/local/sbin:/usr/local/bin:/usr/sbin:/usr/bin:/sbin:/bin'), ('REMOTE_CONTAINERS_SOCKETS', '["/tmp/vscode-ssh-auth-da423283-e06a-4075-9a0a-cdab3e9a5907.sock","/root/.gnupg/S.gpg-agent"]'), ('LANG', 'en_US.UTF-8'), ('LS_COLORS', 'rs=0:di=01;34:ln=01;36:mh=00:pi=40;33:so=01;35:do=01;35:bd=40;33;01:cd=40;33;01:or=40;31;01:mi=00:su=37;41:sg=30;43:ca=30;41:tw=30;42:ow=34;42:st=37;44:ex=01;32:*.tar=01;31:*.tgz=01;31:*.arc=01;31:*.arj=01;31:*.taz=01;31:*.lha=01;31:*.lz4=01;31:*.lzh=01;31:*.lzma=01;31:*.tlz=01;31:*.txz=01;31:*.tzo=01;31:*.t7z=01;31:*.zip=01;31:*.z=01;31:*.dz=01;31:*.gz=01;31:*.lrz=01;31:*.lz=01;31:*.lzo=01;31:*.xz=01;31:*.zst=01;31:*.tzst=01;31:*.bz2=01;31:*.bz=01;31:*.tbz=01;31:*.tbz2=01;31:*.tz=01;31:*.deb=01;31:*.rpm=01;31:*.jar=01;31:*.war=01;31:*.ear=01;31:*.sar=01;31:*.rar=01;31:*.alz=01;31:*.ace=01;31:*.zoo=01;31:*.cpio=01;31:*.7z=01;31:*.rz=01;31:*.cab=01;31:*.wim=01;31:*.swm=01;31:*.dwm=01;31:*.esd=01;31:*.jpg=01;35:*.jpeg=01;35:*.mjpg=01;35:*.mjpeg=01;35:*.gif=01;35:*.bmp=01;35:*.pbm=01;35:*.pgm=01;35:*.ppm=01;35:*.tga=01;35:*.xbm=01;35:*.xpm=01;35:*.tif=01;35:*.tiff=01;35:*.png=01;35:*.svg=01;35:*.svgz=01;35:*.mng=01;35:*.pcx=01;35:*.mov=01;35:*.mpg=01;35:*.mpeg=01;35:*.m2v=01;35:*.mkv=01;35:*.webm=01;35:*.webp=01;35:*.ogm=01;35:*.mp4=01;35:*.m4v=01;35:*.mp4v=01;35:*.vob=01;35:*.qt=01;35:*.nuv=01;35:*.wmv=01;35:*.asf=01;35:*.rm=01;35:*.rmvb=01;35:*.flc=01;35:*.avi=01;35:*.fli=01;35:*.flv=01;35:*.gl=01;35:*.dl=01;35:*.xcf=01;35:*.xwd=01;35:*.yuv=01;35:*.cgm=01;35:*.emf=01;35:*.ogv=01;35:*.ogx=01;35:*.aac=00;36:*.au=00;36:*.flac=00;36:*.m4a=00;36:*.mid=00;36:*.midi=00;36:*.mka=00;36:*.mp3=00;36:*.mpc=00;36:*.ogg=00;36:*.ra=00;36:*.wav=00;36:*.oga=00;36:*.opus=00;36:*.spx=00;36:*.xspf=00;36:'), ('VSCODE_GIT_IPC_HANDLE', '/tmp/vscode-git-827e2e94fd.sock'), ('TERM_PROGRAM', 'vscode'), ('SSH_AUTH_SOCK', '/tmp/vscode-ssh-auth-da423283-e06a-4075-9a0a-cdab3e9a5907.sock'), ('AMENT_PREFIX_PATH', '/ros2_ws/install/bringup:/ros2_ws/install/dri_interfaces:/ros2_ws/install/algorithms:/ros2_ws/install/interfaces:/ros2_ws/install/drivers:/ros2_ws/install/common:/opt/ros/humble'), ('SHELL', '/bin/bash'), ('LESSCLOSE', '/usr/bin/lesspipe %s %s'), ('VSCODE_GIT_ASKPASS_EXTRA_ARGS', ''), ('PWD', '/ros2_ws/build/drivers'), ('PYTHONPATH', '/ros2_ws/install/interfaces/local/lib/python3.10/dist-packages:/opt/ros/humble/lib/python3.10/site-packages:/opt/ros/humble/local/lib/python3.10/dist-packages'), ('COLCON', '1'), ('CMAKE_PREFIX_PATH', '/ros2_ws/install/common:/ros2_ws/install/bringup:/ros2_ws/install/dri_interfaces:/ros2_ws/install/algorithms:/ros2_ws/install/interfaces:/ros2_ws/install/drivers:/opt/ros/humble')]), 'shell': False}
[1.806872] (-) TimerEvent: {}
[1.817194] (drivers) StdoutLine: {'line': b'-- Install configuration: ""\n'}
[1.819944] (drivers) StdoutLine: {'line': b'-- Execute custom install script\n'}
[1.821567] (drivers) StdoutLine: {'line': b'-- Up-to-date symlink: /ros2_ws/install/drivers/lib/drivers/test_controller\n'}
[1.823708] (drivers) StdoutLine: {'line': b'-- Up-to-date symlink: /ros2_ws/install/drivers/include/drivers/drivers/bms/bms.h\n'}
[1.824924] (drivers) StdoutLine: {'line': b'-- Up-to-date symlink: /ros2_ws/install/drivers/include/drivers/drivers/controller_board/controller_board.h\n'}
[1.825895] (drivers) StdoutLine: {'line': b'-- Up-to-date symlink: /ros2_ws/install/drivers/include/drivers/drivers/controller_board/controller_comm.h\n'}
[1.826844] (drivers) StdoutLine: {'line': b'-- Up-to-date symlink: /ros2_ws/install/drivers/include/drivers/drivers/controller_board/protocol.h\n'}
[1.827616] (drivers) StdoutLine: {'line': b'-- Up-to-date symlink: /ros2_ws/install/drivers/include/drivers/drivers/imu/imu.h\n'}
[1.828819] (drivers) StdoutLine: {'line': b'-- Up-to-date symlink: /ros2_ws/install/drivers/include/drivers/drivers/motor/motor.h\n'}
[1.832991] (drivers) StdoutLine: {'line': b'-- Up-to-date symlink: /ros2_ws/install/drivers/include/drivers/port/driver_port.h\n'}
[1.837441] (drivers) StdoutLine: {'line': b'-- Up-to-date symlink: /ros2_ws/install/drivers/share/drivers/environment/library_path.sh\n'}
[1.837974] (drivers) StdoutLine: {'line': b'-- Up-to-date symlink: /ros2_ws/install/drivers/share/drivers/environment/library_path.dsv\n'}
[1.838993] (drivers) StdoutLine: {'line': b'-- Up-to-date symlink: /ros2_ws/install/drivers/share/ament_index/resource_index/package_run_dependencies/drivers\n'}
[1.841097] (drivers) StdoutLine: {'line': b'-- Up-to-date symlink: /ros2_ws/install/drivers/share/ament_index/resource_index/parent_prefix_path/drivers\n'}
[1.841869] (drivers) StdoutLine: {'line': b'-- Up-to-date symlink: /ros2_ws/install/drivers/share/drivers/environment/ament_prefix_path.sh\n'}
[1.842463] (drivers) StdoutLine: {'line': b'-- Up-to-date symlink: /ros2_ws/install/drivers/share/drivers/environment/ament_prefix_path.dsv\n'}
[1.842917] (drivers) StdoutLine: {'line': b'-- Up-to-date symlink: /ros2_ws/install/drivers/share/drivers/environment/path.sh\n'}
[1.844635] (drivers) StdoutLine: {'line': b'-- Up-to-date symlink: /ros2_ws/install/drivers/share/drivers/environment/path.dsv\n'}
[1.845809] (drivers) StdoutLine: {'line': b'-- Up-to-date symlink: /ros2_ws/install/drivers/share/drivers/local_setup.bash\n'}
[1.846275] (drivers) StdoutLine: {'line': b'-- Up-to-date symlink: /ros2_ws/install/drivers/share/drivers/local_setup.sh\n'}
[1.846692] (drivers) StdoutLine: {'line': b'-- Up-to-date symlink: /ros2_ws/install/drivers/share/drivers/local_setup.zsh\n'}
[1.847161] (drivers) StdoutLine: {'line': b'-- Up-to-date symlink: /ros2_ws/install/drivers/share/drivers/local_setup.dsv\n'}
[1.847587] (drivers) StdoutLine: {'line': b'-- Symlinking: /ros2_ws/install/drivers/share/drivers/package.dsv\n'}
[1.879405] (drivers) StdoutLine: {'line': b'-- Up-to-date symlink: /ros2_ws/install/drivers/share/ament_index/resource_index/packages/drivers\n'}
[1.881327] (drivers) StdoutLine: {'line': b'-- Up-to-date symlink: /ros2_ws/install/drivers/share/drivers/cmake/ament_cmake_export_include_directories-extras.cmake\n'}
[1.883488] (drivers) StdoutLine: {'line': b'-- Up-to-date symlink: /ros2_ws/install/drivers/share/drivers/cmake/ament_cmake_export_libraries-extras.cmake\n'}
[1.884066] (drivers) StdoutLine: {'line': b'-- Up-to-date symlink: /ros2_ws/install/drivers/share/drivers/cmake/driversConfig.cmake\n'}
[1.885748] (drivers) StdoutLine: {'line': b'-- Up-to-date symlink: /ros2_ws/install/drivers/share/drivers/cmake/driversConfig-version.cmake\n'}
[1.896876] (drivers) StdoutLine: {'line': b'-- Up-to-date symlink: /ros2_ws/install/drivers/share/drivers/package.xml\n'}
[1.897573] (drivers) StdoutLine: {'line': b'-- Up-to-date: /ros2_ws/install/drivers/lib/libdrivers_core.a\n'}
[1.898065] (drivers) CommandEnded: {'returncode': 0}
[1.907178] (-) TimerEvent: {}
[1.966334] (drivers) JobEnded: {'identifier': 'drivers', 'rc': 0}
[2.007346] (-) TimerEvent: {}
[2.081555] (interfaces) StdoutLine: {'line': b'running egg_info\n'}
[2.084821] (interfaces) StdoutLine: {'line': b'writing interfaces.egg-info/PKG-INFO\n'}
[2.085676] (interfaces) StdoutLine: {'line': b'writing dependency_links to interfaces.egg-info/dependency_links.txt\n'}
[2.086509] (interfaces) StdoutLine: {'line': b'writing top-level names to interfaces.egg-info/top_level.txt\n'}
[2.099920] (interfaces) StdoutLine: {'line': b"reading manifest file 'interfaces.egg-info/SOURCES.txt'\n"}
[2.103465] (interfaces) StdoutLine: {'line': b"writing manifest file 'interfaces.egg-info/SOURCES.txt'\n"}
[2.107519] (-) TimerEvent: {}
[2.208705] (-) TimerEvent: {}
[2.238213] (interfaces) StdoutLine: {'line': b'[100%] Built target ament_cmake_python_build_interfaces_egg\n'}
[2.275196] (interfaces) CommandEnded: {'returncode': 0}
[2.280678] (interfaces) JobProgress: {'identifier': 'interfaces', 'progress': 'install'}
[2.281649] (interfaces) Command: {'cmd': ['/usr/bin/cmake', '--install', '/ros2_ws/build/interfaces'], 'cwd': '/ros2_ws/build/interfaces', 'env': OrderedDict([('LESSOPEN', '| /usr/bin/lesspipe %s'), ('HOSTNAME', '86cfe8a43a6c'), ('GIT_ASKPASS', '/root/.vscode-server/bin/8b3775030ed1a69b13e4f4c628c612102e30a681/extensions/git/dist/askpass.sh'), ('SHLVL', '2'), ('LD_LIBRARY_PATH', '/ros2_ws/install/interfaces/lib:/ros2_ws/install/drivers/lib:/ros2_ws/install/common/lib:/opt/ros/humble/opt/rviz_ogre_vendor/lib:/opt/ros/humble/lib/aarch64-linux-gnu:/opt/ros/humble/lib'), ('BROWSER', '/root/.vscode-server/bin/8b3775030ed1a69b13e4f4c628c612102e30a681/bin/helpers/browser.sh'), ('HOME', '/root'), ('TERM_PROGRAM_VERSION', '1.85.2'), ('VSCODE_IPC_HOOK_CLI', '/tmp/vscode-ipc-86219f0d-d783-4d09-bf47-cf67c3c43e9a.sock'), ('ROS_PYTHON_VERSION', '3'), ('VSCODE_GIT_ASKPASS_MAIN', '/root/.vscode-server/bin/8b3775030ed1a69b13e4f4c628c612102e30a681/extensions/git/dist/askpass-main.js'), ('PS1', '\\[\x1b]633;A\x07\\]\\u@\\h\\[\\033[01;34m\\](cerebellum)\\[\\033[00m\\]:\\w$ \\[\x1b]633;B\x07\\]'), ('VSCODE_GIT_ASKPASS_NODE', '/root/.vscode-server/bin/8b3775030ed1a69b13e4f4c628c612102e30a681/node'), ('COLORTERM', 'truecolor'), ('REMOTE_CONTAINERS', 'true'), ('COLCON_PREFIX_PATH', '/ros2_ws/install'), ('ROS_DISTRO', 'humble'), ('REMOTE_CONTAINERS_IPC', '/tmp/vscode-remote-containers-ipc-da423283-e06a-4075-9a0a-cdab3e9a5907.sock'), ('_', '/usr/bin/colcon'), ('ROS_VERSION', '2'), ('TERM', 'xterm-256color'), ('ROS_LOCALHOST_ONLY', '0'), ('PATH', '/root/.vscode-server/bin/8b3775030ed1a69b13e4f4c628c612102e30a681/bin/remote-cli:/opt/ros/humble/bin:/usr/local/sbin:/usr/local/bin:/usr/sbin:/usr/bin:/sbin:/bin'), ('REMOTE_CONTAINERS_SOCKETS', '["/tmp/vscode-ssh-auth-da423283-e06a-4075-9a0a-cdab3e9a5907.sock","/root/.gnupg/S.gpg-agent"]'), ('LANG', 'en_US.UTF-8'), ('LS_COLORS', 'rs=0:di=01;34:ln=01;36:mh=00:pi=40;33:so=01;35:do=01;35:bd=40;33;01:cd=40;33;01:or=40;31;01:mi=00:su=37;41:sg=30;43:ca=30;41:tw=30;42:ow=34;42:st=37;44:ex=01;32:*.tar=01;31:*.tgz=01;31:*.arc=01;31:*.arj=01;31:*.taz=01;31:*.lha=01;31:*.lz4=01;31:*.lzh=01;31:*.lzma=01;31:*.tlz=01;31:*.txz=01;31:*.tzo=01;31:*.t7z=01;31:*.zip=01;31:*.z=01;31:*.dz=01;31:*.gz=01;31:*.lrz=01;31:*.lz=01;31:*.lzo=01;31:*.xz=01;31:*.zst=01;31:*.tzst=01;31:*.bz2=01;31:*.bz=01;31:*.tbz=01;31:*.tbz2=01;31:*.tz=01;31:*.deb=01;31:*.rpm=01;31:*.jar=01;31:*.war=01;31:*.ear=01;31:*.sar=01;31:*.rar=01;31:*.alz=01;31:*.ace=01;31:*.zoo=01;31:*.cpio=01;31:*.7z=01;31:*.rz=01;31:*.cab=01;31:*.wim=01;31:*.swm=01;31:*.dwm=01;31:*.esd=01;31:*.jpg=01;35:*.jpeg=01;35:*.mjpg=01;35:*.mjpeg=01;35:*.gif=01;35:*.bmp=01;35:*.pbm=01;35:*.pgm=01;35:*.ppm=01;35:*.tga=01;35:*.xbm=01;35:*.xpm=01;35:*.tif=01;35:*.tiff=01;35:*.png=01;35:*.svg=01;35:*.svgz=01;35:*.mng=01;35:*.pcx=01;35:*.mov=01;35:*.mpg=01;35:*.mpeg=01;35:*.m2v=01;35:*.mkv=01;35:*.webm=01;35:*.webp=01;35:*.ogm=01;35:*.mp4=01;35:*.m4v=01;35:*.mp4v=01;35:*.vob=01;35:*.qt=01;35:*.nuv=01;35:*.wmv=01;35:*.asf=01;35:*.rm=01;35:*.rmvb=01;35:*.flc=01;35:*.avi=01;35:*.fli=01;35:*.flv=01;35:*.gl=01;35:*.dl=01;35:*.xcf=01;35:*.xwd=01;35:*.yuv=01;35:*.cgm=01;35:*.emf=01;35:*.ogv=01;35:*.ogx=01;35:*.aac=00;36:*.au=00;36:*.flac=00;36:*.m4a=00;36:*.mid=00;36:*.midi=00;36:*.mka=00;36:*.mp3=00;36:*.mpc=00;36:*.ogg=00;36:*.ra=00;36:*.wav=00;36:*.oga=00;36:*.opus=00;36:*.spx=00;36:*.xspf=00;36:'), ('VSCODE_GIT_IPC_HANDLE', '/tmp/vscode-git-827e2e94fd.sock'), ('TERM_PROGRAM', 'vscode'), ('SSH_AUTH_SOCK', '/tmp/vscode-ssh-auth-da423283-e06a-4075-9a0a-cdab3e9a5907.sock'), ('AMENT_PREFIX_PATH', '/ros2_ws/install/bringup:/ros2_ws/install/dri_interfaces:/ros2_ws/install/algorithms:/ros2_ws/install/interfaces:/ros2_ws/install/drivers:/ros2_ws/install/common:/opt/ros/humble'), ('SHELL', '/bin/bash'), ('LESSCLOSE', '/usr/bin/lesspipe %s %s'), ('VSCODE_GIT_ASKPASS_EXTRA_ARGS', ''), ('PWD', '/ros2_ws/build/interfaces'), ('PYTHONPATH', '/ros2_ws/install/interfaces/local/lib/python3.10/dist-packages:/opt/ros/humble/lib/python3.10/site-packages:/opt/ros/humble/local/lib/python3.10/dist-packages'), ('COLCON', '1'), ('CMAKE_PREFIX_PATH', '/ros2_ws/install/bringup:/ros2_ws/install/dri_interfaces:/ros2_ws/install/algorithms:/ros2_ws/install/interfaces:/ros2_ws/install/drivers:/ros2_ws/install/common:/opt/ros/humble')]), 'shell': False}
[2.308878] (-) TimerEvent: {}
[2.312495] (interfaces) StdoutLine: {'line': b'-- Install configuration: ""\n'}
[2.315730] (interfaces) StdoutLine: {'line': b'-- Execute custom install script\n'}
[2.318403] (interfaces) StdoutLine: {'line': b'-- Up-to-date symlink: /ros2_ws/install/interfaces/share/ament_index/resource_index/rosidl_interfaces/interfaces\n'}
[2.319604] (interfaces) StdoutLine: {'line': b'-- Up-to-date symlink: /ros2_ws/install/interfaces/include/interfaces/interfaces/msg/detail/motor_cmd__functions.h\n'}
[2.320445] (interfaces) StdoutLine: {'line': b'-- Up-to-date symlink: /ros2_ws/install/interfaces/include/interfaces/interfaces/msg/detail/motor_cmd__struct.h\n'}
[2.321324] (interfaces) StdoutLine: {'line': b'-- Up-to-date symlink: /ros2_ws/install/interfaces/include/interfaces/interfaces/msg/detail/motor_cmd__type_support.h\n'}
[2.322171] (interfaces) StdoutLine: {'line': b'-- Up-to-date symlink: /ros2_ws/install/interfaces/include/interfaces/interfaces/msg/detail/motor_states__functions.h\n'}
[2.323080] (interfaces) StdoutLine: {'line': b'-- Up-to-date symlink: /ros2_ws/install/interfaces/include/interfaces/interfaces/msg/detail/motor_states__struct.h\n'}
[2.324047] (interfaces) StdoutLine: {'line': b'-- Up-to-date symlink: /ros2_ws/install/interfaces/include/interfaces/interfaces/msg/detail/motor_states__type_support.h\n'}
[2.324946] (interfaces) StdoutLine: {'line': b'-- Up-to-date symlink: /ros2_ws/install/interfaces/include/interfaces/interfaces/msg/motor_cmd.h\n'}
[2.325813] (interfaces) StdoutLine: {'line': b'-- Up-to-date symlink: /ros2_ws/install/interfaces/include/interfaces/interfaces/msg/motor_states.h\n'}
[2.326691] (interfaces) StdoutLine: {'line': b'-- Up-to-date symlink: /ros2_ws/install/interfaces/include/interfaces/interfaces/msg/rosidl_generator_c__visibility_control.h\n'}
[2.328089] (interfaces) StdoutLine: {'line': b'-- Up-to-date symlink: /ros2_ws/install/interfaces/share/interfaces/environment/library_path.sh\n'}
[2.329234] (interfaces) StdoutLine: {'line': b'-- Up-to-date symlink: /ros2_ws/install/interfaces/share/interfaces/environment/library_path.dsv\n'}
[2.331635] (interfaces) StdoutLine: {'line': b'-- Up-to-date symlink: /ros2_ws/install/interfaces/include/interfaces/interfaces/msg/detail/motor_cmd__rosidl_typesupport_fastrtps_c.h\n'}
[2.332612] (interfaces) StdoutLine: {'line': b'-- Up-to-date symlink: /ros2_ws/install/interfaces/include/interfaces/interfaces/msg/detail/motor_states__rosidl_typesupport_fastrtps_c.h\n'}
[2.333681] (interfaces) StdoutLine: {'line': b'-- Up-to-date symlink: /ros2_ws/install/interfaces/include/interfaces/interfaces/msg/rosidl_typesupport_fastrtps_c__visibility_control.h\n'}
[2.335553] (interfaces) StdoutLine: {'line': b'-- Up-to-date symlink: /ros2_ws/install/interfaces/include/interfaces/interfaces/msg/detail/motor_cmd__rosidl_typesupport_introspection_c.h\n'}
[2.336546] (interfaces) StdoutLine: {'line': b'-- Up-to-date symlink: /ros2_ws/install/interfaces/include/interfaces/interfaces/msg/detail/motor_states__rosidl_typesupport_introspection_c.h\n'}
[2.337503] (interfaces) StdoutLine: {'line': b'-- Up-to-date symlink: /ros2_ws/install/interfaces/include/interfaces/interfaces/msg/rosidl_typesupport_introspection_c__visibility_control.h\n'}
[2.340685] (interfaces) StdoutLine: {'line': b'-- Up-to-date symlink: /ros2_ws/install/interfaces/include/interfaces/interfaces/msg/detail/motor_cmd__builder.hpp\n'}
[2.342279] (interfaces) StdoutLine: {'line': b'-- Up-to-date symlink: /ros2_ws/install/interfaces/include/interfaces/interfaces/msg/detail/motor_cmd__struct.hpp\n'}
[2.345122] (interfaces) StdoutLine: {'line': b'-- Up-to-date symlink: /ros2_ws/install/interfaces/include/interfaces/interfaces/msg/detail/motor_cmd__traits.hpp\n'}
[2.346118] (interfaces) StdoutLine: {'line': b'-- Up-to-date symlink: /ros2_ws/install/interfaces/include/interfaces/interfaces/msg/detail/motor_cmd__type_support.hpp\n'}
[2.346683] (interfaces) StdoutLine: {'line': b'-- Up-to-date symlink: /ros2_ws/install/interfaces/include/interfaces/interfaces/msg/detail/motor_states__builder.hpp\n'}
[2.347445] (interfaces) StdoutLine: {'line': b'-- Up-to-date symlink: /ros2_ws/install/interfaces/include/interfaces/interfaces/msg/detail/motor_states__struct.hpp\n'}
[2.348187] (interfaces) StdoutLine: {'line': b'-- Up-to-date symlink: /ros2_ws/install/interfaces/include/interfaces/interfaces/msg/detail/motor_states__traits.hpp\n'}
[2.348805] (interfaces) StdoutLine: {'line': b'-- Up-to-date symlink: /ros2_ws/install/interfaces/include/interfaces/interfaces/msg/detail/motor_states__type_support.hpp\n'}
[2.349258] (interfaces) StdoutLine: {'line': b'-- Up-to-date symlink: /ros2_ws/install/interfaces/include/interfaces/interfaces/msg/motor_cmd.hpp\n'}
[2.349772] (interfaces) StdoutLine: {'line': b'-- Up-to-date symlink: /ros2_ws/install/interfaces/include/interfaces/interfaces/msg/motor_states.hpp\n'}
[2.350568] (interfaces) StdoutLine: {'line': b'-- Up-to-date symlink: /ros2_ws/install/interfaces/include/interfaces/interfaces/msg/rosidl_generator_cpp__visibility_control.hpp\n'}
[2.353501] (interfaces) StdoutLine: {'line': b'-- Up-to-date symlink: /ros2_ws/install/interfaces/include/interfaces/interfaces/msg/detail/motor_cmd__rosidl_typesupport_fastrtps_cpp.hpp\n'}
[2.354582] (interfaces) StdoutLine: {'line': b'-- Up-to-date symlink: /ros2_ws/install/interfaces/include/interfaces/interfaces/msg/detail/motor_states__rosidl_typesupport_fastrtps_cpp.hpp\n'}
[2.355750] (interfaces) StdoutLine: {'line': b'-- Up-to-date symlink: /ros2_ws/install/interfaces/include/interfaces/interfaces/msg/rosidl_typesupport_fastrtps_cpp__visibility_control.h\n'}
[2.357993] (interfaces) StdoutLine: {'line': b'-- Up-to-date symlink: /ros2_ws/install/interfaces/include/interfaces/interfaces/msg/detail/motor_cmd__rosidl_typesupport_introspection_cpp.hpp\n'}
[2.359113] (interfaces) StdoutLine: {'line': b'-- Up-to-date symlink: /ros2_ws/install/interfaces/include/interfaces/interfaces/msg/detail/motor_states__rosidl_typesupport_introspection_cpp.hpp\n'}
[2.360716] (interfaces) StdoutLine: {'line': b'-- Up-to-date symlink: /ros2_ws/install/interfaces/share/interfaces/environment/pythonpath.sh\n'}
[2.362008] (interfaces) StdoutLine: {'line': b'-- Up-to-date symlink: /ros2_ws/install/interfaces/share/interfaces/environment/pythonpath.dsv\n'}
[2.363577] (interfaces) StdoutLine: {'line': b'-- Up-to-date symlink: /ros2_ws/install/interfaces/local/lib/python3.10/dist-packages/interfaces-0.0.0-py3.10.egg-info/PKG-INFO\n'}
[2.364299] (interfaces) StdoutLine: {'line': b'-- Up-to-date symlink: /ros2_ws/install/interfaces/local/lib/python3.10/dist-packages/interfaces-0.0.0-py3.10.egg-info/SOURCES.txt\n'}
[2.365230] (interfaces) StdoutLine: {'line': b'-- Up-to-date symlink: /ros2_ws/install/interfaces/local/lib/python3.10/dist-packages/interfaces-0.0.0-py3.10.egg-info/dependency_links.txt\n'}
[2.367461] (interfaces) StdoutLine: {'line': b'-- Up-to-date symlink: /ros2_ws/install/interfaces/local/lib/python3.10/dist-packages/interfaces-0.0.0-py3.10.egg-info/top_level.txt\n'}
[2.370578] (interfaces) StdoutLine: {'line': b'-- Up-to-date symlink: /ros2_ws/install/interfaces/local/lib/python3.10/dist-packages/interfaces/__init__.py\n'}
[2.371507] (interfaces) StdoutLine: {'line': b'-- Up-to-date symlink: /ros2_ws/install/interfaces/local/lib/python3.10/dist-packages/interfaces/_interfaces_s.ep.rosidl_typesupport_c.c\n'}
[2.372441] (interfaces) StdoutLine: {'line': b'-- Up-to-date symlink: /ros2_ws/install/interfaces/local/lib/python3.10/dist-packages/interfaces/_interfaces_s.ep.rosidl_typesupport_fastrtps_c.c\n'}
[2.373559] (interfaces) StdoutLine: {'line': b'-- Up-to-date symlink: /ros2_ws/install/interfaces/local/lib/python3.10/dist-packages/interfaces/_interfaces_s.ep.rosidl_typesupport_introspection_c.c\n'}
[2.374485] (interfaces) StdoutLine: {'line': b'-- Up-to-date symlink: /ros2_ws/install/interfaces/local/lib/python3.10/dist-packages/interfaces/interfaces_s__rosidl_typesupport_c.cpython-310-aarch64-linux-gnu.so\n'}
[2.376003] (interfaces) StdoutLine: {'line': b'-- Up-to-date symlink: /ros2_ws/install/interfaces/local/lib/python3.10/dist-packages/interfaces/interfaces_s__rosidl_typesupport_fastrtps_c.cpython-310-aarch64-linux-gnu.so\n'}
[2.376610] (interfaces) StdoutLine: {'line': b'-- Up-to-date symlink: /ros2_ws/install/interfaces/local/lib/python3.10/dist-packages/interfaces/interfaces_s__rosidl_typesupport_introspection_c.cpython-310-aarch64-linux-gnu.so\n'}
[2.377219] (interfaces) StdoutLine: {'line': b'-- Up-to-date symlink: /ros2_ws/install/interfaces/local/lib/python3.10/dist-packages/interfaces/libinterfaces__rosidl_generator_py.so\n'}
[2.378108] (interfaces) StdoutLine: {'line': b'-- Up-to-date symlink: /ros2_ws/install/interfaces/local/lib/python3.10/dist-packages/interfaces/msg/__init__.py\n'}
[2.379031] (interfaces) StdoutLine: {'line': b'-- Up-to-date symlink: /ros2_ws/install/interfaces/local/lib/python3.10/dist-packages/interfaces/msg/_motor_cmd.py\n'}
[2.380069] (interfaces) StdoutLine: {'line': b'-- Up-to-date symlink: /ros2_ws/install/interfaces/local/lib/python3.10/dist-packages/interfaces/msg/_motor_cmd_s.c\n'}
[2.380987] (interfaces) StdoutLine: {'line': b'-- Up-to-date symlink: /ros2_ws/install/interfaces/local/lib/python3.10/dist-packages/interfaces/msg/_motor_states.py\n'}
[2.381916] (interfaces) StdoutLine: {'line': b'-- Up-to-date symlink: /ros2_ws/install/interfaces/local/lib/python3.10/dist-packages/interfaces/msg/_motor_states_s.c\n'}
[2.383847] (interfaces) StdoutLine: {'line': b'-- Up-to-date symlink: /ros2_ws/install/interfaces/local/lib/python3.10/dist-packages/interfaces/interfaces_s__rosidl_typesupport_fastrtps_c.cpython-310-aarch64-linux-gnu.so\n'}
[2.385294] (interfaces) StdoutLine: {'line': b'-- Up-to-date symlink: /ros2_ws/install/interfaces/local/lib/python3.10/dist-packages/interfaces/interfaces_s__rosidl_typesupport_introspection_c.cpython-310-aarch64-linux-gnu.so\n'}
[2.386822] (interfaces) StdoutLine: {'line': b'-- Up-to-date symlink: /ros2_ws/install/interfaces/local/lib/python3.10/dist-packages/interfaces/interfaces_s__rosidl_typesupport_c.cpython-310-aarch64-linux-gnu.so\n'}
[2.387917] (interfaces) StdoutLine: {'line': b'-- Up-to-date symlink: /ros2_ws/install/interfaces/share/ament_index/resource_index/rust_packages/interfaces\n'}
[2.389743] (interfaces) StdoutLine: {'line': b'-- Up-to-date symlink: /ros2_ws/install/interfaces/share/interfaces/rust/Cargo.toml\n'}
[2.390575] (interfaces) StdoutLine: {'line': b'-- Up-to-date symlink: /ros2_ws/install/interfaces/share/interfaces/rust/build.rs\n'}
[2.391489] (interfaces) StdoutLine: {'line': b'-- Up-to-date symlink: /ros2_ws/install/interfaces/share/interfaces/rust/src/lib.rs\n'}
[2.392466] (interfaces) StdoutLine: {'line': b'-- Up-to-date symlink: /ros2_ws/install/interfaces/share/interfaces/rust/src/msg.rs\n'}
[2.393318] (interfaces) StdoutLine: {'line': b'-- Up-to-date symlink: /ros2_ws/install/interfaces/share/interfaces/rust/src/msg/rmw.rs\n'}
[2.394593] (interfaces) StdoutLine: {'line': b'-- Up-to-date symlink: /ros2_ws/install/interfaces/share/interfaces/msg/MotorCmd.idl\n'}
[2.395559] (interfaces) StdoutLine: {'line': b'-- Up-to-date symlink: /ros2_ws/install/interfaces/share/interfaces/msg/MotorStates.idl\n'}
[2.396356] (interfaces) StdoutLine: {'line': b'-- Up-to-date symlink: /ros2_ws/install/interfaces/share/interfaces/msg/MotorCmd.msg\n'}
[2.397030] (interfaces) StdoutLine: {'line': b'-- Up-to-date symlink: /ros2_ws/install/interfaces/share/interfaces/msg/MotorStates.msg\n'}
[2.399147] (interfaces) StdoutLine: {'line': b'-- Up-to-date symlink: /ros2_ws/install/interfaces/include/interfaces/msg/detail/motor_cmd__builder.hpp\n'}
[2.400078] (interfaces) StdoutLine: {'line': b'-- Up-to-date symlink: /ros2_ws/install/interfaces/include/interfaces/msg/detail/motor_cmd__struct.hpp\n'}
[2.401202] (interfaces) StdoutLine: {'line': b'-- Up-to-date symlink: /ros2_ws/install/interfaces/include/interfaces/msg/detail/motor_cmd__traits.hpp\n'}
[2.402113] (interfaces) StdoutLine: {'line': b'-- Up-to-date symlink: /ros2_ws/install/interfaces/include/interfaces/msg/detail/motor_cmd__type_support.hpp\n'}
[2.403424] (interfaces) StdoutLine: {'line': b'-- Up-to-date symlink: /ros2_ws/install/interfaces/include/interfaces/msg/detail/motor_states__builder.hpp\n'}
[2.404770] (interfaces) StdoutLine: {'line': b'-- Up-to-date symlink: /ros2_ws/install/interfaces/include/interfaces/msg/detail/motor_states__struct.hpp\n'}
[2.405621] (interfaces) StdoutLine: {'line': b'-- Up-to-date symlink: /ros2_ws/install/interfaces/include/interfaces/msg/detail/motor_states__traits.hpp\n'}
[2.407190] (interfaces) StdoutLine: {'line': b'-- Up-to-date symlink: /ros2_ws/install/interfaces/include/interfaces/msg/detail/motor_states__type_support.hpp\n'}
[2.407954] (interfaces) StdoutLine: {'line': b'-- Up-to-date symlink: /ros2_ws/install/interfaces/include/interfaces/msg/motor_cmd.hpp\n'}
[2.408402] (interfaces) StdoutLine: {'line': b'-- Up-to-date symlink: /ros2_ws/install/interfaces/include/interfaces/msg/motor_states.hpp\n'}
[2.408902] (-) TimerEvent: {}
[2.410265] (interfaces) StdoutLine: {'line': b'-- Up-to-date symlink: /ros2_ws/install/interfaces/include/interfaces/msg/rosidl_generator_cpp__visibility_control.hpp\n'}
[2.410857] (interfaces) StdoutLine: {'line': b'-- Up-to-date symlink: /ros2_ws/install/interfaces/share/ament_index/resource_index/package_run_dependencies/interfaces\n'}
[2.411546] (interfaces) StdoutLine: {'line': b'-- Up-to-date symlink: /ros2_ws/install/interfaces/share/ament_index/resource_index/parent_prefix_path/interfaces\n'}
[2.412545] (interfaces) StdoutLine: {'line': b'-- Up-to-date symlink: /ros2_ws/install/interfaces/share/interfaces/environment/ament_prefix_path.sh\n'}
[2.413666] (interfaces) StdoutLine: {'line': b'-- Up-to-date symlink: /ros2_ws/install/interfaces/share/interfaces/environment/ament_prefix_path.dsv\n'}
[2.415687] (interfaces) StdoutLine: {'line': b'-- Up-to-date symlink: /ros2_ws/install/interfaces/share/interfaces/environment/path.sh\n'}
[2.417556] (interfaces) StdoutLine: {'line': b'-- Up-to-date symlink: /ros2_ws/install/interfaces/share/interfaces/environment/path.dsv\n'}
[2.418820] (interfaces) StdoutLine: {'line': b'-- Up-to-date symlink: /ros2_ws/install/interfaces/share/interfaces/local_setup.bash\n'}
[2.419777] (interfaces) StdoutLine: {'line': b'-- Up-to-date symlink: /ros2_ws/install/interfaces/share/interfaces/local_setup.sh\n'}
[2.421249] (interfaces) StdoutLine: {'line': b'-- Up-to-date symlink: /ros2_ws/install/interfaces/share/interfaces/local_setup.zsh\n'}
[2.423086] (interfaces) StdoutLine: {'line': b'-- Up-to-date symlink: /ros2_ws/install/interfaces/share/interfaces/local_setup.dsv\n'}
[2.423639] (interfaces) StdoutLine: {'line': b'-- Symlinking: /ros2_ws/install/interfaces/share/interfaces/package.dsv\n'}
[2.465710] (interfaces) StdoutLine: {'line': b'-- Up-to-date symlink: /ros2_ws/install/interfaces/share/ament_index/resource_index/packages/interfaces\n'}
[2.466760] (interfaces) StdoutLine: {'line': b'-- Up-to-date symlink: /ros2_ws/install/interfaces/share/interfaces/cmake/rosidl_cmake-extras.cmake\n'}
[2.467991] (interfaces) StdoutLine: {'line': b'-- Up-to-date symlink: /ros2_ws/install/interfaces/share/interfaces/cmake/ament_cmake_export_include_directories-extras.cmake\n'}
[2.469097] (interfaces) StdoutLine: {'line': b'-- Up-to-date symlink: /ros2_ws/install/interfaces/share/interfaces/cmake/ament_cmake_export_libraries-extras.cmake\n'}
[2.470135] (interfaces) StdoutLine: {'line': b'-- Up-to-date symlink: /ros2_ws/install/interfaces/share/interfaces/cmake/ament_cmake_export_targets-extras.cmake\n'}
[2.472078] (interfaces) StdoutLine: {'line': b'-- Up-to-date symlink: /ros2_ws/install/interfaces/share/interfaces/cmake/rosidl_cmake_export_typesupport_targets-extras.cmake\n'}
[2.474551] (interfaces) StdoutLine: {'line': b'-- Up-to-date symlink: /ros2_ws/install/interfaces/share/interfaces/cmake/ament_cmake_export_dependencies-extras.cmake\n'}
[2.475357] (interfaces) StdoutLine: {'line': b'-- Up-to-date symlink: /ros2_ws/install/interfaces/share/interfaces/cmake/rosidl_cmake_export_typesupport_libraries-extras.cmake\n'}
[2.476003] (interfaces) StdoutLine: {'line': b'-- Up-to-date symlink: /ros2_ws/install/interfaces/share/interfaces/cmake/rosidl_cmake_aggregate_target-extras.cmake\n'}
[2.476573] (interfaces) StdoutLine: {'line': b'-- Up-to-date symlink: /ros2_ws/install/interfaces/share/interfaces/cmake/interfacesConfig.cmake\n'}
[2.477212] (interfaces) StdoutLine: {'line': b'-- Up-to-date symlink: /ros2_ws/install/interfaces/share/interfaces/cmake/interfacesConfig-version.cmake\n'}
[2.477738] (interfaces) StdoutLine: {'line': b'-- Up-to-date symlink: /ros2_ws/install/interfaces/share/interfaces/package.xml\n'}
[2.479735] (interfaces) StdoutLine: {'line': b'-- Up-to-date: /ros2_ws/install/interfaces/lib/libinterfaces__rosidl_generator_c.so\n'}
[2.482590] (interfaces) StdoutLine: {'line': b'-- Up-to-date: /ros2_ws/install/interfaces/lib/libinterfaces__rosidl_typesupport_fastrtps_c.so\n'}
[2.485511] (interfaces) StdoutLine: {'line': b'-- Up-to-date: /ros2_ws/install/interfaces/lib/libinterfaces__rosidl_typesupport_introspection_c.so\n'}
[2.487579] (interfaces) StdoutLine: {'line': b'-- Up-to-date: /ros2_ws/install/interfaces/lib/libinterfaces__rosidl_typesupport_c.so\n'}
[2.488708] (interfaces) StdoutLine: {'line': b'-- Up-to-date: /ros2_ws/install/interfaces/lib/libinterfaces__rosidl_typesupport_fastrtps_cpp.so\n'}
[2.489751] (interfaces) StdoutLine: {'line': b'-- Up-to-date: /ros2_ws/install/interfaces/lib/libinterfaces__rosidl_typesupport_introspection_cpp.so\n'}
[2.490741] (interfaces) StdoutLine: {'line': b'-- Up-to-date: /ros2_ws/install/interfaces/lib/libinterfaces__rosidl_typesupport_cpp.so\n'}
[2.509072] (-) TimerEvent: {}
[2.610073] (-) TimerEvent: {}
[2.642138] (interfaces) StdoutLine: {'line': b"Listing '/ros2_ws/install/interfaces/local/lib/python3.10/dist-packages/interfaces'...\n"}
[2.642819] (interfaces) StdoutLine: {'line': b"Listing '/ros2_ws/install/interfaces/local/lib/python3.10/dist-packages/interfaces/msg'...\n"}
[2.670267] (interfaces) StdoutLine: {'line': b'-- Up-to-date: /ros2_ws/install/interfaces/lib/libinterfaces__rosidl_generator_py.so\n'}
[2.671670] (interfaces) StdoutLine: {'line': b'-- Up-to-date: /ros2_ws/install/interfaces/share/interfaces/cmake/export_interfaces__rosidl_generator_cExport.cmake\n'}
[2.672922] (interfaces) StdoutLine: {'line': b'-- Up-to-date: /ros2_ws/install/interfaces/share/interfaces/cmake/export_interfaces__rosidl_generator_cExport-noconfig.cmake\n'}
[2.673715] (interfaces) StdoutLine: {'line': b'-- Up-to-date: /ros2_ws/install/interfaces/share/interfaces/cmake/export_interfaces__rosidl_typesupport_fastrtps_cExport.cmake\n'}
[2.674307] (interfaces) StdoutLine: {'line': b'-- Up-to-date: /ros2_ws/install/interfaces/share/interfaces/cmake/export_interfaces__rosidl_typesupport_fastrtps_cExport-noconfig.cmake\n'}
[2.675856] (interfaces) StdoutLine: {'line': b'-- Up-to-date: /ros2_ws/install/interfaces/share/interfaces/cmake/interfaces__rosidl_typesupport_introspection_cExport.cmake\n'}
[2.676476] (interfaces) StdoutLine: {'line': b'-- Up-to-date: /ros2_ws/install/interfaces/share/interfaces/cmake/interfaces__rosidl_typesupport_introspection_cExport-noconfig.cmake\n'}
[2.677692] (interfaces) StdoutLine: {'line': b'-- Up-to-date: /ros2_ws/install/interfaces/share/interfaces/cmake/interfaces__rosidl_typesupport_cExport.cmake\n'}
[2.678274] (interfaces) StdoutLine: {'line': b'-- Up-to-date: /ros2_ws/install/interfaces/share/interfaces/cmake/interfaces__rosidl_typesupport_cExport-noconfig.cmake\n'}
[2.679560] (interfaces) StdoutLine: {'line': b'-- Up-to-date: /ros2_ws/install/interfaces/share/interfaces/cmake/export_interfaces__rosidl_generator_cppExport.cmake\n'}
[2.681148] (interfaces) StdoutLine: {'line': b'-- Up-to-date: /ros2_ws/install/interfaces/share/interfaces/cmake/export_interfaces__rosidl_typesupport_fastrtps_cppExport.cmake\n'}
[2.681713] (interfaces) StdoutLine: {'line': b'-- Up-to-date: /ros2_ws/install/interfaces/share/interfaces/cmake/export_interfaces__rosidl_typesupport_fastrtps_cppExport-noconfig.cmake\n'}
[2.683188] (interfaces) StdoutLine: {'line': b'-- Up-to-date: /ros2_ws/install/interfaces/share/interfaces/cmake/interfaces__rosidl_typesupport_introspection_cppExport.cmake\n'}
[2.683799] (interfaces) StdoutLine: {'line': b'-- Up-to-date: /ros2_ws/install/interfaces/share/interfaces/cmake/interfaces__rosidl_typesupport_introspection_cppExport-noconfig.cmake\n'}
[2.684967] (interfaces) StdoutLine: {'line': b'-- Up-to-date: /ros2_ws/install/interfaces/share/interfaces/cmake/interfaces__rosidl_typesupport_cppExport.cmake\n'}
[2.685544] (interfaces) StdoutLine: {'line': b'-- Up-to-date: /ros2_ws/install/interfaces/share/interfaces/cmake/interfaces__rosidl_typesupport_cppExport-noconfig.cmake\n'}
[2.687852] (interfaces) StdoutLine: {'line': b'-- Up-to-date: /ros2_ws/install/interfaces/share/interfaces/cmake/export_interfaces__rosidl_generator_pyExport.cmake\n'}
[2.689052] (interfaces) StdoutLine: {'line': b'-- Up-to-date: /ros2_ws/install/interfaces/share/interfaces/cmake/export_interfaces__rosidl_generator_pyExport-noconfig.cmake\n'}
[2.696939] (interfaces) CommandEnded: {'returncode': 0}
[2.711214] (-) TimerEvent: {}
[2.795130] (interfaces) JobEnded: {'identifier': 'interfaces', 'rc': 0}
[2.797768] (algorithms) JobStarted: {'identifier': 'algorithms'}
[2.811386] (-) TimerEvent: {}
[2.821794] (dri_interfaces) JobStarted: {'identifier': 'dri_interfaces'}
[2.849173] (algorithms) JobProgress: {'identifier': 'algorithms', 'progress': 'cmake'}
[2.853992] (algorithms) JobProgress: {'identifier': 'algorithms', 'progress': 'build'}
[2.855490] (algorithms) Command: {'cmd': ['/usr/bin/cmake', '--build', '/ros2_ws/build/algorithms', '--', '-j4', '-l4'], 'cwd': '/ros2_ws/build/algorithms', 'env': OrderedDict([('LESSOPEN', '| /usr/bin/lesspipe %s'), ('HOSTNAME', '86cfe8a43a6c'), ('GIT_ASKPASS', '/root/.vscode-server/bin/8b3775030ed1a69b13e4f4c628c612102e30a681/extensions/git/dist/askpass.sh'), ('SHLVL', '2'), ('LD_LIBRARY_PATH', '/ros2_ws/install/interfaces/lib:/ros2_ws/install/drivers/lib:/ros2_ws/install/common/lib:/opt/ros/humble/opt/rviz_ogre_vendor/lib:/opt/ros/humble/lib/aarch64-linux-gnu:/opt/ros/humble/lib'), ('BROWSER', '/root/.vscode-server/bin/8b3775030ed1a69b13e4f4c628c612102e30a681/bin/helpers/browser.sh'), ('HOME', '/root'), ('TERM_PROGRAM_VERSION', '1.85.2'), ('VSCODE_IPC_HOOK_CLI', '/tmp/vscode-ipc-86219f0d-d783-4d09-bf47-cf67c3c43e9a.sock'), ('ROS_PYTHON_VERSION', '3'), ('VSCODE_GIT_ASKPASS_MAIN', '/root/.vscode-server/bin/8b3775030ed1a69b13e4f4c628c612102e30a681/extensions/git/dist/askpass-main.js'), ('PS1', '\\[\x1b]633;A\x07\\]\\u@\\h\\[\\033[01;34m\\](cerebellum)\\[\\033[00m\\]:\\w$ \\[\x1b]633;B\x07\\]'), ('VSCODE_GIT_ASKPASS_NODE', '/root/.vscode-server/bin/8b3775030ed1a69b13e4f4c628c612102e30a681/node'), ('COLORTERM', 'truecolor'), ('REMOTE_CONTAINERS', 'true'), ('COLCON_PREFIX_PATH', '/ros2_ws/install'), ('ROS_DISTRO', 'humble'), ('REMOTE_CONTAINERS_IPC', '/tmp/vscode-remote-containers-ipc-da423283-e06a-4075-9a0a-cdab3e9a5907.sock'), ('_', '/usr/bin/colcon'), ('ROS_VERSION', '2'), ('TERM', 'xterm-256color'), ('ROS_LOCALHOST_ONLY', '0'), ('PATH', '/root/.vscode-server/bin/8b3775030ed1a69b13e4f4c628c612102e30a681/bin/remote-cli:/opt/ros/humble/bin:/usr/local/sbin:/usr/local/bin:/usr/sbin:/usr/bin:/sbin:/bin'), ('REMOTE_CONTAINERS_SOCKETS', '["/tmp/vscode-ssh-auth-da423283-e06a-4075-9a0a-cdab3e9a5907.sock","/root/.gnupg/S.gpg-agent"]'), ('LANG', 'en_US.UTF-8'), ('LS_COLORS', 'rs=0:di=01;34:ln=01;36:mh=00:pi=40;33:so=01;35:do=01;35:bd=40;33;01:cd=40;33;01:or=40;31;01:mi=00:su=37;41:sg=30;43:ca=30;41:tw=30;42:ow=34;42:st=37;44:ex=01;32:*.tar=01;31:*.tgz=01;31:*.arc=01;31:*.arj=01;31:*.taz=01;31:*.lha=01;31:*.lz4=01;31:*.lzh=01;31:*.lzma=01;31:*.tlz=01;31:*.txz=01;31:*.tzo=01;31:*.t7z=01;31:*.zip=01;31:*.z=01;31:*.dz=01;31:*.gz=01;31:*.lrz=01;31:*.lz=01;31:*.lzo=01;31:*.xz=01;31:*.zst=01;31:*.tzst=01;31:*.bz2=01;31:*.bz=01;31:*.tbz=01;31:*.tbz2=01;31:*.tz=01;31:*.deb=01;31:*.rpm=01;31:*.jar=01;31:*.war=01;31:*.ear=01;31:*.sar=01;31:*.rar=01;31:*.alz=01;31:*.ace=01;31:*.zoo=01;31:*.cpio=01;31:*.7z=01;31:*.rz=01;31:*.cab=01;31:*.wim=01;31:*.swm=01;31:*.dwm=01;31:*.esd=01;31:*.jpg=01;35:*.jpeg=01;35:*.mjpg=01;35:*.mjpeg=01;35:*.gif=01;35:*.bmp=01;35:*.pbm=01;35:*.pgm=01;35:*.ppm=01;35:*.tga=01;35:*.xbm=01;35:*.xpm=01;35:*.tif=01;35:*.tiff=01;35:*.png=01;35:*.svg=01;35:*.svgz=01;35:*.mng=01;35:*.pcx=01;35:*.mov=01;35:*.mpg=01;35:*.mpeg=01;35:*.m2v=01;35:*.mkv=01;35:*.webm=01;35:*.webp=01;35:*.ogm=01;35:*.mp4=01;35:*.m4v=01;35:*.mp4v=01;35:*.vob=01;35:*.qt=01;35:*.nuv=01;35:*.wmv=01;35:*.asf=01;35:*.rm=01;35:*.rmvb=01;35:*.flc=01;35:*.avi=01;35:*.fli=01;35:*.flv=01;35:*.gl=01;35:*.dl=01;35:*.xcf=01;35:*.xwd=01;35:*.yuv=01;35:*.cgm=01;35:*.emf=01;35:*.ogv=01;35:*.ogx=01;35:*.aac=00;36:*.au=00;36:*.flac=00;36:*.m4a=00;36:*.mid=00;36:*.midi=00;36:*.mka=00;36:*.mp3=00;36:*.mpc=00;36:*.ogg=00;36:*.ra=00;36:*.wav=00;36:*.oga=00;36:*.opus=00;36:*.spx=00;36:*.xspf=00;36:'), ('VSCODE_GIT_IPC_HANDLE', '/tmp/vscode-git-827e2e94fd.sock'), ('TERM_PROGRAM', 'vscode'), ('SSH_AUTH_SOCK', '/tmp/vscode-ssh-auth-da423283-e06a-4075-9a0a-cdab3e9a5907.sock'), ('AMENT_PREFIX_PATH', '/ros2_ws/install/bringup:/ros2_ws/install/dri_interfaces:/ros2_ws/install/algorithms:/ros2_ws/install/interfaces:/ros2_ws/install/drivers:/ros2_ws/install/common:/opt/ros/humble'), ('SHELL', '/bin/bash'), ('LESSCLOSE', '/usr/bin/lesspipe %s %s'), ('VSCODE_GIT_ASKPASS_EXTRA_ARGS', ''), ('PWD', '/ros2_ws/build/algorithms'), ('PYTHONPATH', '/ros2_ws/install/interfaces/local/lib/python3.10/dist-packages:/opt/ros/humble/lib/python3.10/site-packages:/opt/ros/humble/local/lib/python3.10/dist-packages'), ('COLCON', '1'), ('CMAKE_PREFIX_PATH', '/ros2_ws/install/interfaces:/ros2_ws/install/common:/ros2_ws/install/bringup:/ros2_ws/install/dri_interfaces:/ros2_ws/install/algorithms:/ros2_ws/install/drivers:/opt/ros/humble')]), 'shell': False}
[2.866536] (dri_interfaces) JobProgress: {'identifier': 'dri_interfaces', 'progress': 'cmake'}
[2.871455] (dri_interfaces) JobProgress: {'identifier': 'dri_interfaces', 'progress': 'build'}
[2.872712] (dri_interfaces) Command: {'cmd': ['/usr/bin/cmake', '--build', '/ros2_ws/build/dri_interfaces', '--', '-j4', '-l4'], 'cwd': '/ros2_ws/build/dri_interfaces', 'env': OrderedDict([('LESSOPEN', '| /usr/bin/lesspipe %s'), ('HOSTNAME', '86cfe8a43a6c'), ('GIT_ASKPASS', '/root/.vscode-server/bin/8b3775030ed1a69b13e4f4c628c612102e30a681/extensions/git/dist/askpass.sh'), ('SHLVL', '2'), ('LD_LIBRARY_PATH', '/ros2_ws/install/interfaces/lib:/ros2_ws/install/drivers/lib:/ros2_ws/install/common/lib:/opt/ros/humble/opt/rviz_ogre_vendor/lib:/opt/ros/humble/lib/aarch64-linux-gnu:/opt/ros/humble/lib'), ('BROWSER', '/root/.vscode-server/bin/8b3775030ed1a69b13e4f4c628c612102e30a681/bin/helpers/browser.sh'), ('HOME', '/root'), ('TERM_PROGRAM_VERSION', '1.85.2'), ('VSCODE_IPC_HOOK_CLI', '/tmp/vscode-ipc-86219f0d-d783-4d09-bf47-cf67c3c43e9a.sock'), ('ROS_PYTHON_VERSION', '3'), ('VSCODE_GIT_ASKPASS_MAIN', '/root/.vscode-server/bin/8b3775030ed1a69b13e4f4c628c612102e30a681/extensions/git/dist/askpass-main.js'), ('PS1', '\\[\x1b]633;A\x07\\]\\u@\\h\\[\\033[01;34m\\](cerebellum)\\[\\033[00m\\]:\\w$ \\[\x1b]633;B\x07\\]'), ('VSCODE_GIT_ASKPASS_NODE', '/root/.vscode-server/bin/8b3775030ed1a69b13e4f4c628c612102e30a681/node'), ('COLORTERM', 'truecolor'), ('REMOTE_CONTAINERS', 'true'), ('COLCON_PREFIX_PATH', '/ros2_ws/install'), ('ROS_DISTRO', 'humble'), ('REMOTE_CONTAINERS_IPC', '/tmp/vscode-remote-containers-ipc-da423283-e06a-4075-9a0a-cdab3e9a5907.sock'), ('_', '/usr/bin/colcon'), ('ROS_VERSION', '2'), ('TERM', 'xterm-256color'), ('ROS_LOCALHOST_ONLY', '0'), ('PATH', '/root/.vscode-server/bin/8b3775030ed1a69b13e4f4c628c612102e30a681/bin/remote-cli:/opt/ros/humble/bin:/usr/local/sbin:/usr/local/bin:/usr/sbin:/usr/bin:/sbin:/bin'), ('REMOTE_CONTAINERS_SOCKETS', '["/tmp/vscode-ssh-auth-da423283-e06a-4075-9a0a-cdab3e9a5907.sock","/root/.gnupg/S.gpg-agent"]'), ('LANG', 'en_US.UTF-8'), ('LS_COLORS', 'rs=0:di=01;34:ln=01;36:mh=00:pi=40;33:so=01;35:do=01;35:bd=40;33;01:cd=40;33;01:or=40;31;01:mi=00:su=37;41:sg=30;43:ca=30;41:tw=30;42:ow=34;42:st=37;44:ex=01;32:*.tar=01;31:*.tgz=01;31:*.arc=01;31:*.arj=01;31:*.taz=01;31:*.lha=01;31:*.lz4=01;31:*.lzh=01;31:*.lzma=01;31:*.tlz=01;31:*.txz=01;31:*.tzo=01;31:*.t7z=01;31:*.zip=01;31:*.z=01;31:*.dz=01;31:*.gz=01;31:*.lrz=01;31:*.lz=01;31:*.lzo=01;31:*.xz=01;31:*.zst=01;31:*.tzst=01;31:*.bz2=01;31:*.bz=01;31:*.tbz=01;31:*.tbz2=01;31:*.tz=01;31:*.deb=01;31:*.rpm=01;31:*.jar=01;31:*.war=01;31:*.ear=01;31:*.sar=01;31:*.rar=01;31:*.alz=01;31:*.ace=01;31:*.zoo=01;31:*.cpio=01;31:*.7z=01;31:*.rz=01;31:*.cab=01;31:*.wim=01;31:*.swm=01;31:*.dwm=01;31:*.esd=01;31:*.jpg=01;35:*.jpeg=01;35:*.mjpg=01;35:*.mjpeg=01;35:*.gif=01;35:*.bmp=01;35:*.pbm=01;35:*.pgm=01;35:*.ppm=01;35:*.tga=01;35:*.xbm=01;35:*.xpm=01;35:*.tif=01;35:*.tiff=01;35:*.png=01;35:*.svg=01;35:*.svgz=01;35:*.mng=01;35:*.pcx=01;35:*.mov=01;35:*.mpg=01;35:*.mpeg=01;35:*.m2v=01;35:*.mkv=01;35:*.webm=01;35:*.webp=01;35:*.ogm=01;35:*.mp4=01;35:*.m4v=01;35:*.mp4v=01;35:*.vob=01;35:*.qt=01;35:*.nuv=01;35:*.wmv=01;35:*.asf=01;35:*.rm=01;35:*.rmvb=01;35:*.flc=01;35:*.avi=01;35:*.fli=01;35:*.flv=01;35:*.gl=01;35:*.dl=01;35:*.xcf=01;35:*.xwd=01;35:*.yuv=01;35:*.cgm=01;35:*.emf=01;35:*.ogv=01;35:*.ogx=01;35:*.aac=00;36:*.au=00;36:*.flac=00;36:*.m4a=00;36:*.mid=00;36:*.midi=00;36:*.mka=00;36:*.mp3=00;36:*.mpc=00;36:*.ogg=00;36:*.ra=00;36:*.wav=00;36:*.oga=00;36:*.opus=00;36:*.spx=00;36:*.xspf=00;36:'), ('VSCODE_GIT_IPC_HANDLE', '/tmp/vscode-git-827e2e94fd.sock'), ('TERM_PROGRAM', 'vscode'), ('SSH_AUTH_SOCK', '/tmp/vscode-ssh-auth-da423283-e06a-4075-9a0a-cdab3e9a5907.sock'), ('AMENT_PREFIX_PATH', '/ros2_ws/install/bringup:/ros2_ws/install/dri_interfaces:/ros2_ws/install/algorithms:/ros2_ws/install/interfaces:/ros2_ws/install/drivers:/ros2_ws/install/common:/opt/ros/humble'), ('SHELL', '/bin/bash'), ('LESSCLOSE', '/usr/bin/lesspipe %s %s'), ('VSCODE_GIT_ASKPASS_EXTRA_ARGS', ''), ('PWD', '/ros2_ws/build/dri_interfaces'), ('PYTHONPATH', '/ros2_ws/install/interfaces/local/lib/python3.10/dist-packages:/opt/ros/humble/lib/python3.10/site-packages:/opt/ros/humble/local/lib/python3.10/dist-packages'), ('COLCON', '1'), ('CMAKE_PREFIX_PATH', '/ros2_ws/install/interfaces:/ros2_ws/install/bringup:/ros2_ws/install/dri_interfaces:/ros2_ws/install/algorithms:/ros2_ws/install/drivers:/ros2_ws/install/common:/opt/ros/humble')]), 'shell': False}
[2.911567] (-) TimerEvent: {}
[3.012258] (-) TimerEvent: {}
[3.112968] (-) TimerEvent: {}
[3.134609] (algorithms) StdoutLine: {'line': b'[ 12%] Built target attitude_compensator\n'}
[3.213160] (-) TimerEvent: {}
[3.219226] (algorithms) StdoutLine: {'line': b'[ 25%] Built target imu_tools\n'}
[3.248684] (algorithms) StdoutLine: {'line': b'[ 37%] Built target twist_handler\n'}
[3.301862] (dri_interfaces) StdoutLine: {'line': b'[100%] Built target cerebellum_dri\n'}
[3.302782] (algorithms) StdoutLine: {'line': b'[ 50%] Built target inverse_kinematics\n'}
[3.313350] (-) TimerEvent: {}
[3.417718] (-) TimerEvent: {}
[3.420827] (dri_interfaces) CommandEnded: {'returncode': 0}
[3.435559] (dri_interfaces) JobProgress: {'identifier': 'dri_interfaces', 'progress': 'install'}
[3.435803] (dri_interfaces) Command: {'cmd': ['/usr/bin/cmake', '--install', '/ros2_ws/build/dri_interfaces'], 'cwd': '/ros2_ws/build/dri_interfaces', 'env': OrderedDict([('LESSOPEN', '| /usr/bin/lesspipe %s'), ('HOSTNAME', '86cfe8a43a6c'), ('GIT_ASKPASS', '/root/.vscode-server/bin/8b3775030ed1a69b13e4f4c628c612102e30a681/extensions/git/dist/askpass.sh'), ('SHLVL', '2'), ('LD_LIBRARY_PATH', '/ros2_ws/install/interfaces/lib:/ros2_ws/install/drivers/lib:/ros2_ws/install/common/lib:/opt/ros/humble/opt/rviz_ogre_vendor/lib:/opt/ros/humble/lib/aarch64-linux-gnu:/opt/ros/humble/lib'), ('BROWSER', '/root/.vscode-server/bin/8b3775030ed1a69b13e4f4c628c612102e30a681/bin/helpers/browser.sh'), ('HOME', '/root'), ('TERM_PROGRAM_VERSION', '1.85.2'), ('VSCODE_IPC_HOOK_CLI', '/tmp/vscode-ipc-86219f0d-d783-4d09-bf47-cf67c3c43e9a.sock'), ('ROS_PYTHON_VERSION', '3'), ('VSCODE_GIT_ASKPASS_MAIN', '/root/.vscode-server/bin/8b3775030ed1a69b13e4f4c628c612102e30a681/extensions/git/dist/askpass-main.js'), ('PS1', '\\[\x1b]633;A\x07\\]\\u@\\h\\[\\033[01;34m\\](cerebellum)\\[\\033[00m\\]:\\w$ \\[\x1b]633;B\x07\\]'), ('VSCODE_GIT_ASKPASS_NODE', '/root/.vscode-server/bin/8b3775030ed1a69b13e4f4c628c612102e30a681/node'), ('COLORTERM', 'truecolor'), ('REMOTE_CONTAINERS', 'true'), ('COLCON_PREFIX_PATH', '/ros2_ws/install'), ('ROS_DISTRO', 'humble'), ('REMOTE_CONTAINERS_IPC', '/tmp/vscode-remote-containers-ipc-da423283-e06a-4075-9a0a-cdab3e9a5907.sock'), ('_', '/usr/bin/colcon'), ('ROS_VERSION', '2'), ('TERM', 'xterm-256color'), ('ROS_LOCALHOST_ONLY', '0'), ('PATH', '/root/.vscode-server/bin/8b3775030ed1a69b13e4f4c628c612102e30a681/bin/remote-cli:/opt/ros/humble/bin:/usr/local/sbin:/usr/local/bin:/usr/sbin:/usr/bin:/sbin:/bin'), ('REMOTE_CONTAINERS_SOCKETS', '["/tmp/vscode-ssh-auth-da423283-e06a-4075-9a0a-cdab3e9a5907.sock","/root/.gnupg/S.gpg-agent"]'), ('LANG', 'en_US.UTF-8'), ('LS_COLORS', 'rs=0:di=01;34:ln=01;36:mh=00:pi=40;33:so=01;35:do=01;35:bd=40;33;01:cd=40;33;01:or=40;31;01:mi=00:su=37;41:sg=30;43:ca=30;41:tw=30;42:ow=34;42:st=37;44:ex=01;32:*.tar=01;31:*.tgz=01;31:*.arc=01;31:*.arj=01;31:*.taz=01;31:*.lha=01;31:*.lz4=01;31:*.lzh=01;31:*.lzma=01;31:*.tlz=01;31:*.txz=01;31:*.tzo=01;31:*.t7z=01;31:*.zip=01;31:*.z=01;31:*.dz=01;31:*.gz=01;31:*.lrz=01;31:*.lz=01;31:*.lzo=01;31:*.xz=01;31:*.zst=01;31:*.tzst=01;31:*.bz2=01;31:*.bz=01;31:*.tbz=01;31:*.tbz2=01;31:*.tz=01;31:*.deb=01;31:*.rpm=01;31:*.jar=01;31:*.war=01;31:*.ear=01;31:*.sar=01;31:*.rar=01;31:*.alz=01;31:*.ace=01;31:*.zoo=01;31:*.cpio=01;31:*.7z=01;31:*.rz=01;31:*.cab=01;31:*.wim=01;31:*.swm=01;31:*.dwm=01;31:*.esd=01;31:*.jpg=01;35:*.jpeg=01;35:*.mjpg=01;35:*.mjpeg=01;35:*.gif=01;35:*.bmp=01;35:*.pbm=01;35:*.pgm=01;35:*.ppm=01;35:*.tga=01;35:*.xbm=01;35:*.xpm=01;35:*.tif=01;35:*.tiff=01;35:*.png=01;35:*.svg=01;35:*.svgz=01;35:*.mng=01;35:*.pcx=01;35:*.mov=01;35:*.mpg=01;35:*.mpeg=01;35:*.m2v=01;35:*.mkv=01;35:*.webm=01;35:*.webp=01;35:*.ogm=01;35:*.mp4=01;35:*.m4v=01;35:*.mp4v=01;35:*.vob=01;35:*.qt=01;35:*.nuv=01;35:*.wmv=01;35:*.asf=01;35:*.rm=01;35:*.rmvb=01;35:*.flc=01;35:*.avi=01;35:*.fli=01;35:*.flv=01;35:*.gl=01;35:*.dl=01;35:*.xcf=01;35:*.xwd=01;35:*.yuv=01;35:*.cgm=01;35:*.emf=01;35:*.ogv=01;35:*.ogx=01;35:*.aac=00;36:*.au=00;36:*.flac=00;36:*.m4a=00;36:*.mid=00;36:*.midi=00;36:*.mka=00;36:*.mp3=00;36:*.mpc=00;36:*.ogg=00;36:*.ra=00;36:*.wav=00;36:*.oga=00;36:*.opus=00;36:*.spx=00;36:*.xspf=00;36:'), ('VSCODE_GIT_IPC_HANDLE', '/tmp/vscode-git-827e2e94fd.sock'), ('TERM_PROGRAM', 'vscode'), ('SSH_AUTH_SOCK', '/tmp/vscode-ssh-auth-da423283-e06a-4075-9a0a-cdab3e9a5907.sock'), ('AMENT_PREFIX_PATH', '/ros2_ws/install/bringup:/ros2_ws/install/dri_interfaces:/ros2_ws/install/algorithms:/ros2_ws/install/interfaces:/ros2_ws/install/drivers:/ros2_ws/install/common:/opt/ros/humble'), ('SHELL', '/bin/bash'), ('LESSCLOSE', '/usr/bin/lesspipe %s %s'), ('VSCODE_GIT_ASKPASS_EXTRA_ARGS', ''), ('PWD', '/ros2_ws/build/dri_interfaces'), ('PYTHONPATH', '/ros2_ws/install/interfaces/local/lib/python3.10/dist-packages:/opt/ros/humble/lib/python3.10/site-packages:/opt/ros/humble/local/lib/python3.10/dist-packages'), ('COLCON', '1'), ('CMAKE_PREFIX_PATH', '/ros2_ws/install/interfaces:/ros2_ws/install/bringup:/ros2_ws/install/dri_interfaces:/ros2_ws/install/algorithms:/ros2_ws/install/drivers:/ros2_ws/install/common:/opt/ros/humble')]), 'shell': False}
[3.489488] (algorithms) StdoutLine: {'line': b'[ 62%] Built target attitude_comp_node\n'}
[3.507412] (dri_interfaces) StdoutLine: {'line': b'-- Install configuration: ""\n'}
[3.510541] (dri_interfaces) StdoutLine: {'line': b'-- Execute custom install script\n'}
[3.515445] (dri_interfaces) StdoutLine: {'line': b'-- Up-to-date symlink: /ros2_ws/install/dri_interfaces/lib/dri_interfaces/cerebellum_dri\n'}
[3.517761] (dri_interfaces) StdoutLine: {'line': b'-- Up-to-date symlink: /ros2_ws/install/dri_interfaces/share/ament_index/resource_index/package_run_dependencies/dri_interfaces\n'}
[3.518367] (-) TimerEvent: {}
[3.523214] (dri_interfaces) StdoutLine: {'line': b'-- Up-to-date symlink: /ros2_ws/install/dri_interfaces/share/ament_index/resource_index/parent_prefix_path/dri_interfaces\n'}
[3.531738] (dri_interfaces) StdoutLine: {'line': b'-- Up-to-date symlink: /ros2_ws/install/dri_interfaces/share/dri_interfaces/environment/ament_prefix_path.sh\n'}
[3.537074] (dri_interfaces) StdoutLine: {'line': b'-- Up-to-date symlink: /ros2_ws/install/dri_interfaces/share/dri_interfaces/environment/ament_prefix_path.dsv\n'}
[3.540709] (dri_interfaces) StdoutLine: {'line': b'-- Up-to-date symlink: /ros2_ws/install/dri_interfaces/share/dri_interfaces/environment/path.sh\n'}
[3.553323] (dri_interfaces) StdoutLine: {'line': b'-- Up-to-date symlink: /ros2_ws/install/dri_interfaces/share/dri_interfaces/environment/path.dsv\n'}
[3.556600] (dri_interfaces) StdoutLine: {'line': b'-- Up-to-date symlink: /ros2_ws/install/dri_interfaces/share/dri_interfaces/local_setup.bash\n'}
[3.562310] (dri_interfaces) StdoutLine: {'line': b'-- Up-to-date symlink: /ros2_ws/install/dri_interfaces/share/dri_interfaces/local_setup.sh\n'}
[3.565680] (dri_interfaces) StdoutLine: {'line': b'-- Up-to-date symlink: /ros2_ws/install/dri_interfaces/share/dri_interfaces/local_setup.zsh\n'}
[3.569589] (dri_interfaces) StdoutLine: {'line': b'-- Up-to-date symlink: /ros2_ws/install/dri_interfaces/share/dri_interfaces/local_setup.dsv\n'}
[3.570635] (dri_interfaces) StdoutLine: {'line': b'-- Symlinking: /ros2_ws/install/dri_interfaces/share/dri_interfaces/package.dsv\n'}
[3.601693] (algorithms) StdoutLine: {'line': b'[ 75%] Built target twist_node\n'}
[3.609616] (algorithms) StdoutLine: {'line': b'[ 81%] \x1b[32mBuilding CXX object CMakeFiles/imu_tools_node.dir/src/nodes/imu_tools_node.cpp.o\x1b[0m\n'}
[3.618580] (-) TimerEvent: {}
[3.624074] (algorithms) StdoutLine: {'line': b'[ 93%] Built target ik_node\n'}
[3.643627] (dri_interfaces) StdoutLine: {'line': b'-- Up-to-date symlink: /ros2_ws/install/dri_interfaces/share/ament_index/resource_index/packages/dri_interfaces\n'}
[3.646309] (dri_interfaces) StdoutLine: {'line': b'-- Up-to-date symlink: /ros2_ws/install/dri_interfaces/share/dri_interfaces/cmake/dri_interfacesConfig.cmake\n'}
[3.649481] (dri_interfaces) StdoutLine: {'line': b'-- Up-to-date symlink: /ros2_ws/install/dri_interfaces/share/dri_interfaces/cmake/dri_interfacesConfig-version.cmake\n'}
[3.652560] (dri_interfaces) StdoutLine: {'line': b'-- Up-to-date symlink: /ros2_ws/install/dri_interfaces/share/dri_interfaces/package.xml\n'}
[3.666905] (dri_interfaces) CommandEnded: {'returncode': 0}
[3.718788] (-) TimerEvent: {}
[3.774663] (dri_interfaces) JobEnded: {'identifier': 'dri_interfaces', 'rc': 0}
[3.819024] (-) TimerEvent: {}
[3.919690] (-) TimerEvent: {}
[4.020412] (-) TimerEvent: {}
[4.121920] (-) TimerEvent: {}
[4.223090] (-) TimerEvent: {}
[4.324490] (-) TimerEvent: {}
[4.426039] (-) TimerEvent: {}
[4.527105] (-) TimerEvent: {}
[4.627792] (-) TimerEvent: {}
[4.728475] (-) TimerEvent: {}
[4.829157] (-) TimerEvent: {}
[4.931176] (-) TimerEvent: {}
[5.032769] (-) TimerEvent: {}
[5.134731] (-) TimerEvent: {}
[5.237888] (-) TimerEvent: {}
[5.339577] (-) TimerEvent: {}
[5.441258] (-) TimerEvent: {}
[5.542846] (-) TimerEvent: {}
[5.644411] (-) TimerEvent: {}
[5.745162] (-) TimerEvent: {}
[5.846750] (-) TimerEvent: {}
[5.947844] (-) TimerEvent: {}
[6.050170] (-) TimerEvent: {}
[6.150880] (-) TimerEvent: {}
[6.251719] (-) TimerEvent: {}
[6.353274] (-) TimerEvent: {}
[6.456001] (-) TimerEvent: {}
[6.557695] (-) TimerEvent: {}
[6.659544] (-) TimerEvent: {}
[6.760967] (-) TimerEvent: {}
[6.862591] (-) TimerEvent: {}
[6.964201] (-) TimerEvent: {}
[7.066105] (-) TimerEvent: {}
[7.167711] (-) TimerEvent: {}
[7.269312] (-) TimerEvent: {}
[7.370017] (-) TimerEvent: {}
[7.470723] (-) TimerEvent: {}
[7.572696] (-) TimerEvent: {}
[7.674247] (-) TimerEvent: {}
[7.775902] (-) TimerEvent: {}
[7.876589] (-) TimerEvent: {}
[7.978183] (-) TimerEvent: {}
[8.079615] (-) TimerEvent: {}
[8.180344] (-) TimerEvent: {}
[8.281924] (-) TimerEvent: {}
[8.383687] (-) TimerEvent: {}
[8.485228] (-) TimerEvent: {}
[8.586826] (-) TimerEvent: {}
[8.687611] (-) TimerEvent: {}
[8.789138] (-) TimerEvent: {}
[8.890715] (-) TimerEvent: {}
[8.992338] (-) TimerEvent: {}
[9.093838] (-) TimerEvent: {}
[9.207115] (-) TimerEvent: {}
[9.307886] (-) TimerEvent: {}
[9.410869] (-) TimerEvent: {}
[9.512578] (-) TimerEvent: {}
[9.614193] (-) TimerEvent: {}
[9.716085] (-) TimerEvent: {}
[9.817658] (-) TimerEvent: {}
[9.919290] (-) TimerEvent: {}
[10.020347] (-) TimerEvent: {}
[10.121491] (-) TimerEvent: {}
[10.222568] (-) TimerEvent: {}
[10.323617] (-) TimerEvent: {}
[10.424287] (-) TimerEvent: {}
[10.525009] (-) TimerEvent: {}
[10.625780] (-) TimerEvent: {}
[10.726525] (-) TimerEvent: {}
[10.827674] (-) TimerEvent: {}
[10.929224] (-) TimerEvent: {}
[11.030597] (-) TimerEvent: {}
[11.131777] (-) TimerEvent: {}
[11.233433] (-) TimerEvent: {}
[11.334503] (-) TimerEvent: {}
[11.435635] (-) TimerEvent: {}
[11.537586] (-) TimerEvent: {}
[11.639699] (-) TimerEvent: {}
[11.741135] (-) TimerEvent: {}
[11.841916] (-) TimerEvent: {}
[11.942754] (-) TimerEvent: {}
[12.044004] (-) TimerEvent: {}
[12.145162] (-) TimerEvent: {}
[12.246400] (-) TimerEvent: {}
[12.347161] (-) TimerEvent: {}
[12.447900] (-) TimerEvent: {}
[12.549026] (-) TimerEvent: {}
[12.650312] (-) TimerEvent: {}
[12.751107] (-) TimerEvent: {}
[12.851879] (-) TimerEvent: {}
[12.953010] (-) TimerEvent: {}
[13.053775] (-) TimerEvent: {}
[13.154606] (-) TimerEvent: {}
[13.255716] (-) TimerEvent: {}
[13.356855] (-) TimerEvent: {}
[13.457646] (-) TimerEvent: {}
[13.558761] (-) TimerEvent: {}
[13.659948] (-) TimerEvent: {}
[13.760722] (-) TimerEvent: {}
[13.861497] (-) TimerEvent: {}
[13.962272] (-) TimerEvent: {}
[14.063108] (-) TimerEvent: {}
[14.163850] (-) TimerEvent: {}
[14.265102] (-) TimerEvent: {}
[14.365860] (-) TimerEvent: {}
[14.466888] (-) TimerEvent: {}
[14.567938] (-) TimerEvent: {}
[14.668650] (-) TimerEvent: {}
[14.769694] (-) TimerEvent: {}
[14.870331] (-) TimerEvent: {}
[14.971042] (-) TimerEvent: {}
[15.072102] (-) TimerEvent: {}
[15.172770] (-) TimerEvent: {}
[15.273500] (-) TimerEvent: {}
[15.374626] (-) TimerEvent: {}
[15.475419] (-) TimerEvent: {}
[15.576585] (-) TimerEvent: {}
[15.677726] (-) TimerEvent: {}
[15.778474] (-) TimerEvent: {}
[15.879190] (-) TimerEvent: {}
[15.979925] (-) TimerEvent: {}
[16.195576] (-) TimerEvent: {}
[16.296664] (-) TimerEvent: {}
[16.397475] (-) TimerEvent: {}
[16.498239] (-) TimerEvent: {}
[16.599978] (-) TimerEvent: {}
[16.701126] (-) TimerEvent: {}
[16.801951] (-) TimerEvent: {}
[16.902775] (-) TimerEvent: {}
[17.003559] (-) TimerEvent: {}
[17.105126] (-) TimerEvent: {}
[17.206265] (-) TimerEvent: {}
[17.307299] (-) TimerEvent: {}
[17.408727] (-) TimerEvent: {}
[17.510359] (-) TimerEvent: {}
[17.611095] (-) TimerEvent: {}
[17.711841] (-) TimerEvent: {}
[17.812620] (-) TimerEvent: {}
[17.876089] (algorithms) StderrLine: {'line': b'In file included from \x1b[01m\x1b[K/usr/include/eigen3/Eigen/Core:214\x1b[m\x1b[K,\n'}
[17.876784] (algorithms) StderrLine: {'line': b'                 from \x1b[01m\x1b[K/usr/include/eigen3/Eigen/Dense:1\x1b[m\x1b[K,\n'}
[17.877248] (algorithms) StderrLine: {'line': b'                 from \x1b[01m\x1b[K/ros2_ws/src/algorithms/include/algorithms/imu_tools.hpp:3\x1b[m\x1b[K,\n'}
[17.877677] (algorithms) StderrLine: {'line': b'                 from \x1b[01m\x1b[K/ros2_ws/src/algorithms/src/nodes/imu_tools_node.cpp:4\x1b[m\x1b[K:\n'}
[17.878088] (algorithms) StderrLine: {'line': b'\x1b[01m\x1b[K/usr/include/eigen3/Eigen/src/Core/arch/NEON/PacketMath.h:\x1b[m\x1b[K In function \xe2\x80\x98\x1b[01m\x1b[KPacket Eigen::internal::pload(const typename Eigen::internal::unpacket_traits<T>::type*) [with Packet = Eigen::internal::eigen_packet_wrapper<int, 2>; typename Eigen::internal::unpacket_traits<T>::type = signed char]\x1b[m\x1b[K\xe2\x80\x99:\n'}
[17.878537] (algorithms) StderrLine: {'line': b'\x1b[01m\x1b[K/usr/include/eigen3/Eigen/src/Core/arch/NEON/PacketMath.h:1671:9:\x1b[m\x1b[K \x1b[01;35m\x1b[Kwarning: \x1b[m\x1b[K\xe2\x80\x98\x1b[01m\x1b[Kvoid* memcpy(void*, const void*, size_t)\x1b[m\x1b[K\xe2\x80\x99 copying an object of non-trivial type \xe2\x80\x98\x1b[01m\x1b[KEigen::internal::Packet4c\x1b[m\x1b[K\xe2\x80\x99 {aka \xe2\x80\x98\x1b[01m\x1b[Kstruct Eigen::internal::eigen_packet_wrapper<int, 2>\x1b[m\x1b[K\xe2\x80\x99} from an array of \xe2\x80\x98\x1b[01m\x1b[Kconst int8_t\x1b[m\x1b[K\xe2\x80\x99 {aka \xe2\x80\x98\x1b[01m\x1b[Kconst signed char\x1b[m\x1b[K\xe2\x80\x99} [\x1b[01;35m\x1b[K\x1b]8;;https://gcc.gnu.org/onlinedocs/gcc/Warning-Options.html#index-Wclass-memaccess\x07-Wclass-memaccess\x1b]8;;\x07\x1b[m\x1b[K]\n'}
[17.879053] (algorithms) StderrLine: {'line': b' 1671 |   \x1b[01;35m\x1b[Kmemcpy(&res, from, sizeof(Packet4c))\x1b[m\x1b[K;\n'}
[17.879524] (algorithms) StderrLine: {'line': b'      |   \x1b[01;35m\x1b[K~~~~~~^~~~~~~~~~~~~~~~~~~~~~~~~~~~~~\x1b[m\x1b[K\n'}
[17.879952] (algorithms) StderrLine: {'line': b'In file included from \x1b[01m\x1b[K/usr/include/eigen3/Eigen/Core:172\x1b[m\x1b[K,\n'}
[17.880351] (algorithms) StderrLine: {'line': b'                 from \x1b[01m\x1b[K/usr/include/eigen3/Eigen/Dense:1\x1b[m\x1b[K,\n'}
[17.880744] (algorithms) StderrLine: {'line': b'                 from \x1b[01m\x1b[K/ros2_ws/src/algorithms/include/algorithms/imu_tools.hpp:3\x1b[m\x1b[K,\n'}
[17.881159] (algorithms) StderrLine: {'line': b'                 from \x1b[01m\x1b[K/ros2_ws/src/algorithms/src/nodes/imu_tools_node.cpp:4\x1b[m\x1b[K:\n'}
[17.881571] (algorithms) StderrLine: {'line': b'\x1b[01m\x1b[K/usr/include/eigen3/Eigen/src/Core/GenericPacketMath.h:159:8:\x1b[m\x1b[K \x1b[01;36m\x1b[Knote: \x1b[m\x1b[K\xe2\x80\x98\x1b[01m\x1b[KEigen::internal::Packet4c\x1b[m\x1b[K\xe2\x80\x99 {aka \xe2\x80\x98\x1b[01m\x1b[Kstruct Eigen::internal::eigen_packet_wrapper<int, 2>\x1b[m\x1b[K\xe2\x80\x99} declared here\n'}
[17.881986] (algorithms) StderrLine: {'line': b'  159 | struct \x1b[01;36m\x1b[Keigen_packet_wrapper\x1b[m\x1b[K\n'}
[17.882382] (algorithms) StderrLine: {'line': b'      |        \x1b[01;36m\x1b[K^~~~~~~~~~~~~~~~~~~~\x1b[m\x1b[K\n'}
[17.883525] (algorithms) StderrLine: {'line': b'In file included from \x1b[01m\x1b[K/usr/include/eigen3/Eigen/Core:214\x1b[m\x1b[K,\n'}
[17.884086] (algorithms) StderrLine: {'line': b'                 from \x1b[01m\x1b[K/usr/include/eigen3/Eigen/Dense:1\x1b[m\x1b[K,\n'}
[17.884542] (algorithms) StderrLine: {'line': b'                 from \x1b[01m\x1b[K/ros2_ws/src/algorithms/include/algorithms/imu_tools.hpp:3\x1b[m\x1b[K,\n'}
[17.885002] (algorithms) StderrLine: {'line': b'                 from \x1b[01m\x1b[K/ros2_ws/src/algorithms/src/nodes/imu_tools_node.cpp:4\x1b[m\x1b[K:\n'}
[17.885412] (algorithms) StderrLine: {'line': b'\x1b[01m\x1b[K/usr/include/eigen3/Eigen/src/Core/arch/NEON/PacketMath.h:\x1b[m\x1b[K In function \xe2\x80\x98\x1b[01m\x1b[KPacket Eigen::internal::ploadu(const typename Eigen::internal::unpacket_traits<T>::type*) [with Packet = Eigen::internal::eigen_packet_wrapper<int, 2>; typename Eigen::internal::unpacket_traits<T>::type = signed char]\x1b[m\x1b[K\xe2\x80\x99:\n'}
[17.885838] (algorithms) StderrLine: {'line': b'\x1b[01m\x1b[K/usr/include/eigen3/Eigen/src/Core/arch/NEON/PacketMath.h:1716:9:\x1b[m\x1b[K \x1b[01;35m\x1b[Kwarning: \x1b[m\x1b[K\xe2\x80\x98\x1b[01m\x1b[Kvoid* memcpy(void*, const void*, size_t)\x1b[m\x1b[K\xe2\x80\x99 copying an object of non-trivial type \xe2\x80\x98\x1b[01m\x1b[KEigen::internal::Packet4c\x1b[m\x1b[K\xe2\x80\x99 {aka \xe2\x80\x98\x1b[01m\x1b[Kstruct Eigen::internal::eigen_packet_wrapper<int, 2>\x1b[m\x1b[K\xe2\x80\x99} from an array of \xe2\x80\x98\x1b[01m\x1b[Kconst int8_t\x1b[m\x1b[K\xe2\x80\x99 {aka \xe2\x80\x98\x1b[01m\x1b[Kconst signed char\x1b[m\x1b[K\xe2\x80\x99} [\x1b[01;35m\x1b[K\x1b]8;;https://gcc.gnu.org/onlinedocs/gcc/Warning-Options.html#index-Wclass-memaccess\x07-Wclass-memaccess\x1b]8;;\x07\x1b[m\x1b[K]\n'}
[17.886337] (algorithms) StderrLine: {'line': b' 1716 |   \x1b[01;35m\x1b[Kmemcpy(&res, from, sizeof(Packet4c))\x1b[m\x1b[K;\n'}
[17.886780] (algorithms) StderrLine: {'line': b'      |   \x1b[01;35m\x1b[K~~~~~~^~~~~~~~~~~~~~~~~~~~~~~~~~~~~~\x1b[m\x1b[K\n'}
[17.887499] (algorithms) StderrLine: {'line': b'In file included from \x1b[01m\x1b[K/usr/include/eigen3/Eigen/Core:172\x1b[m\x1b[K,\n'}
[17.887957] (algorithms) StderrLine: {'line': b'                 from \x1b[01m\x1b[K/usr/include/eigen3/Eigen/Dense:1\x1b[m\x1b[K,\n'}
[17.888380] (algorithms) StderrLine: {'line': b'                 from \x1b[01m\x1b[K/ros2_ws/src/algorithms/include/algorithms/imu_tools.hpp:3\x1b[m\x1b[K,\n'}
[17.888790] (algorithms) StderrLine: {'line': b'                 from \x1b[01m\x1b[K/ros2_ws/src/algorithms/src/nodes/imu_tools_node.cpp:4\x1b[m\x1b[K:\n'}
[17.889188] (algorithms) StderrLine: {'line': b'\x1b[01m\x1b[K/usr/include/eigen3/Eigen/src/Core/GenericPacketMath.h:159:8:\x1b[m\x1b[K \x1b[01;36m\x1b[Knote: \x1b[m\x1b[K\xe2\x80\x98\x1b[01m\x1b[KEigen::internal::Packet4c\x1b[m\x1b[K\xe2\x80\x99 {aka \xe2\x80\x98\x1b[01m\x1b[Kstruct Eigen::internal::eigen_packet_wrapper<int, 2>\x1b[m\x1b[K\xe2\x80\x99} declared here\n'}
[17.889670] (algorithms) StderrLine: {'line': b'  159 | struct \x1b[01;36m\x1b[Keigen_packet_wrapper\x1b[m\x1b[K\n'}
[17.890117] (algorithms) StderrLine: {'line': b'      |        \x1b[01;36m\x1b[K^~~~~~~~~~~~~~~~~~~~\x1b[m\x1b[K\n'}
[17.912790] (-) TimerEvent: {}
[18.013993] (-) TimerEvent: {}
[18.114766] (-) TimerEvent: {}
[18.215933] (-) TimerEvent: {}
[18.316946] (-) TimerEvent: {}
[18.417741] (-) TimerEvent: {}
[18.518529] (-) TimerEvent: {}
[18.619641] (-) TimerEvent: {}
[18.720432] (-) TimerEvent: {}
[18.821224] (-) TimerEvent: {}
[18.922007] (-) TimerEvent: {}
[19.022789] (-) TimerEvent: {}
[19.123600] (-) TimerEvent: {}
[19.224312] (-) TimerEvent: {}
[19.325402] (-) TimerEvent: {}
[19.426186] (-) TimerEvent: {}
[19.527001] (-) TimerEvent: {}
[19.628103] (-) TimerEvent: {}
[19.728897] (-) TimerEvent: {}
[19.829686] (-) TimerEvent: {}
[19.930477] (-) TimerEvent: {}
[20.031315] (-) TimerEvent: {}
[20.132104] (-) TimerEvent: {}
[20.232929] (-) TimerEvent: {}
[20.334054] (-) TimerEvent: {}
[20.435149] (-) TimerEvent: {}
[20.536890] (-) TimerEvent: {}
[20.637967] (-) TimerEvent: {}
[20.738727] (-) TimerEvent: {}
[20.839450] (-) TimerEvent: {}
[20.940669] (-) TimerEvent: {}
[21.041761] (-) TimerEvent: {}
[21.142898] (-) TimerEvent: {}
[21.243622] (-) TimerEvent: {}
[21.344363] (-) TimerEvent: {}
[21.445139] (-) TimerEvent: {}
[21.545997] (-) TimerEvent: {}
[21.647297] (-) TimerEvent: {}
[21.747992] (-) TimerEvent: {}
[21.848781] (-) TimerEvent: {}
[21.949591] (-) TimerEvent: {}
[22.050673] (-) TimerEvent: {}
[22.151489] (-) TimerEvent: {}
[22.252490] (-) TimerEvent: {}
[22.353204] (-) TimerEvent: {}
[22.453989] (-) TimerEvent: {}
[22.554712] (-) TimerEvent: {}
[22.587325] (algorithms) StderrLine: {'line': b'\x1b[01m\x1b[K/ros2_ws/src/algorithms/src/nodes/imu_tools_node.cpp:\x1b[m\x1b[K In member function \xe2\x80\x98\x1b[01m\x1b[KCalibrationResult IMUToolsNode::calibrateGyroBiasInternal(int, float)\x1b[m\x1b[K\xe2\x80\x99:\n'}
[22.588043] (algorithms) StderrLine: {'line': b'\x1b[01m\x1b[K/ros2_ws/src/algorithms/src/nodes/imu_tools_node.cpp:253:68:\x1b[m\x1b[K \x1b[01;35m\x1b[Kwarning: \x1b[m\x1b[Kunused parameter \xe2\x80\x98\x1b[01m\x1b[Kstability_threshold\x1b[m\x1b[K\xe2\x80\x99 [\x1b[01;35m\x1b[K\x1b]8;;https://gcc.gnu.org/onlinedocs/gcc/Warning-Options.html#index-Wunused-parameter\x07-Wunused-parameter\x1b]8;;\x07\x1b[m\x1b[K]\n'}
[22.588548] (algorithms) StderrLine: {'line': b'  253 |     CalibrationResult calibrateGyroBiasInternal(int samples, \x1b[01;35m\x1b[Kfloat stability_threshold\x1b[m\x1b[K)\n'}
[22.588999] (algorithms) StderrLine: {'line': b'      |                                                              \x1b[01;35m\x1b[K~~~~~~^~~~~~~~~~~~~~~~~~~\x1b[m\x1b[K\n'}
[22.654998] (-) TimerEvent: {}
[22.755731] (-) TimerEvent: {}
[22.856398] (-) TimerEvent: {}
[22.957137] (-) TimerEvent: {}
[23.057878] (-) TimerEvent: {}
[23.158609] (-) TimerEvent: {}
[23.259344] (-) TimerEvent: {}
[23.360019] (-) TimerEvent: {}
[23.460739] (-) TimerEvent: {}
[23.561503] (-) TimerEvent: {}
[23.662168] (-) TimerEvent: {}
[23.763353] (-) TimerEvent: {}
[23.864000] (-) TimerEvent: {}
[23.965113] (-) TimerEvent: {}
[24.066219] (-) TimerEvent: {}
[24.167032] (-) TimerEvent: {}
[24.267762] (-) TimerEvent: {}
[24.368472] (-) TimerEvent: {}
[24.469588] (-) TimerEvent: {}
[24.570705] (-) TimerEvent: {}
[24.671790] (-) TimerEvent: {}
[24.772461] (-) TimerEvent: {}
[24.873198] (-) TimerEvent: {}
[24.973966] (-) TimerEvent: {}
[25.074698] (-) TimerEvent: {}
[25.175466] (-) TimerEvent: {}
[25.276185] (-) TimerEvent: {}
[25.376891] (-) TimerEvent: {}
[25.477611] (-) TimerEvent: {}
[25.578341] (-) TimerEvent: {}
[25.679079] (-) TimerEvent: {}
[25.779813] (-) TimerEvent: {}
[25.880462] (-) TimerEvent: {}
[25.981462] (-) TimerEvent: {}
[26.082255] (-) TimerEvent: {}
[26.183300] (-) TimerEvent: {}
[26.283958] (-) TimerEvent: {}
[26.384648] (-) TimerEvent: {}
[26.485306] (-) TimerEvent: {}
[26.587127] (-) TimerEvent: {}
[26.687766] (-) TimerEvent: {}
[26.788442] (-) TimerEvent: {}
[26.889185] (-) TimerEvent: {}
[26.990770] (-) TimerEvent: {}
[27.091575] (-) TimerEvent: {}
[27.194531] (-) TimerEvent: {}
[27.296873] (-) TimerEvent: {}
[27.399209] (-) TimerEvent: {}
[27.500879] (-) TimerEvent: {}
[27.602441] (-) TimerEvent: {}
[27.704153] (-) TimerEvent: {}
[27.805285] (-) TimerEvent: {}
[27.906398] (-) TimerEvent: {}
[28.007502] (-) TimerEvent: {}
[28.108658] (-) TimerEvent: {}
[28.209805] (-) TimerEvent: {}
[28.311608] (-) TimerEvent: {}
[28.414268] (-) TimerEvent: {}
[28.517148] (-) TimerEvent: {}
[28.618787] (-) TimerEvent: {}
[28.720168] (-) TimerEvent: {}
[28.821305] (-) TimerEvent: {}
[28.922443] (-) TimerEvent: {}
[29.023531] (-) TimerEvent: {}
[29.124613] (-) TimerEvent: {}
[29.225702] (-) TimerEvent: {}
[29.327390] (-) TimerEvent: {}
[29.429011] (-) TimerEvent: {}
[29.530462] (-) TimerEvent: {}
[29.632223] (-) TimerEvent: {}
[29.733677] (-) TimerEvent: {}
[29.834810] (-) TimerEvent: {}
[29.936437] (-) TimerEvent: {}
[30.038022] (-) TimerEvent: {}
[30.139619] (-) TimerEvent: {}
[30.241241] (-) TimerEvent: {}
[30.342363] (-) TimerEvent: {}
[30.444200] (-) TimerEvent: {}
[30.545344] (-) TimerEvent: {}
[30.646484] (-) TimerEvent: {}
[30.747914] (-) TimerEvent: {}
[30.849037] (-) TimerEvent: {}
[30.950187] (-) TimerEvent: {}
[31.051306] (-) TimerEvent: {}
[31.152365] (-) TimerEvent: {}
[31.253510] (-) TimerEvent: {}
[31.354661] (-) TimerEvent: {}
[31.457392] (-) TimerEvent: {}
[31.561630] (-) TimerEvent: {}
[31.662801] (-) TimerEvent: {}
[31.764614] (-) TimerEvent: {}
[31.866240] (-) TimerEvent: {}
[31.967341] (-) TimerEvent: {}
[32.068479] (-) TimerEvent: {}
[32.169624] (-) TimerEvent: {}
[32.270766] (-) TimerEvent: {}
[32.371898] (-) TimerEvent: {}
[32.473524] (-) TimerEvent: {}
[32.574684] (-) TimerEvent: {}
[32.675871] (-) TimerEvent: {}
[32.777515] (-) TimerEvent: {}
[32.878234] (-) TimerEvent: {}
[32.979052] (-) TimerEvent: {}
[33.079742] (-) TimerEvent: {}
[33.180775] (-) TimerEvent: {}
[33.281607] (-) TimerEvent: {}
[33.382675] (-) TimerEvent: {}
[33.484242] (-) TimerEvent: {}
[33.584962] (-) TimerEvent: {}
[33.685742] (-) TimerEvent: {}
[33.786729] (-) TimerEvent: {}
[33.887423] (-) TimerEvent: {}
[33.988146] (-) TimerEvent: {}
[34.088914] (-) TimerEvent: {}
[34.189659] (-) TimerEvent: {}
[34.290417] (-) TimerEvent: {}
[34.391169] (-) TimerEvent: {}
[34.491832] (-) TimerEvent: {}
[34.592548] (-) TimerEvent: {}
[34.693262] (-) TimerEvent: {}
[34.804162] (-) TimerEvent: {}
[34.905599] (-) TimerEvent: {}
[35.007462] (-) TimerEvent: {}
[35.108244] (-) TimerEvent: {}
[35.209122] (-) TimerEvent: {}
[35.310373] (-) TimerEvent: {}
[35.411938] (-) TimerEvent: {}
[35.513657] (-) TimerEvent: {}
[35.615195] (-) TimerEvent: {}
[35.716617] (-) TimerEvent: {}
[35.818285] (-) TimerEvent: {}
[35.920089] (-) TimerEvent: {}
[36.021959] (-) TimerEvent: {}
[36.122633] (-) TimerEvent: {}
[36.223311] (-) TimerEvent: {}
[36.324074] (-) TimerEvent: {}
[36.424824] (-) TimerEvent: {}
[36.525580] (-) TimerEvent: {}
[36.626768] (-) TimerEvent: {}
[36.727543] (-) TimerEvent: {}
[36.828647] (-) TimerEvent: {}
[36.929294] (-) TimerEvent: {}
[37.029991] (-) TimerEvent: {}
[37.131914] (-) TimerEvent: {}
[37.232602] (-) TimerEvent: {}
[37.333413] (-) TimerEvent: {}
[37.434071] (-) TimerEvent: {}
[37.534794] (-) TimerEvent: {}
[37.635826] (-) TimerEvent: {}
[37.736580] (-) TimerEvent: {}
[37.837597] (-) TimerEvent: {}
[37.938395] (-) TimerEvent: {}
[38.039114] (-) TimerEvent: {}
[38.139835] (-) TimerEvent: {}
[38.240493] (-) TimerEvent: {}
[38.341148] (-) TimerEvent: {}
[38.441822] (-) TimerEvent: {}
[38.542562] (-) TimerEvent: {}
[38.643326] (-) TimerEvent: {}
[38.743985] (-) TimerEvent: {}
[38.844705] (-) TimerEvent: {}
[38.945326] (-) TimerEvent: {}
[39.046138] (-) TimerEvent: {}
[39.147034] (-) TimerEvent: {}
[39.247972] (-) TimerEvent: {}
[39.348609] (-) TimerEvent: {}
[39.449418] (-) TimerEvent: {}
[39.550176] (-) TimerEvent: {}
[39.650909] (-) TimerEvent: {}
[39.751954] (-) TimerEvent: {}
[39.852668] (-) TimerEvent: {}
[39.953357] (-) TimerEvent: {}
[40.054078] (-) TimerEvent: {}
[40.154782] (-) TimerEvent: {}
[40.255539] (-) TimerEvent: {}
[40.356189] (-) TimerEvent: {}
[40.456899] (-) TimerEvent: {}
[40.557683] (-) TimerEvent: {}
[40.658498] (-) TimerEvent: {}
[40.759217] (-) TimerEvent: {}
[40.860479] (-) TimerEvent: {}
[40.961121] (-) TimerEvent: {}
[41.061820] (-) TimerEvent: {}
[41.320216] (-) TimerEvent: {}
[41.420876] (-) TimerEvent: {}
[41.521870] (-) TimerEvent: {}
[41.622628] (-) TimerEvent: {}
[41.723309] (-) TimerEvent: {}
[41.831559] (-) TimerEvent: {}
[41.932396] (-) TimerEvent: {}
[42.033162] (-) TimerEvent: {}
[42.133995] (-) TimerEvent: {}
[42.235127] (-) TimerEvent: {}
[42.336269] (-) TimerEvent: {}
[42.436919] (-) TimerEvent: {}
[42.538018] (-) TimerEvent: {}
[42.639120] (-) TimerEvent: {}
[42.740208] (-) TimerEvent: {}
[42.841563] (-) TimerEvent: {}
[42.942327] (-) TimerEvent: {}
[43.043075] (-) TimerEvent: {}
[43.143911] (-) TimerEvent: {}
[43.244662] (-) TimerEvent: {}
[43.345350] (-) TimerEvent: {}
[43.446132] (-) TimerEvent: {}
[43.547237] (-) TimerEvent: {}
[43.647989] (-) TimerEvent: {}
[43.748711] (-) TimerEvent: {}
[43.849813] (-) TimerEvent: {}
[43.951077] (-) TimerEvent: {}
[44.051829] (-) TimerEvent: {}
[44.152570] (-) TimerEvent: {}
[44.253317] (-) TimerEvent: {}
[44.354188] (-) TimerEvent: {}
[44.455026] (-) TimerEvent: {}
[44.556063] (-) TimerEvent: {}
[44.656814] (-) TimerEvent: {}
[44.757648] (-) TimerEvent: {}
[44.858811] (-) TimerEvent: {}
[44.959626] (-) TimerEvent: {}
[45.060432] (-) TimerEvent: {}
[45.161214] (-) TimerEvent: {}
[45.262025] (-) TimerEvent: {}
[45.362816] (-) TimerEvent: {}
[45.463929] (-) TimerEvent: {}
[45.564730] (-) TimerEvent: {}
[45.665482] (-) TimerEvent: {}
[45.766309] (-) TimerEvent: {}
[45.867082] (-) TimerEvent: {}
[45.967776] (-) TimerEvent: {}
[46.070445] (-) TimerEvent: {}
[46.171247] (-) TimerEvent: {}
[46.272011] (-) TimerEvent: {}
[46.373167] (-) TimerEvent: {}
[46.473876] (-) TimerEvent: {}
[46.575024] (-) TimerEvent: {}
[46.676160] (-) TimerEvent: {}
[46.776950] (-) TimerEvent: {}
[46.878054] (-) TimerEvent: {}
[46.978837] (-) TimerEvent: {}
[47.079936] (-) TimerEvent: {}
[47.181485] (-) TimerEvent: {}
[47.282250] (-) TimerEvent: {}
[47.383365] (-) TimerEvent: {}
[47.484988] (-) TimerEvent: {}
[47.586085] (-) TimerEvent: {}
[47.686790] (-) TimerEvent: {}
[47.787585] (-) TimerEvent: {}
[47.888575] (-) TimerEvent: {}
[47.989214] (-) TimerEvent: {}
[48.089915] (-) TimerEvent: {}
[48.190645] (-) TimerEvent: {}
[48.291386] (-) TimerEvent: {}
[48.392105] (-) TimerEvent: {}
[48.492746] (-) TimerEvent: {}
[48.593434] (-) TimerEvent: {}
[48.694080] (-) TimerEvent: {}
[48.794911] (-) TimerEvent: {}
[48.895658] (-) TimerEvent: {}
[48.996304] (-) TimerEvent: {}
[49.097022] (-) TimerEvent: {}
[49.198261] (-) TimerEvent: {}
[49.299033] (-) TimerEvent: {}
[49.399769] (-) TimerEvent: {}
[49.500832] (-) TimerEvent: {}
[49.601522] (-) TimerEvent: {}
[49.702151] (-) TimerEvent: {}
[49.802888] (-) TimerEvent: {}
[49.903636] (-) TimerEvent: {}
[50.004384] (-) TimerEvent: {}
[50.105122] (-) TimerEvent: {}
[50.205861] (-) TimerEvent: {}
[50.306825] (-) TimerEvent: {}
[50.407694] (-) TimerEvent: {}
[50.508397] (-) TimerEvent: {}
[50.609174] (-) TimerEvent: {}
[50.710412] (-) TimerEvent: {}
[50.811190] (-) TimerEvent: {}
[50.912380] (-) TimerEvent: {}
[51.013155] (-) TimerEvent: {}
[51.114372] (-) TimerEvent: {}
[51.215060] (-) TimerEvent: {}
[51.315702] (-) TimerEvent: {}
[51.416379] (-) TimerEvent: {}
[51.517432] (-) TimerEvent: {}
[51.618205] (-) TimerEvent: {}
[51.718989] (-) TimerEvent: {}
[51.819692] (-) TimerEvent: {}
[51.920766] (-) TimerEvent: {}
[52.021536] (-) TimerEvent: {}
[52.122323] (-) TimerEvent: {}
[52.223118] (-) TimerEvent: {}
[52.331251] (-) TimerEvent: {}
[52.431917] (-) TimerEvent: {}
[52.532588] (-) TimerEvent: {}
[52.633296] (-) TimerEvent: {}
[52.734057] (-) TimerEvent: {}
[52.835145] (-) TimerEvent: {}
[52.936141] (-) TimerEvent: {}
[53.037240] (-) TimerEvent: {}
[53.138098] (-) TimerEvent: {}
[53.238854] (-) TimerEvent: {}
[53.339540] (-) TimerEvent: {}
[53.440194] (-) TimerEvent: {}
[53.541284] (-) TimerEvent: {}
[53.642871] (-) TimerEvent: {}
[53.744130] (-) TimerEvent: {}
[53.844844] (-) TimerEvent: {}
[53.946057] (-) TimerEvent: {}
[54.046774] (-) TimerEvent: {}
[54.147981] (-) TimerEvent: {}
[54.249087] (-) TimerEvent: {}
[54.349783] (-) TimerEvent: {}
[54.450507] (-) TimerEvent: {}
[54.551632] (-) TimerEvent: {}
[54.652730] (-) TimerEvent: {}
[54.753440] (-) TimerEvent: {}
[54.854123] (-) TimerEvent: {}
[54.955199] (-) TimerEvent: {}
[55.055820] (-) TimerEvent: {}
[55.156503] (-) TimerEvent: {}
[55.257222] (-) TimerEvent: {}
[55.357962] (-) TimerEvent: {}
[55.459066] (-) TimerEvent: {}
[55.559742] (-) TimerEvent: {}
[55.660687] (-) TimerEvent: {}
[55.761365] (-) TimerEvent: {}
[55.862049] (-) TimerEvent: {}
[55.962732] (-) TimerEvent: {}
[56.063467] (-) TimerEvent: {}
[56.164143] (-) TimerEvent: {}
[56.264833] (-) TimerEvent: {}
[56.371947] (-) TimerEvent: {}
[56.472592] (-) TimerEvent: {}
[56.573299] (-) TimerEvent: {}
[56.674452] (-) TimerEvent: {}
[56.775219] (-) TimerEvent: {}
[56.876261] (-) TimerEvent: {}
[56.976956] (-) TimerEvent: {}
[57.077706] (-) TimerEvent: {}
[57.178496] (-) TimerEvent: {}
[57.279297] (-) TimerEvent: {}
[57.380083] (-) TimerEvent: {}
[57.480839] (-) TimerEvent: {}
[57.581513] (-) TimerEvent: {}
[57.682193] (-) TimerEvent: {}
[57.782875] (-) TimerEvent: {}
[57.883602] (-) TimerEvent: {}
[57.984317] (-) TimerEvent: {}
[58.084998] (-) TimerEvent: {}
[58.185784] (-) TimerEvent: {}
[58.286517] (-) TimerEvent: {}
[58.387219] (-) TimerEvent: {}
[58.487911] (-) TimerEvent: {}
[58.588651] (-) TimerEvent: {}
[58.689753] (-) TimerEvent: {}
[58.790651] (-) TimerEvent: {}
[58.891432] (-) TimerEvent: {}
[58.992070] (-) TimerEvent: {}
[59.092844] (-) TimerEvent: {}
[59.194224] (-) TimerEvent: {}
[59.224106] (algorithms) StdoutLine: {'line': b'[100%] \x1b[32m\x1b[1mLinking CXX executable imu_tools_node\x1b[0m\n'}
[59.294318] (-) TimerEvent: {}
[59.395153] (-) TimerEvent: {}
[59.495786] (-) TimerEvent: {}
[59.596357] (-) TimerEvent: {}
[59.697069] (-) TimerEvent: {}
[59.800340] (-) TimerEvent: {}
[59.902176] (-) TimerEvent: {}
[60.008804] (-) TimerEvent: {}
[60.109545] (-) TimerEvent: {}
[60.210262] (-) TimerEvent: {}
[60.311529] (-) TimerEvent: {}
[60.412219] (-) TimerEvent: {}
[60.512882] (-) TimerEvent: {}
[60.613711] (-) TimerEvent: {}
[60.714617] (-) TimerEvent: {}
[60.815424] (-) TimerEvent: {}
[60.916796] (-) TimerEvent: {}
[61.017428] (-) TimerEvent: {}
[61.118143] (-) TimerEvent: {}
[61.218892] (-) TimerEvent: {}
[61.319721] (-) TimerEvent: {}
[61.420419] (-) TimerEvent: {}
[61.521399] (-) TimerEvent: {}
[61.622075] (-) TimerEvent: {}
[61.722814] (-) TimerEvent: {}
[61.824553] (-) TimerEvent: {}
[61.926208] (-) TimerEvent: {}
[62.026997] (-) TimerEvent: {}
[62.127722] (-) TimerEvent: {}
[62.152861] (algorithms) StdoutLine: {'line': b'[100%] Built target imu_tools_node\n'}
[62.190440] (algorithms) CommandEnded: {'returncode': 0}
[62.194530] (algorithms) JobProgress: {'identifier': 'algorithms', 'progress': 'install'}
[62.196806] (algorithms) Command: {'cmd': ['/usr/bin/cmake', '--install', '/ros2_ws/build/algorithms'], 'cwd': '/ros2_ws/build/algorithms', 'env': OrderedDict([('LESSOPEN', '| /usr/bin/lesspipe %s'), ('HOSTNAME', '86cfe8a43a6c'), ('GIT_ASKPASS', '/root/.vscode-server/bin/8b3775030ed1a69b13e4f4c628c612102e30a681/extensions/git/dist/askpass.sh'), ('SHLVL', '2'), ('LD_LIBRARY_PATH', '/ros2_ws/install/interfaces/lib:/ros2_ws/install/drivers/lib:/ros2_ws/install/common/lib:/opt/ros/humble/opt/rviz_ogre_vendor/lib:/opt/ros/humble/lib/aarch64-linux-gnu:/opt/ros/humble/lib'), ('BROWSER', '/root/.vscode-server/bin/8b3775030ed1a69b13e4f4c628c612102e30a681/bin/helpers/browser.sh'), ('HOME', '/root'), ('TERM_PROGRAM_VERSION', '1.85.2'), ('VSCODE_IPC_HOOK_CLI', '/tmp/vscode-ipc-86219f0d-d783-4d09-bf47-cf67c3c43e9a.sock'), ('ROS_PYTHON_VERSION', '3'), ('VSCODE_GIT_ASKPASS_MAIN', '/root/.vscode-server/bin/8b3775030ed1a69b13e4f4c628c612102e30a681/extensions/git/dist/askpass-main.js'), ('PS1', '\\[\x1b]633;A\x07\\]\\u@\\h\\[\\033[01;34m\\](cerebellum)\\[\\033[00m\\]:\\w$ \\[\x1b]633;B\x07\\]'), ('VSCODE_GIT_ASKPASS_NODE', '/root/.vscode-server/bin/8b3775030ed1a69b13e4f4c628c612102e30a681/node'), ('COLORTERM', 'truecolor'), ('REMOTE_CONTAINERS', 'true'), ('COLCON_PREFIX_PATH', '/ros2_ws/install'), ('ROS_DISTRO', 'humble'), ('REMOTE_CONTAINERS_IPC', '/tmp/vscode-remote-containers-ipc-da423283-e06a-4075-9a0a-cdab3e9a5907.sock'), ('_', '/usr/bin/colcon'), ('ROS_VERSION', '2'), ('TERM', 'xterm-256color'), ('ROS_LOCALHOST_ONLY', '0'), ('PATH', '/root/.vscode-server/bin/8b3775030ed1a69b13e4f4c628c612102e30a681/bin/remote-cli:/opt/ros/humble/bin:/usr/local/sbin:/usr/local/bin:/usr/sbin:/usr/bin:/sbin:/bin'), ('REMOTE_CONTAINERS_SOCKETS', '["/tmp/vscode-ssh-auth-da423283-e06a-4075-9a0a-cdab3e9a5907.sock","/root/.gnupg/S.gpg-agent"]'), ('LANG', 'en_US.UTF-8'), ('LS_COLORS', 'rs=0:di=01;34:ln=01;36:mh=00:pi=40;33:so=01;35:do=01;35:bd=40;33;01:cd=40;33;01:or=40;31;01:mi=00:su=37;41:sg=30;43:ca=30;41:tw=30;42:ow=34;42:st=37;44:ex=01;32:*.tar=01;31:*.tgz=01;31:*.arc=01;31:*.arj=01;31:*.taz=01;31:*.lha=01;31:*.lz4=01;31:*.lzh=01;31:*.lzma=01;31:*.tlz=01;31:*.txz=01;31:*.tzo=01;31:*.t7z=01;31:*.zip=01;31:*.z=01;31:*.dz=01;31:*.gz=01;31:*.lrz=01;31:*.lz=01;31:*.lzo=01;31:*.xz=01;31:*.zst=01;31:*.tzst=01;31:*.bz2=01;31:*.bz=01;31:*.tbz=01;31:*.tbz2=01;31:*.tz=01;31:*.deb=01;31:*.rpm=01;31:*.jar=01;31:*.war=01;31:*.ear=01;31:*.sar=01;31:*.rar=01;31:*.alz=01;31:*.ace=01;31:*.zoo=01;31:*.cpio=01;31:*.7z=01;31:*.rz=01;31:*.cab=01;31:*.wim=01;31:*.swm=01;31:*.dwm=01;31:*.esd=01;31:*.jpg=01;35:*.jpeg=01;35:*.mjpg=01;35:*.mjpeg=01;35:*.gif=01;35:*.bmp=01;35:*.pbm=01;35:*.pgm=01;35:*.ppm=01;35:*.tga=01;35:*.xbm=01;35:*.xpm=01;35:*.tif=01;35:*.tiff=01;35:*.png=01;35:*.svg=01;35:*.svgz=01;35:*.mng=01;35:*.pcx=01;35:*.mov=01;35:*.mpg=01;35:*.mpeg=01;35:*.m2v=01;35:*.mkv=01;35:*.webm=01;35:*.webp=01;35:*.ogm=01;35:*.mp4=01;35:*.m4v=01;35:*.mp4v=01;35:*.vob=01;35:*.qt=01;35:*.nuv=01;35:*.wmv=01;35:*.asf=01;35:*.rm=01;35:*.rmvb=01;35:*.flc=01;35:*.avi=01;35:*.fli=01;35:*.flv=01;35:*.gl=01;35:*.dl=01;35:*.xcf=01;35:*.xwd=01;35:*.yuv=01;35:*.cgm=01;35:*.emf=01;35:*.ogv=01;35:*.ogx=01;35:*.aac=00;36:*.au=00;36:*.flac=00;36:*.m4a=00;36:*.mid=00;36:*.midi=00;36:*.mka=00;36:*.mp3=00;36:*.mpc=00;36:*.ogg=00;36:*.ra=00;36:*.wav=00;36:*.oga=00;36:*.opus=00;36:*.spx=00;36:*.xspf=00;36:'), ('VSCODE_GIT_IPC_HANDLE', '/tmp/vscode-git-827e2e94fd.sock'), ('TERM_PROGRAM', 'vscode'), ('SSH_AUTH_SOCK', '/tmp/vscode-ssh-auth-da423283-e06a-4075-9a0a-cdab3e9a5907.sock'), ('AMENT_PREFIX_PATH', '/ros2_ws/install/bringup:/ros2_ws/install/dri_interfaces:/ros2_ws/install/algorithms:/ros2_ws/install/interfaces:/ros2_ws/install/drivers:/ros2_ws/install/common:/opt/ros/humble'), ('SHELL', '/bin/bash'), ('LESSCLOSE', '/usr/bin/lesspipe %s %s'), ('VSCODE_GIT_ASKPASS_EXTRA_ARGS', ''), ('PWD', '/ros2_ws/build/algorithms'), ('PYTHONPATH', '/ros2_ws/install/interfaces/local/lib/python3.10/dist-packages:/opt/ros/humble/lib/python3.10/site-packages:/opt/ros/humble/local/lib/python3.10/dist-packages'), ('COLCON', '1'), ('CMAKE_PREFIX_PATH', '/ros2_ws/install/interfaces:/ros2_ws/install/common:/ros2_ws/install/bringup:/ros2_ws/install/dri_interfaces:/ros2_ws/install/algorithms:/ros2_ws/install/drivers:/opt/ros/humble')]), 'shell': False}
[62.223978] (algorithms) StdoutLine: {'line': b'-- Install configuration: ""\n'}
[62.226369] (algorithms) StdoutLine: {'line': b'-- Execute custom install script\n'}
[62.227854] (-) TimerEvent: {}
[62.228478] (algorithms) StdoutLine: {'line': b'-- Up-to-date symlink: /ros2_ws/install/algorithms/lib/libimu_tools.a\n'}
[62.229994] (algorithms) StdoutLine: {'line': b'-- Up-to-date symlink: /ros2_ws/install/algorithms/lib/algorithms/imu_tools_node\n'}
[62.231786] (algorithms) StdoutLine: {'line': b'-- Up-to-date symlink: /ros2_ws/install/algorithms/lib/algorithms/twist_node\n'}
[62.233263] (algorithms) StdoutLine: {'line': b'-- Up-to-date symlink: /ros2_ws/install/algorithms/lib/algorithms/attitude_comp_node\n'}
[62.234912] (algorithms) StdoutLine: {'line': b'-- Up-to-date symlink: /ros2_ws/install/algorithms/lib/algorithms/ik_node\n'}
[62.237670] (algorithms) StdoutLine: {'line': b'-- Up-to-date symlink: /ros2_ws/install/algorithms/include/algorithms/algorithms/attitude_compensator.hpp\n'}
[62.238365] (algorithms) StdoutLine: {'line': b'-- Up-to-date symlink: /ros2_ws/install/algorithms/include/algorithms/algorithms/fk_odometry.hpp\n'}
[62.238989] (algorithms) StdoutLine: {'line': b'-- Up-to-date symlink: /ros2_ws/install/algorithms/include/algorithms/algorithms/imu_tools.hpp\n'}
[62.239690] (algorithms) StdoutLine: {'line': b'-- Up-to-date symlink: /ros2_ws/install/algorithms/include/algorithms/algorithms/inverse_kinematics.hpp\n'}
[62.240645] (algorithms) StdoutLine: {'line': b'-- Up-to-date symlink: /ros2_ws/install/algorithms/include/algorithms/algorithms/twist_handler.hpp\n'}
[62.242039] (algorithms) StdoutLine: {'line': b'-- Up-to-date symlink: /ros2_ws/install/algorithms/share/ament_index/resource_index/package_run_dependencies/algorithms\n'}
[62.243418] (algorithms) StdoutLine: {'line': b'-- Up-to-date symlink: /ros2_ws/install/algorithms/share/ament_index/resource_index/parent_prefix_path/algorithms\n'}
[62.244810] (algorithms) StdoutLine: {'line': b'-- Up-to-date symlink: /ros2_ws/install/algorithms/share/algorithms/environment/ament_prefix_path.sh\n'}
[62.245895] (algorithms) StdoutLine: {'line': b'-- Up-to-date symlink: /ros2_ws/install/algorithms/share/algorithms/environment/ament_prefix_path.dsv\n'}
[62.247145] (algorithms) StdoutLine: {'line': b'-- Up-to-date symlink: /ros2_ws/install/algorithms/share/algorithms/environment/path.sh\n'}
[62.248439] (algorithms) StdoutLine: {'line': b'-- Up-to-date symlink: /ros2_ws/install/algorithms/share/algorithms/environment/path.dsv\n'}
[62.249795] (algorithms) StdoutLine: {'line': b'-- Up-to-date symlink: /ros2_ws/install/algorithms/share/algorithms/local_setup.bash\n'}
[62.250918] (algorithms) StdoutLine: {'line': b'-- Up-to-date symlink: /ros2_ws/install/algorithms/share/algorithms/local_setup.sh\n'}
[62.252143] (algorithms) StdoutLine: {'line': b'-- Up-to-date symlink: /ros2_ws/install/algorithms/share/algorithms/local_setup.zsh\n'}
[62.253290] (algorithms) StdoutLine: {'line': b'-- Up-to-date symlink: /ros2_ws/install/algorithms/share/algorithms/local_setup.dsv\n'}
[62.253994] (algorithms) StdoutLine: {'line': b'-- Symlinking: /ros2_ws/install/algorithms/share/algorithms/package.dsv\n'}
[62.283614] (algorithms) StdoutLine: {'line': b'-- Up-to-date symlink: /ros2_ws/install/algorithms/share/ament_index/resource_index/packages/algorithms\n'}
[62.284812] (algorithms) StdoutLine: {'line': b'-- Up-to-date symlink: /ros2_ws/install/algorithms/share/algorithms/cmake/ament_cmake_export_include_directories-extras.cmake\n'}
[62.285982] (algorithms) StdoutLine: {'line': b'-- Up-to-date symlink: /ros2_ws/install/algorithms/share/algorithms/cmake/algorithmsConfig.cmake\n'}
[62.287022] (algorithms) StdoutLine: {'line': b'-- Up-to-date symlink: /ros2_ws/install/algorithms/share/algorithms/cmake/algorithmsConfig-version.cmake\n'}
[62.287796] (algorithms) StdoutLine: {'line': b'-- Up-to-date symlink: /ros2_ws/install/algorithms/share/algorithms/package.xml\n'}
[62.293545] (algorithms) CommandEnded: {'returncode': 0}
[62.329133] (-) TimerEvent: {}
[62.362076] (algorithms) JobEnded: {'identifier': 'algorithms', 'rc': 0}
[62.367133] (bringup) JobStarted: {'identifier': 'bringup'}
[62.429319] (-) TimerEvent: {}
[62.450418] (bringup) JobProgress: {'identifier': 'bringup', 'progress': 'cmake'}
[62.456737] (bringup) JobProgress: {'identifier': 'bringup', 'progress': 'build'}
[62.457857] (bringup) Command: {'cmd': ['/usr/bin/cmake', '--build', '/ros2_ws/build/bringup', '--', '-j4', '-l4'], 'cwd': '/ros2_ws/build/bringup', 'env': OrderedDict([('LESSOPEN', '| /usr/bin/lesspipe %s'), ('HOSTNAME', '86cfe8a43a6c'), ('GIT_ASKPASS', '/root/.vscode-server/bin/8b3775030ed1a69b13e4f4c628c612102e30a681/extensions/git/dist/askpass.sh'), ('SHLVL', '2'), ('LD_LIBRARY_PATH', '/ros2_ws/install/interfaces/lib:/ros2_ws/install/drivers/lib:/ros2_ws/install/common/lib:/opt/ros/humble/opt/rviz_ogre_vendor/lib:/opt/ros/humble/lib/aarch64-linux-gnu:/opt/ros/humble/lib'), ('BROWSER', '/root/.vscode-server/bin/8b3775030ed1a69b13e4f4c628c612102e30a681/bin/helpers/browser.sh'), ('HOME', '/root'), ('TERM_PROGRAM_VERSION', '1.85.2'), ('VSCODE_IPC_HOOK_CLI', '/tmp/vscode-ipc-86219f0d-d783-4d09-bf47-cf67c3c43e9a.sock'), ('ROS_PYTHON_VERSION', '3'), ('VSCODE_GIT_ASKPASS_MAIN', '/root/.vscode-server/bin/8b3775030ed1a69b13e4f4c628c612102e30a681/extensions/git/dist/askpass-main.js'), ('PS1', '\\[\x1b]633;A\x07\\]\\u@\\h\\[\\033[01;34m\\](cerebellum)\\[\\033[00m\\]:\\w$ \\[\x1b]633;B\x07\\]'), ('VSCODE_GIT_ASKPASS_NODE', '/root/.vscode-server/bin/8b3775030ed1a69b13e4f4c628c612102e30a681/node'), ('COLORTERM', 'truecolor'), ('REMOTE_CONTAINERS', 'true'), ('COLCON_PREFIX_PATH', '/ros2_ws/install'), ('ROS_DISTRO', 'humble'), ('REMOTE_CONTAINERS_IPC', '/tmp/vscode-remote-containers-ipc-da423283-e06a-4075-9a0a-cdab3e9a5907.sock'), ('_', '/usr/bin/colcon'), ('ROS_VERSION', '2'), ('TERM', 'xterm-256color'), ('ROS_LOCALHOST_ONLY', '0'), ('PATH', '/root/.vscode-server/bin/8b3775030ed1a69b13e4f4c628c612102e30a681/bin/remote-cli:/opt/ros/humble/bin:/usr/local/sbin:/usr/local/bin:/usr/sbin:/usr/bin:/sbin:/bin'), ('REMOTE_CONTAINERS_SOCKETS', '["/tmp/vscode-ssh-auth-da423283-e06a-4075-9a0a-cdab3e9a5907.sock","/root/.gnupg/S.gpg-agent"]'), ('LANG', 'en_US.UTF-8'), ('LS_COLORS', 'rs=0:di=01;34:ln=01;36:mh=00:pi=40;33:so=01;35:do=01;35:bd=40;33;01:cd=40;33;01:or=40;31;01:mi=00:su=37;41:sg=30;43:ca=30;41:tw=30;42:ow=34;42:st=37;44:ex=01;32:*.tar=01;31:*.tgz=01;31:*.arc=01;31:*.arj=01;31:*.taz=01;31:*.lha=01;31:*.lz4=01;31:*.lzh=01;31:*.lzma=01;31:*.tlz=01;31:*.txz=01;31:*.tzo=01;31:*.t7z=01;31:*.zip=01;31:*.z=01;31:*.dz=01;31:*.gz=01;31:*.lrz=01;31:*.lz=01;31:*.lzo=01;31:*.xz=01;31:*.zst=01;31:*.tzst=01;31:*.bz2=01;31:*.bz=01;31:*.tbz=01;31:*.tbz2=01;31:*.tz=01;31:*.deb=01;31:*.rpm=01;31:*.jar=01;31:*.war=01;31:*.ear=01;31:*.sar=01;31:*.rar=01;31:*.alz=01;31:*.ace=01;31:*.zoo=01;31:*.cpio=01;31:*.7z=01;31:*.rz=01;31:*.cab=01;31:*.wim=01;31:*.swm=01;31:*.dwm=01;31:*.esd=01;31:*.jpg=01;35:*.jpeg=01;35:*.mjpg=01;35:*.mjpeg=01;35:*.gif=01;35:*.bmp=01;35:*.pbm=01;35:*.pgm=01;35:*.ppm=01;35:*.tga=01;35:*.xbm=01;35:*.xpm=01;35:*.tif=01;35:*.tiff=01;35:*.png=01;35:*.svg=01;35:*.svgz=01;35:*.mng=01;35:*.pcx=01;35:*.mov=01;35:*.mpg=01;35:*.mpeg=01;35:*.m2v=01;35:*.mkv=01;35:*.webm=01;35:*.webp=01;35:*.ogm=01;35:*.mp4=01;35:*.m4v=01;35:*.mp4v=01;35:*.vob=01;35:*.qt=01;35:*.nuv=01;35:*.wmv=01;35:*.asf=01;35:*.rm=01;35:*.rmvb=01;35:*.flc=01;35:*.avi=01;35:*.fli=01;35:*.flv=01;35:*.gl=01;35:*.dl=01;35:*.xcf=01;35:*.xwd=01;35:*.yuv=01;35:*.cgm=01;35:*.emf=01;35:*.ogv=01;35:*.ogx=01;35:*.aac=00;36:*.au=00;36:*.flac=00;36:*.m4a=00;36:*.mid=00;36:*.midi=00;36:*.mka=00;36:*.mp3=00;36:*.mpc=00;36:*.ogg=00;36:*.ra=00;36:*.wav=00;36:*.oga=00;36:*.opus=00;36:*.spx=00;36:*.xspf=00;36:'), ('VSCODE_GIT_IPC_HANDLE', '/tmp/vscode-git-827e2e94fd.sock'), ('TERM_PROGRAM', 'vscode'), ('SSH_AUTH_SOCK', '/tmp/vscode-ssh-auth-da423283-e06a-4075-9a0a-cdab3e9a5907.sock'), ('AMENT_PREFIX_PATH', '/ros2_ws/install/bringup:/ros2_ws/install/dri_interfaces:/ros2_ws/install/algorithms:/ros2_ws/install/interfaces:/ros2_ws/install/drivers:/ros2_ws/install/common:/opt/ros/humble'), ('SHELL', '/bin/bash'), ('LESSCLOSE', '/usr/bin/lesspipe %s %s'), ('VSCODE_GIT_ASKPASS_EXTRA_ARGS', ''), ('PWD', '/ros2_ws/build/bringup'), ('PYTHONPATH', '/ros2_ws/install/interfaces/local/lib/python3.10/dist-packages:/opt/ros/humble/lib/python3.10/site-packages:/opt/ros/humble/local/lib/python3.10/dist-packages'), ('COLCON', '1'), ('CMAKE_PREFIX_PATH', '/ros2_ws/install/dri_interfaces:/ros2_ws/install/algorithms:/ros2_ws/install/interfaces:/ros2_ws/install/common:/ros2_ws/install/bringup:/ros2_ws/install/drivers:/opt/ros/humble')]), 'shell': False}
[62.529483] (-) TimerEvent: {}
[62.585439] (bringup) CommandEnded: {'returncode': 0}
[62.588896] (bringup) JobProgress: {'identifier': 'bringup', 'progress': 'install'}
[62.589572] (bringup) Command: {'cmd': ['/usr/bin/cmake', '--install', '/ros2_ws/build/bringup'], 'cwd': '/ros2_ws/build/bringup', 'env': OrderedDict([('LESSOPEN', '| /usr/bin/lesspipe %s'), ('HOSTNAME', '86cfe8a43a6c'), ('GIT_ASKPASS', '/root/.vscode-server/bin/8b3775030ed1a69b13e4f4c628c612102e30a681/extensions/git/dist/askpass.sh'), ('SHLVL', '2'), ('LD_LIBRARY_PATH', '/ros2_ws/install/interfaces/lib:/ros2_ws/install/drivers/lib:/ros2_ws/install/common/lib:/opt/ros/humble/opt/rviz_ogre_vendor/lib:/opt/ros/humble/lib/aarch64-linux-gnu:/opt/ros/humble/lib'), ('BROWSER', '/root/.vscode-server/bin/8b3775030ed1a69b13e4f4c628c612102e30a681/bin/helpers/browser.sh'), ('HOME', '/root'), ('TERM_PROGRAM_VERSION', '1.85.2'), ('VSCODE_IPC_HOOK_CLI', '/tmp/vscode-ipc-86219f0d-d783-4d09-bf47-cf67c3c43e9a.sock'), ('ROS_PYTHON_VERSION', '3'), ('VSCODE_GIT_ASKPASS_MAIN', '/root/.vscode-server/bin/8b3775030ed1a69b13e4f4c628c612102e30a681/extensions/git/dist/askpass-main.js'), ('PS1', '\\[\x1b]633;A\x07\\]\\u@\\h\\[\\033[01;34m\\](cerebellum)\\[\\033[00m\\]:\\w$ \\[\x1b]633;B\x07\\]'), ('VSCODE_GIT_ASKPASS_NODE', '/root/.vscode-server/bin/8b3775030ed1a69b13e4f4c628c612102e30a681/node'), ('COLORTERM', 'truecolor'), ('REMOTE_CONTAINERS', 'true'), ('COLCON_PREFIX_PATH', '/ros2_ws/install'), ('ROS_DISTRO', 'humble'), ('REMOTE_CONTAINERS_IPC', '/tmp/vscode-remote-containers-ipc-da423283-e06a-4075-9a0a-cdab3e9a5907.sock'), ('_', '/usr/bin/colcon'), ('ROS_VERSION', '2'), ('TERM', 'xterm-256color'), ('ROS_LOCALHOST_ONLY', '0'), ('PATH', '/root/.vscode-server/bin/8b3775030ed1a69b13e4f4c628c612102e30a681/bin/remote-cli:/opt/ros/humble/bin:/usr/local/sbin:/usr/local/bin:/usr/sbin:/usr/bin:/sbin:/bin'), ('REMOTE_CONTAINERS_SOCKETS', '["/tmp/vscode-ssh-auth-da423283-e06a-4075-9a0a-cdab3e9a5907.sock","/root/.gnupg/S.gpg-agent"]'), ('LANG', 'en_US.UTF-8'), ('LS_COLORS', 'rs=0:di=01;34:ln=01;36:mh=00:pi=40;33:so=01;35:do=01;35:bd=40;33;01:cd=40;33;01:or=40;31;01:mi=00:su=37;41:sg=30;43:ca=30;41:tw=30;42:ow=34;42:st=37;44:ex=01;32:*.tar=01;31:*.tgz=01;31:*.arc=01;31:*.arj=01;31:*.taz=01;31:*.lha=01;31:*.lz4=01;31:*.lzh=01;31:*.lzma=01;31:*.tlz=01;31:*.txz=01;31:*.tzo=01;31:*.t7z=01;31:*.zip=01;31:*.z=01;31:*.dz=01;31:*.gz=01;31:*.lrz=01;31:*.lz=01;31:*.lzo=01;31:*.xz=01;31:*.zst=01;31:*.tzst=01;31:*.bz2=01;31:*.bz=01;31:*.tbz=01;31:*.tbz2=01;31:*.tz=01;31:*.deb=01;31:*.rpm=01;31:*.jar=01;31:*.war=01;31:*.ear=01;31:*.sar=01;31:*.rar=01;31:*.alz=01;31:*.ace=01;31:*.zoo=01;31:*.cpio=01;31:*.7z=01;31:*.rz=01;31:*.cab=01;31:*.wim=01;31:*.swm=01;31:*.dwm=01;31:*.esd=01;31:*.jpg=01;35:*.jpeg=01;35:*.mjpg=01;35:*.mjpeg=01;35:*.gif=01;35:*.bmp=01;35:*.pbm=01;35:*.pgm=01;35:*.ppm=01;35:*.tga=01;35:*.xbm=01;35:*.xpm=01;35:*.tif=01;35:*.tiff=01;35:*.png=01;35:*.svg=01;35:*.svgz=01;35:*.mng=01;35:*.pcx=01;35:*.mov=01;35:*.mpg=01;35:*.mpeg=01;35:*.m2v=01;35:*.mkv=01;35:*.webm=01;35:*.webp=01;35:*.ogm=01;35:*.mp4=01;35:*.m4v=01;35:*.mp4v=01;35:*.vob=01;35:*.qt=01;35:*.nuv=01;35:*.wmv=01;35:*.asf=01;35:*.rm=01;35:*.rmvb=01;35:*.flc=01;35:*.avi=01;35:*.fli=01;35:*.flv=01;35:*.gl=01;35:*.dl=01;35:*.xcf=01;35:*.xwd=01;35:*.yuv=01;35:*.cgm=01;35:*.emf=01;35:*.ogv=01;35:*.ogx=01;35:*.aac=00;36:*.au=00;36:*.flac=00;36:*.m4a=00;36:*.mid=00;36:*.midi=00;36:*.mka=00;36:*.mp3=00;36:*.mpc=00;36:*.ogg=00;36:*.ra=00;36:*.wav=00;36:*.oga=00;36:*.opus=00;36:*.spx=00;36:*.xspf=00;36:'), ('VSCODE_GIT_IPC_HANDLE', '/tmp/vscode-git-827e2e94fd.sock'), ('TERM_PROGRAM', 'vscode'), ('SSH_AUTH_SOCK', '/tmp/vscode-ssh-auth-da423283-e06a-4075-9a0a-cdab3e9a5907.sock'), ('AMENT_PREFIX_PATH', '/ros2_ws/install/bringup:/ros2_ws/install/dri_interfaces:/ros2_ws/install/algorithms:/ros2_ws/install/interfaces:/ros2_ws/install/drivers:/ros2_ws/install/common:/opt/ros/humble'), ('SHELL', '/bin/bash'), ('LESSCLOSE', '/usr/bin/lesspipe %s %s'), ('VSCODE_GIT_ASKPASS_EXTRA_ARGS', ''), ('PWD', '/ros2_ws/build/bringup'), ('PYTHONPATH', '/ros2_ws/install/interfaces/local/lib/python3.10/dist-packages:/opt/ros/humble/lib/python3.10/site-packages:/opt/ros/humble/local/lib/python3.10/dist-packages'), ('COLCON', '1'), ('CMAKE_PREFIX_PATH', '/ros2_ws/install/dri_interfaces:/ros2_ws/install/algorithms:/ros2_ws/install/interfaces:/ros2_ws/install/common:/ros2_ws/install/bringup:/ros2_ws/install/drivers:/opt/ros/humble')]), 'shell': False}
[62.616985] (bringup) StdoutLine: {'line': b'-- Install configuration: ""\n'}
[62.619073] (bringup) StdoutLine: {'line': b'-- Execute custom install script\n'}
[62.620483] (bringup) StdoutLine: {'line': b'-- Up-to-date symlink: /ros2_ws/install/bringup/share/bringup/launch/algorithms_bringup.launch.py\n'}
[62.621054] (bringup) StdoutLine: {'line': b'-- Up-to-date symlink: /ros2_ws/install/bringup/share/bringup/launch/dri_bringup.launch.py\n'}
[62.622370] (bringup) StdoutLine: {'line': b'-- Up-to-date symlink: /ros2_ws/install/bringup/share/ament_index/resource_index/package_run_dependencies/bringup\n'}
[62.623569] (bringup) StdoutLine: {'line': b'-- Up-to-date symlink: /ros2_ws/install/bringup/share/ament_index/resource_index/parent_prefix_path/bringup\n'}
[62.624612] (bringup) StdoutLine: {'line': b'-- Up-to-date symlink: /ros2_ws/install/bringup/share/bringup/environment/ament_prefix_path.sh\n'}
[62.625564] (bringup) StdoutLine: {'line': b'-- Up-to-date symlink: /ros2_ws/install/bringup/share/bringup/environment/ament_prefix_path.dsv\n'}
[62.626534] (bringup) StdoutLine: {'line': b'-- Up-to-date symlink: /ros2_ws/install/bringup/share/bringup/environment/path.sh\n'}
[62.627397] (bringup) StdoutLine: {'line': b'-- Up-to-date symlink: /ros2_ws/install/bringup/share/bringup/environment/path.dsv\n'}
[62.628271] (bringup) StdoutLine: {'line': b'-- Up-to-date symlink: /ros2_ws/install/bringup/share/bringup/local_setup.bash\n'}
[62.629144] (bringup) StdoutLine: {'line': b'-- Up-to-date symlink: /ros2_ws/install/bringup/share/bringup/local_setup.sh\n'}
[62.629540] (-) TimerEvent: {}
[62.630231] (bringup) StdoutLine: {'line': b'-- Up-to-date symlink: /ros2_ws/install/bringup/share/bringup/local_setup.zsh\n'}
[62.631338] (bringup) StdoutLine: {'line': b'-- Up-to-date symlink: /ros2_ws/install/bringup/share/bringup/local_setup.dsv\n'}
[62.631909] (bringup) StdoutLine: {'line': b'-- Symlinking: /ros2_ws/install/bringup/share/bringup/package.dsv\n'}
[62.660716] (bringup) StdoutLine: {'line': b'-- Up-to-date symlink: /ros2_ws/install/bringup/share/ament_index/resource_index/packages/bringup\n'}
[62.661413] (bringup) StdoutLine: {'line': b'-- Up-to-date symlink: /ros2_ws/install/bringup/share/bringup/cmake/bringupConfig.cmake\n'}
[62.662187] (bringup) StdoutLine: {'line': b'-- Up-to-date symlink: /ros2_ws/install/bringup/share/bringup/cmake/bringupConfig-version.cmake\n'}
[62.662795] (bringup) StdoutLine: {'line': b'-- Up-to-date symlink: /ros2_ws/install/bringup/share/bringup/package.xml\n'}
[62.668515] (bringup) CommandEnded: {'returncode': 0}
[62.727539] (bringup) JobEnded: {'identifier': 'bringup', 'rc': 0}
[62.729925] (-) TimerEvent: {}
[62.730229] (-) EventReactorShutdown: {}
