[0.000000] (-) TimerEvent: {}
[0.001999] (collision_avoidance) JobQueued: {'identifier': 'collision_avoidance', 'dependencies': OrderedDict()}
[0.002145] (interfaces) JobQueued: {'identifier': 'interfaces', 'dependencies': OrderedDict()}
[0.002248] (oradar_lidar) JobQueued: {'identifier': 'oradar_lidar', 'dependencies': OrderedDict()}
[0.002347] (brain_controller) JobQueued: {'identifier': 'brain_controller', 'dependencies': OrderedDict([('interfaces', '/ros2_ws/install/interfaces')])}
[0.002449] (brain_hardware) JobQueued: {'identifier': 'brain_hardware', 'dependencies': OrderedDict([('interfaces', '/ros2_ws/install/interfaces')])}
[0.002965] (description) JobQueued: {'identifier': 'description', 'dependencies': OrderedDict([('interfaces', '/ros2_ws/install/interfaces'), ('brain_hardware', '/ros2_ws/install/brain_hardware')])}
[0.003152] (bringup) JobQueued: {'identifier': 'bringup', 'dependencies': OrderedDict([('interfaces', '/ros2_ws/install/interfaces'), ('brain_hardware', '/ros2_ws/install/brain_hardware'), ('description', '/ros2_ws/install/description')])}
[0.003444] (interfaces) JobStarted: {'identifier': 'interfaces'}
[0.034496] (collision_avoidance) JobStarted: {'identifier': 'collision_avoidance'}
[0.056264] (oradar_lidar) JobStarted: {'identifier': 'oradar_lidar'}
[0.082064] (interfaces) JobProgress: {'identifier': 'interfaces', 'progress': 'cmake'}
[0.084006] (interfaces) JobProgress: {'identifier': 'interfaces', 'progress': 'build'}
[0.086786] (interfaces) Command: {'cmd': ['/usr/bin/cmake', '--build', '/ros2_ws/build/interfaces', '--', '-j4', '-l4'], 'cwd': '/ros2_ws/build/interfaces', 'env': OrderedDict([('LESSOPEN', '| /usr/bin/lesspipe %s'), ('HOSTNAME', '55456c0da4eb'), ('GIT_ASKPASS', '/root/.vscode-server/bin/8b3775030ed1a69b13e4f4c628c612102e30a681/extensions/git/dist/askpass.sh'), ('SHLVL', '2'), ('LD_LIBRARY_PATH', '/ros2_ws/install/brain_hardware/lib:/ros2_ws/install/brain_controller/lib:/ros2_ws/install/interfaces/lib:/ros2_ws/install/collision_avoidance/lib:/opt/ros/humble/opt/rviz_ogre_vendor/lib:/opt/ros/humble/lib/aarch64-linux-gnu:/opt/ros/humble/lib'), ('BROWSER', '/root/.vscode-server/bin/8b3775030ed1a69b13e4f4c628c612102e30a681/bin/helpers/browser.sh'), ('HOME', '/root'), ('TERM_PROGRAM_VERSION', '1.85.2'), ('VSCODE_IPC_HOOK_CLI', '/tmp/vscode-ipc-bfcda2b9-519e-45aa-8ec0-9a731bec1c10.sock'), ('ROS_PYTHON_VERSION', '3'), ('VSCODE_GIT_ASKPASS_MAIN', '/root/.vscode-server/bin/8b3775030ed1a69b13e4f4c628c612102e30a681/extensions/git/dist/askpass-main.js'), ('PS1', '\\[\x1b]633;A\x07\\]\\u@\\h\\[\\033[01;32m\\](brain)\\[\\033[00m\\]:\\w$ \\[\x1b]633;B\x07\\]'), ('VSCODE_GIT_ASKPASS_NODE', '/root/.vscode-server/bin/8b3775030ed1a69b13e4f4c628c612102e30a681/node'), ('ROS_IP', '10.10.0.2'), ('COLORTERM', 'truecolor'), ('REMOTE_CONTAINERS', 'true'), ('COLCON_PREFIX_PATH', '/ros2_ws/install'), ('ROS_DISTRO', 'humble'), ('REMOTE_CONTAINERS_IPC', '/tmp/vscode-remote-containers-ipc-0ab64d53-2511-4c41-bf84-d17032adaf88.sock'), ('_', '/usr/bin/colcon'), ('ROS_VERSION', '2'), ('TERM', 'xterm-256color'), ('ROS_LOCALHOST_ONLY', '0'), ('PATH', '/ros2_ws/install/oradar_lidar/bin:/root/.vscode-server/bin/8b3775030ed1a69b13e4f4c628c612102e30a681/bin/remote-cli:/opt/ros/humble/bin:/usr/local/sbin:/usr/local/bin:/usr/sbin:/usr/bin:/sbin:/bin'), ('REMOTE_CONTAINERS_SOCKETS', '["/tmp/vscode-ssh-auth-0ab64d53-2511-4c41-bf84-d17032adaf88.sock","/root/.gnupg/S.gpg-agent"]'), ('DISPLAY', ':0'), ('LANG', 'en_US.UTF-8'), ('RMW_IMPLEMENTATION', 'rmw_fastrtps_cpp'), ('LS_COLORS', 'rs=0:di=01;34:ln=01;36:mh=00:pi=40;33:so=01;35:do=01;35:bd=40;33;01:cd=40;33;01:or=40;31;01:mi=00:su=37;41:sg=30;43:ca=30;41:tw=30;42:ow=34;42:st=37;44:ex=01;32:*.tar=01;31:*.tgz=01;31:*.arc=01;31:*.arj=01;31:*.taz=01;31:*.lha=01;31:*.lz4=01;31:*.lzh=01;31:*.lzma=01;31:*.tlz=01;31:*.txz=01;31:*.tzo=01;31:*.t7z=01;31:*.zip=01;31:*.z=01;31:*.dz=01;31:*.gz=01;31:*.lrz=01;31:*.lz=01;31:*.lzo=01;31:*.xz=01;31:*.zst=01;31:*.tzst=01;31:*.bz2=01;31:*.bz=01;31:*.tbz=01;31:*.tbz2=01;31:*.tz=01;31:*.deb=01;31:*.rpm=01;31:*.jar=01;31:*.war=01;31:*.ear=01;31:*.sar=01;31:*.rar=01;31:*.alz=01;31:*.ace=01;31:*.zoo=01;31:*.cpio=01;31:*.7z=01;31:*.rz=01;31:*.cab=01;31:*.wim=01;31:*.swm=01;31:*.dwm=01;31:*.esd=01;31:*.jpg=01;35:*.jpeg=01;35:*.mjpg=01;35:*.mjpeg=01;35:*.gif=01;35:*.bmp=01;35:*.pbm=01;35:*.pgm=01;35:*.ppm=01;35:*.tga=01;35:*.xbm=01;35:*.xpm=01;35:*.tif=01;35:*.tiff=01;35:*.png=01;35:*.svg=01;35:*.svgz=01;35:*.mng=01;35:*.pcx=01;35:*.mov=01;35:*.mpg=01;35:*.mpeg=01;35:*.m2v=01;35:*.mkv=01;35:*.webm=01;35:*.webp=01;35:*.ogm=01;35:*.mp4=01;35:*.m4v=01;35:*.mp4v=01;35:*.vob=01;35:*.qt=01;35:*.nuv=01;35:*.wmv=01;35:*.asf=01;35:*.rm=01;35:*.rmvb=01;35:*.flc=01;35:*.avi=01;35:*.fli=01;35:*.flv=01;35:*.gl=01;35:*.dl=01;35:*.xcf=01;35:*.xwd=01;35:*.yuv=01;35:*.cgm=01;35:*.emf=01;35:*.ogv=01;35:*.ogx=01;35:*.aac=00;36:*.au=00;36:*.flac=00;36:*.m4a=00;36:*.mid=00;36:*.midi=00;36:*.mka=00;36:*.mp3=00;36:*.mpc=00;36:*.ogg=00;36:*.ra=00;36:*.wav=00;36:*.oga=00;36:*.opus=00;36:*.spx=00;36:*.xspf=00;36:'), ('VSCODE_GIT_IPC_HANDLE', '/tmp/vscode-git-069987f000.sock'), ('TERM_PROGRAM', 'vscode'), ('SSH_AUTH_SOCK', '/tmp/vscode-ssh-auth-0ab64d53-2511-4c41-bf84-d17032adaf88.sock'), ('ROS_DOMAIN_ID', '42'), ('AMENT_PREFIX_PATH', '/ros2_ws/install/oradar_lidar:/ros2_ws/install/bringup:/ros2_ws/install/description:/ros2_ws/install/brain_hardware:/ros2_ws/install/brain_controller:/ros2_ws/install/interfaces:/ros2_ws/install/collision_avoidance:/opt/ros/humble'), ('SHELL', '/bin/bash'), ('LESSCLOSE', '/usr/bin/lesspipe %s %s'), ('VSCODE_GIT_ASKPASS_EXTRA_ARGS', ''), ('PWD', '/ros2_ws/build/interfaces'), ('PYTHONPATH', '/ros2_ws/install/interfaces/local/lib/python3.10/dist-packages:/opt/ros/humble/lib/python3.10/site-packages:/opt/ros/humble/local/lib/python3.10/dist-packages'), ('ROS_HOSTNAME', '10.10.0.2'), ('COLCON', '1'), ('CMAKE_PREFIX_PATH', '/ros2_ws/install/oradar_lidar:/ros2_ws/install/bringup:/ros2_ws/install/description:/ros2_ws/install/brain_hardware:/ros2_ws/install/brain_controller:/ros2_ws/install/interfaces:/ros2_ws/install/collision_avoidance:/opt/ros/humble')]), 'shell': False}
[0.094650] (collision_avoidance) JobProgress: {'identifier': 'collision_avoidance', 'progress': 'cmake'}
[0.096872] (collision_avoidance) JobProgress: {'identifier': 'collision_avoidance', 'progress': 'build'}
[0.097892] (collision_avoidance) Command: {'cmd': ['/usr/bin/cmake', '--build', '/ros2_ws/build/collision_avoidance', '--', '-j4', '-l4'], 'cwd': '/ros2_ws/build/collision_avoidance', 'env': OrderedDict([('LESSOPEN', '| /usr/bin/lesspipe %s'), ('HOSTNAME', '55456c0da4eb'), ('GIT_ASKPASS', '/root/.vscode-server/bin/8b3775030ed1a69b13e4f4c628c612102e30a681/extensions/git/dist/askpass.sh'), ('SHLVL', '2'), ('LD_LIBRARY_PATH', '/ros2_ws/install/brain_hardware/lib:/ros2_ws/install/brain_controller/lib:/ros2_ws/install/interfaces/lib:/ros2_ws/install/collision_avoidance/lib:/opt/ros/humble/opt/rviz_ogre_vendor/lib:/opt/ros/humble/lib/aarch64-linux-gnu:/opt/ros/humble/lib'), ('BROWSER', '/root/.vscode-server/bin/8b3775030ed1a69b13e4f4c628c612102e30a681/bin/helpers/browser.sh'), ('HOME', '/root'), ('TERM_PROGRAM_VERSION', '1.85.2'), ('VSCODE_IPC_HOOK_CLI', '/tmp/vscode-ipc-bfcda2b9-519e-45aa-8ec0-9a731bec1c10.sock'), ('ROS_PYTHON_VERSION', '3'), ('VSCODE_GIT_ASKPASS_MAIN', '/root/.vscode-server/bin/8b3775030ed1a69b13e4f4c628c612102e30a681/extensions/git/dist/askpass-main.js'), ('PS1', '\\[\x1b]633;A\x07\\]\\u@\\h\\[\\033[01;32m\\](brain)\\[\\033[00m\\]:\\w$ \\[\x1b]633;B\x07\\]'), ('VSCODE_GIT_ASKPASS_NODE', '/root/.vscode-server/bin/8b3775030ed1a69b13e4f4c628c612102e30a681/node'), ('ROS_IP', '10.10.0.2'), ('COLORTERM', 'truecolor'), ('REMOTE_CONTAINERS', 'true'), ('COLCON_PREFIX_PATH', '/ros2_ws/install'), ('ROS_DISTRO', 'humble'), ('REMOTE_CONTAINERS_IPC', '/tmp/vscode-remote-containers-ipc-0ab64d53-2511-4c41-bf84-d17032adaf88.sock'), ('_', '/usr/bin/colcon'), ('ROS_VERSION', '2'), ('TERM', 'xterm-256color'), ('ROS_LOCALHOST_ONLY', '0'), ('PATH', '/ros2_ws/install/oradar_lidar/bin:/root/.vscode-server/bin/8b3775030ed1a69b13e4f4c628c612102e30a681/bin/remote-cli:/opt/ros/humble/bin:/usr/local/sbin:/usr/local/bin:/usr/sbin:/usr/bin:/sbin:/bin'), ('REMOTE_CONTAINERS_SOCKETS', '["/tmp/vscode-ssh-auth-0ab64d53-2511-4c41-bf84-d17032adaf88.sock","/root/.gnupg/S.gpg-agent"]'), ('DISPLAY', ':0'), ('LANG', 'en_US.UTF-8'), ('RMW_IMPLEMENTATION', 'rmw_fastrtps_cpp'), ('LS_COLORS', 'rs=0:di=01;34:ln=01;36:mh=00:pi=40;33:so=01;35:do=01;35:bd=40;33;01:cd=40;33;01:or=40;31;01:mi=00:su=37;41:sg=30;43:ca=30;41:tw=30;42:ow=34;42:st=37;44:ex=01;32:*.tar=01;31:*.tgz=01;31:*.arc=01;31:*.arj=01;31:*.taz=01;31:*.lha=01;31:*.lz4=01;31:*.lzh=01;31:*.lzma=01;31:*.tlz=01;31:*.txz=01;31:*.tzo=01;31:*.t7z=01;31:*.zip=01;31:*.z=01;31:*.dz=01;31:*.gz=01;31:*.lrz=01;31:*.lz=01;31:*.lzo=01;31:*.xz=01;31:*.zst=01;31:*.tzst=01;31:*.bz2=01;31:*.bz=01;31:*.tbz=01;31:*.tbz2=01;31:*.tz=01;31:*.deb=01;31:*.rpm=01;31:*.jar=01;31:*.war=01;31:*.ear=01;31:*.sar=01;31:*.rar=01;31:*.alz=01;31:*.ace=01;31:*.zoo=01;31:*.cpio=01;31:*.7z=01;31:*.rz=01;31:*.cab=01;31:*.wim=01;31:*.swm=01;31:*.dwm=01;31:*.esd=01;31:*.jpg=01;35:*.jpeg=01;35:*.mjpg=01;35:*.mjpeg=01;35:*.gif=01;35:*.bmp=01;35:*.pbm=01;35:*.pgm=01;35:*.ppm=01;35:*.tga=01;35:*.xbm=01;35:*.xpm=01;35:*.tif=01;35:*.tiff=01;35:*.png=01;35:*.svg=01;35:*.svgz=01;35:*.mng=01;35:*.pcx=01;35:*.mov=01;35:*.mpg=01;35:*.mpeg=01;35:*.m2v=01;35:*.mkv=01;35:*.webm=01;35:*.webp=01;35:*.ogm=01;35:*.mp4=01;35:*.m4v=01;35:*.mp4v=01;35:*.vob=01;35:*.qt=01;35:*.nuv=01;35:*.wmv=01;35:*.asf=01;35:*.rm=01;35:*.rmvb=01;35:*.flc=01;35:*.avi=01;35:*.fli=01;35:*.flv=01;35:*.gl=01;35:*.dl=01;35:*.xcf=01;35:*.xwd=01;35:*.yuv=01;35:*.cgm=01;35:*.emf=01;35:*.ogv=01;35:*.ogx=01;35:*.aac=00;36:*.au=00;36:*.flac=00;36:*.m4a=00;36:*.mid=00;36:*.midi=00;36:*.mka=00;36:*.mp3=00;36:*.mpc=00;36:*.ogg=00;36:*.ra=00;36:*.wav=00;36:*.oga=00;36:*.opus=00;36:*.spx=00;36:*.xspf=00;36:'), ('VSCODE_GIT_IPC_HANDLE', '/tmp/vscode-git-069987f000.sock'), ('TERM_PROGRAM', 'vscode'), ('SSH_AUTH_SOCK', '/tmp/vscode-ssh-auth-0ab64d53-2511-4c41-bf84-d17032adaf88.sock'), ('ROS_DOMAIN_ID', '42'), ('AMENT_PREFIX_PATH', '/ros2_ws/install/oradar_lidar:/ros2_ws/install/bringup:/ros2_ws/install/description:/ros2_ws/install/brain_hardware:/ros2_ws/install/brain_controller:/ros2_ws/install/interfaces:/ros2_ws/install/collision_avoidance:/opt/ros/humble'), ('SHELL', '/bin/bash'), ('LESSCLOSE', '/usr/bin/lesspipe %s %s'), ('VSCODE_GIT_ASKPASS_EXTRA_ARGS', ''), ('PWD', '/ros2_ws/build/collision_avoidance'), ('PYTHONPATH', '/ros2_ws/install/interfaces/local/lib/python3.10/dist-packages:/opt/ros/humble/lib/python3.10/site-packages:/opt/ros/humble/local/lib/python3.10/dist-packages'), ('ROS_HOSTNAME', '10.10.0.2'), ('COLCON', '1'), ('CMAKE_PREFIX_PATH', '/ros2_ws/install/oradar_lidar:/ros2_ws/install/bringup:/ros2_ws/install/description:/ros2_ws/install/brain_hardware:/ros2_ws/install/brain_controller:/ros2_ws/install/interfaces:/ros2_ws/install/collision_avoidance:/opt/ros/humble')]), 'shell': False}
[0.104205] (-) TimerEvent: {}
[0.111732] (oradar_lidar) JobProgress: {'identifier': 'oradar_lidar', 'progress': 'cmake'}
[0.114476] (oradar_lidar) JobProgress: {'identifier': 'oradar_lidar', 'progress': 'build'}
[0.115631] (oradar_lidar) Command: {'cmd': ['/usr/bin/cmake', '--build', '/ros2_ws/build/oradar_lidar', '--', '-j4', '-l4'], 'cwd': '/ros2_ws/build/oradar_lidar', 'env': OrderedDict([('LESSOPEN', '| /usr/bin/lesspipe %s'), ('HOSTNAME', '55456c0da4eb'), ('GIT_ASKPASS', '/root/.vscode-server/bin/8b3775030ed1a69b13e4f4c628c612102e30a681/extensions/git/dist/askpass.sh'), ('SHLVL', '2'), ('LD_LIBRARY_PATH', '/ros2_ws/install/brain_hardware/lib:/ros2_ws/install/brain_controller/lib:/ros2_ws/install/interfaces/lib:/ros2_ws/install/collision_avoidance/lib:/opt/ros/humble/opt/rviz_ogre_vendor/lib:/opt/ros/humble/lib/aarch64-linux-gnu:/opt/ros/humble/lib'), ('BROWSER', '/root/.vscode-server/bin/8b3775030ed1a69b13e4f4c628c612102e30a681/bin/helpers/browser.sh'), ('HOME', '/root'), ('TERM_PROGRAM_VERSION', '1.85.2'), ('VSCODE_IPC_HOOK_CLI', '/tmp/vscode-ipc-bfcda2b9-519e-45aa-8ec0-9a731bec1c10.sock'), ('ROS_PYTHON_VERSION', '3'), ('VSCODE_GIT_ASKPASS_MAIN', '/root/.vscode-server/bin/8b3775030ed1a69b13e4f4c628c612102e30a681/extensions/git/dist/askpass-main.js'), ('PS1', '\\[\x1b]633;A\x07\\]\\u@\\h\\[\\033[01;32m\\](brain)\\[\\033[00m\\]:\\w$ \\[\x1b]633;B\x07\\]'), ('VSCODE_GIT_ASKPASS_NODE', '/root/.vscode-server/bin/8b3775030ed1a69b13e4f4c628c612102e30a681/node'), ('ROS_IP', '10.10.0.2'), ('COLORTERM', 'truecolor'), ('REMOTE_CONTAINERS', 'true'), ('COLCON_PREFIX_PATH', '/ros2_ws/install'), ('ROS_DISTRO', 'humble'), ('REMOTE_CONTAINERS_IPC', '/tmp/vscode-remote-containers-ipc-0ab64d53-2511-4c41-bf84-d17032adaf88.sock'), ('_', '/usr/bin/colcon'), ('ROS_VERSION', '2'), ('TERM', 'xterm-256color'), ('ROS_LOCALHOST_ONLY', '0'), ('PATH', '/ros2_ws/install/oradar_lidar/bin:/root/.vscode-server/bin/8b3775030ed1a69b13e4f4c628c612102e30a681/bin/remote-cli:/opt/ros/humble/bin:/usr/local/sbin:/usr/local/bin:/usr/sbin:/usr/bin:/sbin:/bin'), ('REMOTE_CONTAINERS_SOCKETS', '["/tmp/vscode-ssh-auth-0ab64d53-2511-4c41-bf84-d17032adaf88.sock","/root/.gnupg/S.gpg-agent"]'), ('DISPLAY', ':0'), ('LANG', 'en_US.UTF-8'), ('RMW_IMPLEMENTATION', 'rmw_fastrtps_cpp'), ('LS_COLORS', 'rs=0:di=01;34:ln=01;36:mh=00:pi=40;33:so=01;35:do=01;35:bd=40;33;01:cd=40;33;01:or=40;31;01:mi=00:su=37;41:sg=30;43:ca=30;41:tw=30;42:ow=34;42:st=37;44:ex=01;32:*.tar=01;31:*.tgz=01;31:*.arc=01;31:*.arj=01;31:*.taz=01;31:*.lha=01;31:*.lz4=01;31:*.lzh=01;31:*.lzma=01;31:*.tlz=01;31:*.txz=01;31:*.tzo=01;31:*.t7z=01;31:*.zip=01;31:*.z=01;31:*.dz=01;31:*.gz=01;31:*.lrz=01;31:*.lz=01;31:*.lzo=01;31:*.xz=01;31:*.zst=01;31:*.tzst=01;31:*.bz2=01;31:*.bz=01;31:*.tbz=01;31:*.tbz2=01;31:*.tz=01;31:*.deb=01;31:*.rpm=01;31:*.jar=01;31:*.war=01;31:*.ear=01;31:*.sar=01;31:*.rar=01;31:*.alz=01;31:*.ace=01;31:*.zoo=01;31:*.cpio=01;31:*.7z=01;31:*.rz=01;31:*.cab=01;31:*.wim=01;31:*.swm=01;31:*.dwm=01;31:*.esd=01;31:*.jpg=01;35:*.jpeg=01;35:*.mjpg=01;35:*.mjpeg=01;35:*.gif=01;35:*.bmp=01;35:*.pbm=01;35:*.pgm=01;35:*.ppm=01;35:*.tga=01;35:*.xbm=01;35:*.xpm=01;35:*.tif=01;35:*.tiff=01;35:*.png=01;35:*.svg=01;35:*.svgz=01;35:*.mng=01;35:*.pcx=01;35:*.mov=01;35:*.mpg=01;35:*.mpeg=01;35:*.m2v=01;35:*.mkv=01;35:*.webm=01;35:*.webp=01;35:*.ogm=01;35:*.mp4=01;35:*.m4v=01;35:*.mp4v=01;35:*.vob=01;35:*.qt=01;35:*.nuv=01;35:*.wmv=01;35:*.asf=01;35:*.rm=01;35:*.rmvb=01;35:*.flc=01;35:*.avi=01;35:*.fli=01;35:*.flv=01;35:*.gl=01;35:*.dl=01;35:*.xcf=01;35:*.xwd=01;35:*.yuv=01;35:*.cgm=01;35:*.emf=01;35:*.ogv=01;35:*.ogx=01;35:*.aac=00;36:*.au=00;36:*.flac=00;36:*.m4a=00;36:*.mid=00;36:*.midi=00;36:*.mka=00;36:*.mp3=00;36:*.mpc=00;36:*.ogg=00;36:*.ra=00;36:*.wav=00;36:*.oga=00;36:*.opus=00;36:*.spx=00;36:*.xspf=00;36:'), ('VSCODE_GIT_IPC_HANDLE', '/tmp/vscode-git-069987f000.sock'), ('TERM_PROGRAM', 'vscode'), ('SSH_AUTH_SOCK', '/tmp/vscode-ssh-auth-0ab64d53-2511-4c41-bf84-d17032adaf88.sock'), ('ROS_DOMAIN_ID', '42'), ('AMENT_PREFIX_PATH', '/ros2_ws/install/oradar_lidar:/ros2_ws/install/bringup:/ros2_ws/install/description:/ros2_ws/install/brain_hardware:/ros2_ws/install/brain_controller:/ros2_ws/install/interfaces:/ros2_ws/install/collision_avoidance:/opt/ros/humble'), ('SHELL', '/bin/bash'), ('LESSCLOSE', '/usr/bin/lesspipe %s %s'), ('VSCODE_GIT_ASKPASS_EXTRA_ARGS', ''), ('PWD', '/ros2_ws/build/oradar_lidar'), ('PYTHONPATH', '/ros2_ws/install/interfaces/local/lib/python3.10/dist-packages:/opt/ros/humble/lib/python3.10/site-packages:/opt/ros/humble/local/lib/python3.10/dist-packages'), ('ROS_HOSTNAME', '10.10.0.2'), ('COLCON', '1'), ('CMAKE_PREFIX_PATH', '/ros2_ws/install/oradar_lidar:/ros2_ws/install/bringup:/ros2_ws/install/description:/ros2_ws/install/brain_hardware:/ros2_ws/install/brain_controller:/ros2_ws/install/interfaces:/ros2_ws/install/collision_avoidance:/opt/ros/humble')]), 'shell': False}
[0.204417] (-) TimerEvent: {}
[0.277528] (interfaces) StdoutLine: {'line': b'[ 10%] Built target interfaces__rosidl_generator_c\n'}
[0.304642] (-) TimerEvent: {}
[0.323275] (interfaces) StdoutLine: {'line': b'[ 12%] Built target interfaces__rs\n'}
[0.350568] (interfaces) StdoutLine: {'line': b'[ 15%] Built target interfaces__cpp\n'}
[0.404824] (-) TimerEvent: {}
[0.429917] (oradar_lidar) StdoutLine: {'line': b'[ 60%] Built target oradar_sdk\n'}
[0.433795] (interfaces) StdoutLine: {'line': b'[ 25%] Built target interfaces__rosidl_typesupport_introspection_c\n'}
[0.436222] (collision_avoidance) StdoutLine: {'line': b'[ 25%] \x1b[32mBuilding CXX object CMakeFiles/simple_collision_monitor.dir/src/simple_collision_monitor.cpp.o\x1b[0m\n'}
[0.444385] (interfaces) StdoutLine: {'line': b'[ 25%] Built target ament_cmake_python_symlink_interfaces\n'}
[0.505001] (-) TimerEvent: {}
[0.551275] (interfaces) StdoutLine: {'line': b'[ 35%] Built target interfaces__rosidl_typesupport_c\n'}
[0.565668] (interfaces) StdoutLine: {'line': b'[ 45%] Built target interfaces__rosidl_typesupport_fastrtps_c\n'}
[0.588334] (oradar_lidar) StdoutLine: {'line': b'[ 70%] Built target blocking_c_api_test\n'}
[0.591285] (interfaces) StdoutLine: {'line': b'[ 55%] Built target interfaces__rosidl_typesupport_introspection_cpp\n'}
[0.605180] (-) TimerEvent: {}
[0.610942] (interfaces) StdoutLine: {'line': b'[ 65%] Built target interfaces__rosidl_typesupport_fastrtps_cpp\n'}
[0.666848] (oradar_lidar) StdoutLine: {'line': b'[ 80%] Built target blocking_test\n'}
[0.687318] (oradar_lidar) StdoutLine: {'line': b'[ 90%] Built target oradar_scan\n'}
[0.699077] (oradar_lidar) StdoutLine: {'line': b'[100%] Built target non-blocking_test\n'}
[0.705344] (-) TimerEvent: {}
[0.732866] (interfaces) StdoutLine: {'line': b'[ 75%] Built target interfaces__rosidl_typesupport_cpp\n'}
[0.762906] (oradar_lidar) CommandEnded: {'returncode': 0}
[0.764497] (oradar_lidar) JobProgress: {'identifier': 'oradar_lidar', 'progress': 'install'}
[0.805500] (-) TimerEvent: {}
[0.814113] (oradar_lidar) Command: {'cmd': ['/usr/bin/cmake', '--install', '/ros2_ws/build/oradar_lidar'], 'cwd': '/ros2_ws/build/oradar_lidar', 'env': OrderedDict([('LESSOPEN', '| /usr/bin/lesspipe %s'), ('HOSTNAME', '55456c0da4eb'), ('GIT_ASKPASS', '/root/.vscode-server/bin/8b3775030ed1a69b13e4f4c628c612102e30a681/extensions/git/dist/askpass.sh'), ('SHLVL', '2'), ('LD_LIBRARY_PATH', '/ros2_ws/install/brain_hardware/lib:/ros2_ws/install/brain_controller/lib:/ros2_ws/install/interfaces/lib:/ros2_ws/install/collision_avoidance/lib:/opt/ros/humble/opt/rviz_ogre_vendor/lib:/opt/ros/humble/lib/aarch64-linux-gnu:/opt/ros/humble/lib'), ('BROWSER', '/root/.vscode-server/bin/8b3775030ed1a69b13e4f4c628c612102e30a681/bin/helpers/browser.sh'), ('HOME', '/root'), ('TERM_PROGRAM_VERSION', '1.85.2'), ('VSCODE_IPC_HOOK_CLI', '/tmp/vscode-ipc-bfcda2b9-519e-45aa-8ec0-9a731bec1c10.sock'), ('ROS_PYTHON_VERSION', '3'), ('VSCODE_GIT_ASKPASS_MAIN', '/root/.vscode-server/bin/8b3775030ed1a69b13e4f4c628c612102e30a681/extensions/git/dist/askpass-main.js'), ('PS1', '\\[\x1b]633;A\x07\\]\\u@\\h\\[\\033[01;32m\\](brain)\\[\\033[00m\\]:\\w$ \\[\x1b]633;B\x07\\]'), ('VSCODE_GIT_ASKPASS_NODE', '/root/.vscode-server/bin/8b3775030ed1a69b13e4f4c628c612102e30a681/node'), ('ROS_IP', '10.10.0.2'), ('COLORTERM', 'truecolor'), ('REMOTE_CONTAINERS', 'true'), ('COLCON_PREFIX_PATH', '/ros2_ws/install'), ('ROS_DISTRO', 'humble'), ('REMOTE_CONTAINERS_IPC', '/tmp/vscode-remote-containers-ipc-0ab64d53-2511-4c41-bf84-d17032adaf88.sock'), ('_', '/usr/bin/colcon'), ('ROS_VERSION', '2'), ('TERM', 'xterm-256color'), ('ROS_LOCALHOST_ONLY', '0'), ('PATH', '/ros2_ws/install/oradar_lidar/bin:/root/.vscode-server/bin/8b3775030ed1a69b13e4f4c628c612102e30a681/bin/remote-cli:/opt/ros/humble/bin:/usr/local/sbin:/usr/local/bin:/usr/sbin:/usr/bin:/sbin:/bin'), ('REMOTE_CONTAINERS_SOCKETS', '["/tmp/vscode-ssh-auth-0ab64d53-2511-4c41-bf84-d17032adaf88.sock","/root/.gnupg/S.gpg-agent"]'), ('DISPLAY', ':0'), ('LANG', 'en_US.UTF-8'), ('RMW_IMPLEMENTATION', 'rmw_fastrtps_cpp'), ('LS_COLORS', 'rs=0:di=01;34:ln=01;36:mh=00:pi=40;33:so=01;35:do=01;35:bd=40;33;01:cd=40;33;01:or=40;31;01:mi=00:su=37;41:sg=30;43:ca=30;41:tw=30;42:ow=34;42:st=37;44:ex=01;32:*.tar=01;31:*.tgz=01;31:*.arc=01;31:*.arj=01;31:*.taz=01;31:*.lha=01;31:*.lz4=01;31:*.lzh=01;31:*.lzma=01;31:*.tlz=01;31:*.txz=01;31:*.tzo=01;31:*.t7z=01;31:*.zip=01;31:*.z=01;31:*.dz=01;31:*.gz=01;31:*.lrz=01;31:*.lz=01;31:*.lzo=01;31:*.xz=01;31:*.zst=01;31:*.tzst=01;31:*.bz2=01;31:*.bz=01;31:*.tbz=01;31:*.tbz2=01;31:*.tz=01;31:*.deb=01;31:*.rpm=01;31:*.jar=01;31:*.war=01;31:*.ear=01;31:*.sar=01;31:*.rar=01;31:*.alz=01;31:*.ace=01;31:*.zoo=01;31:*.cpio=01;31:*.7z=01;31:*.rz=01;31:*.cab=01;31:*.wim=01;31:*.swm=01;31:*.dwm=01;31:*.esd=01;31:*.jpg=01;35:*.jpeg=01;35:*.mjpg=01;35:*.mjpeg=01;35:*.gif=01;35:*.bmp=01;35:*.pbm=01;35:*.pgm=01;35:*.ppm=01;35:*.tga=01;35:*.xbm=01;35:*.xpm=01;35:*.tif=01;35:*.tiff=01;35:*.png=01;35:*.svg=01;35:*.svgz=01;35:*.mng=01;35:*.pcx=01;35:*.mov=01;35:*.mpg=01;35:*.mpeg=01;35:*.m2v=01;35:*.mkv=01;35:*.webm=01;35:*.webp=01;35:*.ogm=01;35:*.mp4=01;35:*.m4v=01;35:*.mp4v=01;35:*.vob=01;35:*.qt=01;35:*.nuv=01;35:*.wmv=01;35:*.asf=01;35:*.rm=01;35:*.rmvb=01;35:*.flc=01;35:*.avi=01;35:*.fli=01;35:*.flv=01;35:*.gl=01;35:*.dl=01;35:*.xcf=01;35:*.xwd=01;35:*.yuv=01;35:*.cgm=01;35:*.emf=01;35:*.ogv=01;35:*.ogx=01;35:*.aac=00;36:*.au=00;36:*.flac=00;36:*.m4a=00;36:*.mid=00;36:*.midi=00;36:*.mka=00;36:*.mp3=00;36:*.mpc=00;36:*.ogg=00;36:*.ra=00;36:*.wav=00;36:*.oga=00;36:*.opus=00;36:*.spx=00;36:*.xspf=00;36:'), ('VSCODE_GIT_IPC_HANDLE', '/tmp/vscode-git-069987f000.sock'), ('TERM_PROGRAM', 'vscode'), ('SSH_AUTH_SOCK', '/tmp/vscode-ssh-auth-0ab64d53-2511-4c41-bf84-d17032adaf88.sock'), ('ROS_DOMAIN_ID', '42'), ('AMENT_PREFIX_PATH', '/ros2_ws/install/oradar_lidar:/ros2_ws/install/bringup:/ros2_ws/install/description:/ros2_ws/install/brain_hardware:/ros2_ws/install/brain_controller:/ros2_ws/install/interfaces:/ros2_ws/install/collision_avoidance:/opt/ros/humble'), ('SHELL', '/bin/bash'), ('LESSCLOSE', '/usr/bin/lesspipe %s %s'), ('VSCODE_GIT_ASKPASS_EXTRA_ARGS', ''), ('PWD', '/ros2_ws/build/oradar_lidar'), ('PYTHONPATH', '/ros2_ws/install/interfaces/local/lib/python3.10/dist-packages:/opt/ros/humble/lib/python3.10/site-packages:/opt/ros/humble/local/lib/python3.10/dist-packages'), ('ROS_HOSTNAME', '10.10.0.2'), ('COLCON', '1'), ('CMAKE_PREFIX_PATH', '/ros2_ws/install/oradar_lidar:/ros2_ws/install/bringup:/ros2_ws/install/description:/ros2_ws/install/brain_hardware:/ros2_ws/install/brain_controller:/ros2_ws/install/interfaces:/ros2_ws/install/collision_avoidance:/opt/ros/humble')]), 'shell': False}
[0.848379] (oradar_lidar) StdoutLine: {'line': b'-- Install configuration: "RELEASE"\n'}
[0.852212] (oradar_lidar) StdoutLine: {'line': b'-- Execute custom install script\n'}
[0.853956] (oradar_lidar) StdoutLine: {'line': b'-- Up-to-date symlink: /ros2_ws/install/oradar_lidar/bin/blocking_test\n'}
[0.856677] (oradar_lidar) StdoutLine: {'line': b'-- Up-to-date symlink: /ros2_ws/install/oradar_lidar/bin/non-blocking_test\n'}
[0.864686] (oradar_lidar) StdoutLine: {'line': b'-- Up-to-date symlink: /ros2_ws/install/oradar_lidar/bin/blocking_c_api_test\n'}
[0.867628] (oradar_lidar) StdoutLine: {'line': b'-- Up-to-date symlink: /ros2_ws/install/oradar_lidar/include/core/base/datatype.h\n'}
[0.868454] (oradar_lidar) StdoutLine: {'line': b'-- Up-to-date symlink: /ros2_ws/install/oradar_lidar/include/core/base/locker.h\n'}
[0.869209] (oradar_lidar) StdoutLine: {'line': b'-- Up-to-date symlink: /ros2_ws/install/oradar_lidar/include/core/base/thread.h\n'}
[0.869843] (oradar_lidar) StdoutLine: {'line': b'-- Up-to-date symlink: /ros2_ws/install/oradar_lidar/include/core/base/timer.h\n'}
[0.870413] (oradar_lidar) StdoutLine: {'line': b'-- Up-to-date symlink: /ros2_ws/install/oradar_lidar/include/core/base/typedef.h\n'}
[0.870988] (oradar_lidar) StdoutLine: {'line': b'-- Up-to-date symlink: /ros2_ws/install/oradar_lidar/include/core/base/utils.h\n'}
[0.871603] (oradar_lidar) StdoutLine: {'line': b'-- Up-to-date symlink: /ros2_ws/install/oradar_lidar/include/core/base/v8stdint.h\n'}
[0.872190] (oradar_lidar) StdoutLine: {'line': b'-- Up-to-date symlink: /ros2_ws/install/oradar_lidar/include/core/common/ChannelDevice.h\n'}
[0.873554] (oradar_lidar) StdoutLine: {'line': b'-- Up-to-date symlink: /ros2_ws/install/oradar_lidar/include/core/math/angles.h\n'}
[0.874729] (oradar_lidar) StdoutLine: {'line': b'-- Up-to-date symlink: /ros2_ws/install/oradar_lidar/include/core/network/ActiveSocket.h\n'}
[0.875370] (oradar_lidar) StdoutLine: {'line': b'-- Up-to-date symlink: /ros2_ws/install/oradar_lidar/include/core/network/PassiveSocket.h\n'}
[0.876379] (oradar_lidar) StdoutLine: {'line': b'-- Up-to-date symlink: /ros2_ws/install/oradar_lidar/include/core/network/SimpleSocket.h\n'}
[0.877571] (oradar_lidar) StdoutLine: {'line': b'-- Up-to-date symlink: /ros2_ws/install/oradar_lidar/include/core/network/StatTimer.h\n'}
[0.878793] (oradar_lidar) StdoutLine: {'line': b'-- Up-to-date symlink: /ros2_ws/install/oradar_lidar/include/core/serial/common.h\n'}
[0.879904] (oradar_lidar) StdoutLine: {'line': b'-- Up-to-date symlink: /ros2_ws/install/oradar_lidar/include/core/serial/serial.h\n'}
[0.881265] (oradar_lidar) StdoutLine: {'line': b'-- Up-to-date symlink: /ros2_ws/install/oradar_lidar/include/core/serial/impl/unix/lock.h\n'}
[0.882898] (oradar_lidar) StdoutLine: {'line': b'-- Up-to-date symlink: /ros2_ws/install/oradar_lidar/include/core/serial/impl/unix/unix.h\n'}
[0.883315] (oradar_lidar) StdoutLine: {'line': b'-- Up-to-date symlink: /ros2_ws/install/oradar_lidar/include/core/serial/impl/unix/unix_serial.h\n'}
[0.884193] (oradar_lidar) StdoutLine: {'line': b'-- Up-to-date symlink: /ros2_ws/install/oradar_lidar/include/src/ord_lidar_c_api_driver.h\n'}
[0.886354] (oradar_lidar) StdoutLine: {'line': b'-- Up-to-date symlink: /ros2_ws/install/oradar_lidar/include/src/ord_lidar_driver.h\n'}
[0.892438] (oradar_lidar) StdoutLine: {'line': b'-- Up-to-date symlink: /ros2_ws/install/oradar_lidar/include/src/ordlidar_protocol.h\n'}
[0.894767] (oradar_lidar) StdoutLine: {'line': b'-- Up-to-date symlink: /ros2_ws/install/oradar_lidar/include/src/filters/FullScanFilter.h\n'}
[0.895318] (oradar_lidar) StdoutLine: {'line': b'-- Up-to-date symlink: /ros2_ws/install/oradar_lidar/lib/liboradar_sdk.a\n'}
[0.895806] (oradar_lidar) StdoutLine: {'line': b'-- Up-to-date symlink: /ros2_ws/install/oradar_lidar/lib/oradar_lidar/oradar_scan\n'}
[0.896374] (oradar_lidar) StdoutLine: {'line': b'-- Up-to-date symlink: /ros2_ws/install/oradar_lidar/share/oradar_lidar//launch/ms200_scan.launch\n'}
[0.901245] (oradar_lidar) StdoutLine: {'line': b'-- Up-to-date symlink: /ros2_ws/install/oradar_lidar/share/oradar_lidar//launch/ms200_scan.launch.py\n'}
[0.901804] (oradar_lidar) StdoutLine: {'line': b'-- Up-to-date symlink: /ros2_ws/install/oradar_lidar/share/oradar_lidar//launch/ms200_scan_gmapping.launch.py\n'}
[0.902292] (oradar_lidar) StdoutLine: {'line': b'-- Up-to-date symlink: /ros2_ws/install/oradar_lidar/share/oradar_lidar//launch/ms200_scan_view.launch\n'}
[0.902747] (oradar_lidar) StdoutLine: {'line': b'-- Up-to-date symlink: /ros2_ws/install/oradar_lidar/share/oradar_lidar//launch/ms200_scan_view.launch.py\n'}
[0.903198] (oradar_lidar) StdoutLine: {'line': b'-- Up-to-date symlink: /ros2_ws/install/oradar_lidar/share/oradar_lidar//rviz2/oradar_scan.rviz\n'}
[0.910152] (-) TimerEvent: {}
[0.910772] (oradar_lidar) StdoutLine: {'line': b'-- Up-to-date symlink: /ros2_ws/install/oradar_lidar/share/ament_index/resource_index/package_run_dependencies/oradar_lidar\n'}
[0.911395] (oradar_lidar) StdoutLine: {'line': b'-- Up-to-date symlink: /ros2_ws/install/oradar_lidar/share/ament_index/resource_index/parent_prefix_path/oradar_lidar\n'}
[0.911919] (oradar_lidar) StdoutLine: {'line': b'-- Up-to-date symlink: /ros2_ws/install/oradar_lidar/share/oradar_lidar/environment/ament_prefix_path.sh\n'}
[0.912374] (interfaces) StdoutLine: {'line': b'[ 75%] Built target interfaces\n'}
[0.916594] (oradar_lidar) StdoutLine: {'line': b'-- Up-to-date symlink: /ros2_ws/install/oradar_lidar/share/oradar_lidar/environment/ament_prefix_path.dsv\n'}
[0.917154] (oradar_lidar) StdoutLine: {'line': b'-- Up-to-date symlink: /ros2_ws/install/oradar_lidar/share/oradar_lidar/environment/path.sh\n'}
[0.917584] (oradar_lidar) StdoutLine: {'line': b'-- Up-to-date symlink: /ros2_ws/install/oradar_lidar/share/oradar_lidar/environment/path.dsv\n'}
[0.918017] (oradar_lidar) StdoutLine: {'line': b'-- Up-to-date symlink: /ros2_ws/install/oradar_lidar/share/oradar_lidar/local_setup.bash\n'}
[0.918494] (oradar_lidar) StdoutLine: {'line': b'-- Up-to-date symlink: /ros2_ws/install/oradar_lidar/share/oradar_lidar/local_setup.sh\n'}
[0.918964] (oradar_lidar) StdoutLine: {'line': b'-- Up-to-date symlink: /ros2_ws/install/oradar_lidar/share/oradar_lidar/local_setup.zsh\n'}
[0.919631] (oradar_lidar) StdoutLine: {'line': b'-- Up-to-date symlink: /ros2_ws/install/oradar_lidar/share/oradar_lidar/local_setup.dsv\n'}
[0.920218] (oradar_lidar) StdoutLine: {'line': b'-- Symlinking: /ros2_ws/install/oradar_lidar/share/oradar_lidar/package.dsv\n'}
[0.954020] (oradar_lidar) StdoutLine: {'line': b'-- Up-to-date symlink: /ros2_ws/install/oradar_lidar/share/ament_index/resource_index/packages/oradar_lidar\n'}
[0.955680] (oradar_lidar) StdoutLine: {'line': b'-- Up-to-date symlink: /ros2_ws/install/oradar_lidar/share/oradar_lidar/cmake/oradar_lidarConfig.cmake\n'}
[0.957276] (oradar_lidar) StdoutLine: {'line': b'-- Up-to-date symlink: /ros2_ws/install/oradar_lidar/share/oradar_lidar/cmake/oradar_lidarConfig-version.cmake\n'}
[0.958875] (oradar_lidar) StdoutLine: {'line': b'-- Up-to-date symlink: /ros2_ws/install/oradar_lidar/share/oradar_lidar/package.xml\n'}
[0.973135] (oradar_lidar) CommandEnded: {'returncode': 0}
[1.010308] (-) TimerEvent: {}
[1.080089] (interfaces) StdoutLine: {'line': b'[ 77%] Built target interfaces__py\n'}
[1.110813] (-) TimerEvent: {}
[1.166251] (oradar_lidar) JobEnded: {'identifier': 'oradar_lidar', 'rc': 0}
[1.177081] (interfaces) StdoutLine: {'line': b'[ 85%] Built target interfaces__rosidl_generator_py\n'}
[1.210973] (-) TimerEvent: {}
[1.312067] (-) TimerEvent: {}
[1.412781] (-) TimerEvent: {}
[1.418890] (interfaces) StdoutLine: {'line': b'[ 90%] Built target interfaces__rosidl_typesupport_c__pyext\n'}
[1.424607] (interfaces) StdoutLine: {'line': b'[ 95%] Built target interfaces__rosidl_typesupport_fastrtps_c__pyext\n'}
[1.430105] (interfaces) StdoutLine: {'line': b'[100%] Built target interfaces__rosidl_typesupport_introspection_c__pyext\n'}
[1.512991] (-) TimerEvent: {}
[1.614162] (-) TimerEvent: {}
[1.714860] (-) TimerEvent: {}
[1.815590] (-) TimerEvent: {}
[1.916301] (-) TimerEvent: {}
[2.017078] (-) TimerEvent: {}
[2.117753] (-) TimerEvent: {}
[2.173543] (interfaces) StdoutLine: {'line': b'running egg_info\n'}
[2.191402] (interfaces) StdoutLine: {'line': b"writing manifest file 'interfaces.egg-info/SOURCES.txt'\n"}
[2.217942] (-) TimerEvent: {}
[2.318722] (-) TimerEvent: {}
[2.349587] (interfaces) StdoutLine: {'line': b'[100%] Built target ament_cmake_python_build_interfaces_egg\n'}
[2.386177] (interfaces) CommandEnded: {'returncode': 0}
[2.389032] (interfaces) JobProgress: {'identifier': 'interfaces', 'progress': 'install'}
[2.390337] (interfaces) Command: {'cmd': ['/usr/bin/cmake', '--install', '/ros2_ws/build/interfaces'], 'cwd': '/ros2_ws/build/interfaces', 'env': OrderedDict([('LESSOPEN', '| /usr/bin/lesspipe %s'), ('HOSTNAME', '55456c0da4eb'), ('GIT_ASKPASS', '/root/.vscode-server/bin/8b3775030ed1a69b13e4f4c628c612102e30a681/extensions/git/dist/askpass.sh'), ('SHLVL', '2'), ('LD_LIBRARY_PATH', '/ros2_ws/install/brain_hardware/lib:/ros2_ws/install/brain_controller/lib:/ros2_ws/install/interfaces/lib:/ros2_ws/install/collision_avoidance/lib:/opt/ros/humble/opt/rviz_ogre_vendor/lib:/opt/ros/humble/lib/aarch64-linux-gnu:/opt/ros/humble/lib'), ('BROWSER', '/root/.vscode-server/bin/8b3775030ed1a69b13e4f4c628c612102e30a681/bin/helpers/browser.sh'), ('HOME', '/root'), ('TERM_PROGRAM_VERSION', '1.85.2'), ('VSCODE_IPC_HOOK_CLI', '/tmp/vscode-ipc-bfcda2b9-519e-45aa-8ec0-9a731bec1c10.sock'), ('ROS_PYTHON_VERSION', '3'), ('VSCODE_GIT_ASKPASS_MAIN', '/root/.vscode-server/bin/8b3775030ed1a69b13e4f4c628c612102e30a681/extensions/git/dist/askpass-main.js'), ('PS1', '\\[\x1b]633;A\x07\\]\\u@\\h\\[\\033[01;32m\\](brain)\\[\\033[00m\\]:\\w$ \\[\x1b]633;B\x07\\]'), ('VSCODE_GIT_ASKPASS_NODE', '/root/.vscode-server/bin/8b3775030ed1a69b13e4f4c628c612102e30a681/node'), ('ROS_IP', '10.10.0.2'), ('COLORTERM', 'truecolor'), ('REMOTE_CONTAINERS', 'true'), ('COLCON_PREFIX_PATH', '/ros2_ws/install'), ('ROS_DISTRO', 'humble'), ('REMOTE_CONTAINERS_IPC', '/tmp/vscode-remote-containers-ipc-0ab64d53-2511-4c41-bf84-d17032adaf88.sock'), ('_', '/usr/bin/colcon'), ('ROS_VERSION', '2'), ('TERM', 'xterm-256color'), ('ROS_LOCALHOST_ONLY', '0'), ('PATH', '/ros2_ws/install/oradar_lidar/bin:/root/.vscode-server/bin/8b3775030ed1a69b13e4f4c628c612102e30a681/bin/remote-cli:/opt/ros/humble/bin:/usr/local/sbin:/usr/local/bin:/usr/sbin:/usr/bin:/sbin:/bin'), ('REMOTE_CONTAINERS_SOCKETS', '["/tmp/vscode-ssh-auth-0ab64d53-2511-4c41-bf84-d17032adaf88.sock","/root/.gnupg/S.gpg-agent"]'), ('DISPLAY', ':0'), ('LANG', 'en_US.UTF-8'), ('RMW_IMPLEMENTATION', 'rmw_fastrtps_cpp'), ('LS_COLORS', 'rs=0:di=01;34:ln=01;36:mh=00:pi=40;33:so=01;35:do=01;35:bd=40;33;01:cd=40;33;01:or=40;31;01:mi=00:su=37;41:sg=30;43:ca=30;41:tw=30;42:ow=34;42:st=37;44:ex=01;32:*.tar=01;31:*.tgz=01;31:*.arc=01;31:*.arj=01;31:*.taz=01;31:*.lha=01;31:*.lz4=01;31:*.lzh=01;31:*.lzma=01;31:*.tlz=01;31:*.txz=01;31:*.tzo=01;31:*.t7z=01;31:*.zip=01;31:*.z=01;31:*.dz=01;31:*.gz=01;31:*.lrz=01;31:*.lz=01;31:*.lzo=01;31:*.xz=01;31:*.zst=01;31:*.tzst=01;31:*.bz2=01;31:*.bz=01;31:*.tbz=01;31:*.tbz2=01;31:*.tz=01;31:*.deb=01;31:*.rpm=01;31:*.jar=01;31:*.war=01;31:*.ear=01;31:*.sar=01;31:*.rar=01;31:*.alz=01;31:*.ace=01;31:*.zoo=01;31:*.cpio=01;31:*.7z=01;31:*.rz=01;31:*.cab=01;31:*.wim=01;31:*.swm=01;31:*.dwm=01;31:*.esd=01;31:*.jpg=01;35:*.jpeg=01;35:*.mjpg=01;35:*.mjpeg=01;35:*.gif=01;35:*.bmp=01;35:*.pbm=01;35:*.pgm=01;35:*.ppm=01;35:*.tga=01;35:*.xbm=01;35:*.xpm=01;35:*.tif=01;35:*.tiff=01;35:*.png=01;35:*.svg=01;35:*.svgz=01;35:*.mng=01;35:*.pcx=01;35:*.mov=01;35:*.mpg=01;35:*.mpeg=01;35:*.m2v=01;35:*.mkv=01;35:*.webm=01;35:*.webp=01;35:*.ogm=01;35:*.mp4=01;35:*.m4v=01;35:*.mp4v=01;35:*.vob=01;35:*.qt=01;35:*.nuv=01;35:*.wmv=01;35:*.asf=01;35:*.rm=01;35:*.rmvb=01;35:*.flc=01;35:*.avi=01;35:*.fli=01;35:*.flv=01;35:*.gl=01;35:*.dl=01;35:*.xcf=01;35:*.xwd=01;35:*.yuv=01;35:*.cgm=01;35:*.emf=01;35:*.ogv=01;35:*.ogx=01;35:*.aac=00;36:*.au=00;36:*.flac=00;36:*.m4a=00;36:*.mid=00;36:*.midi=00;36:*.mka=00;36:*.mp3=00;36:*.mpc=00;36:*.ogg=00;36:*.ra=00;36:*.wav=00;36:*.oga=00;36:*.opus=00;36:*.spx=00;36:*.xspf=00;36:'), ('VSCODE_GIT_IPC_HANDLE', '/tmp/vscode-git-069987f000.sock'), ('TERM_PROGRAM', 'vscode'), ('SSH_AUTH_SOCK', '/tmp/vscode-ssh-auth-0ab64d53-2511-4c41-bf84-d17032adaf88.sock'), ('ROS_DOMAIN_ID', '42'), ('AMENT_PREFIX_PATH', '/ros2_ws/install/oradar_lidar:/ros2_ws/install/bringup:/ros2_ws/install/description:/ros2_ws/install/brain_hardware:/ros2_ws/install/brain_controller:/ros2_ws/install/interfaces:/ros2_ws/install/collision_avoidance:/opt/ros/humble'), ('SHELL', '/bin/bash'), ('LESSCLOSE', '/usr/bin/lesspipe %s %s'), ('VSCODE_GIT_ASKPASS_EXTRA_ARGS', ''), ('PWD', '/ros2_ws/build/interfaces'), ('PYTHONPATH', '/ros2_ws/install/interfaces/local/lib/python3.10/dist-packages:/opt/ros/humble/lib/python3.10/site-packages:/opt/ros/humble/local/lib/python3.10/dist-packages'), ('ROS_HOSTNAME', '10.10.0.2'), ('COLCON', '1'), ('CMAKE_PREFIX_PATH', '/ros2_ws/install/oradar_lidar:/ros2_ws/install/bringup:/ros2_ws/install/description:/ros2_ws/install/brain_hardware:/ros2_ws/install/brain_controller:/ros2_ws/install/interfaces:/ros2_ws/install/collision_avoidance:/opt/ros/humble')]), 'shell': False}
[2.419526] (interfaces) StdoutLine: {'line': b'-- Install configuration: ""\n'}
[2.420168] (-) TimerEvent: {}
[2.421118] (interfaces) StdoutLine: {'line': b'-- Execute custom install script\n'}
[2.422093] (interfaces) StdoutLine: {'line': b'-- Up-to-date symlink: /ros2_ws/install/interfaces/share/ament_index/resource_index/rosidl_interfaces/interfaces\n'}
[2.424979] (interfaces) StdoutLine: {'line': b'-- Up-to-date symlink: /ros2_ws/install/interfaces/include/interfaces/interfaces/msg/detail/motor_cmd__functions.h\n'}
[2.426476] (interfaces) StdoutLine: {'line': b'-- Up-to-date symlink: /ros2_ws/install/interfaces/include/interfaces/interfaces/msg/detail/motor_cmd__struct.h\n'}
[2.428067] (interfaces) StdoutLine: {'line': b'-- Up-to-date symlink: /ros2_ws/install/interfaces/include/interfaces/interfaces/msg/detail/motor_cmd__type_support.h\n'}
[2.429709] (interfaces) StdoutLine: {'line': b'-- Up-to-date symlink: /ros2_ws/install/interfaces/include/interfaces/interfaces/msg/detail/motor_states__functions.h\n'}
[2.431233] (interfaces) StdoutLine: {'line': b'-- Up-to-date symlink: /ros2_ws/install/interfaces/include/interfaces/interfaces/msg/detail/motor_states__struct.h\n'}
[2.432808] (interfaces) StdoutLine: {'line': b'-- Up-to-date symlink: /ros2_ws/install/interfaces/include/interfaces/interfaces/msg/detail/motor_states__type_support.h\n'}
[2.434229] (interfaces) StdoutLine: {'line': b'-- Up-to-date symlink: /ros2_ws/install/interfaces/include/interfaces/interfaces/msg/motor_cmd.h\n'}
[2.435637] (interfaces) StdoutLine: {'line': b'-- Up-to-date symlink: /ros2_ws/install/interfaces/include/interfaces/interfaces/msg/motor_states.h\n'}
[2.436334] (interfaces) StdoutLine: {'line': b'-- Up-to-date symlink: /ros2_ws/install/interfaces/include/interfaces/interfaces/msg/rosidl_generator_c__visibility_control.h\n'}
[2.438171] (interfaces) StdoutLine: {'line': b'-- Up-to-date symlink: /ros2_ws/install/interfaces/share/interfaces/environment/library_path.sh\n'}
[2.439920] (interfaces) StdoutLine: {'line': b'-- Up-to-date symlink: /ros2_ws/install/interfaces/share/interfaces/environment/library_path.dsv\n'}
[2.443093] (interfaces) StdoutLine: {'line': b'-- Up-to-date symlink: /ros2_ws/install/interfaces/include/interfaces/interfaces/msg/detail/motor_cmd__rosidl_typesupport_fastrtps_c.h\n'}
[2.444720] (interfaces) StdoutLine: {'line': b'-- Up-to-date symlink: /ros2_ws/install/interfaces/include/interfaces/interfaces/msg/detail/motor_states__rosidl_typesupport_fastrtps_c.h\n'}
[2.446307] (interfaces) StdoutLine: {'line': b'-- Up-to-date symlink: /ros2_ws/install/interfaces/include/interfaces/interfaces/msg/rosidl_typesupport_fastrtps_c__visibility_control.h\n'}
[2.448910] (interfaces) StdoutLine: {'line': b'-- Up-to-date symlink: /ros2_ws/install/interfaces/include/interfaces/interfaces/msg/detail/motor_cmd__rosidl_typesupport_introspection_c.h\n'}
[2.450485] (interfaces) StdoutLine: {'line': b'-- Up-to-date symlink: /ros2_ws/install/interfaces/include/interfaces/interfaces/msg/detail/motor_states__rosidl_typesupport_introspection_c.h\n'}
[2.452021] (interfaces) StdoutLine: {'line': b'-- Up-to-date symlink: /ros2_ws/install/interfaces/include/interfaces/interfaces/msg/rosidl_typesupport_introspection_c__visibility_control.h\n'}
[2.454925] (interfaces) StdoutLine: {'line': b'-- Up-to-date symlink: /ros2_ws/install/interfaces/include/interfaces/interfaces/msg/detail/motor_cmd__builder.hpp\n'}
[2.455708] (interfaces) StdoutLine: {'line': b'-- Up-to-date symlink: /ros2_ws/install/interfaces/include/interfaces/interfaces/msg/detail/motor_cmd__struct.hpp\n'}
[2.457120] (interfaces) StdoutLine: {'line': b'-- Up-to-date symlink: /ros2_ws/install/interfaces/include/interfaces/interfaces/msg/detail/motor_cmd__traits.hpp\n'}
[2.458522] (interfaces) StdoutLine: {'line': b'-- Up-to-date symlink: /ros2_ws/install/interfaces/include/interfaces/interfaces/msg/detail/motor_cmd__type_support.hpp\n'}
[2.460016] (interfaces) StdoutLine: {'line': b'-- Up-to-date symlink: /ros2_ws/install/interfaces/include/interfaces/interfaces/msg/detail/motor_states__builder.hpp\n'}
[2.461544] (interfaces) StdoutLine: {'line': b'-- Up-to-date symlink: /ros2_ws/install/interfaces/include/interfaces/interfaces/msg/detail/motor_states__struct.hpp\n'}
[2.463120] (interfaces) StdoutLine: {'line': b'-- Up-to-date symlink: /ros2_ws/install/interfaces/include/interfaces/interfaces/msg/detail/motor_states__traits.hpp\n'}
[2.464742] (interfaces) StdoutLine: {'line': b'-- Up-to-date symlink: /ros2_ws/install/interfaces/include/interfaces/interfaces/msg/detail/motor_states__type_support.hpp\n'}
[2.465562] (interfaces) StdoutLine: {'line': b'-- Up-to-date symlink: /ros2_ws/install/interfaces/include/interfaces/interfaces/msg/motor_cmd.hpp\n'}
[2.466252] (interfaces) StdoutLine: {'line': b'-- Up-to-date symlink: /ros2_ws/install/interfaces/include/interfaces/interfaces/msg/motor_states.hpp\n'}
[2.466934] (interfaces) StdoutLine: {'line': b'-- Up-to-date symlink: /ros2_ws/install/interfaces/include/interfaces/interfaces/msg/rosidl_generator_cpp__visibility_control.hpp\n'}
[2.469154] (interfaces) StdoutLine: {'line': b'-- Up-to-date symlink: /ros2_ws/install/interfaces/include/interfaces/interfaces/msg/detail/motor_cmd__rosidl_typesupport_fastrtps_cpp.hpp\n'}
[2.470026] (interfaces) StdoutLine: {'line': b'-- Up-to-date symlink: /ros2_ws/install/interfaces/include/interfaces/interfaces/msg/detail/motor_states__rosidl_typesupport_fastrtps_cpp.hpp\n'}
[2.470675] (interfaces) StdoutLine: {'line': b'-- Up-to-date symlink: /ros2_ws/install/interfaces/include/interfaces/interfaces/msg/rosidl_typesupport_fastrtps_cpp__visibility_control.h\n'}
[2.471969] (interfaces) StdoutLine: {'line': b'-- Up-to-date symlink: /ros2_ws/install/interfaces/include/interfaces/interfaces/msg/detail/motor_cmd__rosidl_typesupport_introspection_cpp.hpp\n'}
[2.473621] (interfaces) StdoutLine: {'line': b'-- Up-to-date symlink: /ros2_ws/install/interfaces/include/interfaces/interfaces/msg/detail/motor_states__rosidl_typesupport_introspection_cpp.hpp\n'}
[2.474863] (interfaces) StdoutLine: {'line': b'-- Up-to-date symlink: /ros2_ws/install/interfaces/share/interfaces/environment/pythonpath.sh\n'}
[2.476156] (interfaces) StdoutLine: {'line': b'-- Up-to-date symlink: /ros2_ws/install/interfaces/share/interfaces/environment/pythonpath.dsv\n'}
[2.478333] (interfaces) StdoutLine: {'line': b'-- Up-to-date symlink: /ros2_ws/install/interfaces/local/lib/python3.10/dist-packages/interfaces-0.0.0-py3.10.egg-info/PKG-INFO\n'}
[2.479569] (interfaces) StdoutLine: {'line': b'-- Up-to-date symlink: /ros2_ws/install/interfaces/local/lib/python3.10/dist-packages/interfaces-0.0.0-py3.10.egg-info/SOURCES.txt\n'}
[2.480311] (interfaces) StdoutLine: {'line': b'-- Up-to-date symlink: /ros2_ws/install/interfaces/local/lib/python3.10/dist-packages/interfaces-0.0.0-py3.10.egg-info/dependency_links.txt\n'}
[2.480837] (interfaces) StdoutLine: {'line': b'-- Up-to-date symlink: /ros2_ws/install/interfaces/local/lib/python3.10/dist-packages/interfaces-0.0.0-py3.10.egg-info/top_level.txt\n'}
[2.482581] (interfaces) StdoutLine: {'line': b'-- Up-to-date symlink: /ros2_ws/install/interfaces/local/lib/python3.10/dist-packages/interfaces/__init__.py\n'}
[2.483161] (interfaces) StdoutLine: {'line': b'-- Up-to-date symlink: /ros2_ws/install/interfaces/local/lib/python3.10/dist-packages/interfaces/_interfaces_s.ep.rosidl_typesupport_c.c\n'}
[2.483707] (interfaces) StdoutLine: {'line': b'-- Up-to-date symlink: /ros2_ws/install/interfaces/local/lib/python3.10/dist-packages/interfaces/_interfaces_s.ep.rosidl_typesupport_fastrtps_c.c\n'}
[2.484330] (interfaces) StdoutLine: {'line': b'-- Up-to-date symlink: /ros2_ws/install/interfaces/local/lib/python3.10/dist-packages/interfaces/_interfaces_s.ep.rosidl_typesupport_introspection_c.c\n'}
[2.485018] (interfaces) StdoutLine: {'line': b'-- Up-to-date symlink: /ros2_ws/install/interfaces/local/lib/python3.10/dist-packages/interfaces/interfaces_s__rosidl_typesupport_c.cpython-310-aarch64-linux-gnu.so\n'}
[2.485592] (interfaces) StdoutLine: {'line': b'-- Up-to-date symlink: /ros2_ws/install/interfaces/local/lib/python3.10/dist-packages/interfaces/interfaces_s__rosidl_typesupport_fastrtps_c.cpython-310-aarch64-linux-gnu.so\n'}
[2.486268] (interfaces) StdoutLine: {'line': b'-- Up-to-date symlink: /ros2_ws/install/interfaces/local/lib/python3.10/dist-packages/interfaces/interfaces_s__rosidl_typesupport_introspection_c.cpython-310-aarch64-linux-gnu.so\n'}
[2.486813] (interfaces) StdoutLine: {'line': b'-- Up-to-date symlink: /ros2_ws/install/interfaces/local/lib/python3.10/dist-packages/interfaces/libinterfaces__rosidl_generator_py.so\n'}
[2.487412] (interfaces) StdoutLine: {'line': b'-- Up-to-date symlink: /ros2_ws/install/interfaces/local/lib/python3.10/dist-packages/interfaces/msg/__init__.py\n'}
[2.487938] (interfaces) StdoutLine: {'line': b'-- Up-to-date symlink: /ros2_ws/install/interfaces/local/lib/python3.10/dist-packages/interfaces/msg/_motor_cmd.py\n'}
[2.488458] (interfaces) StdoutLine: {'line': b'-- Up-to-date symlink: /ros2_ws/install/interfaces/local/lib/python3.10/dist-packages/interfaces/msg/_motor_cmd_s.c\n'}
[2.489540] (interfaces) StdoutLine: {'line': b'-- Up-to-date symlink: /ros2_ws/install/interfaces/local/lib/python3.10/dist-packages/interfaces/msg/_motor_states.py\n'}
[2.490132] (interfaces) StdoutLine: {'line': b'-- Up-to-date symlink: /ros2_ws/install/interfaces/local/lib/python3.10/dist-packages/interfaces/msg/_motor_states_s.c\n'}
[2.491225] (interfaces) StdoutLine: {'line': b'-- Up-to-date symlink: /ros2_ws/install/interfaces/local/lib/python3.10/dist-packages/interfaces/interfaces_s__rosidl_typesupport_fastrtps_c.cpython-310-aarch64-linux-gnu.so\n'}
[2.492436] (interfaces) StdoutLine: {'line': b'-- Up-to-date symlink: /ros2_ws/install/interfaces/local/lib/python3.10/dist-packages/interfaces/interfaces_s__rosidl_typesupport_introspection_c.cpython-310-aarch64-linux-gnu.so\n'}
[2.493572] (interfaces) StdoutLine: {'line': b'-- Up-to-date symlink: /ros2_ws/install/interfaces/local/lib/python3.10/dist-packages/interfaces/interfaces_s__rosidl_typesupport_c.cpython-310-aarch64-linux-gnu.so\n'}
[2.494289] (interfaces) StdoutLine: {'line': b'-- Up-to-date symlink: /ros2_ws/install/interfaces/share/ament_index/resource_index/rust_packages/interfaces\n'}
[2.495743] (interfaces) StdoutLine: {'line': b'-- Up-to-date symlink: /ros2_ws/install/interfaces/share/interfaces/rust/Cargo.toml\n'}
[2.496297] (interfaces) StdoutLine: {'line': b'-- Up-to-date symlink: /ros2_ws/install/interfaces/share/interfaces/rust/build.rs\n'}
[2.496949] (interfaces) StdoutLine: {'line': b'-- Up-to-date symlink: /ros2_ws/install/interfaces/share/interfaces/rust/src/lib.rs\n'}
[2.497620] (interfaces) StdoutLine: {'line': b'-- Up-to-date symlink: /ros2_ws/install/interfaces/share/interfaces/rust/src/msg.rs\n'}
[2.498195] (interfaces) StdoutLine: {'line': b'-- Up-to-date symlink: /ros2_ws/install/interfaces/share/interfaces/rust/src/msg/rmw.rs\n'}
[2.499643] (interfaces) StdoutLine: {'line': b'-- Up-to-date symlink: /ros2_ws/install/interfaces/share/interfaces/msg/MotorCmd.idl\n'}
[2.500202] (interfaces) StdoutLine: {'line': b'-- Up-to-date symlink: /ros2_ws/install/interfaces/share/interfaces/msg/MotorStates.idl\n'}
[2.500761] (interfaces) StdoutLine: {'line': b'-- Up-to-date symlink: /ros2_ws/install/interfaces/share/interfaces/msg/MotorCmd.msg\n'}
[2.501363] (interfaces) StdoutLine: {'line': b'-- Up-to-date symlink: /ros2_ws/install/interfaces/share/interfaces/msg/MotorStates.msg\n'}
[2.502075] (interfaces) StdoutLine: {'line': b'-- Up-to-date symlink: /ros2_ws/install/interfaces/share/ament_index/resource_index/package_run_dependencies/interfaces\n'}
[2.502736] (interfaces) StdoutLine: {'line': b'-- Up-to-date symlink: /ros2_ws/install/interfaces/share/ament_index/resource_index/parent_prefix_path/interfaces\n'}
[2.503404] (interfaces) StdoutLine: {'line': b'-- Up-to-date symlink: /ros2_ws/install/interfaces/share/interfaces/environment/ament_prefix_path.sh\n'}
[2.504042] (interfaces) StdoutLine: {'line': b'-- Up-to-date symlink: /ros2_ws/install/interfaces/share/interfaces/environment/ament_prefix_path.dsv\n'}
[2.504935] (interfaces) StdoutLine: {'line': b'-- Up-to-date symlink: /ros2_ws/install/interfaces/share/interfaces/environment/path.sh\n'}
[2.505565] (interfaces) StdoutLine: {'line': b'-- Up-to-date symlink: /ros2_ws/install/interfaces/share/interfaces/environment/path.dsv\n'}
[2.506211] (interfaces) StdoutLine: {'line': b'-- Up-to-date symlink: /ros2_ws/install/interfaces/share/interfaces/local_setup.bash\n'}
[2.506820] (interfaces) StdoutLine: {'line': b'-- Up-to-date symlink: /ros2_ws/install/interfaces/share/interfaces/local_setup.sh\n'}
[2.507390] (interfaces) StdoutLine: {'line': b'-- Up-to-date symlink: /ros2_ws/install/interfaces/share/interfaces/local_setup.zsh\n'}
[2.507990] (interfaces) StdoutLine: {'line': b'-- Up-to-date symlink: /ros2_ws/install/interfaces/share/interfaces/local_setup.dsv\n'}
[2.508601] (interfaces) StdoutLine: {'line': b'-- Symlinking: /ros2_ws/install/interfaces/share/interfaces/package.dsv\n'}
[2.520362] (-) TimerEvent: {}
[2.544691] (interfaces) StdoutLine: {'line': b'-- Up-to-date symlink: /ros2_ws/install/interfaces/share/ament_index/resource_index/packages/interfaces\n'}
[2.545493] (interfaces) StdoutLine: {'line': b'-- Up-to-date symlink: /ros2_ws/install/interfaces/share/interfaces/cmake/rosidl_cmake-extras.cmake\n'}
[2.546084] (interfaces) StdoutLine: {'line': b'-- Up-to-date symlink: /ros2_ws/install/interfaces/share/interfaces/cmake/ament_cmake_export_include_directories-extras.cmake\n'}
[2.546708] (interfaces) StdoutLine: {'line': b'-- Up-to-date symlink: /ros2_ws/install/interfaces/share/interfaces/cmake/ament_cmake_export_libraries-extras.cmake\n'}
[2.547387] (interfaces) StdoutLine: {'line': b'-- Up-to-date symlink: /ros2_ws/install/interfaces/share/interfaces/cmake/ament_cmake_export_targets-extras.cmake\n'}
[2.548032] (interfaces) StdoutLine: {'line': b'-- Up-to-date symlink: /ros2_ws/install/interfaces/share/interfaces/cmake/rosidl_cmake_export_typesupport_targets-extras.cmake\n'}
[2.548799] (interfaces) StdoutLine: {'line': b'-- Up-to-date symlink: /ros2_ws/install/interfaces/share/interfaces/cmake/ament_cmake_export_dependencies-extras.cmake\n'}
[2.550057] (interfaces) StdoutLine: {'line': b'-- Up-to-date symlink: /ros2_ws/install/interfaces/share/interfaces/cmake/rosidl_cmake_export_typesupport_libraries-extras.cmake\n'}
[2.550601] (interfaces) StdoutLine: {'line': b'-- Up-to-date symlink: /ros2_ws/install/interfaces/share/interfaces/cmake/rosidl_cmake_aggregate_target-extras.cmake\n'}
[2.551201] (interfaces) StdoutLine: {'line': b'-- Up-to-date symlink: /ros2_ws/install/interfaces/share/interfaces/cmake/interfacesConfig.cmake\n'}
[2.552198] (interfaces) StdoutLine: {'line': b'-- Up-to-date symlink: /ros2_ws/install/interfaces/share/interfaces/cmake/interfacesConfig-version.cmake\n'}
[2.552826] (interfaces) StdoutLine: {'line': b'-- Up-to-date symlink: /ros2_ws/install/interfaces/share/interfaces/package.xml\n'}
[2.553533] (interfaces) StdoutLine: {'line': b'-- Up-to-date: /ros2_ws/install/interfaces/lib/libinterfaces__rosidl_generator_c.so\n'}
[2.554672] (interfaces) StdoutLine: {'line': b'-- Up-to-date: /ros2_ws/install/interfaces/lib/libinterfaces__rosidl_typesupport_fastrtps_c.so\n'}
[2.555815] (interfaces) StdoutLine: {'line': b'-- Up-to-date: /ros2_ws/install/interfaces/lib/libinterfaces__rosidl_typesupport_introspection_c.so\n'}
[2.556860] (interfaces) StdoutLine: {'line': b'-- Up-to-date: /ros2_ws/install/interfaces/lib/libinterfaces__rosidl_typesupport_c.so\n'}
[2.557945] (interfaces) StdoutLine: {'line': b'-- Up-to-date: /ros2_ws/install/interfaces/lib/libinterfaces__rosidl_typesupport_fastrtps_cpp.so\n'}
[2.559620] (interfaces) StdoutLine: {'line': b'-- Up-to-date: /ros2_ws/install/interfaces/lib/libinterfaces__rosidl_typesupport_introspection_cpp.so\n'}
[2.560265] (interfaces) StdoutLine: {'line': b'-- Up-to-date: /ros2_ws/install/interfaces/lib/libinterfaces__rosidl_typesupport_cpp.so\n'}
[2.620583] (-) TimerEvent: {}
[2.710624] (interfaces) StdoutLine: {'line': b"Listing '/ros2_ws/install/interfaces/local/lib/python3.10/dist-packages/interfaces'...\n"}
[2.711357] (interfaces) StdoutLine: {'line': b"Listing '/ros2_ws/install/interfaces/local/lib/python3.10/dist-packages/interfaces/msg'...\n"}
[2.720700] (-) TimerEvent: {}
[2.738280] (interfaces) StdoutLine: {'line': b'-- Up-to-date: /ros2_ws/install/interfaces/lib/libinterfaces__rosidl_generator_py.so\n'}
[2.739832] (interfaces) StdoutLine: {'line': b'-- Up-to-date: /ros2_ws/install/interfaces/share/interfaces/cmake/export_interfaces__rosidl_generator_cExport.cmake\n'}
[2.740480] (interfaces) StdoutLine: {'line': b'-- Up-to-date: /ros2_ws/install/interfaces/share/interfaces/cmake/export_interfaces__rosidl_generator_cExport-noconfig.cmake\n'}
[2.741291] (interfaces) StdoutLine: {'line': b'-- Up-to-date: /ros2_ws/install/interfaces/share/interfaces/cmake/export_interfaces__rosidl_typesupport_fastrtps_cExport.cmake\n'}
[2.742021] (interfaces) StdoutLine: {'line': b'-- Up-to-date: /ros2_ws/install/interfaces/share/interfaces/cmake/export_interfaces__rosidl_typesupport_fastrtps_cExport-noconfig.cmake\n'}
[2.742608] (interfaces) StdoutLine: {'line': b'-- Up-to-date: /ros2_ws/install/interfaces/share/interfaces/cmake/interfaces__rosidl_typesupport_introspection_cExport.cmake\n'}
[2.743136] (interfaces) StdoutLine: {'line': b'-- Up-to-date: /ros2_ws/install/interfaces/share/interfaces/cmake/interfaces__rosidl_typesupport_introspection_cExport-noconfig.cmake\n'}
[2.743730] (interfaces) StdoutLine: {'line': b'-- Up-to-date: /ros2_ws/install/interfaces/share/interfaces/cmake/interfaces__rosidl_typesupport_cExport.cmake\n'}
[2.744229] (interfaces) StdoutLine: {'line': b'-- Up-to-date: /ros2_ws/install/interfaces/share/interfaces/cmake/interfaces__rosidl_typesupport_cExport-noconfig.cmake\n'}
[2.744901] (interfaces) StdoutLine: {'line': b'-- Up-to-date: /ros2_ws/install/interfaces/share/interfaces/cmake/export_interfaces__rosidl_generator_cppExport.cmake\n'}
[2.745488] (interfaces) StdoutLine: {'line': b'-- Up-to-date: /ros2_ws/install/interfaces/share/interfaces/cmake/export_interfaces__rosidl_typesupport_fastrtps_cppExport.cmake\n'}
[2.746007] (interfaces) StdoutLine: {'line': b'-- Up-to-date: /ros2_ws/install/interfaces/share/interfaces/cmake/export_interfaces__rosidl_typesupport_fastrtps_cppExport-noconfig.cmake\n'}
[2.746529] (interfaces) StdoutLine: {'line': b'-- Up-to-date: /ros2_ws/install/interfaces/share/interfaces/cmake/interfaces__rosidl_typesupport_introspection_cppExport.cmake\n'}
[2.747240] (interfaces) StdoutLine: {'line': b'-- Up-to-date: /ros2_ws/install/interfaces/share/interfaces/cmake/interfaces__rosidl_typesupport_introspection_cppExport-noconfig.cmake\n'}
[2.747741] (interfaces) StdoutLine: {'line': b'-- Up-to-date: /ros2_ws/install/interfaces/share/interfaces/cmake/interfaces__rosidl_typesupport_cppExport.cmake\n'}
[2.748194] (interfaces) StdoutLine: {'line': b'-- Up-to-date: /ros2_ws/install/interfaces/share/interfaces/cmake/interfaces__rosidl_typesupport_cppExport-noconfig.cmake\n'}
[2.748753] (interfaces) StdoutLine: {'line': b'-- Up-to-date: /ros2_ws/install/interfaces/share/interfaces/cmake/export_interfaces__rosidl_generator_pyExport.cmake\n'}
[2.749262] (interfaces) StdoutLine: {'line': b'-- Up-to-date: /ros2_ws/install/interfaces/share/interfaces/cmake/export_interfaces__rosidl_generator_pyExport-noconfig.cmake\n'}
[2.753988] (interfaces) CommandEnded: {'returncode': 0}
[2.821133] (-) TimerEvent: {}
[2.849343] (interfaces) JobEnded: {'identifier': 'interfaces', 'rc': 0}
[2.851608] (brain_hardware) JobStarted: {'identifier': 'brain_hardware'}
[2.876175] (brain_controller) JobStarted: {'identifier': 'brain_controller'}
[2.903027] (brain_hardware) JobProgress: {'identifier': 'brain_hardware', 'progress': 'cmake'}
[2.905623] (brain_hardware) JobProgress: {'identifier': 'brain_hardware', 'progress': 'build'}
[2.906933] (brain_hardware) Command: {'cmd': ['/usr/bin/cmake', '--build', '/ros2_ws/build/brain_hardware', '--', '-j4', '-l4'], 'cwd': '/ros2_ws/build/brain_hardware', 'env': OrderedDict([('LESSOPEN', '| /usr/bin/lesspipe %s'), ('HOSTNAME', '55456c0da4eb'), ('GIT_ASKPASS', '/root/.vscode-server/bin/8b3775030ed1a69b13e4f4c628c612102e30a681/extensions/git/dist/askpass.sh'), ('SHLVL', '2'), ('LD_LIBRARY_PATH', '/ros2_ws/install/interfaces/lib:/ros2_ws/install/brain_hardware/lib:/ros2_ws/install/brain_controller/lib:/ros2_ws/install/collision_avoidance/lib:/opt/ros/humble/opt/rviz_ogre_vendor/lib:/opt/ros/humble/lib/aarch64-linux-gnu:/opt/ros/humble/lib'), ('BROWSER', '/root/.vscode-server/bin/8b3775030ed1a69b13e4f4c628c612102e30a681/bin/helpers/browser.sh'), ('HOME', '/root'), ('TERM_PROGRAM_VERSION', '1.85.2'), ('VSCODE_IPC_HOOK_CLI', '/tmp/vscode-ipc-bfcda2b9-519e-45aa-8ec0-9a731bec1c10.sock'), ('ROS_PYTHON_VERSION', '3'), ('VSCODE_GIT_ASKPASS_MAIN', '/root/.vscode-server/bin/8b3775030ed1a69b13e4f4c628c612102e30a681/extensions/git/dist/askpass-main.js'), ('PS1', '\\[\x1b]633;A\x07\\]\\u@\\h\\[\\033[01;32m\\](brain)\\[\\033[00m\\]:\\w$ \\[\x1b]633;B\x07\\]'), ('VSCODE_GIT_ASKPASS_NODE', '/root/.vscode-server/bin/8b3775030ed1a69b13e4f4c628c612102e30a681/node'), ('ROS_IP', '10.10.0.2'), ('COLORTERM', 'truecolor'), ('REMOTE_CONTAINERS', 'true'), ('COLCON_PREFIX_PATH', '/ros2_ws/install'), ('ROS_DISTRO', 'humble'), ('REMOTE_CONTAINERS_IPC', '/tmp/vscode-remote-containers-ipc-0ab64d53-2511-4c41-bf84-d17032adaf88.sock'), ('_', '/usr/bin/colcon'), ('ROS_VERSION', '2'), ('TERM', 'xterm-256color'), ('ROS_LOCALHOST_ONLY', '0'), ('PATH', '/ros2_ws/install/oradar_lidar/bin:/root/.vscode-server/bin/8b3775030ed1a69b13e4f4c628c612102e30a681/bin/remote-cli:/opt/ros/humble/bin:/usr/local/sbin:/usr/local/bin:/usr/sbin:/usr/bin:/sbin:/bin'), ('REMOTE_CONTAINERS_SOCKETS', '["/tmp/vscode-ssh-auth-0ab64d53-2511-4c41-bf84-d17032adaf88.sock","/root/.gnupg/S.gpg-agent"]'), ('DISPLAY', ':0'), ('LANG', 'en_US.UTF-8'), ('RMW_IMPLEMENTATION', 'rmw_fastrtps_cpp'), ('LS_COLORS', 'rs=0:di=01;34:ln=01;36:mh=00:pi=40;33:so=01;35:do=01;35:bd=40;33;01:cd=40;33;01:or=40;31;01:mi=00:su=37;41:sg=30;43:ca=30;41:tw=30;42:ow=34;42:st=37;44:ex=01;32:*.tar=01;31:*.tgz=01;31:*.arc=01;31:*.arj=01;31:*.taz=01;31:*.lha=01;31:*.lz4=01;31:*.lzh=01;31:*.lzma=01;31:*.tlz=01;31:*.txz=01;31:*.tzo=01;31:*.t7z=01;31:*.zip=01;31:*.z=01;31:*.dz=01;31:*.gz=01;31:*.lrz=01;31:*.lz=01;31:*.lzo=01;31:*.xz=01;31:*.zst=01;31:*.tzst=01;31:*.bz2=01;31:*.bz=01;31:*.tbz=01;31:*.tbz2=01;31:*.tz=01;31:*.deb=01;31:*.rpm=01;31:*.jar=01;31:*.war=01;31:*.ear=01;31:*.sar=01;31:*.rar=01;31:*.alz=01;31:*.ace=01;31:*.zoo=01;31:*.cpio=01;31:*.7z=01;31:*.rz=01;31:*.cab=01;31:*.wim=01;31:*.swm=01;31:*.dwm=01;31:*.esd=01;31:*.jpg=01;35:*.jpeg=01;35:*.mjpg=01;35:*.mjpeg=01;35:*.gif=01;35:*.bmp=01;35:*.pbm=01;35:*.pgm=01;35:*.ppm=01;35:*.tga=01;35:*.xbm=01;35:*.xpm=01;35:*.tif=01;35:*.tiff=01;35:*.png=01;35:*.svg=01;35:*.svgz=01;35:*.mng=01;35:*.pcx=01;35:*.mov=01;35:*.mpg=01;35:*.mpeg=01;35:*.m2v=01;35:*.mkv=01;35:*.webm=01;35:*.webp=01;35:*.ogm=01;35:*.mp4=01;35:*.m4v=01;35:*.mp4v=01;35:*.vob=01;35:*.qt=01;35:*.nuv=01;35:*.wmv=01;35:*.asf=01;35:*.rm=01;35:*.rmvb=01;35:*.flc=01;35:*.avi=01;35:*.fli=01;35:*.flv=01;35:*.gl=01;35:*.dl=01;35:*.xcf=01;35:*.xwd=01;35:*.yuv=01;35:*.cgm=01;35:*.emf=01;35:*.ogv=01;35:*.ogx=01;35:*.aac=00;36:*.au=00;36:*.flac=00;36:*.m4a=00;36:*.mid=00;36:*.midi=00;36:*.mka=00;36:*.mp3=00;36:*.mpc=00;36:*.ogg=00;36:*.ra=00;36:*.wav=00;36:*.oga=00;36:*.opus=00;36:*.spx=00;36:*.xspf=00;36:'), ('VSCODE_GIT_IPC_HANDLE', '/tmp/vscode-git-069987f000.sock'), ('TERM_PROGRAM', 'vscode'), ('SSH_AUTH_SOCK', '/tmp/vscode-ssh-auth-0ab64d53-2511-4c41-bf84-d17032adaf88.sock'), ('ROS_DOMAIN_ID', '42'), ('AMENT_PREFIX_PATH', '/ros2_ws/install/oradar_lidar:/ros2_ws/install/bringup:/ros2_ws/install/description:/ros2_ws/install/brain_hardware:/ros2_ws/install/brain_controller:/ros2_ws/install/interfaces:/ros2_ws/install/collision_avoidance:/opt/ros/humble'), ('SHELL', '/bin/bash'), ('LESSCLOSE', '/usr/bin/lesspipe %s %s'), ('VSCODE_GIT_ASKPASS_EXTRA_ARGS', ''), ('PWD', '/ros2_ws/build/brain_hardware'), ('PYTHONPATH', '/ros2_ws/install/interfaces/local/lib/python3.10/dist-packages:/opt/ros/humble/lib/python3.10/site-packages:/opt/ros/humble/local/lib/python3.10/dist-packages'), ('ROS_HOSTNAME', '10.10.0.2'), ('COLCON', '1'), ('CMAKE_PREFIX_PATH', '/ros2_ws/install/interfaces:/ros2_ws/install/oradar_lidar:/ros2_ws/install/bringup:/ros2_ws/install/description:/ros2_ws/install/brain_hardware:/ros2_ws/install/brain_controller:/ros2_ws/install/collision_avoidance:/opt/ros/humble')]), 'shell': False}
[2.918294] (brain_controller) JobProgress: {'identifier': 'brain_controller', 'progress': 'cmake'}
[2.921010] (brain_controller) JobProgress: {'identifier': 'brain_controller', 'progress': 'build'}
[2.921240] (-) TimerEvent: {}
[2.923273] (brain_controller) Command: {'cmd': ['/usr/bin/cmake', '--build', '/ros2_ws/build/brain_controller', '--', '-j4', '-l4'], 'cwd': '/ros2_ws/build/brain_controller', 'env': OrderedDict([('LESSOPEN', '| /usr/bin/lesspipe %s'), ('HOSTNAME', '55456c0da4eb'), ('GIT_ASKPASS', '/root/.vscode-server/bin/8b3775030ed1a69b13e4f4c628c612102e30a681/extensions/git/dist/askpass.sh'), ('SHLVL', '2'), ('LD_LIBRARY_PATH', '/ros2_ws/install/interfaces/lib:/ros2_ws/install/brain_hardware/lib:/ros2_ws/install/brain_controller/lib:/ros2_ws/install/collision_avoidance/lib:/opt/ros/humble/opt/rviz_ogre_vendor/lib:/opt/ros/humble/lib/aarch64-linux-gnu:/opt/ros/humble/lib'), ('BROWSER', '/root/.vscode-server/bin/8b3775030ed1a69b13e4f4c628c612102e30a681/bin/helpers/browser.sh'), ('HOME', '/root'), ('TERM_PROGRAM_VERSION', '1.85.2'), ('VSCODE_IPC_HOOK_CLI', '/tmp/vscode-ipc-bfcda2b9-519e-45aa-8ec0-9a731bec1c10.sock'), ('ROS_PYTHON_VERSION', '3'), ('VSCODE_GIT_ASKPASS_MAIN', '/root/.vscode-server/bin/8b3775030ed1a69b13e4f4c628c612102e30a681/extensions/git/dist/askpass-main.js'), ('PS1', '\\[\x1b]633;A\x07\\]\\u@\\h\\[\\033[01;32m\\](brain)\\[\\033[00m\\]:\\w$ \\[\x1b]633;B\x07\\]'), ('VSCODE_GIT_ASKPASS_NODE', '/root/.vscode-server/bin/8b3775030ed1a69b13e4f4c628c612102e30a681/node'), ('ROS_IP', '10.10.0.2'), ('COLORTERM', 'truecolor'), ('REMOTE_CONTAINERS', 'true'), ('COLCON_PREFIX_PATH', '/ros2_ws/install'), ('ROS_DISTRO', 'humble'), ('REMOTE_CONTAINERS_IPC', '/tmp/vscode-remote-containers-ipc-0ab64d53-2511-4c41-bf84-d17032adaf88.sock'), ('_', '/usr/bin/colcon'), ('ROS_VERSION', '2'), ('TERM', 'xterm-256color'), ('ROS_LOCALHOST_ONLY', '0'), ('PATH', '/ros2_ws/install/oradar_lidar/bin:/root/.vscode-server/bin/8b3775030ed1a69b13e4f4c628c612102e30a681/bin/remote-cli:/opt/ros/humble/bin:/usr/local/sbin:/usr/local/bin:/usr/sbin:/usr/bin:/sbin:/bin'), ('REMOTE_CONTAINERS_SOCKETS', '["/tmp/vscode-ssh-auth-0ab64d53-2511-4c41-bf84-d17032adaf88.sock","/root/.gnupg/S.gpg-agent"]'), ('DISPLAY', ':0'), ('LANG', 'en_US.UTF-8'), ('RMW_IMPLEMENTATION', 'rmw_fastrtps_cpp'), ('LS_COLORS', 'rs=0:di=01;34:ln=01;36:mh=00:pi=40;33:so=01;35:do=01;35:bd=40;33;01:cd=40;33;01:or=40;31;01:mi=00:su=37;41:sg=30;43:ca=30;41:tw=30;42:ow=34;42:st=37;44:ex=01;32:*.tar=01;31:*.tgz=01;31:*.arc=01;31:*.arj=01;31:*.taz=01;31:*.lha=01;31:*.lz4=01;31:*.lzh=01;31:*.lzma=01;31:*.tlz=01;31:*.txz=01;31:*.tzo=01;31:*.t7z=01;31:*.zip=01;31:*.z=01;31:*.dz=01;31:*.gz=01;31:*.lrz=01;31:*.lz=01;31:*.lzo=01;31:*.xz=01;31:*.zst=01;31:*.tzst=01;31:*.bz2=01;31:*.bz=01;31:*.tbz=01;31:*.tbz2=01;31:*.tz=01;31:*.deb=01;31:*.rpm=01;31:*.jar=01;31:*.war=01;31:*.ear=01;31:*.sar=01;31:*.rar=01;31:*.alz=01;31:*.ace=01;31:*.zoo=01;31:*.cpio=01;31:*.7z=01;31:*.rz=01;31:*.cab=01;31:*.wim=01;31:*.swm=01;31:*.dwm=01;31:*.esd=01;31:*.jpg=01;35:*.jpeg=01;35:*.mjpg=01;35:*.mjpeg=01;35:*.gif=01;35:*.bmp=01;35:*.pbm=01;35:*.pgm=01;35:*.ppm=01;35:*.tga=01;35:*.xbm=01;35:*.xpm=01;35:*.tif=01;35:*.tiff=01;35:*.png=01;35:*.svg=01;35:*.svgz=01;35:*.mng=01;35:*.pcx=01;35:*.mov=01;35:*.mpg=01;35:*.mpeg=01;35:*.m2v=01;35:*.mkv=01;35:*.webm=01;35:*.webp=01;35:*.ogm=01;35:*.mp4=01;35:*.m4v=01;35:*.mp4v=01;35:*.vob=01;35:*.qt=01;35:*.nuv=01;35:*.wmv=01;35:*.asf=01;35:*.rm=01;35:*.rmvb=01;35:*.flc=01;35:*.avi=01;35:*.fli=01;35:*.flv=01;35:*.gl=01;35:*.dl=01;35:*.xcf=01;35:*.xwd=01;35:*.yuv=01;35:*.cgm=01;35:*.emf=01;35:*.ogv=01;35:*.ogx=01;35:*.aac=00;36:*.au=00;36:*.flac=00;36:*.m4a=00;36:*.mid=00;36:*.midi=00;36:*.mka=00;36:*.mp3=00;36:*.mpc=00;36:*.ogg=00;36:*.ra=00;36:*.wav=00;36:*.oga=00;36:*.opus=00;36:*.spx=00;36:*.xspf=00;36:'), ('VSCODE_GIT_IPC_HANDLE', '/tmp/vscode-git-069987f000.sock'), ('TERM_PROGRAM', 'vscode'), ('SSH_AUTH_SOCK', '/tmp/vscode-ssh-auth-0ab64d53-2511-4c41-bf84-d17032adaf88.sock'), ('ROS_DOMAIN_ID', '42'), ('AMENT_PREFIX_PATH', '/ros2_ws/install/oradar_lidar:/ros2_ws/install/bringup:/ros2_ws/install/description:/ros2_ws/install/brain_hardware:/ros2_ws/install/brain_controller:/ros2_ws/install/interfaces:/ros2_ws/install/collision_avoidance:/opt/ros/humble'), ('SHELL', '/bin/bash'), ('LESSCLOSE', '/usr/bin/lesspipe %s %s'), ('VSCODE_GIT_ASKPASS_EXTRA_ARGS', ''), ('PWD', '/ros2_ws/build/brain_controller'), ('PYTHONPATH', '/ros2_ws/install/interfaces/local/lib/python3.10/dist-packages:/opt/ros/humble/lib/python3.10/site-packages:/opt/ros/humble/local/lib/python3.10/dist-packages'), ('ROS_HOSTNAME', '10.10.0.2'), ('COLCON', '1'), ('CMAKE_PREFIX_PATH', '/ros2_ws/install/interfaces:/ros2_ws/install/oradar_lidar:/ros2_ws/install/bringup:/ros2_ws/install/description:/ros2_ws/install/brain_hardware:/ros2_ws/install/brain_controller:/ros2_ws/install/collision_avoidance:/opt/ros/humble')]), 'shell': False}
[3.021501] (-) TimerEvent: {}
[3.122247] (-) TimerEvent: {}
[3.182613] (brain_hardware) StdoutLine: {'line': b'[100%] Built target brain_hardware\n'}
[3.196212] (brain_controller) StdoutLine: {'line': b'[100%] Built target brain_controller\n'}
[3.222431] (-) TimerEvent: {}
[3.229546] (brain_hardware) CommandEnded: {'returncode': 0}
[3.236236] (brain_hardware) JobProgress: {'identifier': 'brain_hardware', 'progress': 'install'}
[3.236902] (brain_hardware) Command: {'cmd': ['/usr/bin/cmake', '--install', '/ros2_ws/build/brain_hardware'], 'cwd': '/ros2_ws/build/brain_hardware', 'env': OrderedDict([('LESSOPEN', '| /usr/bin/lesspipe %s'), ('HOSTNAME', '55456c0da4eb'), ('GIT_ASKPASS', '/root/.vscode-server/bin/8b3775030ed1a69b13e4f4c628c612102e30a681/extensions/git/dist/askpass.sh'), ('SHLVL', '2'), ('LD_LIBRARY_PATH', '/ros2_ws/install/interfaces/lib:/ros2_ws/install/brain_hardware/lib:/ros2_ws/install/brain_controller/lib:/ros2_ws/install/collision_avoidance/lib:/opt/ros/humble/opt/rviz_ogre_vendor/lib:/opt/ros/humble/lib/aarch64-linux-gnu:/opt/ros/humble/lib'), ('BROWSER', '/root/.vscode-server/bin/8b3775030ed1a69b13e4f4c628c612102e30a681/bin/helpers/browser.sh'), ('HOME', '/root'), ('TERM_PROGRAM_VERSION', '1.85.2'), ('VSCODE_IPC_HOOK_CLI', '/tmp/vscode-ipc-bfcda2b9-519e-45aa-8ec0-9a731bec1c10.sock'), ('ROS_PYTHON_VERSION', '3'), ('VSCODE_GIT_ASKPASS_MAIN', '/root/.vscode-server/bin/8b3775030ed1a69b13e4f4c628c612102e30a681/extensions/git/dist/askpass-main.js'), ('PS1', '\\[\x1b]633;A\x07\\]\\u@\\h\\[\\033[01;32m\\](brain)\\[\\033[00m\\]:\\w$ \\[\x1b]633;B\x07\\]'), ('VSCODE_GIT_ASKPASS_NODE', '/root/.vscode-server/bin/8b3775030ed1a69b13e4f4c628c612102e30a681/node'), ('ROS_IP', '10.10.0.2'), ('COLORTERM', 'truecolor'), ('REMOTE_CONTAINERS', 'true'), ('COLCON_PREFIX_PATH', '/ros2_ws/install'), ('ROS_DISTRO', 'humble'), ('REMOTE_CONTAINERS_IPC', '/tmp/vscode-remote-containers-ipc-0ab64d53-2511-4c41-bf84-d17032adaf88.sock'), ('_', '/usr/bin/colcon'), ('ROS_VERSION', '2'), ('TERM', 'xterm-256color'), ('ROS_LOCALHOST_ONLY', '0'), ('PATH', '/ros2_ws/install/oradar_lidar/bin:/root/.vscode-server/bin/8b3775030ed1a69b13e4f4c628c612102e30a681/bin/remote-cli:/opt/ros/humble/bin:/usr/local/sbin:/usr/local/bin:/usr/sbin:/usr/bin:/sbin:/bin'), ('REMOTE_CONTAINERS_SOCKETS', '["/tmp/vscode-ssh-auth-0ab64d53-2511-4c41-bf84-d17032adaf88.sock","/root/.gnupg/S.gpg-agent"]'), ('DISPLAY', ':0'), ('LANG', 'en_US.UTF-8'), ('RMW_IMPLEMENTATION', 'rmw_fastrtps_cpp'), ('LS_COLORS', 'rs=0:di=01;34:ln=01;36:mh=00:pi=40;33:so=01;35:do=01;35:bd=40;33;01:cd=40;33;01:or=40;31;01:mi=00:su=37;41:sg=30;43:ca=30;41:tw=30;42:ow=34;42:st=37;44:ex=01;32:*.tar=01;31:*.tgz=01;31:*.arc=01;31:*.arj=01;31:*.taz=01;31:*.lha=01;31:*.lz4=01;31:*.lzh=01;31:*.lzma=01;31:*.tlz=01;31:*.txz=01;31:*.tzo=01;31:*.t7z=01;31:*.zip=01;31:*.z=01;31:*.dz=01;31:*.gz=01;31:*.lrz=01;31:*.lz=01;31:*.lzo=01;31:*.xz=01;31:*.zst=01;31:*.tzst=01;31:*.bz2=01;31:*.bz=01;31:*.tbz=01;31:*.tbz2=01;31:*.tz=01;31:*.deb=01;31:*.rpm=01;31:*.jar=01;31:*.war=01;31:*.ear=01;31:*.sar=01;31:*.rar=01;31:*.alz=01;31:*.ace=01;31:*.zoo=01;31:*.cpio=01;31:*.7z=01;31:*.rz=01;31:*.cab=01;31:*.wim=01;31:*.swm=01;31:*.dwm=01;31:*.esd=01;31:*.jpg=01;35:*.jpeg=01;35:*.mjpg=01;35:*.mjpeg=01;35:*.gif=01;35:*.bmp=01;35:*.pbm=01;35:*.pgm=01;35:*.ppm=01;35:*.tga=01;35:*.xbm=01;35:*.xpm=01;35:*.tif=01;35:*.tiff=01;35:*.png=01;35:*.svg=01;35:*.svgz=01;35:*.mng=01;35:*.pcx=01;35:*.mov=01;35:*.mpg=01;35:*.mpeg=01;35:*.m2v=01;35:*.mkv=01;35:*.webm=01;35:*.webp=01;35:*.ogm=01;35:*.mp4=01;35:*.m4v=01;35:*.mp4v=01;35:*.vob=01;35:*.qt=01;35:*.nuv=01;35:*.wmv=01;35:*.asf=01;35:*.rm=01;35:*.rmvb=01;35:*.flc=01;35:*.avi=01;35:*.fli=01;35:*.flv=01;35:*.gl=01;35:*.dl=01;35:*.xcf=01;35:*.xwd=01;35:*.yuv=01;35:*.cgm=01;35:*.emf=01;35:*.ogv=01;35:*.ogx=01;35:*.aac=00;36:*.au=00;36:*.flac=00;36:*.m4a=00;36:*.mid=00;36:*.midi=00;36:*.mka=00;36:*.mp3=00;36:*.mpc=00;36:*.ogg=00;36:*.ra=00;36:*.wav=00;36:*.oga=00;36:*.opus=00;36:*.spx=00;36:*.xspf=00;36:'), ('VSCODE_GIT_IPC_HANDLE', '/tmp/vscode-git-069987f000.sock'), ('TERM_PROGRAM', 'vscode'), ('SSH_AUTH_SOCK', '/tmp/vscode-ssh-auth-0ab64d53-2511-4c41-bf84-d17032adaf88.sock'), ('ROS_DOMAIN_ID', '42'), ('AMENT_PREFIX_PATH', '/ros2_ws/install/oradar_lidar:/ros2_ws/install/bringup:/ros2_ws/install/description:/ros2_ws/install/brain_hardware:/ros2_ws/install/brain_controller:/ros2_ws/install/interfaces:/ros2_ws/install/collision_avoidance:/opt/ros/humble'), ('SHELL', '/bin/bash'), ('LESSCLOSE', '/usr/bin/lesspipe %s %s'), ('VSCODE_GIT_ASKPASS_EXTRA_ARGS', ''), ('PWD', '/ros2_ws/build/brain_hardware'), ('PYTHONPATH', '/ros2_ws/install/interfaces/local/lib/python3.10/dist-packages:/opt/ros/humble/lib/python3.10/site-packages:/opt/ros/humble/local/lib/python3.10/dist-packages'), ('ROS_HOSTNAME', '10.10.0.2'), ('COLCON', '1'), ('CMAKE_PREFIX_PATH', '/ros2_ws/install/interfaces:/ros2_ws/install/oradar_lidar:/ros2_ws/install/bringup:/ros2_ws/install/description:/ros2_ws/install/brain_hardware:/ros2_ws/install/brain_controller:/ros2_ws/install/collision_avoidance:/opt/ros/humble')]), 'shell': False}
[3.254573] (brain_controller) CommandEnded: {'returncode': 0}
[3.258615] (brain_controller) JobProgress: {'identifier': 'brain_controller', 'progress': 'install'}
[3.261384] (brain_controller) Command: {'cmd': ['/usr/bin/cmake', '--install', '/ros2_ws/build/brain_controller'], 'cwd': '/ros2_ws/build/brain_controller', 'env': OrderedDict([('LESSOPEN', '| /usr/bin/lesspipe %s'), ('HOSTNAME', '55456c0da4eb'), ('GIT_ASKPASS', '/root/.vscode-server/bin/8b3775030ed1a69b13e4f4c628c612102e30a681/extensions/git/dist/askpass.sh'), ('SHLVL', '2'), ('LD_LIBRARY_PATH', '/ros2_ws/install/interfaces/lib:/ros2_ws/install/brain_hardware/lib:/ros2_ws/install/brain_controller/lib:/ros2_ws/install/collision_avoidance/lib:/opt/ros/humble/opt/rviz_ogre_vendor/lib:/opt/ros/humble/lib/aarch64-linux-gnu:/opt/ros/humble/lib'), ('BROWSER', '/root/.vscode-server/bin/8b3775030ed1a69b13e4f4c628c612102e30a681/bin/helpers/browser.sh'), ('HOME', '/root'), ('TERM_PROGRAM_VERSION', '1.85.2'), ('VSCODE_IPC_HOOK_CLI', '/tmp/vscode-ipc-bfcda2b9-519e-45aa-8ec0-9a731bec1c10.sock'), ('ROS_PYTHON_VERSION', '3'), ('VSCODE_GIT_ASKPASS_MAIN', '/root/.vscode-server/bin/8b3775030ed1a69b13e4f4c628c612102e30a681/extensions/git/dist/askpass-main.js'), ('PS1', '\\[\x1b]633;A\x07\\]\\u@\\h\\[\\033[01;32m\\](brain)\\[\\033[00m\\]:\\w$ \\[\x1b]633;B\x07\\]'), ('VSCODE_GIT_ASKPASS_NODE', '/root/.vscode-server/bin/8b3775030ed1a69b13e4f4c628c612102e30a681/node'), ('ROS_IP', '10.10.0.2'), ('COLORTERM', 'truecolor'), ('REMOTE_CONTAINERS', 'true'), ('COLCON_PREFIX_PATH', '/ros2_ws/install'), ('ROS_DISTRO', 'humble'), ('REMOTE_CONTAINERS_IPC', '/tmp/vscode-remote-containers-ipc-0ab64d53-2511-4c41-bf84-d17032adaf88.sock'), ('_', '/usr/bin/colcon'), ('ROS_VERSION', '2'), ('TERM', 'xterm-256color'), ('ROS_LOCALHOST_ONLY', '0'), ('PATH', '/ros2_ws/install/oradar_lidar/bin:/root/.vscode-server/bin/8b3775030ed1a69b13e4f4c628c612102e30a681/bin/remote-cli:/opt/ros/humble/bin:/usr/local/sbin:/usr/local/bin:/usr/sbin:/usr/bin:/sbin:/bin'), ('REMOTE_CONTAINERS_SOCKETS', '["/tmp/vscode-ssh-auth-0ab64d53-2511-4c41-bf84-d17032adaf88.sock","/root/.gnupg/S.gpg-agent"]'), ('DISPLAY', ':0'), ('LANG', 'en_US.UTF-8'), ('RMW_IMPLEMENTATION', 'rmw_fastrtps_cpp'), ('LS_COLORS', 'rs=0:di=01;34:ln=01;36:mh=00:pi=40;33:so=01;35:do=01;35:bd=40;33;01:cd=40;33;01:or=40;31;01:mi=00:su=37;41:sg=30;43:ca=30;41:tw=30;42:ow=34;42:st=37;44:ex=01;32:*.tar=01;31:*.tgz=01;31:*.arc=01;31:*.arj=01;31:*.taz=01;31:*.lha=01;31:*.lz4=01;31:*.lzh=01;31:*.lzma=01;31:*.tlz=01;31:*.txz=01;31:*.tzo=01;31:*.t7z=01;31:*.zip=01;31:*.z=01;31:*.dz=01;31:*.gz=01;31:*.lrz=01;31:*.lz=01;31:*.lzo=01;31:*.xz=01;31:*.zst=01;31:*.tzst=01;31:*.bz2=01;31:*.bz=01;31:*.tbz=01;31:*.tbz2=01;31:*.tz=01;31:*.deb=01;31:*.rpm=01;31:*.jar=01;31:*.war=01;31:*.ear=01;31:*.sar=01;31:*.rar=01;31:*.alz=01;31:*.ace=01;31:*.zoo=01;31:*.cpio=01;31:*.7z=01;31:*.rz=01;31:*.cab=01;31:*.wim=01;31:*.swm=01;31:*.dwm=01;31:*.esd=01;31:*.jpg=01;35:*.jpeg=01;35:*.mjpg=01;35:*.mjpeg=01;35:*.gif=01;35:*.bmp=01;35:*.pbm=01;35:*.pgm=01;35:*.ppm=01;35:*.tga=01;35:*.xbm=01;35:*.xpm=01;35:*.tif=01;35:*.tiff=01;35:*.png=01;35:*.svg=01;35:*.svgz=01;35:*.mng=01;35:*.pcx=01;35:*.mov=01;35:*.mpg=01;35:*.mpeg=01;35:*.m2v=01;35:*.mkv=01;35:*.webm=01;35:*.webp=01;35:*.ogm=01;35:*.mp4=01;35:*.m4v=01;35:*.mp4v=01;35:*.vob=01;35:*.qt=01;35:*.nuv=01;35:*.wmv=01;35:*.asf=01;35:*.rm=01;35:*.rmvb=01;35:*.flc=01;35:*.avi=01;35:*.fli=01;35:*.flv=01;35:*.gl=01;35:*.dl=01;35:*.xcf=01;35:*.xwd=01;35:*.yuv=01;35:*.cgm=01;35:*.emf=01;35:*.ogv=01;35:*.ogx=01;35:*.aac=00;36:*.au=00;36:*.flac=00;36:*.m4a=00;36:*.mid=00;36:*.midi=00;36:*.mka=00;36:*.mp3=00;36:*.mpc=00;36:*.ogg=00;36:*.ra=00;36:*.wav=00;36:*.oga=00;36:*.opus=00;36:*.spx=00;36:*.xspf=00;36:'), ('VSCODE_GIT_IPC_HANDLE', '/tmp/vscode-git-069987f000.sock'), ('TERM_PROGRAM', 'vscode'), ('SSH_AUTH_SOCK', '/tmp/vscode-ssh-auth-0ab64d53-2511-4c41-bf84-d17032adaf88.sock'), ('ROS_DOMAIN_ID', '42'), ('AMENT_PREFIX_PATH', '/ros2_ws/install/oradar_lidar:/ros2_ws/install/bringup:/ros2_ws/install/description:/ros2_ws/install/brain_hardware:/ros2_ws/install/brain_controller:/ros2_ws/install/interfaces:/ros2_ws/install/collision_avoidance:/opt/ros/humble'), ('SHELL', '/bin/bash'), ('LESSCLOSE', '/usr/bin/lesspipe %s %s'), ('VSCODE_GIT_ASKPASS_EXTRA_ARGS', ''), ('PWD', '/ros2_ws/build/brain_controller'), ('PYTHONPATH', '/ros2_ws/install/interfaces/local/lib/python3.10/dist-packages:/opt/ros/humble/lib/python3.10/site-packages:/opt/ros/humble/local/lib/python3.10/dist-packages'), ('ROS_HOSTNAME', '10.10.0.2'), ('COLCON', '1'), ('CMAKE_PREFIX_PATH', '/ros2_ws/install/interfaces:/ros2_ws/install/oradar_lidar:/ros2_ws/install/bringup:/ros2_ws/install/description:/ros2_ws/install/brain_hardware:/ros2_ws/install/brain_controller:/ros2_ws/install/collision_avoidance:/opt/ros/humble')]), 'shell': False}
[3.267922] (brain_hardware) StdoutLine: {'line': b'-- Install configuration: ""\n'}
[3.269758] (brain_hardware) StdoutLine: {'line': b'-- Execute custom install script\n'}
[3.272147] (brain_hardware) StdoutLine: {'line': b'-- Up-to-date symlink: /ros2_ws/install/brain_hardware/share/brain_hardware//brain_hardware_plugins.xml\n'}
[3.276352] (brain_hardware) StdoutLine: {'line': b'-- Up-to-date symlink: /ros2_ws/install/brain_hardware/lib/libbrain_hardware.so\n'}
[3.277142] (brain_hardware) StdoutLine: {'line': b'-- Up-to-date symlink: /ros2_ws/install/brain_hardware/include/brain_hardware/brain_hardware/brain_system_hardware.hpp\n'}
[3.280180] (brain_hardware) StdoutLine: {'line': b'-- Up-to-date symlink: /ros2_ws/install/brain_hardware/share/brain_hardware/brain_hardware_plugins.xml\n'}
[3.280895] (brain_hardware) StdoutLine: {'line': b'-- Up-to-date symlink: /ros2_ws/install/brain_hardware/share/brain_hardware/environment/library_path.sh\n'}
[3.281533] (brain_hardware) StdoutLine: {'line': b'-- Up-to-date symlink: /ros2_ws/install/brain_hardware/share/brain_hardware/environment/library_path.dsv\n'}
[3.285023] (brain_hardware) StdoutLine: {'line': b'-- Up-to-date symlink: /ros2_ws/install/brain_hardware/share/ament_index/resource_index/package_run_dependencies/brain_hardware\n'}
[3.287748] (brain_hardware) StdoutLine: {'line': b'-- Up-to-date symlink: /ros2_ws/install/brain_hardware/share/ament_index/resource_index/parent_prefix_path/brain_hardware\n'}
[3.288313] (brain_hardware) StdoutLine: {'line': b'-- Up-to-date symlink: /ros2_ws/install/brain_hardware/share/brain_hardware/environment/ament_prefix_path.sh\n'}
[3.288846] (brain_hardware) StdoutLine: {'line': b'-- Up-to-date symlink: /ros2_ws/install/brain_hardware/share/brain_hardware/environment/ament_prefix_path.dsv\n'}
[3.289987] (brain_hardware) StdoutLine: {'line': b'-- Up-to-date symlink: /ros2_ws/install/brain_hardware/share/brain_hardware/environment/path.sh\n'}
[3.290465] (brain_hardware) StdoutLine: {'line': b'-- Up-to-date symlink: /ros2_ws/install/brain_hardware/share/brain_hardware/environment/path.dsv\n'}
[3.291002] (brain_hardware) StdoutLine: {'line': b'-- Up-to-date symlink: /ros2_ws/install/brain_hardware/share/brain_hardware/local_setup.bash\n'}
[3.291425] (brain_hardware) StdoutLine: {'line': b'-- Up-to-date symlink: /ros2_ws/install/brain_hardware/share/brain_hardware/local_setup.sh\n'}
[3.292397] (brain_hardware) StdoutLine: {'line': b'-- Up-to-date symlink: /ros2_ws/install/brain_hardware/share/brain_hardware/local_setup.zsh\n'}
[3.292908] (brain_hardware) StdoutLine: {'line': b'-- Up-to-date symlink: /ros2_ws/install/brain_hardware/share/brain_hardware/local_setup.dsv\n'}
[3.293296] (brain_hardware) StdoutLine: {'line': b'-- Symlinking: /ros2_ws/install/brain_hardware/share/brain_hardware/package.dsv\n'}
[3.298909] (brain_controller) StdoutLine: {'line': b'-- Install configuration: ""\n'}
[3.300858] (brain_controller) StdoutLine: {'line': b'-- Execute custom install script\n'}
[3.302963] (brain_controller) StdoutLine: {'line': b'-- Up-to-date symlink: /ros2_ws/install/brain_controller/share/brain_controller//brain_controller_plugins.xml\n'}
[3.303554] (brain_controller) StdoutLine: {'line': b'-- Up-to-date symlink: /ros2_ws/install/brain_controller/lib/libbrain_controller.so\n'}
[3.306063] (brain_controller) StdoutLine: {'line': b'-- Up-to-date symlink: /ros2_ws/install/brain_controller/include/brain_controller/brain_controller/brain_controller.hpp\n'}
[3.306847] (brain_controller) StdoutLine: {'line': b'-- Up-to-date symlink: /ros2_ws/install/brain_controller/share/brain_controller/brain_controller_plugins.xml\n'}
[3.308553] (brain_controller) StdoutLine: {'line': b'-- Up-to-date symlink: /ros2_ws/install/brain_controller/share/brain_controller/environment/library_path.sh\n'}
[3.310200] (brain_controller) StdoutLine: {'line': b'-- Up-to-date symlink: /ros2_ws/install/brain_controller/share/brain_controller/environment/library_path.dsv\n'}
[3.312094] (brain_controller) StdoutLine: {'line': b'-- Up-to-date symlink: /ros2_ws/install/brain_controller/share/ament_index/resource_index/package_run_dependencies/brain_controller\n'}
[3.312946] (brain_controller) StdoutLine: {'line': b'-- Up-to-date symlink: /ros2_ws/install/brain_controller/share/ament_index/resource_index/parent_prefix_path/brain_controller\n'}
[3.314553] (brain_controller) StdoutLine: {'line': b'-- Up-to-date symlink: /ros2_ws/install/brain_controller/share/brain_controller/environment/ament_prefix_path.sh\n'}
[3.316149] (brain_controller) StdoutLine: {'line': b'-- Up-to-date symlink: /ros2_ws/install/brain_controller/share/brain_controller/environment/ament_prefix_path.dsv\n'}
[3.318022] (brain_controller) StdoutLine: {'line': b'-- Up-to-date symlink: /ros2_ws/install/brain_controller/share/brain_controller/environment/path.sh\n'}
[3.318731] (brain_controller) StdoutLine: {'line': b'-- Up-to-date symlink: /ros2_ws/install/brain_controller/share/brain_controller/environment/path.dsv\n'}
[3.324426] (brain_hardware) StdoutLine: {'line': b'-- Up-to-date symlink: /ros2_ws/install/brain_hardware/share/ament_index/resource_index/packages/brain_hardware\n'}
[3.325086] (-) TimerEvent: {}
[3.325634] (brain_hardware) StdoutLine: {'line': b'-- Up-to-date symlink: /ros2_ws/install/brain_hardware/share/ament_index/resource_index/hardware_interface__pluginlib__plugin/brain_hardware\n'}
[3.326210] (brain_controller) StdoutLine: {'line': b'-- Up-to-date symlink: /ros2_ws/install/brain_controller/share/brain_controller/local_setup.bash\n'}
[3.326705] (brain_hardware) StdoutLine: {'line': b'-- Up-to-date symlink: /ros2_ws/install/brain_hardware/share/brain_hardware/cmake/ament_cmake_export_include_directories-extras.cmake\n'}
[3.327138] (brain_controller) StdoutLine: {'line': b'-- Up-to-date symlink: /ros2_ws/install/brain_controller/share/brain_controller/local_setup.sh\n'}
[3.327554] (brain_hardware) StdoutLine: {'line': b'-- Up-to-date symlink: /ros2_ws/install/brain_hardware/share/brain_hardware/cmake/ament_cmake_export_libraries-extras.cmake\n'}
[3.327987] (brain_controller) StdoutLine: {'line': b'-- Up-to-date symlink: /ros2_ws/install/brain_controller/share/brain_controller/local_setup.zsh\n'}
[3.328489] (brain_controller) StdoutLine: {'line': b'-- Up-to-date symlink: /ros2_ws/install/brain_controller/share/brain_controller/local_setup.dsv\n'}
[3.344187] (brain_hardware) StdoutLine: {'line': b'-- Up-to-date symlink: /ros2_ws/install/brain_hardware/share/brain_hardware/cmake/ament_cmake_export_dependencies-extras.cmake\n'}
[3.344803] (brain_hardware) StdoutLine: {'line': b'-- Up-to-date symlink: /ros2_ws/install/brain_hardware/share/brain_hardware/cmake/brain_hardwareConfig.cmake\n'}
[3.345292] (brain_controller) StdoutLine: {'line': b'-- Symlinking: /ros2_ws/install/brain_controller/share/brain_controller/package.dsv\n'}
[3.345792] (brain_hardware) StdoutLine: {'line': b'-- Up-to-date symlink: /ros2_ws/install/brain_hardware/share/brain_hardware/cmake/brain_hardwareConfig-version.cmake\n'}
[3.346238] (brain_hardware) StdoutLine: {'line': b'-- Up-to-date symlink: /ros2_ws/install/brain_hardware/share/brain_hardware/package.xml\n'}
[3.346774] (brain_hardware) CommandEnded: {'returncode': 0}
[3.360577] (brain_controller) StdoutLine: {'line': b'-- Up-to-date symlink: /ros2_ws/install/brain_controller/share/ament_index/resource_index/packages/brain_controller\n'}
[3.361296] (brain_controller) StdoutLine: {'line': b'-- Up-to-date symlink: /ros2_ws/install/brain_controller/share/ament_index/resource_index/controller_interface__pluginlib__plugin/brain_controller\n'}
[3.362091] (brain_controller) StdoutLine: {'line': b'-- Up-to-date symlink: /ros2_ws/install/brain_controller/share/brain_controller/cmake/ament_cmake_export_include_directories-extras.cmake\n'}
[3.362551] (brain_controller) StdoutLine: {'line': b'-- Up-to-date symlink: /ros2_ws/install/brain_controller/share/brain_controller/cmake/ament_cmake_export_libraries-extras.cmake\n'}
[3.363057] (brain_controller) StdoutLine: {'line': b'-- Up-to-date symlink: /ros2_ws/install/brain_controller/share/brain_controller/cmake/ament_cmake_export_dependencies-extras.cmake\n'}
[3.364260] (brain_controller) StdoutLine: {'line': b'-- Up-to-date symlink: /ros2_ws/install/brain_controller/share/brain_controller/cmake/brain_controllerConfig.cmake\n'}
[3.364940] (brain_controller) StdoutLine: {'line': b'-- Up-to-date symlink: /ros2_ws/install/brain_controller/share/brain_controller/cmake/brain_controllerConfig-version.cmake\n'}
[3.365565] (brain_controller) StdoutLine: {'line': b'-- Up-to-date symlink: /ros2_ws/install/brain_controller/share/brain_controller/package.xml\n'}
[3.425874] (-) TimerEvent: {}
[3.427879] (brain_hardware) JobEnded: {'identifier': 'brain_hardware', 'rc': 0}
[3.434225] (description) JobStarted: {'identifier': 'description'}
[3.460021] (brain_controller) CommandEnded: {'returncode': 0}
[3.526588] (-) TimerEvent: {}
[3.546652] (brain_controller) JobEnded: {'identifier': 'brain_controller', 'rc': 0}
[3.553305] (description) JobProgress: {'identifier': 'description', 'progress': 'cmake'}
[3.556942] (description) JobProgress: {'identifier': 'description', 'progress': 'build'}
[3.558176] (description) Command: {'cmd': ['/usr/bin/cmake', '--build', '/ros2_ws/build/description', '--', '-j4', '-l4'], 'cwd': '/ros2_ws/build/description', 'env': OrderedDict([('LESSOPEN', '| /usr/bin/lesspipe %s'), ('HOSTNAME', '55456c0da4eb'), ('GIT_ASKPASS', '/root/.vscode-server/bin/8b3775030ed1a69b13e4f4c628c612102e30a681/extensions/git/dist/askpass.sh'), ('SHLVL', '2'), ('LD_LIBRARY_PATH', '/ros2_ws/install/brain_hardware/lib:/ros2_ws/install/interfaces/lib:/ros2_ws/install/brain_controller/lib:/ros2_ws/install/collision_avoidance/lib:/opt/ros/humble/opt/rviz_ogre_vendor/lib:/opt/ros/humble/lib/aarch64-linux-gnu:/opt/ros/humble/lib'), ('BROWSER', '/root/.vscode-server/bin/8b3775030ed1a69b13e4f4c628c612102e30a681/bin/helpers/browser.sh'), ('HOME', '/root'), ('TERM_PROGRAM_VERSION', '1.85.2'), ('VSCODE_IPC_HOOK_CLI', '/tmp/vscode-ipc-bfcda2b9-519e-45aa-8ec0-9a731bec1c10.sock'), ('ROS_PYTHON_VERSION', '3'), ('VSCODE_GIT_ASKPASS_MAIN', '/root/.vscode-server/bin/8b3775030ed1a69b13e4f4c628c612102e30a681/extensions/git/dist/askpass-main.js'), ('PS1', '\\[\x1b]633;A\x07\\]\\u@\\h\\[\\033[01;32m\\](brain)\\[\\033[00m\\]:\\w$ \\[\x1b]633;B\x07\\]'), ('VSCODE_GIT_ASKPASS_NODE', '/root/.vscode-server/bin/8b3775030ed1a69b13e4f4c628c612102e30a681/node'), ('ROS_IP', '10.10.0.2'), ('COLORTERM', 'truecolor'), ('REMOTE_CONTAINERS', 'true'), ('COLCON_PREFIX_PATH', '/ros2_ws/install'), ('ROS_DISTRO', 'humble'), ('REMOTE_CONTAINERS_IPC', '/tmp/vscode-remote-containers-ipc-0ab64d53-2511-4c41-bf84-d17032adaf88.sock'), ('_', '/usr/bin/colcon'), ('ROS_VERSION', '2'), ('TERM', 'xterm-256color'), ('ROS_LOCALHOST_ONLY', '0'), ('PATH', '/ros2_ws/install/oradar_lidar/bin:/root/.vscode-server/bin/8b3775030ed1a69b13e4f4c628c612102e30a681/bin/remote-cli:/opt/ros/humble/bin:/usr/local/sbin:/usr/local/bin:/usr/sbin:/usr/bin:/sbin:/bin'), ('REMOTE_CONTAINERS_SOCKETS', '["/tmp/vscode-ssh-auth-0ab64d53-2511-4c41-bf84-d17032adaf88.sock","/root/.gnupg/S.gpg-agent"]'), ('DISPLAY', ':0'), ('LANG', 'en_US.UTF-8'), ('RMW_IMPLEMENTATION', 'rmw_fastrtps_cpp'), ('LS_COLORS', 'rs=0:di=01;34:ln=01;36:mh=00:pi=40;33:so=01;35:do=01;35:bd=40;33;01:cd=40;33;01:or=40;31;01:mi=00:su=37;41:sg=30;43:ca=30;41:tw=30;42:ow=34;42:st=37;44:ex=01;32:*.tar=01;31:*.tgz=01;31:*.arc=01;31:*.arj=01;31:*.taz=01;31:*.lha=01;31:*.lz4=01;31:*.lzh=01;31:*.lzma=01;31:*.tlz=01;31:*.txz=01;31:*.tzo=01;31:*.t7z=01;31:*.zip=01;31:*.z=01;31:*.dz=01;31:*.gz=01;31:*.lrz=01;31:*.lz=01;31:*.lzo=01;31:*.xz=01;31:*.zst=01;31:*.tzst=01;31:*.bz2=01;31:*.bz=01;31:*.tbz=01;31:*.tbz2=01;31:*.tz=01;31:*.deb=01;31:*.rpm=01;31:*.jar=01;31:*.war=01;31:*.ear=01;31:*.sar=01;31:*.rar=01;31:*.alz=01;31:*.ace=01;31:*.zoo=01;31:*.cpio=01;31:*.7z=01;31:*.rz=01;31:*.cab=01;31:*.wim=01;31:*.swm=01;31:*.dwm=01;31:*.esd=01;31:*.jpg=01;35:*.jpeg=01;35:*.mjpg=01;35:*.mjpeg=01;35:*.gif=01;35:*.bmp=01;35:*.pbm=01;35:*.pgm=01;35:*.ppm=01;35:*.tga=01;35:*.xbm=01;35:*.xpm=01;35:*.tif=01;35:*.tiff=01;35:*.png=01;35:*.svg=01;35:*.svgz=01;35:*.mng=01;35:*.pcx=01;35:*.mov=01;35:*.mpg=01;35:*.mpeg=01;35:*.m2v=01;35:*.mkv=01;35:*.webm=01;35:*.webp=01;35:*.ogm=01;35:*.mp4=01;35:*.m4v=01;35:*.mp4v=01;35:*.vob=01;35:*.qt=01;35:*.nuv=01;35:*.wmv=01;35:*.asf=01;35:*.rm=01;35:*.rmvb=01;35:*.flc=01;35:*.avi=01;35:*.fli=01;35:*.flv=01;35:*.gl=01;35:*.dl=01;35:*.xcf=01;35:*.xwd=01;35:*.yuv=01;35:*.cgm=01;35:*.emf=01;35:*.ogv=01;35:*.ogx=01;35:*.aac=00;36:*.au=00;36:*.flac=00;36:*.m4a=00;36:*.mid=00;36:*.midi=00;36:*.mka=00;36:*.mp3=00;36:*.mpc=00;36:*.ogg=00;36:*.ra=00;36:*.wav=00;36:*.oga=00;36:*.opus=00;36:*.spx=00;36:*.xspf=00;36:'), ('VSCODE_GIT_IPC_HANDLE', '/tmp/vscode-git-069987f000.sock'), ('TERM_PROGRAM', 'vscode'), ('SSH_AUTH_SOCK', '/tmp/vscode-ssh-auth-0ab64d53-2511-4c41-bf84-d17032adaf88.sock'), ('ROS_DOMAIN_ID', '42'), ('AMENT_PREFIX_PATH', '/ros2_ws/install/oradar_lidar:/ros2_ws/install/bringup:/ros2_ws/install/description:/ros2_ws/install/brain_hardware:/ros2_ws/install/brain_controller:/ros2_ws/install/interfaces:/ros2_ws/install/collision_avoidance:/opt/ros/humble'), ('SHELL', '/bin/bash'), ('LESSCLOSE', '/usr/bin/lesspipe %s %s'), ('VSCODE_GIT_ASKPASS_EXTRA_ARGS', ''), ('PWD', '/ros2_ws/build/description'), ('PYTHONPATH', '/ros2_ws/install/interfaces/local/lib/python3.10/dist-packages:/opt/ros/humble/lib/python3.10/site-packages:/opt/ros/humble/local/lib/python3.10/dist-packages'), ('ROS_HOSTNAME', '10.10.0.2'), ('COLCON', '1'), ('CMAKE_PREFIX_PATH', '/ros2_ws/install/brain_hardware:/ros2_ws/install/interfaces:/ros2_ws/install/oradar_lidar:/ros2_ws/install/bringup:/ros2_ws/install/description:/ros2_ws/install/brain_controller:/ros2_ws/install/collision_avoidance:/opt/ros/humble')]), 'shell': False}
[3.626778] (-) TimerEvent: {}
[3.687322] (description) CommandEnded: {'returncode': 0}
[3.704482] (description) JobProgress: {'identifier': 'description', 'progress': 'install'}
[3.704881] (description) Command: {'cmd': ['/usr/bin/cmake', '--install', '/ros2_ws/build/description'], 'cwd': '/ros2_ws/build/description', 'env': OrderedDict([('LESSOPEN', '| /usr/bin/lesspipe %s'), ('HOSTNAME', '55456c0da4eb'), ('GIT_ASKPASS', '/root/.vscode-server/bin/8b3775030ed1a69b13e4f4c628c612102e30a681/extensions/git/dist/askpass.sh'), ('SHLVL', '2'), ('LD_LIBRARY_PATH', '/ros2_ws/install/brain_hardware/lib:/ros2_ws/install/interfaces/lib:/ros2_ws/install/brain_controller/lib:/ros2_ws/install/collision_avoidance/lib:/opt/ros/humble/opt/rviz_ogre_vendor/lib:/opt/ros/humble/lib/aarch64-linux-gnu:/opt/ros/humble/lib'), ('BROWSER', '/root/.vscode-server/bin/8b3775030ed1a69b13e4f4c628c612102e30a681/bin/helpers/browser.sh'), ('HOME', '/root'), ('TERM_PROGRAM_VERSION', '1.85.2'), ('VSCODE_IPC_HOOK_CLI', '/tmp/vscode-ipc-bfcda2b9-519e-45aa-8ec0-9a731bec1c10.sock'), ('ROS_PYTHON_VERSION', '3'), ('VSCODE_GIT_ASKPASS_MAIN', '/root/.vscode-server/bin/8b3775030ed1a69b13e4f4c628c612102e30a681/extensions/git/dist/askpass-main.js'), ('PS1', '\\[\x1b]633;A\x07\\]\\u@\\h\\[\\033[01;32m\\](brain)\\[\\033[00m\\]:\\w$ \\[\x1b]633;B\x07\\]'), ('VSCODE_GIT_ASKPASS_NODE', '/root/.vscode-server/bin/8b3775030ed1a69b13e4f4c628c612102e30a681/node'), ('ROS_IP', '10.10.0.2'), ('COLORTERM', 'truecolor'), ('REMOTE_CONTAINERS', 'true'), ('COLCON_PREFIX_PATH', '/ros2_ws/install'), ('ROS_DISTRO', 'humble'), ('REMOTE_CONTAINERS_IPC', '/tmp/vscode-remote-containers-ipc-0ab64d53-2511-4c41-bf84-d17032adaf88.sock'), ('_', '/usr/bin/colcon'), ('ROS_VERSION', '2'), ('TERM', 'xterm-256color'), ('ROS_LOCALHOST_ONLY', '0'), ('PATH', '/ros2_ws/install/oradar_lidar/bin:/root/.vscode-server/bin/8b3775030ed1a69b13e4f4c628c612102e30a681/bin/remote-cli:/opt/ros/humble/bin:/usr/local/sbin:/usr/local/bin:/usr/sbin:/usr/bin:/sbin:/bin'), ('REMOTE_CONTAINERS_SOCKETS', '["/tmp/vscode-ssh-auth-0ab64d53-2511-4c41-bf84-d17032adaf88.sock","/root/.gnupg/S.gpg-agent"]'), ('DISPLAY', ':0'), ('LANG', 'en_US.UTF-8'), ('RMW_IMPLEMENTATION', 'rmw_fastrtps_cpp'), ('LS_COLORS', 'rs=0:di=01;34:ln=01;36:mh=00:pi=40;33:so=01;35:do=01;35:bd=40;33;01:cd=40;33;01:or=40;31;01:mi=00:su=37;41:sg=30;43:ca=30;41:tw=30;42:ow=34;42:st=37;44:ex=01;32:*.tar=01;31:*.tgz=01;31:*.arc=01;31:*.arj=01;31:*.taz=01;31:*.lha=01;31:*.lz4=01;31:*.lzh=01;31:*.lzma=01;31:*.tlz=01;31:*.txz=01;31:*.tzo=01;31:*.t7z=01;31:*.zip=01;31:*.z=01;31:*.dz=01;31:*.gz=01;31:*.lrz=01;31:*.lz=01;31:*.lzo=01;31:*.xz=01;31:*.zst=01;31:*.tzst=01;31:*.bz2=01;31:*.bz=01;31:*.tbz=01;31:*.tbz2=01;31:*.tz=01;31:*.deb=01;31:*.rpm=01;31:*.jar=01;31:*.war=01;31:*.ear=01;31:*.sar=01;31:*.rar=01;31:*.alz=01;31:*.ace=01;31:*.zoo=01;31:*.cpio=01;31:*.7z=01;31:*.rz=01;31:*.cab=01;31:*.wim=01;31:*.swm=01;31:*.dwm=01;31:*.esd=01;31:*.jpg=01;35:*.jpeg=01;35:*.mjpg=01;35:*.mjpeg=01;35:*.gif=01;35:*.bmp=01;35:*.pbm=01;35:*.pgm=01;35:*.ppm=01;35:*.tga=01;35:*.xbm=01;35:*.xpm=01;35:*.tif=01;35:*.tiff=01;35:*.png=01;35:*.svg=01;35:*.svgz=01;35:*.mng=01;35:*.pcx=01;35:*.mov=01;35:*.mpg=01;35:*.mpeg=01;35:*.m2v=01;35:*.mkv=01;35:*.webm=01;35:*.webp=01;35:*.ogm=01;35:*.mp4=01;35:*.m4v=01;35:*.mp4v=01;35:*.vob=01;35:*.qt=01;35:*.nuv=01;35:*.wmv=01;35:*.asf=01;35:*.rm=01;35:*.rmvb=01;35:*.flc=01;35:*.avi=01;35:*.fli=01;35:*.flv=01;35:*.gl=01;35:*.dl=01;35:*.xcf=01;35:*.xwd=01;35:*.yuv=01;35:*.cgm=01;35:*.emf=01;35:*.ogv=01;35:*.ogx=01;35:*.aac=00;36:*.au=00;36:*.flac=00;36:*.m4a=00;36:*.mid=00;36:*.midi=00;36:*.mka=00;36:*.mp3=00;36:*.mpc=00;36:*.ogg=00;36:*.ra=00;36:*.wav=00;36:*.oga=00;36:*.opus=00;36:*.spx=00;36:*.xspf=00;36:'), ('VSCODE_GIT_IPC_HANDLE', '/tmp/vscode-git-069987f000.sock'), ('TERM_PROGRAM', 'vscode'), ('SSH_AUTH_SOCK', '/tmp/vscode-ssh-auth-0ab64d53-2511-4c41-bf84-d17032adaf88.sock'), ('ROS_DOMAIN_ID', '42'), ('AMENT_PREFIX_PATH', '/ros2_ws/install/oradar_lidar:/ros2_ws/install/bringup:/ros2_ws/install/description:/ros2_ws/install/brain_hardware:/ros2_ws/install/brain_controller:/ros2_ws/install/interfaces:/ros2_ws/install/collision_avoidance:/opt/ros/humble'), ('SHELL', '/bin/bash'), ('LESSCLOSE', '/usr/bin/lesspipe %s %s'), ('VSCODE_GIT_ASKPASS_EXTRA_ARGS', ''), ('PWD', '/ros2_ws/build/description'), ('PYTHONPATH', '/ros2_ws/install/interfaces/local/lib/python3.10/dist-packages:/opt/ros/humble/lib/python3.10/site-packages:/opt/ros/humble/local/lib/python3.10/dist-packages'), ('ROS_HOSTNAME', '10.10.0.2'), ('COLCON', '1'), ('CMAKE_PREFIX_PATH', '/ros2_ws/install/brain_hardware:/ros2_ws/install/interfaces:/ros2_ws/install/oradar_lidar:/ros2_ws/install/bringup:/ros2_ws/install/description:/ros2_ws/install/brain_controller:/ros2_ws/install/collision_avoidance:/opt/ros/humble')]), 'shell': False}
[3.718033] (description) StdoutLine: {'line': b'-- Install configuration: ""\n'}
[3.720018] (description) StdoutLine: {'line': b'-- Execute custom install script\n'}
[3.721892] (description) StdoutLine: {'line': b'-- Up-to-date symlink: /ros2_ws/install/description/share/description/urdf/ascamera.xacro\n'}
[3.724454] (description) StdoutLine: {'line': b'-- Up-to-date symlink: /ros2_ws/install/description/share/description/urdf/description.urdf.xacro\n'}
[3.725612] (description) StdoutLine: {'line': b'-- Up-to-date symlink: /ros2_ws/install/description/share/description/urdf/materials.xacro\n'}
[3.726713] (description) StdoutLine: {'line': b'-- Up-to-date symlink: /ros2_ws/install/description/share/description/config/behavior_trees/navigate_to_pose_without_backup.xml\n'}
[3.728327] (-) TimerEvent: {}
[3.731235] (description) StdoutLine: {'line': b'-- Up-to-date symlink: /ros2_ws/install/description/share/description/config/behavior_trees/navigate_without_backup.xml\n'}
[3.731883] (description) StdoutLine: {'line': b'-- Up-to-date symlink: /ros2_ws/install/description/share/description/config/brain_controllers.yaml\n'}
[3.732668] (description) StdoutLine: {'line': b'-- Up-to-date symlink: /ros2_ws/install/description/share/description/config/collision_avoidance.yaml\n'}
[3.734304] (description) StdoutLine: {'line': b'-- Up-to-date symlink: /ros2_ws/install/description/share/description/config/collision_monitor.yaml\n'}
[3.742233] (description) StdoutLine: {'line': b'-- Up-to-date symlink: /ros2_ws/install/description/share/description/config/ekf.yaml\n'}
[3.742927] (description) StdoutLine: {'line': b'-- Up-to-date symlink: /ros2_ws/install/description/share/description/config/ekf_3d.yaml\n'}
[3.743437] (description) StdoutLine: {'line': b'-- Up-to-date symlink: /ros2_ws/install/description/share/description/config/nav2_params.yaml\n'}
[3.743882] (description) StdoutLine: {'line': b'-- Up-to-date symlink: /ros2_ws/install/description/share/description/config/nav2_params_pointcloud.yaml\n'}
[3.744327] (description) StdoutLine: {'line': b'-- Up-to-date symlink: /ros2_ws/install/description/share/description/config/slam_params.yaml\n'}
[3.745247] (description) StdoutLine: {'line': b'-- Up-to-date symlink: /ros2_ws/install/description/share/description/launch/display.launch.py\n'}
[3.745742] (description) StdoutLine: {'line': b'-- Up-to-date symlink: /ros2_ws/install/description/share/description/rviz/view.rviz\n'}
[3.746232] (description) StdoutLine: {'line': b'-- Up-to-date symlink: /ros2_ws/install/description/share/description/rviz/view_collisionMonitor.rviz\n'}
[3.746712] (description) StdoutLine: {'line': b'-- Up-to-date symlink: /ros2_ws/install/description/share/description/rviz/view_pointcloud.rviz\n'}
[3.778571] (description) StdoutLine: {'line': b'-- Up-to-date symlink: /ros2_ws/install/description/share/ament_index/resource_index/package_run_dependencies/description\n'}
[3.780085] (description) StdoutLine: {'line': b'-- Up-to-date symlink: /ros2_ws/install/description/share/ament_index/resource_index/parent_prefix_path/description\n'}
[3.780692] (description) StdoutLine: {'line': b'-- Up-to-date symlink: /ros2_ws/install/description/share/description/environment/ament_prefix_path.sh\n'}
[3.781275] (description) StdoutLine: {'line': b'-- Up-to-date symlink: /ros2_ws/install/description/share/description/environment/ament_prefix_path.dsv\n'}
[3.781828] (description) StdoutLine: {'line': b'-- Up-to-date symlink: /ros2_ws/install/description/share/description/environment/path.sh\n'}
[3.788014] (description) StdoutLine: {'line': b'-- Up-to-date symlink: /ros2_ws/install/description/share/description/environment/path.dsv\n'}
[3.788592] (description) StdoutLine: {'line': b'-- Up-to-date symlink: /ros2_ws/install/description/share/description/local_setup.bash\n'}
[3.789179] (description) StdoutLine: {'line': b'-- Up-to-date symlink: /ros2_ws/install/description/share/description/local_setup.sh\n'}
[3.789736] (description) StdoutLine: {'line': b'-- Up-to-date symlink: /ros2_ws/install/description/share/description/local_setup.zsh\n'}
[3.790309] (description) StdoutLine: {'line': b'-- Up-to-date symlink: /ros2_ws/install/description/share/description/local_setup.dsv\n'}
[3.791050] (description) StdoutLine: {'line': b'-- Symlinking: /ros2_ws/install/description/share/description/package.dsv\n'}
[3.808838] (description) StdoutLine: {'line': b'-- Up-to-date symlink: /ros2_ws/install/description/share/ament_index/resource_index/packages/description\n'}
[3.809508] (description) StdoutLine: {'line': b'-- Up-to-date symlink: /ros2_ws/install/description/share/description/cmake/descriptionConfig.cmake\n'}
[3.809962] (description) StdoutLine: {'line': b'-- Up-to-date symlink: /ros2_ws/install/description/share/description/cmake/descriptionConfig-version.cmake\n'}
[3.810381] (description) StdoutLine: {'line': b'-- Up-to-date symlink: /ros2_ws/install/description/share/description/package.xml\n'}
[3.822931] (description) CommandEnded: {'returncode': 0}
[3.827963] (-) TimerEvent: {}
[3.898107] (description) JobEnded: {'identifier': 'description', 'rc': 0}
[3.902913] (bringup) JobStarted: {'identifier': 'bringup'}
[3.928143] (-) TimerEvent: {}
[3.947239] (bringup) JobProgress: {'identifier': 'bringup', 'progress': 'cmake'}
[3.950144] (bringup) JobProgress: {'identifier': 'bringup', 'progress': 'build'}
[3.951301] (bringup) Command: {'cmd': ['/usr/bin/cmake', '--build', '/ros2_ws/build/bringup', '--', '-j4', '-l4'], 'cwd': '/ros2_ws/build/bringup', 'env': OrderedDict([('LESSOPEN', '| /usr/bin/lesspipe %s'), ('HOSTNAME', '55456c0da4eb'), ('GIT_ASKPASS', '/root/.vscode-server/bin/8b3775030ed1a69b13e4f4c628c612102e30a681/extensions/git/dist/askpass.sh'), ('SHLVL', '2'), ('LD_LIBRARY_PATH', '/ros2_ws/install/brain_hardware/lib:/ros2_ws/install/interfaces/lib:/ros2_ws/install/brain_controller/lib:/ros2_ws/install/collision_avoidance/lib:/opt/ros/humble/opt/rviz_ogre_vendor/lib:/opt/ros/humble/lib/aarch64-linux-gnu:/opt/ros/humble/lib'), ('BROWSER', '/root/.vscode-server/bin/8b3775030ed1a69b13e4f4c628c612102e30a681/bin/helpers/browser.sh'), ('HOME', '/root'), ('TERM_PROGRAM_VERSION', '1.85.2'), ('VSCODE_IPC_HOOK_CLI', '/tmp/vscode-ipc-bfcda2b9-519e-45aa-8ec0-9a731bec1c10.sock'), ('ROS_PYTHON_VERSION', '3'), ('VSCODE_GIT_ASKPASS_MAIN', '/root/.vscode-server/bin/8b3775030ed1a69b13e4f4c628c612102e30a681/extensions/git/dist/askpass-main.js'), ('PS1', '\\[\x1b]633;A\x07\\]\\u@\\h\\[\\033[01;32m\\](brain)\\[\\033[00m\\]:\\w$ \\[\x1b]633;B\x07\\]'), ('VSCODE_GIT_ASKPASS_NODE', '/root/.vscode-server/bin/8b3775030ed1a69b13e4f4c628c612102e30a681/node'), ('ROS_IP', '10.10.0.2'), ('COLORTERM', 'truecolor'), ('REMOTE_CONTAINERS', 'true'), ('COLCON_PREFIX_PATH', '/ros2_ws/install'), ('ROS_DISTRO', 'humble'), ('REMOTE_CONTAINERS_IPC', '/tmp/vscode-remote-containers-ipc-0ab64d53-2511-4c41-bf84-d17032adaf88.sock'), ('_', '/usr/bin/colcon'), ('ROS_VERSION', '2'), ('TERM', 'xterm-256color'), ('ROS_LOCALHOST_ONLY', '0'), ('PATH', '/ros2_ws/install/oradar_lidar/bin:/root/.vscode-server/bin/8b3775030ed1a69b13e4f4c628c612102e30a681/bin/remote-cli:/opt/ros/humble/bin:/usr/local/sbin:/usr/local/bin:/usr/sbin:/usr/bin:/sbin:/bin'), ('REMOTE_CONTAINERS_SOCKETS', '["/tmp/vscode-ssh-auth-0ab64d53-2511-4c41-bf84-d17032adaf88.sock","/root/.gnupg/S.gpg-agent"]'), ('DISPLAY', ':0'), ('LANG', 'en_US.UTF-8'), ('RMW_IMPLEMENTATION', 'rmw_fastrtps_cpp'), ('LS_COLORS', 'rs=0:di=01;34:ln=01;36:mh=00:pi=40;33:so=01;35:do=01;35:bd=40;33;01:cd=40;33;01:or=40;31;01:mi=00:su=37;41:sg=30;43:ca=30;41:tw=30;42:ow=34;42:st=37;44:ex=01;32:*.tar=01;31:*.tgz=01;31:*.arc=01;31:*.arj=01;31:*.taz=01;31:*.lha=01;31:*.lz4=01;31:*.lzh=01;31:*.lzma=01;31:*.tlz=01;31:*.txz=01;31:*.tzo=01;31:*.t7z=01;31:*.zip=01;31:*.z=01;31:*.dz=01;31:*.gz=01;31:*.lrz=01;31:*.lz=01;31:*.lzo=01;31:*.xz=01;31:*.zst=01;31:*.tzst=01;31:*.bz2=01;31:*.bz=01;31:*.tbz=01;31:*.tbz2=01;31:*.tz=01;31:*.deb=01;31:*.rpm=01;31:*.jar=01;31:*.war=01;31:*.ear=01;31:*.sar=01;31:*.rar=01;31:*.alz=01;31:*.ace=01;31:*.zoo=01;31:*.cpio=01;31:*.7z=01;31:*.rz=01;31:*.cab=01;31:*.wim=01;31:*.swm=01;31:*.dwm=01;31:*.esd=01;31:*.jpg=01;35:*.jpeg=01;35:*.mjpg=01;35:*.mjpeg=01;35:*.gif=01;35:*.bmp=01;35:*.pbm=01;35:*.pgm=01;35:*.ppm=01;35:*.tga=01;35:*.xbm=01;35:*.xpm=01;35:*.tif=01;35:*.tiff=01;35:*.png=01;35:*.svg=01;35:*.svgz=01;35:*.mng=01;35:*.pcx=01;35:*.mov=01;35:*.mpg=01;35:*.mpeg=01;35:*.m2v=01;35:*.mkv=01;35:*.webm=01;35:*.webp=01;35:*.ogm=01;35:*.mp4=01;35:*.m4v=01;35:*.mp4v=01;35:*.vob=01;35:*.qt=01;35:*.nuv=01;35:*.wmv=01;35:*.asf=01;35:*.rm=01;35:*.rmvb=01;35:*.flc=01;35:*.avi=01;35:*.fli=01;35:*.flv=01;35:*.gl=01;35:*.dl=01;35:*.xcf=01;35:*.xwd=01;35:*.yuv=01;35:*.cgm=01;35:*.emf=01;35:*.ogv=01;35:*.ogx=01;35:*.aac=00;36:*.au=00;36:*.flac=00;36:*.m4a=00;36:*.mid=00;36:*.midi=00;36:*.mka=00;36:*.mp3=00;36:*.mpc=00;36:*.ogg=00;36:*.ra=00;36:*.wav=00;36:*.oga=00;36:*.opus=00;36:*.spx=00;36:*.xspf=00;36:'), ('VSCODE_GIT_IPC_HANDLE', '/tmp/vscode-git-069987f000.sock'), ('TERM_PROGRAM', 'vscode'), ('SSH_AUTH_SOCK', '/tmp/vscode-ssh-auth-0ab64d53-2511-4c41-bf84-d17032adaf88.sock'), ('ROS_DOMAIN_ID', '42'), ('AMENT_PREFIX_PATH', '/ros2_ws/install/oradar_lidar:/ros2_ws/install/bringup:/ros2_ws/install/description:/ros2_ws/install/brain_hardware:/ros2_ws/install/brain_controller:/ros2_ws/install/interfaces:/ros2_ws/install/collision_avoidance:/opt/ros/humble'), ('SHELL', '/bin/bash'), ('LESSCLOSE', '/usr/bin/lesspipe %s %s'), ('VSCODE_GIT_ASKPASS_EXTRA_ARGS', ''), ('PWD', '/ros2_ws/build/bringup'), ('PYTHONPATH', '/ros2_ws/install/interfaces/local/lib/python3.10/dist-packages:/opt/ros/humble/lib/python3.10/site-packages:/opt/ros/humble/local/lib/python3.10/dist-packages'), ('ROS_HOSTNAME', '10.10.0.2'), ('COLCON', '1'), ('CMAKE_PREFIX_PATH', '/ros2_ws/install/description:/ros2_ws/install/brain_hardware:/ros2_ws/install/interfaces:/ros2_ws/install/oradar_lidar:/ros2_ws/install/bringup:/ros2_ws/install/brain_controller:/ros2_ws/install/collision_avoidance:/opt/ros/humble')]), 'shell': False}
[4.028323] (-) TimerEvent: {}
[4.075409] (bringup) CommandEnded: {'returncode': 0}
[4.078117] (bringup) JobProgress: {'identifier': 'bringup', 'progress': 'install'}
[4.078930] (bringup) Command: {'cmd': ['/usr/bin/cmake', '--install', '/ros2_ws/build/bringup'], 'cwd': '/ros2_ws/build/bringup', 'env': OrderedDict([('LESSOPEN', '| /usr/bin/lesspipe %s'), ('HOSTNAME', '55456c0da4eb'), ('GIT_ASKPASS', '/root/.vscode-server/bin/8b3775030ed1a69b13e4f4c628c612102e30a681/extensions/git/dist/askpass.sh'), ('SHLVL', '2'), ('LD_LIBRARY_PATH', '/ros2_ws/install/brain_hardware/lib:/ros2_ws/install/interfaces/lib:/ros2_ws/install/brain_controller/lib:/ros2_ws/install/collision_avoidance/lib:/opt/ros/humble/opt/rviz_ogre_vendor/lib:/opt/ros/humble/lib/aarch64-linux-gnu:/opt/ros/humble/lib'), ('BROWSER', '/root/.vscode-server/bin/8b3775030ed1a69b13e4f4c628c612102e30a681/bin/helpers/browser.sh'), ('HOME', '/root'), ('TERM_PROGRAM_VERSION', '1.85.2'), ('VSCODE_IPC_HOOK_CLI', '/tmp/vscode-ipc-bfcda2b9-519e-45aa-8ec0-9a731bec1c10.sock'), ('ROS_PYTHON_VERSION', '3'), ('VSCODE_GIT_ASKPASS_MAIN', '/root/.vscode-server/bin/8b3775030ed1a69b13e4f4c628c612102e30a681/extensions/git/dist/askpass-main.js'), ('PS1', '\\[\x1b]633;A\x07\\]\\u@\\h\\[\\033[01;32m\\](brain)\\[\\033[00m\\]:\\w$ \\[\x1b]633;B\x07\\]'), ('VSCODE_GIT_ASKPASS_NODE', '/root/.vscode-server/bin/8b3775030ed1a69b13e4f4c628c612102e30a681/node'), ('ROS_IP', '10.10.0.2'), ('COLORTERM', 'truecolor'), ('REMOTE_CONTAINERS', 'true'), ('COLCON_PREFIX_PATH', '/ros2_ws/install'), ('ROS_DISTRO', 'humble'), ('REMOTE_CONTAINERS_IPC', '/tmp/vscode-remote-containers-ipc-0ab64d53-2511-4c41-bf84-d17032adaf88.sock'), ('_', '/usr/bin/colcon'), ('ROS_VERSION', '2'), ('TERM', 'xterm-256color'), ('ROS_LOCALHOST_ONLY', '0'), ('PATH', '/ros2_ws/install/oradar_lidar/bin:/root/.vscode-server/bin/8b3775030ed1a69b13e4f4c628c612102e30a681/bin/remote-cli:/opt/ros/humble/bin:/usr/local/sbin:/usr/local/bin:/usr/sbin:/usr/bin:/sbin:/bin'), ('REMOTE_CONTAINERS_SOCKETS', '["/tmp/vscode-ssh-auth-0ab64d53-2511-4c41-bf84-d17032adaf88.sock","/root/.gnupg/S.gpg-agent"]'), ('DISPLAY', ':0'), ('LANG', 'en_US.UTF-8'), ('RMW_IMPLEMENTATION', 'rmw_fastrtps_cpp'), ('LS_COLORS', 'rs=0:di=01;34:ln=01;36:mh=00:pi=40;33:so=01;35:do=01;35:bd=40;33;01:cd=40;33;01:or=40;31;01:mi=00:su=37;41:sg=30;43:ca=30;41:tw=30;42:ow=34;42:st=37;44:ex=01;32:*.tar=01;31:*.tgz=01;31:*.arc=01;31:*.arj=01;31:*.taz=01;31:*.lha=01;31:*.lz4=01;31:*.lzh=01;31:*.lzma=01;31:*.tlz=01;31:*.txz=01;31:*.tzo=01;31:*.t7z=01;31:*.zip=01;31:*.z=01;31:*.dz=01;31:*.gz=01;31:*.lrz=01;31:*.lz=01;31:*.lzo=01;31:*.xz=01;31:*.zst=01;31:*.tzst=01;31:*.bz2=01;31:*.bz=01;31:*.tbz=01;31:*.tbz2=01;31:*.tz=01;31:*.deb=01;31:*.rpm=01;31:*.jar=01;31:*.war=01;31:*.ear=01;31:*.sar=01;31:*.rar=01;31:*.alz=01;31:*.ace=01;31:*.zoo=01;31:*.cpio=01;31:*.7z=01;31:*.rz=01;31:*.cab=01;31:*.wim=01;31:*.swm=01;31:*.dwm=01;31:*.esd=01;31:*.jpg=01;35:*.jpeg=01;35:*.mjpg=01;35:*.mjpeg=01;35:*.gif=01;35:*.bmp=01;35:*.pbm=01;35:*.pgm=01;35:*.ppm=01;35:*.tga=01;35:*.xbm=01;35:*.xpm=01;35:*.tif=01;35:*.tiff=01;35:*.png=01;35:*.svg=01;35:*.svgz=01;35:*.mng=01;35:*.pcx=01;35:*.mov=01;35:*.mpg=01;35:*.mpeg=01;35:*.m2v=01;35:*.mkv=01;35:*.webm=01;35:*.webp=01;35:*.ogm=01;35:*.mp4=01;35:*.m4v=01;35:*.mp4v=01;35:*.vob=01;35:*.qt=01;35:*.nuv=01;35:*.wmv=01;35:*.asf=01;35:*.rm=01;35:*.rmvb=01;35:*.flc=01;35:*.avi=01;35:*.fli=01;35:*.flv=01;35:*.gl=01;35:*.dl=01;35:*.xcf=01;35:*.xwd=01;35:*.yuv=01;35:*.cgm=01;35:*.emf=01;35:*.ogv=01;35:*.ogx=01;35:*.aac=00;36:*.au=00;36:*.flac=00;36:*.m4a=00;36:*.mid=00;36:*.midi=00;36:*.mka=00;36:*.mp3=00;36:*.mpc=00;36:*.ogg=00;36:*.ra=00;36:*.wav=00;36:*.oga=00;36:*.opus=00;36:*.spx=00;36:*.xspf=00;36:'), ('VSCODE_GIT_IPC_HANDLE', '/tmp/vscode-git-069987f000.sock'), ('TERM_PROGRAM', 'vscode'), ('SSH_AUTH_SOCK', '/tmp/vscode-ssh-auth-0ab64d53-2511-4c41-bf84-d17032adaf88.sock'), ('ROS_DOMAIN_ID', '42'), ('AMENT_PREFIX_PATH', '/ros2_ws/install/oradar_lidar:/ros2_ws/install/bringup:/ros2_ws/install/description:/ros2_ws/install/brain_hardware:/ros2_ws/install/brain_controller:/ros2_ws/install/interfaces:/ros2_ws/install/collision_avoidance:/opt/ros/humble'), ('SHELL', '/bin/bash'), ('LESSCLOSE', '/usr/bin/lesspipe %s %s'), ('VSCODE_GIT_ASKPASS_EXTRA_ARGS', ''), ('PWD', '/ros2_ws/build/bringup'), ('PYTHONPATH', '/ros2_ws/install/interfaces/local/lib/python3.10/dist-packages:/opt/ros/humble/lib/python3.10/site-packages:/opt/ros/humble/local/lib/python3.10/dist-packages'), ('ROS_HOSTNAME', '10.10.0.2'), ('COLCON', '1'), ('CMAKE_PREFIX_PATH', '/ros2_ws/install/description:/ros2_ws/install/brain_hardware:/ros2_ws/install/interfaces:/ros2_ws/install/oradar_lidar:/ros2_ws/install/bringup:/ros2_ws/install/brain_controller:/ros2_ws/install/collision_avoidance:/opt/ros/humble')]), 'shell': False}
[4.106744] (bringup) StdoutLine: {'line': b'-- Install configuration: ""\n'}
[4.108040] (bringup) StdoutLine: {'line': b'-- Execute custom install script\n'}
[4.126097] (bringup) StdoutLine: {'line': b'-- Up-to-date symlink: /ros2_ws/install/bringup/share/bringup/launch/aurora_include.launch.py\n'}
[4.127998] (bringup) StdoutLine: {'line': b'-- Up-to-date symlink: /ros2_ws/install/bringup/share/bringup/launch/brain_localization.launch.py\n'}
[4.129909] (-) TimerEvent: {}
[4.130712] (bringup) StdoutLine: {'line': b'-- Up-to-date symlink: /ros2_ws/install/bringup/share/bringup/launch/brain_localization_pointcloud.launch.py\n'}
[4.132695] (bringup) StdoutLine: {'line': b'-- Up-to-date symlink: /ros2_ws/install/bringup/share/bringup/launch/brain_mapping.launch.py\n'}
[4.134579] (bringup) StdoutLine: {'line': b'-- Up-to-date symlink: /ros2_ws/install/bringup/share/bringup/launch/brain_slam_nav.launch.py\n'}
[4.136421] (bringup) StdoutLine: {'line': b'-- Up-to-date symlink: /ros2_ws/install/bringup/share/bringup/launch/brain_slam_nav_pointcloud.launch.py\n'}
[4.138692] (bringup) StdoutLine: {'line': b'-- Up-to-date symlink: /ros2_ws/install/bringup/share/bringup/launch/teleop_collision_avoidance.launch.py\n'}
[4.140733] (bringup) StdoutLine: {'line': b'-- Up-to-date symlink: /ros2_ws/install/bringup/share/bringup/launch/teleop_collision_monitor.launch.py\n'}
[4.142663] (bringup) StdoutLine: {'line': b'-- Up-to-date symlink: /ros2_ws/install/bringup/share/ament_index/resource_index/package_run_dependencies/bringup\n'}
[4.144502] (bringup) StdoutLine: {'line': b'-- Up-to-date symlink: /ros2_ws/install/bringup/share/ament_index/resource_index/parent_prefix_path/bringup\n'}
[4.146622] (bringup) StdoutLine: {'line': b'-- Up-to-date symlink: /ros2_ws/install/bringup/share/bringup/environment/ament_prefix_path.sh\n'}
[4.148637] (bringup) StdoutLine: {'line': b'-- Up-to-date symlink: /ros2_ws/install/bringup/share/bringup/environment/ament_prefix_path.dsv\n'}
[4.150556] (bringup) StdoutLine: {'line': b'-- Up-to-date symlink: /ros2_ws/install/bringup/share/bringup/environment/path.sh\n'}
[4.152139] (bringup) StdoutLine: {'line': b'-- Up-to-date symlink: /ros2_ws/install/bringup/share/bringup/environment/path.dsv\n'}
[4.152797] (bringup) StdoutLine: {'line': b'-- Up-to-date symlink: /ros2_ws/install/bringup/share/bringup/local_setup.bash\n'}
[4.153297] (bringup) StdoutLine: {'line': b'-- Up-to-date symlink: /ros2_ws/install/bringup/share/bringup/local_setup.sh\n'}
[4.153706] (bringup) StdoutLine: {'line': b'-- Up-to-date symlink: /ros2_ws/install/bringup/share/bringup/local_setup.zsh\n'}
[4.154140] (bringup) StdoutLine: {'line': b'-- Up-to-date symlink: /ros2_ws/install/bringup/share/bringup/local_setup.dsv\n'}
[4.154593] (bringup) StdoutLine: {'line': b'-- Symlinking: /ros2_ws/install/bringup/share/bringup/package.dsv\n'}
[4.160898] (bringup) StdoutLine: {'line': b'-- Up-to-date symlink: /ros2_ws/install/bringup/share/ament_index/resource_index/packages/bringup\n'}
[4.165051] (bringup) StdoutLine: {'line': b'-- Up-to-date symlink: /ros2_ws/install/bringup/share/bringup/cmake/bringupConfig.cmake\n'}
[4.167231] (bringup) StdoutLine: {'line': b'-- Up-to-date symlink: /ros2_ws/install/bringup/share/bringup/cmake/bringupConfig-version.cmake\n'}
[4.188329] (bringup) StdoutLine: {'line': b'-- Up-to-date symlink: /ros2_ws/install/bringup/share/bringup/package.xml\n'}
[4.189679] (bringup) CommandEnded: {'returncode': 0}
[4.231098] (-) TimerEvent: {}
[4.248773] (bringup) JobEnded: {'identifier': 'bringup', 'rc': 0}
[4.331278] (-) TimerEvent: {}
[4.432413] (-) TimerEvent: {}
[4.533164] (-) TimerEvent: {}
[4.633903] (-) TimerEvent: {}
[4.734693] (-) TimerEvent: {}
[4.835395] (-) TimerEvent: {}
[4.936110] (-) TimerEvent: {}
[5.036884] (-) TimerEvent: {}
[5.137642] (-) TimerEvent: {}
[5.238373] (-) TimerEvent: {}
[5.339641] (-) TimerEvent: {}
[5.440352] (-) TimerEvent: {}
[5.541065] (-) TimerEvent: {}
[5.641732] (-) TimerEvent: {}
[5.742401] (-) TimerEvent: {}
[5.843095] (-) TimerEvent: {}
[5.943813] (-) TimerEvent: {}
[6.044611] (-) TimerEvent: {}
[6.145317] (-) TimerEvent: {}
[6.245958] (-) TimerEvent: {}
[6.346674] (-) TimerEvent: {}
[6.447339] (-) TimerEvent: {}
[6.548439] (-) TimerEvent: {}
[6.649546] (-) TimerEvent: {}
[6.750195] (-) TimerEvent: {}
[6.851149] (-) TimerEvent: {}
[6.951850] (-) TimerEvent: {}
[7.052609] (-) TimerEvent: {}
[7.153272] (-) TimerEvent: {}
[7.254000] (-) TimerEvent: {}
[7.354833] (-) TimerEvent: {}
[7.455505] (-) TimerEvent: {}
[7.556169] (-) TimerEvent: {}
[7.657215] (-) TimerEvent: {}
[7.759184] (-) TimerEvent: {}
[7.859898] (-) TimerEvent: {}
[7.960620] (-) TimerEvent: {}
[8.061385] (-) TimerEvent: {}
[8.162040] (-) TimerEvent: {}
[8.262751] (-) TimerEvent: {}
[8.363471] (-) TimerEvent: {}
[8.464179] (-) TimerEvent: {}
[8.564958] (-) TimerEvent: {}
[8.665650] (-) TimerEvent: {}
[8.766354] (-) TimerEvent: {}
[8.867042] (-) TimerEvent: {}
[8.967738] (-) TimerEvent: {}
[9.068429] (-) TimerEvent: {}
[9.169157] (-) TimerEvent: {}
[9.269832] (-) TimerEvent: {}
[9.370863] (-) TimerEvent: {}
[9.471571] (-) TimerEvent: {}
[9.572360] (-) TimerEvent: {}
[9.673398] (-) TimerEvent: {}
[9.775494] (-) TimerEvent: {}
[9.876175] (-) TimerEvent: {}
[9.976948] (-) TimerEvent: {}
[10.077640] (-) TimerEvent: {}
[10.178359] (-) TimerEvent: {}
[10.279083] (-) TimerEvent: {}
[10.379870] (-) TimerEvent: {}
[10.480577] (-) TimerEvent: {}
[10.581284] (-) TimerEvent: {}
[10.681955] (-) TimerEvent: {}
[10.784078] (-) TimerEvent: {}
[10.884969] (-) TimerEvent: {}
[10.985728] (-) TimerEvent: {}
[11.086392] (-) TimerEvent: {}
[11.187098] (-) TimerEvent: {}
[11.287820] (-) TimerEvent: {}
[11.388613] (-) TimerEvent: {}
[11.489378] (-) TimerEvent: {}
[11.590042] (-) TimerEvent: {}
[11.691630] (-) TimerEvent: {}
[11.794154] (-) TimerEvent: {}
[11.894871] (-) TimerEvent: {}
[11.995571] (-) TimerEvent: {}
[12.096685] (-) TimerEvent: {}
[12.197480] (-) TimerEvent: {}
[12.298216] (-) TimerEvent: {}
[12.398935] (-) TimerEvent: {}
[12.500074] (-) TimerEvent: {}
[12.600782] (-) TimerEvent: {}
[12.701498] (-) TimerEvent: {}
[12.802216] (-) TimerEvent: {}
[12.902931] (-) TimerEvent: {}
[13.003642] (-) TimerEvent: {}
[13.104363] (-) TimerEvent: {}
[13.205406] (-) TimerEvent: {}
[13.306105] (-) TimerEvent: {}
[13.406763] (-) TimerEvent: {}
[13.507596] (-) TimerEvent: {}
[13.608310] (-) TimerEvent: {}
[13.709161] (-) TimerEvent: {}
[13.809919] (-) TimerEvent: {}
[13.910588] (-) TimerEvent: {}
[14.011290] (-) TimerEvent: {}
[14.111962] (-) TimerEvent: {}
[14.212695] (-) TimerEvent: {}
[14.313399] (-) TimerEvent: {}
[14.414105] (-) TimerEvent: {}
[14.515177] (-) TimerEvent: {}
[14.615814] (-) TimerEvent: {}
[14.716456] (-) TimerEvent: {}
[14.817164] (-) TimerEvent: {}
[14.917875] (-) TimerEvent: {}
[15.018591] (-) TimerEvent: {}
[15.119321] (-) TimerEvent: {}
[15.220069] (-) TimerEvent: {}
[15.320782] (-) TimerEvent: {}
[15.421492] (-) TimerEvent: {}
[15.522203] (-) TimerEvent: {}
[15.622922] (-) TimerEvent: {}
[15.723641] (-) TimerEvent: {}
[15.824296] (-) TimerEvent: {}
[15.925138] (-) TimerEvent: {}
[16.025852] (-) TimerEvent: {}
[16.126569] (-) TimerEvent: {}
[16.227218] (-) TimerEvent: {}
[16.327923] (-) TimerEvent: {}
[16.428660] (-) TimerEvent: {}
[16.529414] (-) TimerEvent: {}
[16.630511] (-) TimerEvent: {}
[16.731534] (-) TimerEvent: {}
[16.832293] (-) TimerEvent: {}
[16.933081] (-) TimerEvent: {}
[17.033727] (-) TimerEvent: {}
[17.134450] (-) TimerEvent: {}
[17.235211] (-) TimerEvent: {}
[17.335865] (-) TimerEvent: {}
[17.436662] (-) TimerEvent: {}
[17.537400] (-) TimerEvent: {}
[17.638136] (-) TimerEvent: {}
[17.738782] (-) TimerEvent: {}
[17.839470] (-) TimerEvent: {}
[17.940237] (-) TimerEvent: {}
[18.041071] (-) TimerEvent: {}
[18.141734] (-) TimerEvent: {}
[18.242441] (-) TimerEvent: {}
[18.343098] (-) TimerEvent: {}
[18.443809] (-) TimerEvent: {}
[18.544539] (-) TimerEvent: {}
[18.645261] (-) TimerEvent: {}
[18.749298] (-) TimerEvent: {}
[18.850008] (-) TimerEvent: {}
[18.950688] (-) TimerEvent: {}
[19.051395] (-) TimerEvent: {}
[19.152404] (-) TimerEvent: {}
[19.253172] (-) TimerEvent: {}
[19.353829] (-) TimerEvent: {}
[19.454477] (-) TimerEvent: {}
[19.555193] (-) TimerEvent: {}
[19.656227] (-) TimerEvent: {}
[19.757646] (-) TimerEvent: {}
[19.858662] (-) TimerEvent: {}
[19.959368] (-) TimerEvent: {}
[20.060403] (-) TimerEvent: {}
[20.169515] (-) TimerEvent: {}
[20.271776] (-) TimerEvent: {}
[20.374450] (-) TimerEvent: {}
[20.475168] (-) TimerEvent: {}
[20.575834] (-) TimerEvent: {}
[20.688479] (-) TimerEvent: {}
[20.793510] (-) TimerEvent: {}
[20.894200] (-) TimerEvent: {}
[20.995389] (-) TimerEvent: {}
[21.096100] (-) TimerEvent: {}
[21.196825] (-) TimerEvent: {}
[21.297468] (-) TimerEvent: {}
[21.398154] (-) TimerEvent: {}
[21.498872] (-) TimerEvent: {}
[21.599520] (-) TimerEvent: {}
[21.700349] (-) TimerEvent: {}
[21.801134] (-) TimerEvent: {}
[21.901794] (-) TimerEvent: {}
[22.003006] (-) TimerEvent: {}
[22.103734] (-) TimerEvent: {}
[22.204446] (-) TimerEvent: {}
[22.305307] (-) TimerEvent: {}
[22.406061] (-) TimerEvent: {}
[22.506777] (-) TimerEvent: {}
[22.607587] (-) TimerEvent: {}
[22.708302] (-) TimerEvent: {}
[22.809123] (-) TimerEvent: {}
[22.910402] (-) TimerEvent: {}
[23.011804] (-) TimerEvent: {}
[23.112904] (-) TimerEvent: {}
[23.213644] (-) TimerEvent: {}
[23.314785] (-) TimerEvent: {}
[23.415522] (-) TimerEvent: {}
[23.516260] (-) TimerEvent: {}
[23.617070] (-) TimerEvent: {}
[23.717744] (-) TimerEvent: {}
[23.818388] (-) TimerEvent: {}
[23.920905] (-) TimerEvent: {}
[24.021684] (-) TimerEvent: {}
[24.122344] (-) TimerEvent: {}
[24.223094] (-) TimerEvent: {}
[24.323845] (-) TimerEvent: {}
[24.424604] (-) TimerEvent: {}
[24.525238] (-) TimerEvent: {}
[24.625931] (-) TimerEvent: {}
[24.726592] (-) TimerEvent: {}
[24.829287] (-) TimerEvent: {}
[24.930020] (-) TimerEvent: {}
[25.030728] (-) TimerEvent: {}
[25.131371] (-) TimerEvent: {}
[25.232048] (-) TimerEvent: {}
[25.332803] (-) TimerEvent: {}
[25.433452] (-) TimerEvent: {}
[25.534121] (-) TimerEvent: {}
[25.634894] (-) TimerEvent: {}
[25.735533] (-) TimerEvent: {}
[25.836198] (-) TimerEvent: {}
[25.936936] (-) TimerEvent: {}
[26.037623] (-) TimerEvent: {}
[26.138311] (-) TimerEvent: {}
[26.239010] (-) TimerEvent: {}
[26.339662] (-) TimerEvent: {}
[26.440379] (-) TimerEvent: {}
[26.541203] (-) TimerEvent: {}
[26.641966] (-) TimerEvent: {}
[26.742739] (-) TimerEvent: {}
[26.843483] (-) TimerEvent: {}
[26.944141] (-) TimerEvent: {}
[27.045243] (-) TimerEvent: {}
[27.145892] (-) TimerEvent: {}
[27.246599] (-) TimerEvent: {}
[27.347334] (-) TimerEvent: {}
[27.448134] (-) TimerEvent: {}
[27.548904] (-) TimerEvent: {}
[27.649619] (-) TimerEvent: {}
[27.750781] (-) TimerEvent: {}
[27.851869] (-) TimerEvent: {}
[27.952766] (-) TimerEvent: {}
[28.053427] (-) TimerEvent: {}
[28.154154] (-) TimerEvent: {}
[28.255352] (-) TimerEvent: {}
[28.356005] (-) TimerEvent: {}
[28.456824] (-) TimerEvent: {}
[28.557727] (-) TimerEvent: {}
[28.658754] (-) TimerEvent: {}
[28.759531] (-) TimerEvent: {}
[28.861143] (-) TimerEvent: {}
[28.961854] (-) TimerEvent: {}
[29.062963] (-) TimerEvent: {}
[29.163629] (-) TimerEvent: {}
[29.264417] (-) TimerEvent: {}
[29.365204] (-) TimerEvent: {}
[29.465965] (-) TimerEvent: {}
[29.567418] (-) TimerEvent: {}
[29.668230] (-) TimerEvent: {}
[29.772990] (-) TimerEvent: {}
[29.874489] (-) TimerEvent: {}
[29.975180] (-) TimerEvent: {}
[30.076576] (-) TimerEvent: {}
[30.177292] (-) TimerEvent: {}
[30.278005] (-) TimerEvent: {}
[30.378681] (-) TimerEvent: {}
[30.479370] (-) TimerEvent: {}
[30.580121] (-) TimerEvent: {}
[30.680918] (-) TimerEvent: {}
[30.781618] (-) TimerEvent: {}
[30.882739] (-) TimerEvent: {}
[30.983407] (-) TimerEvent: {}
[31.084182] (-) TimerEvent: {}
[31.185005] (-) TimerEvent: {}
[31.285799] (-) TimerEvent: {}
[31.386608] (-) TimerEvent: {}
[31.487343] (-) TimerEvent: {}
[31.588045] (-) TimerEvent: {}
[31.688836] (-) TimerEvent: {}
[31.789488] (-) TimerEvent: {}
[31.890201] (-) TimerEvent: {}
[31.990885] (-) TimerEvent: {}
[32.091557] (-) TimerEvent: {}
[32.193223] (-) TimerEvent: {}
[32.293984] (-) TimerEvent: {}
[32.394652] (-) TimerEvent: {}
[32.495400] (-) TimerEvent: {}
[32.596132] (-) TimerEvent: {}
[32.697307] (-) TimerEvent: {}
[32.798190] (-) TimerEvent: {}
[32.898886] (-) TimerEvent: {}
[32.999536] (-) TimerEvent: {}
[33.102866] (-) TimerEvent: {}
[33.203705] (-) TimerEvent: {}
[33.304444] (-) TimerEvent: {}
[33.405297] (-) TimerEvent: {}
[33.505998] (-) TimerEvent: {}
[33.606692] (-) TimerEvent: {}
[33.707398] (-) TimerEvent: {}
[33.808101] (-) TimerEvent: {}
[33.908795] (-) TimerEvent: {}
[34.009446] (-) TimerEvent: {}
[34.110188] (-) TimerEvent: {}
[34.210861] (-) TimerEvent: {}
[34.311604] (-) TimerEvent: {}
[34.412224] (-) TimerEvent: {}
[34.512992] (-) TimerEvent: {}
[34.613638] (-) TimerEvent: {}
[34.714283] (-) TimerEvent: {}
[34.814932] (-) TimerEvent: {}
[34.915638] (-) TimerEvent: {}
[35.016380] (-) TimerEvent: {}
[35.117262] (-) TimerEvent: {}
[35.217904] (-) TimerEvent: {}
[35.318608] (-) TimerEvent: {}
[35.419360] (-) TimerEvent: {}
[35.520021] (-) TimerEvent: {}
[35.620805] (-) TimerEvent: {}
[35.721462] (-) TimerEvent: {}
[35.822265] (-) TimerEvent: {}
[35.923038] (-) TimerEvent: {}
[36.023781] (-) TimerEvent: {}
[36.124573] (-) TimerEvent: {}
[36.225306] (-) TimerEvent: {}
[36.326090] (-) TimerEvent: {}
[36.426791] (-) TimerEvent: {}
[36.527526] (-) TimerEvent: {}
[36.628197] (-) TimerEvent: {}
[36.728915] (-) TimerEvent: {}
[36.829574] (-) TimerEvent: {}
[36.930342] (-) TimerEvent: {}
[37.031033] (-) TimerEvent: {}
[37.131737] (-) TimerEvent: {}
[37.232451] (-) TimerEvent: {}
[37.333553] (-) TimerEvent: {}
[37.434302] (-) TimerEvent: {}
[37.535030] (-) TimerEvent: {}
[37.635749] (-) TimerEvent: {}
[37.736615] (-) TimerEvent: {}
[37.837273] (-) TimerEvent: {}
[37.937940] (-) TimerEvent: {}
[38.038658] (-) TimerEvent: {}
[38.139315] (-) TimerEvent: {}
[38.240169] (-) TimerEvent: {}
[38.340953] (-) TimerEvent: {}
[38.441672] (-) TimerEvent: {}
[38.542366] (-) TimerEvent: {}
[38.643066] (-) TimerEvent: {}
[38.743756] (-) TimerEvent: {}
[38.844423] (-) TimerEvent: {}
[38.945585] (-) TimerEvent: {}
[39.046744] (-) TimerEvent: {}
[39.147446] (-) TimerEvent: {}
[39.248083] (-) TimerEvent: {}
[39.348834] (-) TimerEvent: {}
[39.449595] (-) TimerEvent: {}
[39.550341] (-) TimerEvent: {}
[39.651050] (-) TimerEvent: {}
[39.751804] (-) TimerEvent: {}
[39.852563] (-) TimerEvent: {}
[39.953253] (-) TimerEvent: {}
[40.053915] (-) TimerEvent: {}
[40.154652] (-) TimerEvent: {}
[40.255358] (-) TimerEvent: {}
[40.356002] (-) TimerEvent: {}
[40.456711] (-) TimerEvent: {}
[40.557442] (-) TimerEvent: {}
[40.658155] (-) TimerEvent: {}
[40.758902] (-) TimerEvent: {}
[40.859621] (-) TimerEvent: {}
[40.960364] (-) TimerEvent: {}
[41.061075] (-) TimerEvent: {}
[41.161727] (-) TimerEvent: {}
[41.262421] (-) TimerEvent: {}
[41.363505] (-) TimerEvent: {}
[41.464206] (-) TimerEvent: {}
[41.564902] (-) TimerEvent: {}
[41.665588] (-) TimerEvent: {}
[41.766294] (-) TimerEvent: {}
[41.866978] (-) TimerEvent: {}
[41.967614] (-) TimerEvent: {}
[42.068320] (-) TimerEvent: {}
[42.169613] (-) TimerEvent: {}
[42.272969] (-) TimerEvent: {}
[42.373649] (-) TimerEvent: {}
[42.474407] (-) TimerEvent: {}
[42.575105] (-) TimerEvent: {}
[42.675801] (-) TimerEvent: {}
[42.776496] (-) TimerEvent: {}
[42.877283] (-) TimerEvent: {}
[42.977909] (-) TimerEvent: {}
[43.078650] (-) TimerEvent: {}
[43.179356] (-) TimerEvent: {}
[43.280023] (-) TimerEvent: {}
[43.380805] (-) TimerEvent: {}
[43.481478] (-) TimerEvent: {}
[43.582533] (-) TimerEvent: {}
[43.683280] (-) TimerEvent: {}
[43.783993] (-) TimerEvent: {}
[43.884741] (-) TimerEvent: {}
[43.985405] (-) TimerEvent: {}
[44.086119] (-) TimerEvent: {}
[44.186763] (-) TimerEvent: {}
[44.287496] (-) TimerEvent: {}
[44.388191] (-) TimerEvent: {}
[44.488960] (-) TimerEvent: {}
[44.589663] (-) TimerEvent: {}
[44.690371] (-) TimerEvent: {}
[44.791116] (-) TimerEvent: {}
[44.891818] (-) TimerEvent: {}
[44.992665] (-) TimerEvent: {}
[45.093509] (-) TimerEvent: {}
[45.194156] (-) TimerEvent: {}
[45.294844] (-) TimerEvent: {}
[45.395503] (-) TimerEvent: {}
[45.496322] (-) TimerEvent: {}
[45.597025] (-) TimerEvent: {}
[45.697681] (-) TimerEvent: {}
[45.798336] (-) TimerEvent: {}
[45.899032] (-) TimerEvent: {}
[46.000036] (-) TimerEvent: {}
[46.101190] (-) TimerEvent: {}
[46.201833] (-) TimerEvent: {}
[46.302478] (-) TimerEvent: {}
[46.403177] (-) TimerEvent: {}
[46.503872] (-) TimerEvent: {}
[46.604590] (-) TimerEvent: {}
[46.705238] (-) TimerEvent: {}
[46.805943] (-) TimerEvent: {}
[46.906655] (-) TimerEvent: {}
[47.007350] (-) TimerEvent: {}
[47.108034] (-) TimerEvent: {}
[47.208709] (-) TimerEvent: {}
[47.309410] (-) TimerEvent: {}
[47.410117] (-) TimerEvent: {}
[47.510855] (-) TimerEvent: {}
[47.611584] (-) TimerEvent: {}
[47.712231] (-) TimerEvent: {}
[47.812983] (-) TimerEvent: {}
[47.913629] (-) TimerEvent: {}
[48.014344] (-) TimerEvent: {}
[48.115058] (-) TimerEvent: {}
[48.215832] (-) TimerEvent: {}
[48.316590] (-) TimerEvent: {}
[48.417254] (-) TimerEvent: {}
[48.518364] (-) TimerEvent: {}
[48.620458] (-) TimerEvent: {}
[48.722821] (-) TimerEvent: {}
[48.823690] (-) TimerEvent: {}
[48.924464] (-) TimerEvent: {}
[49.025439] (-) TimerEvent: {}
[49.126082] (-) TimerEvent: {}
[49.226824] (-) TimerEvent: {}
[49.327592] (-) TimerEvent: {}
[49.428248] (-) TimerEvent: {}
[49.528925] (-) TimerEvent: {}
[49.629608] (-) TimerEvent: {}
[49.730341] (-) TimerEvent: {}
[49.831065] (-) TimerEvent: {}
[49.931794] (-) TimerEvent: {}
[50.032555] (-) TimerEvent: {}
[50.133256] (-) TimerEvent: {}
[50.233934] (-) TimerEvent: {}
[50.334700] (-) TimerEvent: {}
[50.435340] (-) TimerEvent: {}
[50.536272] (-) TimerEvent: {}
[50.636989] (-) TimerEvent: {}
[50.737727] (-) TimerEvent: {}
[50.838450] (-) TimerEvent: {}
[50.939170] (-) TimerEvent: {}
[51.039889] (-) TimerEvent: {}
[51.140661] (-) TimerEvent: {}
[51.241691] (-) TimerEvent: {}
[51.342817] (-) TimerEvent: {}
[51.443486] (-) TimerEvent: {}
[51.544193] (-) TimerEvent: {}
[51.645328] (-) TimerEvent: {}
[51.745972] (-) TimerEvent: {}
[51.846665] (-) TimerEvent: {}
[51.947348] (-) TimerEvent: {}
[52.048039] (-) TimerEvent: {}
[52.148711] (-) TimerEvent: {}
[52.249398] (-) TimerEvent: {}
[52.350086] (-) TimerEvent: {}
[52.450812] (-) TimerEvent: {}
[52.551564] (-) TimerEvent: {}
[52.652239] (-) TimerEvent: {}
[52.753025] (-) TimerEvent: {}
[52.853818] (-) TimerEvent: {}
[52.954636] (-) TimerEvent: {}
[53.055284] (-) TimerEvent: {}
[53.155936] (-) TimerEvent: {}
[53.256704] (-) TimerEvent: {}
[53.357423] (-) TimerEvent: {}
[53.458175] (-) TimerEvent: {}
[53.558930] (-) TimerEvent: {}
[53.659668] (-) TimerEvent: {}
[53.760359] (-) TimerEvent: {}
[53.861183] (-) TimerEvent: {}
[53.961945] (-) TimerEvent: {}
[54.063015] (-) TimerEvent: {}
[54.084537] (collision_avoidance) StdoutLine: {'line': b'[ 50%] \x1b[32m\x1b[1mLinking CXX shared library libsimple_collision_monitor.so\x1b[0m\n'}
[54.163257] (-) TimerEvent: {}
[54.264032] (-) TimerEvent: {}
[54.364820] (-) TimerEvent: {}
[54.467414] (-) TimerEvent: {}
[54.568188] (-) TimerEvent: {}
[54.669352] (-) TimerEvent: {}
[54.770671] (-) TimerEvent: {}
[54.873322] (-) TimerEvent: {}
[54.974580] (-) TimerEvent: {}
[55.075364] (-) TimerEvent: {}
[55.176143] (-) TimerEvent: {}
[55.277010] (-) TimerEvent: {}
[55.377779] (-) TimerEvent: {}
[55.478618] (-) TimerEvent: {}
[55.579341] (-) TimerEvent: {}
[55.680046] (-) TimerEvent: {}
[55.781191] (-) TimerEvent: {}
[55.881816] (-) TimerEvent: {}
[55.982471] (-) TimerEvent: {}
[56.083136] (-) TimerEvent: {}
[56.183850] (-) TimerEvent: {}
[56.284563] (-) TimerEvent: {}
[56.385245] (-) TimerEvent: {}
[56.485989] (-) TimerEvent: {}
[56.586762] (-) TimerEvent: {}
[56.687505] (-) TimerEvent: {}
[56.788168] (-) TimerEvent: {}
[56.888886] (-) TimerEvent: {}
[56.989517] (-) TimerEvent: {}
[57.090164] (-) TimerEvent: {}
[57.191268] (-) TimerEvent: {}
[57.291962] (-) TimerEvent: {}
[57.369206] (collision_avoidance) StdoutLine: {'line': b'[ 50%] Built target simple_collision_monitor\n'}
[57.392114] (-) TimerEvent: {}
[57.469661] (collision_avoidance) StdoutLine: {'line': b'[ 75%] \x1b[32mBuilding CXX object CMakeFiles/simple_collision_monitor_node.dir/src/main.cpp.o\x1b[0m\n'}
[57.492338] (-) TimerEvent: {}
[57.593029] (-) TimerEvent: {}
[57.693640] (-) TimerEvent: {}
[57.794261] (-) TimerEvent: {}
[57.894995] (-) TimerEvent: {}
[57.995673] (-) TimerEvent: {}
[58.096307] (-) TimerEvent: {}
[58.197095] (-) TimerEvent: {}
[58.297774] (-) TimerEvent: {}
[58.398463] (-) TimerEvent: {}
[58.499152] (-) TimerEvent: {}
[58.599863] (-) TimerEvent: {}
[58.701171] (-) TimerEvent: {}
[58.801862] (-) TimerEvent: {}
[58.902583] (-) TimerEvent: {}
[59.003284] (-) TimerEvent: {}
[59.103923] (-) TimerEvent: {}
[59.204683] (-) TimerEvent: {}
[59.305404] (-) TimerEvent: {}
[59.406125] (-) TimerEvent: {}
[59.506835] (-) TimerEvent: {}
[59.607535] (-) TimerEvent: {}
[59.708246] (-) TimerEvent: {}
[59.808994] (-) TimerEvent: {}
[59.909776] (-) TimerEvent: {}
[60.010489] (-) TimerEvent: {}
[60.111538] (-) TimerEvent: {}
[60.212248] (-) TimerEvent: {}
[60.313027] (-) TimerEvent: {}
[60.414025] (-) TimerEvent: {}
[60.514700] (-) TimerEvent: {}
[60.615414] (-) TimerEvent: {}
[60.716114] (-) TimerEvent: {}
[60.816903] (-) TimerEvent: {}
[60.917558] (-) TimerEvent: {}
[61.018649] (-) TimerEvent: {}
[61.119354] (-) TimerEvent: {}
[61.220060] (-) TimerEvent: {}
[61.321281] (-) TimerEvent: {}
[61.424729] (-) TimerEvent: {}
[61.525510] (-) TimerEvent: {}
[61.626218] (-) TimerEvent: {}
[61.726931] (-) TimerEvent: {}
[61.827661] (-) TimerEvent: {}
[61.928406] (-) TimerEvent: {}
[62.029169] (-) TimerEvent: {}
[62.129886] (-) TimerEvent: {}
[62.230684] (-) TimerEvent: {}
[62.331706] (-) TimerEvent: {}
[62.432392] (-) TimerEvent: {}
[62.533197] (-) TimerEvent: {}
[62.634489] (-) TimerEvent: {}
[62.735217] (-) TimerEvent: {}
[62.835938] (-) TimerEvent: {}
[62.936700] (-) TimerEvent: {}
[63.037413] (-) TimerEvent: {}
[63.138158] (-) TimerEvent: {}
[63.238943] (-) TimerEvent: {}
[63.339606] (-) TimerEvent: {}
[63.441174] (-) TimerEvent: {}
[63.541890] (-) TimerEvent: {}
[63.642606] (-) TimerEvent: {}
[63.743246] (-) TimerEvent: {}
[63.843899] (-) TimerEvent: {}
[63.944624] (-) TimerEvent: {}
[64.045321] (-) TimerEvent: {}
[64.146085] (-) TimerEvent: {}
[64.246878] (-) TimerEvent: {}
[64.347568] (-) TimerEvent: {}
[64.448286] (-) TimerEvent: {}
[64.549020] (-) TimerEvent: {}
[64.649721] (-) TimerEvent: {}
[64.750382] (-) TimerEvent: {}
[64.851155] (-) TimerEvent: {}
[64.951867] (-) TimerEvent: {}
[65.052642] (-) TimerEvent: {}
[65.153728] (-) TimerEvent: {}
[65.254400] (-) TimerEvent: {}
[65.355112] (-) TimerEvent: {}
[65.455827] (-) TimerEvent: {}
[65.556583] (-) TimerEvent: {}
[65.657234] (-) TimerEvent: {}
[65.757859] (-) TimerEvent: {}
[65.858565] (-) TimerEvent: {}
[65.959265] (-) TimerEvent: {}
[66.059959] (-) TimerEvent: {}
[66.160661] (-) TimerEvent: {}
[66.261357] (-) TimerEvent: {}
[66.362010] (-) TimerEvent: {}
[66.462719] (-) TimerEvent: {}
[66.563421] (-) TimerEvent: {}
[66.664142] (-) TimerEvent: {}
[66.764822] (-) TimerEvent: {}
[66.865466] (-) TimerEvent: {}
[66.966235] (-) TimerEvent: {}
[67.066946] (-) TimerEvent: {}
[67.167577] (-) TimerEvent: {}
[67.268296] (-) TimerEvent: {}
[67.369040] (-) TimerEvent: {}
[67.469731] (-) TimerEvent: {}
[67.570420] (-) TimerEvent: {}
[67.671458] (-) TimerEvent: {}
[67.772177] (-) TimerEvent: {}
[67.872888] (-) TimerEvent: {}
[67.973599] (-) TimerEvent: {}
[68.074298] (-) TimerEvent: {}
[68.175326] (-) TimerEvent: {}
[68.275992] (-) TimerEvent: {}
[68.376646] (-) TimerEvent: {}
[68.477299] (-) TimerEvent: {}
[68.578306] (-) TimerEvent: {}
[68.678978] (-) TimerEvent: {}
[68.779688] (-) TimerEvent: {}
[68.880389] (-) TimerEvent: {}
[68.981314] (-) TimerEvent: {}
[69.081951] (-) TimerEvent: {}
[69.182606] (-) TimerEvent: {}
[69.283396] (-) TimerEvent: {}
[69.384106] (-) TimerEvent: {}
[69.484797] (-) TimerEvent: {}
[69.588480] (-) TimerEvent: {}
[69.689269] (-) TimerEvent: {}
[69.789905] (-) TimerEvent: {}
[69.890613] (-) TimerEvent: {}
[69.991367] (-) TimerEvent: {}
[70.092076] (-) TimerEvent: {}
[70.192822] (-) TimerEvent: {}
[70.293468] (-) TimerEvent: {}
[70.394122] (-) TimerEvent: {}
[70.494807] (-) TimerEvent: {}
[70.595537] (-) TimerEvent: {}
[70.696237] (-) TimerEvent: {}
[70.796939] (-) TimerEvent: {}
[70.897637] (-) TimerEvent: {}
[70.998332] (-) TimerEvent: {}
[71.099038] (-) TimerEvent: {}
[71.199724] (-) TimerEvent: {}
[71.300422] (-) TimerEvent: {}
[71.401191] (-) TimerEvent: {}
[71.501957] (-) TimerEvent: {}
[71.602609] (-) TimerEvent: {}
[71.608708] (collision_avoidance) StdoutLine: {'line': b'[100%] \x1b[32m\x1b[1mLinking CXX executable simple_collision_monitor_node\x1b[0m\n'}
[71.702859] (-) TimerEvent: {}
[71.803665] (-) TimerEvent: {}
[71.904488] (-) TimerEvent: {}
[72.005364] (-) TimerEvent: {}
[72.106144] (-) TimerEvent: {}
[72.206937] (-) TimerEvent: {}
[72.307613] (-) TimerEvent: {}
[72.408603] (-) TimerEvent: {}
[72.509338] (-) TimerEvent: {}
[72.610107] (-) TimerEvent: {}
[72.710959] (-) TimerEvent: {}
[72.811822] (-) TimerEvent: {}
[72.912629] (-) TimerEvent: {}
[73.013352] (-) TimerEvent: {}
[73.079577] (collision_avoidance) StdoutLine: {'line': b'[100%] Built target simple_collision_monitor_node\n'}
[73.113978] (-) TimerEvent: {}
[73.115764] (collision_avoidance) CommandEnded: {'returncode': 0}
[73.120659] (collision_avoidance) JobProgress: {'identifier': 'collision_avoidance', 'progress': 'install'}
[73.123522] (collision_avoidance) Command: {'cmd': ['/usr/bin/cmake', '--install', '/ros2_ws/build/collision_avoidance'], 'cwd': '/ros2_ws/build/collision_avoidance', 'env': OrderedDict([('LESSOPEN', '| /usr/bin/lesspipe %s'), ('HOSTNAME', '55456c0da4eb'), ('GIT_ASKPASS', '/root/.vscode-server/bin/8b3775030ed1a69b13e4f4c628c612102e30a681/extensions/git/dist/askpass.sh'), ('SHLVL', '2'), ('LD_LIBRARY_PATH', '/ros2_ws/install/brain_hardware/lib:/ros2_ws/install/brain_controller/lib:/ros2_ws/install/interfaces/lib:/ros2_ws/install/collision_avoidance/lib:/opt/ros/humble/opt/rviz_ogre_vendor/lib:/opt/ros/humble/lib/aarch64-linux-gnu:/opt/ros/humble/lib'), ('BROWSER', '/root/.vscode-server/bin/8b3775030ed1a69b13e4f4c628c612102e30a681/bin/helpers/browser.sh'), ('HOME', '/root'), ('TERM_PROGRAM_VERSION', '1.85.2'), ('VSCODE_IPC_HOOK_CLI', '/tmp/vscode-ipc-bfcda2b9-519e-45aa-8ec0-9a731bec1c10.sock'), ('ROS_PYTHON_VERSION', '3'), ('VSCODE_GIT_ASKPASS_MAIN', '/root/.vscode-server/bin/8b3775030ed1a69b13e4f4c628c612102e30a681/extensions/git/dist/askpass-main.js'), ('PS1', '\\[\x1b]633;A\x07\\]\\u@\\h\\[\\033[01;32m\\](brain)\\[\\033[00m\\]:\\w$ \\[\x1b]633;B\x07\\]'), ('VSCODE_GIT_ASKPASS_NODE', '/root/.vscode-server/bin/8b3775030ed1a69b13e4f4c628c612102e30a681/node'), ('ROS_IP', '10.10.0.2'), ('COLORTERM', 'truecolor'), ('REMOTE_CONTAINERS', 'true'), ('COLCON_PREFIX_PATH', '/ros2_ws/install'), ('ROS_DISTRO', 'humble'), ('REMOTE_CONTAINERS_IPC', '/tmp/vscode-remote-containers-ipc-0ab64d53-2511-4c41-bf84-d17032adaf88.sock'), ('_', '/usr/bin/colcon'), ('ROS_VERSION', '2'), ('TERM', 'xterm-256color'), ('ROS_LOCALHOST_ONLY', '0'), ('PATH', '/ros2_ws/install/oradar_lidar/bin:/root/.vscode-server/bin/8b3775030ed1a69b13e4f4c628c612102e30a681/bin/remote-cli:/opt/ros/humble/bin:/usr/local/sbin:/usr/local/bin:/usr/sbin:/usr/bin:/sbin:/bin'), ('REMOTE_CONTAINERS_SOCKETS', '["/tmp/vscode-ssh-auth-0ab64d53-2511-4c41-bf84-d17032adaf88.sock","/root/.gnupg/S.gpg-agent"]'), ('DISPLAY', ':0'), ('LANG', 'en_US.UTF-8'), ('RMW_IMPLEMENTATION', 'rmw_fastrtps_cpp'), ('LS_COLORS', 'rs=0:di=01;34:ln=01;36:mh=00:pi=40;33:so=01;35:do=01;35:bd=40;33;01:cd=40;33;01:or=40;31;01:mi=00:su=37;41:sg=30;43:ca=30;41:tw=30;42:ow=34;42:st=37;44:ex=01;32:*.tar=01;31:*.tgz=01;31:*.arc=01;31:*.arj=01;31:*.taz=01;31:*.lha=01;31:*.lz4=01;31:*.lzh=01;31:*.lzma=01;31:*.tlz=01;31:*.txz=01;31:*.tzo=01;31:*.t7z=01;31:*.zip=01;31:*.z=01;31:*.dz=01;31:*.gz=01;31:*.lrz=01;31:*.lz=01;31:*.lzo=01;31:*.xz=01;31:*.zst=01;31:*.tzst=01;31:*.bz2=01;31:*.bz=01;31:*.tbz=01;31:*.tbz2=01;31:*.tz=01;31:*.deb=01;31:*.rpm=01;31:*.jar=01;31:*.war=01;31:*.ear=01;31:*.sar=01;31:*.rar=01;31:*.alz=01;31:*.ace=01;31:*.zoo=01;31:*.cpio=01;31:*.7z=01;31:*.rz=01;31:*.cab=01;31:*.wim=01;31:*.swm=01;31:*.dwm=01;31:*.esd=01;31:*.jpg=01;35:*.jpeg=01;35:*.mjpg=01;35:*.mjpeg=01;35:*.gif=01;35:*.bmp=01;35:*.pbm=01;35:*.pgm=01;35:*.ppm=01;35:*.tga=01;35:*.xbm=01;35:*.xpm=01;35:*.tif=01;35:*.tiff=01;35:*.png=01;35:*.svg=01;35:*.svgz=01;35:*.mng=01;35:*.pcx=01;35:*.mov=01;35:*.mpg=01;35:*.mpeg=01;35:*.m2v=01;35:*.mkv=01;35:*.webm=01;35:*.webp=01;35:*.ogm=01;35:*.mp4=01;35:*.m4v=01;35:*.mp4v=01;35:*.vob=01;35:*.qt=01;35:*.nuv=01;35:*.wmv=01;35:*.asf=01;35:*.rm=01;35:*.rmvb=01;35:*.flc=01;35:*.avi=01;35:*.fli=01;35:*.flv=01;35:*.gl=01;35:*.dl=01;35:*.xcf=01;35:*.xwd=01;35:*.yuv=01;35:*.cgm=01;35:*.emf=01;35:*.ogv=01;35:*.ogx=01;35:*.aac=00;36:*.au=00;36:*.flac=00;36:*.m4a=00;36:*.mid=00;36:*.midi=00;36:*.mka=00;36:*.mp3=00;36:*.mpc=00;36:*.ogg=00;36:*.ra=00;36:*.wav=00;36:*.oga=00;36:*.opus=00;36:*.spx=00;36:*.xspf=00;36:'), ('VSCODE_GIT_IPC_HANDLE', '/tmp/vscode-git-069987f000.sock'), ('TERM_PROGRAM', 'vscode'), ('SSH_AUTH_SOCK', '/tmp/vscode-ssh-auth-0ab64d53-2511-4c41-bf84-d17032adaf88.sock'), ('ROS_DOMAIN_ID', '42'), ('AMENT_PREFIX_PATH', '/ros2_ws/install/oradar_lidar:/ros2_ws/install/bringup:/ros2_ws/install/description:/ros2_ws/install/brain_hardware:/ros2_ws/install/brain_controller:/ros2_ws/install/interfaces:/ros2_ws/install/collision_avoidance:/opt/ros/humble'), ('SHELL', '/bin/bash'), ('LESSCLOSE', '/usr/bin/lesspipe %s %s'), ('VSCODE_GIT_ASKPASS_EXTRA_ARGS', ''), ('PWD', '/ros2_ws/build/collision_avoidance'), ('PYTHONPATH', '/ros2_ws/install/interfaces/local/lib/python3.10/dist-packages:/opt/ros/humble/lib/python3.10/site-packages:/opt/ros/humble/local/lib/python3.10/dist-packages'), ('ROS_HOSTNAME', '10.10.0.2'), ('COLCON', '1'), ('CMAKE_PREFIX_PATH', '/ros2_ws/install/oradar_lidar:/ros2_ws/install/bringup:/ros2_ws/install/description:/ros2_ws/install/brain_hardware:/ros2_ws/install/brain_controller:/ros2_ws/install/interfaces:/ros2_ws/install/collision_avoidance:/opt/ros/humble')]), 'shell': False}
[73.151440] (collision_avoidance) StdoutLine: {'line': b'-- Install configuration: ""\n'}
[73.154613] (collision_avoidance) StdoutLine: {'line': b'-- Installing: /ros2_ws/install/collision_avoidance/lib/libsimple_collision_monitor.so\n'}
[73.198945] (collision_avoidance) StdoutLine: {'line': b'-- Set runtime path of "/ros2_ws/install/collision_avoidance/lib/libsimple_collision_monitor.so" to ""\n'}
[73.203071] (collision_avoidance) StdoutLine: {'line': b'-- Installing: /ros2_ws/install/collision_avoidance/lib/collision_avoidance/simple_collision_monitor_node\n'}
[73.204772] (collision_avoidance) StdoutLine: {'line': b'-- Set runtime path of "/ros2_ws/install/collision_avoidance/lib/collision_avoidance/simple_collision_monitor_node" to ""\n'}
[73.205399] (collision_avoidance) StdoutLine: {'line': b'-- Up-to-date: /ros2_ws/install/collision_avoidance/include/collision_avoidance\n'}
[73.205753] (collision_avoidance) StdoutLine: {'line': b'-- Up-to-date: /ros2_ws/install/collision_avoidance/include/collision_avoidance/collision_avoidance\n'}
[73.206172] (collision_avoidance) StdoutLine: {'line': b'-- Installing: /ros2_ws/install/collision_avoidance/include/collision_avoidance/collision_avoidance/simple_collision_monitor.hpp\n'}
[73.206657] (collision_avoidance) StdoutLine: {'line': b'-- Up-to-date: /ros2_ws/install/collision_avoidance/share/ament_index/resource_index/package_run_dependencies/collision_avoidance\n'}
[73.207070] (collision_avoidance) StdoutLine: {'line': b'-- Up-to-date: /ros2_ws/install/collision_avoidance/share/ament_index/resource_index/parent_prefix_path/collision_avoidance\n'}
[73.207642] (collision_avoidance) StdoutLine: {'line': b'-- Up-to-date: /ros2_ws/install/collision_avoidance/share/collision_avoidance/environment/ament_prefix_path.sh\n'}
[73.208598] (collision_avoidance) StdoutLine: {'line': b'-- Up-to-date: /ros2_ws/install/collision_avoidance/share/collision_avoidance/environment/ament_prefix_path.dsv\n'}
[73.209074] (collision_avoidance) StdoutLine: {'line': b'-- Up-to-date: /ros2_ws/install/collision_avoidance/share/collision_avoidance/environment/path.sh\n'}
[73.209486] (collision_avoidance) StdoutLine: {'line': b'-- Up-to-date: /ros2_ws/install/collision_avoidance/share/collision_avoidance/environment/path.dsv\n'}
[73.209944] (collision_avoidance) StdoutLine: {'line': b'-- Up-to-date: /ros2_ws/install/collision_avoidance/share/collision_avoidance/local_setup.bash\n'}
[73.210455] (collision_avoidance) StdoutLine: {'line': b'-- Up-to-date: /ros2_ws/install/collision_avoidance/share/collision_avoidance/local_setup.sh\n'}
[73.210853] (collision_avoidance) StdoutLine: {'line': b'-- Up-to-date: /ros2_ws/install/collision_avoidance/share/collision_avoidance/local_setup.zsh\n'}
[73.211287] (collision_avoidance) StdoutLine: {'line': b'-- Up-to-date: /ros2_ws/install/collision_avoidance/share/collision_avoidance/local_setup.dsv\n'}
[73.211839] (collision_avoidance) StdoutLine: {'line': b'-- Installing: /ros2_ws/install/collision_avoidance/share/collision_avoidance/package.dsv\n'}
[73.212207] (collision_avoidance) StdoutLine: {'line': b'-- Up-to-date: /ros2_ws/install/collision_avoidance/share/ament_index/resource_index/packages/collision_avoidance\n'}
[73.212656] (collision_avoidance) StdoutLine: {'line': b'-- Up-to-date: /ros2_ws/install/collision_avoidance/share/collision_avoidance/cmake/collision_avoidanceConfig.cmake\n'}
[73.213048] (collision_avoidance) StdoutLine: {'line': b'-- Up-to-date: /ros2_ws/install/collision_avoidance/share/collision_avoidance/cmake/collision_avoidanceConfig-version.cmake\n'}
[73.214095] (-) TimerEvent: {}
[73.214910] (collision_avoidance) StdoutLine: {'line': b'-- Up-to-date: /ros2_ws/install/collision_avoidance/share/collision_avoidance/package.xml\n'}
[73.216489] (collision_avoidance) CommandEnded: {'returncode': 0}
[73.287799] (collision_avoidance) JobEnded: {'identifier': 'collision_avoidance', 'rc': 0}
[73.290693] (-) EventReactorShutdown: {}
